<annotation>
	<folder>VOC2007</folder>
	<filename>000034.jpg</filename>
	<source>
		<database>My Database</database>
		<annotation>VOC2007</annotation>
		<image>flickr</image>
		<flickrid>NULL</flickrid>
	</source>
	<owner>
		<flickrid>NULL</flickrid>
		<name>shaochunyan</name>
	</owner>
	<size>
		<width>720</width>
		<height>1280</height>
		<depth>3</depth>
	</size>
	<segmented>0</segmented>
	<object>
		<name>b4</name>
		<pose>Unspecified</pose>
		<truncated>0</truncated>
		<difficult>0</difficult>
		<bndbox>
			<xmin>244</xmin>
			<ymin>397</ymin>
			<xmax>276</xmax>
			<ymax>429</ymax>
		</bndbox>
	</object>
	<object>
		<name>b8</name>
		<pose>Unspecified</pose>
		<truncated>0</truncated>
		<difficult>0</difficult>
		<bndbox>
			<xmin>138</xmin>
			<ymin>381</ymin>
			<xmax>170</xmax>
			<ymax>413</ymax>
		</bndbox>
	</object>
	<object>
		<name>b9</name>
		<pose>Unspecified</pose>
		<truncated>0</truncated>
		<difficult>0</difficult>
		<bndbox>
			<xmin>368</xmin>
			<ymin>339</ymin>
			<xmax>400</xmax>
			<ymax>371</ymax>
		</bndbox>
	</object>
	<object>
		<name>b9</name>
		<pose>Unspecified</pose>
		<truncated>0</truncated>
		<difficult>0</difficult>
		<bndbox>
			<xmin>194</xmin>
			<ymin>369.2</ymin>
			<xmax>226</xmax>
			<ymax>401.2</ymax>
		</bndbox>
	</object>
	<object>
		<name>b7</name>
		<pose>Unspecified</pose>
		<truncated>0</truncated>
		<difficult>0</difficult>
		<bndbox>
			<xmin>314</xmin>
			<ymin>413.6</ymin>
			<xmax>346</xmax>
			<ymax>445.6</ymax>
		</bndbox>
	</object>
	<object>
		<name>b6</name>
		<pose>Unspecified</pose>
		<truncated>0</truncated>
		<difficult>0</difficult>
		<bndbox>
			<xmin>466.4</xmin>
			<ymin>533.6</ymin>
			<xmax>498.4</xmax>
			<ymax>565.6</ymax>
		</bndbox>
	</object>
	<object>
		<name>b8</name>
		<pose>Unspecified</pose>
		<truncated>0</truncated>
		<difficult>0</difficult>
		<bndbox>
			<xmin>413.6</xmin>
			<ymin>364.4</ymin>
			<xmax>445.6</xmax>
			<ymax>396.4</ymax>
		</bndbox>
	</object>
	<object>
		<name>b10</name>
		<pose>Unspecified</pose>
		<truncated>0</truncated>
		<difficult>0</difficult>
		<bndbox>
			<xmin>323.84</xmin>
			<ymin>496.64</ymin>
			<xmax>355.84</xmax>
			<ymax>528.64</ymax>
		</bndbox>
	</object>
	<object>
		<name>b4</name>
		<pose>Unspecified</pose>
		<truncated>0</truncated>
		<difficult>0</difficult>
		<bndbox>
			<xmin>120.8</xmin>
			<ymin>320.96</ymin>
			<xmax>152.8</xmax>
			<ymax>352.96</ymax>
		</bndbox>
	</object>
	<object>
		<name>b5</name>
		<pose>Unspecified</pose>
		<truncated>0</truncated>
		<difficult>0</difficult>
		<bndbox>
			<xmin>82.496</xmin>
			<ymin>319.232</ymin>
			<xmax>114.496</xmax>
			<ymax>351.232</ymax>
		</bndbox>
	</object>
	<object>
		<name>b9</name>
		<pose>Unspecified</pose>
		<truncated>0</truncated>
		<difficult>0</difficult>
		<bndbox>
			<xmin>295.04</xmin>
			<ymin>676.928</ymin>
			<xmax>327.04</xmax>
			<ymax>708.928</ymax>
		</bndbox>
	</object>
	<object>
		<name>b8</name>
		<pose>Unspecified</pose>
		<truncated>0</truncated>
		<difficult>0</difficult>
		<bndbox>
			<xmin>329.6</xmin>
			<ymin>421.184</ymin>
			<xmax>361.6</xmax>
			<ymax>453.184</ymax>
		</bndbox>
	</object>
	<object>
		<name>b8</name>
		<pose>Unspecified</pose>
		<truncated>0</truncated>
		<difficult>0</difficult>
		<bndbox>
			<xmin>326.144</xmin>
			<ymin>429.824</ymin>
			<xmax>358.144</xmax>
			<ymax>461.824</ymax>
		</bndbox>
	</object>
	<object>
		<name>b7</name>
		<pose>Unspecified</pose>
		<truncated>0</truncated>
		<difficult>0</difficult>
		<bndbox>
			<xmin>313.702</xmin>
			<ymin>415.309</ymin>
			<xmax>345.702</xmax>
			<ymax>447.309</ymax>
		</bndbox>
	</object>
	<object>
		<name>b8</name>
		<pose>Unspecified</pose>
		<truncated>0</truncated>
		<difficult>0</difficult>
		<bndbox>
			<xmin>180.992</xmin>
			<ymin>394.573</ymin>
			<xmax>212.992</xmax>
			<ymax>426.573</ymax>
		</bndbox>
	</object>
	<object>
		<name>b9</name>
		<pose>Unspecified</pose>
		<truncated>0</truncated>
		<difficult>0</difficult>
		<bndbox>
			<xmin>460.928</xmin>
			<ymin>483.738</ymin>
			<xmax>492.928</xmax>
			<ymax>515.738</ymax>
		</bndbox>
	</object>
	<object>
		<name>b8</name>
		<pose>Unspecified</pose>
		<truncated>0</truncated>
		<difficult>0</difficult>
		<bndbox>
			<xmin>120.858</xmin>
			<ymin>382.131</ymin>
			<xmax>152.858</xmax>
			<ymax>414.131</ymax>
		</bndbox>
	</object>
	<object>
		<name>b6</name>
		<pose>Unspecified</pose>
		<truncated>0</truncated>
		<difficult>0</difficult>
		<bndbox>
			<xmin>317.435</xmin>
			<ymin>402.038</ymin>
			<xmax>349.435</xmax>
			<ymax>434.038</ymax>
		</bndbox>
	</object>
	<object>
		<name>b8</name>
		<pose>Unspecified</pose>
		<truncated>0</truncated>
		<difficult>0</difficult>
		<bndbox>
			<xmin>145.741</xmin>
			<ymin>369.69</ymin>
			<xmax>177.741</xmax>
			<ymax>401.69</ymax>
		</bndbox>
	</object>
	<object>
		<name>b4</name>
		<pose>Unspecified</pose>
		<truncated>0</truncated>
		<difficult>0</difficult>
		<bndbox>
			<xmin>88.5095</xmin>
			<ymin>330.374</ymin>
			<xmax>120.509</xmax>
			<ymax>362.374</ymax>
		</bndbox>
	</object>
	<object>
		<name>b9</name>
		<pose>Unspecified</pose>
		<truncated>0</truncated>
		<difficult>0</difficult>
		<bndbox>
			<xmin>321.416</xmin>
			<ymin>515.505</ymin>
			<xmax>353.416</xmax>
			<ymax>547.505</ymax>
		</bndbox>
	</object>
	<object>
		<name>b4</name>
		<pose>Unspecified</pose>
		<truncated>0</truncated>
		<difficult>0</difficult>
		<bndbox>
			<xmin>244</xmin>
			<ymin>397</ymin>
			<xmax>276</xmax>
			<ymax>429</ymax>
		</bndbox>
	</object>
	<object>
		<name>b8</name>
		<pose>Unspecified</pose>
		<truncated>0</truncated>
		<difficult>0</difficult>
		<bndbox>
			<xmin>138</xmin>
			<ymin>381</ymin>
			<xmax>170</xmax>
			<ymax>413</ymax>
		</bndbox>
	</object>
	<object>
		<name>b9</name>
		<pose>Unspecified</pose>
		<truncated>0</truncated>
		<difficult>0</difficult>
		<bndbox>
			<xmin>368</xmin>
			<ymin>339</ymin>
			<xmax>400</xmax>
			<ymax>371</ymax>
		</bndbox>
	</object>
	<object>
		<name>b9</name>
		<pose>Unspecified</pose>
		<truncated>0</truncated>
		<difficult>0</difficult>
		<bndbox>
			<xmin>194</xmin>
			<ymin>369.2</ymin>
			<xmax>226</xmax>
			<ymax>401.2</ymax>
		</bndbox>
	</object>
	<object>
		<name>b7</name>
		<pose>Unspecified</pose>
		<truncated>0</truncated>
		<difficult>0</difficult>
		<bndbox>
			<xmin>314</xmin>
			<ymin>413.6</ymin>
			<xmax>346</xmax>
			<ymax>445.6</ymax>
		</bndbox>
	</object>
	<object>
		<name>b6</name>
		<pose>Unspecified</pose>
		<truncated>0</truncated>
		<difficult>0</difficult>
		<bndbox>
			<xmin>466.4</xmin>
			<ymin>533.6</ymin>
			<xmax>498.4</xmax>
			<ymax>565.6</ymax>
		</bndbox>
	</object>
	<object>
		<name>b8</name>
		<pose>Unspecified</pose>
		<truncated>0</truncated>
		<difficult>0</difficult>
		<bndbox>
			<xmin>413.6</xmin>
			<ymin>364.4</ymin>
			<xmax>445.6</xmax>
			<ymax>396.4</ymax>
		</bndbox>
	</object>
	<object>
		<name>b10</name>
		<pose>Unspecified</pose>
		<truncated>0</truncated>
		<difficult>0</difficult>
		<bndbox>
			<xmin>323.84</xmin>
			<ymin>496.64</ymin>
			<xmax>355.84</xmax>
			<ymax>528.64</ymax>
		</bndbox>
	</object>
	<object>
		<name>b4</name>
		<pose>Unspecified</pose>
		<truncated>0</truncated>
		<difficult>0</difficult>
		<bndbox>
			<xmin>120.8</xmin>
			<ymin>320.96</ymin>
			<xmax>152.8</xmax>
			<ymax>352.96</ymax>
		</bndbox>
	</object>
	<object>
		<name>b5</name>
		<pose>Unspecified</pose>
		<truncated>0</truncated>
		<difficult>0</difficult>
		<bndbox>
			<xmin>82.496</xmin>
			<ymin>319.232</ymin>
			<xmax>114.496</xmax>
			<ymax>351.232</ymax>
		</bndbox>
	</object>
	<object>
		<name>b9</name>
		<pose>Unspecified</pose>
		<truncated>0</truncated>
		<difficult>0</difficult>
		<bndbox>
			<xmin>295.04</xmin>
			<ymin>676.928</ymin>
			<xmax>327.04</xmax>
			<ymax>708.928</ymax>
		</bndbox>
	</object>
	<object>
		<name>b8</name>
		<pose>Unspecified</pose>
		<truncated>0</truncated>
		<difficult>0</difficult>
		<bndbox>
			<xmin>329.6</xmin>
			<ymin>421.184</ymin>
			<xmax>361.6</xmax>
			<ymax>453.184</ymax>
		</bndbox>
	</object>
	<object>
		<name>b8</name>
		<pose>Unspecified</pose>
		<truncated>0</truncated>
		<difficult>0</difficult>
		<bndbox>
			<xmin>326.144</xmin>
			<ymin>429.824</ymin>
			<xmax>358.144</xmax>
			<ymax>461.824</ymax>
		</bndbox>
	</object>
	<object>
		<name>b7</name>
		<pose>Unspecified</pose>
		<truncated>0</truncated>
		<difficult>0</difficult>
		<bndbox>
			<xmin>313.702</xmin>
			<ymin>415.309</ymin>
			<xmax>345.702</xmax>
			<ymax>447.309</ymax>
		</bndbox>
	</object>
	<object>
		<name>b8</name>
		<pose>Unspecified</pose>
		<truncated>0</truncated>
		<difficult>0</difficult>
		<bndbox>
			<xmin>180.992</xmin>
			<ymin>394.573</ymin>
			<xmax>212.992</xmax>
			<ymax>426.573</ymax>
		</bndbox>
	</object>
	<object>
		<name>b9</name>
		<pose>Unspecified</pose>
		<truncated>0</truncated>
		<difficult>0</difficult>
		<bndbox>
			<xmin>460.928</xmin>
			<ymin>483.738</ymin>
			<xmax>492.928</xmax>
			<ymax>515.738</ymax>
		</bndbox>
	</object>
	<object>
		<name>b8</name>
		<pose>Unspecified</pose>
		<truncated>0</truncated>
		<difficult>0</difficult>
		<bndbox>
			<xmin>120.858</xmin>
			<ymin>382.131</ymin>
			<xmax>152.858</xmax>
			<ymax>414.131</ymax>
		</bndbox>
	</object>
	<object>
		<name>b6</name>
		<pose>Unspecified</pose>
		<truncated>0</truncated>
		<difficult>0</difficult>
		<bndbox>
			<xmin>317.435</xmin>
			<ymin>402.038</ymin>
			<xmax>349.435</xmax>
			<ymax>434.038</ymax>
		</bndbox>
	</object>
	<object>
		<name>b8</name>
		<pose>Unspecified</pose>
		<truncated>0</truncated>
		<difficult>0</difficult>
		<bndbox>
			<xmin>145.741</xmin>
			<ymin>369.69</ymin>
			<xmax>177.741</xmax>
			<ymax>401.69</ymax>
		</bndbox>
	</object>
	<object>
		<name>b4</name>
		<pose>Unspecified</pose>
		<truncated>0</truncated>
		<difficult>0</difficult>
		<bndbox>
			<xmin>88.5095</xmin>
			<ymin>330.374</ymin>
			<xmax>120.509</xmax>
			<ymax>362.374</ymax>
		</bndbox>
	</object>
	<object>
		<name>b9</name>
		<pose>Unspecified</pose>
		<truncated>0</truncated>
		<difficult>0</difficult>
		<bndbox>
			<xmin>321.416</xmin>
			<ymin>515.505</ymin>
			<xmax>353.416</xmax>
			<ymax>547.505</ymax>
		</bndbox>
	</object>
	<object>
		<name>b4</name>
		<pose>Unspecified</pose>
		<truncated>0</truncated>
		<difficult>0</difficult>
		<bndbox>
			<xmin>244</xmin>
			<ymin>397</ymin>
			<xmax>276</xmax>
			<ymax>429</ymax>
		</bndbox>
	</object>
	<object>
		<name>b8</name>
		<pose>Unspecified</pose>
		<truncated>0</truncated>
		<difficult>0</difficult>
		<bndbox>
			<xmin>138</xmin>
			<ymin>381</ymin>
			<xmax>170</xmax>
			<ymax>413</ymax>
		</bndbox>
	</object>
	<object>
		<name>b9</name>
		<pose>Unspecified</pose>
		<truncated>0</truncated>
		<difficult>0</difficult>
		<bndbox>
			<xmin>368</xmin>
			<ymin>339</ymin>
			<xmax>400</xmax>
			<ymax>371</ymax>
		</bndbox>
	</object>
	<object>
		<name>b9</name>
		<pose>Unspecified</pose>
		<truncated>0</truncated>
		<difficult>0</difficult>
		<bndbox>
			<xmin>194</xmin>
			<ymin>369.2</ymin>
			<xmax>226</xmax>
			<ymax>401.2</ymax>
		</bndbox>
	</object>
	<object>
		<name>b7</name>
		<pose>Unspecified</pose>
		<truncated>0</truncated>
		<difficult>0</difficult>
		<bndbox>
			<xmin>314</xmin>
			<ymin>413.6</ymin>
			<xmax>346</xmax>
			<ymax>445.6</ymax>
		</bndbox>
	</object>
	<object>
		<name>b6</name>
		<pose>Unspecified</pose>
		<truncated>0</truncated>
		<difficult>0</difficult>
		<bndbox>
			<xmin>466.4</xmin>
			<ymin>533.6</ymin>
			<xmax>498.4</xmax>
			<ymax>565.6</ymax>
		</bndbox>
	</object>
	<object>
		<name>b8</name>
		<pose>Unspecified</pose>
		<truncated>0</truncated>
		<difficult>0</difficult>
		<bndbox>
			<xmin>413.6</xmin>
			<ymin>364.4</ymin>
			<xmax>445.6</xmax>
			<ymax>396.4</ymax>
		</bndbox>
	</object>
	<object>
		<name>b10</name>
		<pose>Unspecified</pose>
		<truncated>0</truncated>
		<difficult>0</difficult>
		<bndbox>
			<xmin>323.84</xmin>
			<ymin>496.64</ymin>
			<xmax>355.84</xmax>
			<ymax>528.64</ymax>
		</bndbox>
	</object>
	<object>
		<name>b4</name>
		<pose>Unspecified</pose>
		<truncated>0</truncated>
		<difficult>0</difficult>
		<bndbox>
			<xmin>120.8</xmin>
			<ymin>320.96</ymin>
			<xmax>152.8</xmax>
			<ymax>352.96</ymax>
		</bndbox>
	</object>
	<object>
		<name>b5</name>
		<pose>Unspecified</pose>
		<truncated>0</truncated>
		<difficult>0</difficult>
		<bndbox>
			<xmin>82.496</xmin>
			<ymin>319.232</ymin>
			<xmax>114.496</xmax>
			<ymax>351.232</ymax>
		</bndbox>
	</object>
	<object>
		<name>b9</name>
		<pose>Unspecified</pose>
		<truncated>0</truncated>
		<difficult>0</difficult>
		<bndbox>
			<xmin>295.04</xmin>
			<ymin>676.928</ymin>
			<xmax>327.04</xmax>
			<ymax>708.928</ymax>
		</bndbox>
	</object>
	<object>
		<name>b8</name>
		<pose>Unspecified</pose>
		<truncated>0</truncated>
		<difficult>0</difficult>
		<bndbox>
			<xmin>329.6</xmin>
			<ymin>421.184</ymin>
			<xmax>361.6</xmax>
			<ymax>453.184</ymax>
		</bndbox>
	</object>
	<object>
		<name>b8</name>
		<pose>Unspecified</pose>
		<truncated>0</truncated>
		<difficult>0</difficult>
		<bndbox>
			<xmin>326.144</xmin>
			<ymin>429.824</ymin>
			<xmax>358.144</xmax>
			<ymax>461.824</ymax>
		</bndbox>
	</object>
	<object>
		<name>b7</name>
		<pose>Unspecified</pose>
		<truncated>0</truncated>
		<difficult>0</difficult>
		<bndbox>
			<xmin>313.702</xmin>
			<ymin>415.309</ymin>
			<xmax>345.702</xmax>
			<ymax>447.309</ymax>
		</bndbox>
	</object>
	<object>
		<name>b8</name>
		<pose>Unspecified</pose>
		<truncated>0</truncated>
		<difficult>0</difficult>
		<bndbox>
			<xmin>180.992</xmin>
			<ymin>394.573</ymin>
			<xmax>212.992</xmax>
			<ymax>426.573</ymax>
		</bndbox>
	</object>
	<object>
		<name>b9</name>
		<pose>Unspecified</pose>
		<truncated>0</truncated>
		<difficult>0</difficult>
		<bndbox>
			<xmin>460.928</xmin>
			<ymin>483.738</ymin>
			<xmax>492.928</xmax>
			<ymax>515.738</ymax>
		</bndbox>
	</object>
	<object>
		<name>b8</name>
		<pose>Unspecified</pose>
		<truncated>0</truncated>
		<difficult>0</difficult>
		<bndbox>
			<xmin>120.858</xmin>
			<ymin>382.131</ymin>
			<xmax>152.858</xmax>
			<ymax>414.131</ymax>
		</bndbox>
	</object>
	<object>
		<name>b6</name>
		<pose>Unspecified</pose>
		<truncated>0</truncated>
		<difficult>0</difficult>
		<bndbox>
			<xmin>317.435</xmin>
			<ymin>402.038</ymin>
			<xmax>349.435</xmax>
			<ymax>434.038</ymax>
		</bndbox>
	</object>
	<object>
		<name>b8</name>
		<pose>Unspecified</pose>
		<truncated>0</truncated>
		<difficult>0</difficult>
		<bndbox>
			<xmin>145.741</xmin>
			<ymin>369.69</ymin>
			<xmax>177.741</xmax>
			<ymax>401.69</ymax>
		</bndbox>
	</object>
	<object>
		<name>b4</name>
		<pose>Unspecified</pose>
		<truncated>0</truncated>
		<difficult>0</difficult>
		<bndbox>
			<xmin>88.5095</xmin>
			<ymin>330.374</ymin>
			<xmax>120.509</xmax>
			<ymax>362.374</ymax>
		</bndbox>
	</object>
	<object>
		<name>b9</name>
		<pose>Unspecified</pose>
		<truncated>0</truncated>
		<difficult>0</difficult>
		<bndbox>
			<xmin>321.416</xmin>
			<ymin>515.505</ymin>
			<xmax>353.416</xmax>
			<ymax>547.505</ymax>
		</bndbox>
	</object>
</annotation>
