<annotation>
	<folder>VOC2007</folder>
	<filename>000065.jpg</filename>
	<source>
		<database>My Database</database>
		<annotation>VOC2007</annotation>
		<image>flickr</image>
		<flickrid>NULL</flickrid>
	</source>
	<owner>
		<flickrid>NULL</flickrid>
		<name>shaochunyan</name>
	</owner>
	<size>
		<width>720</width>
		<height>1280</height>
		<depth>3</depth>
	</size>
	<segmented>0</segmented>
	<object>
		<name>g1</name>
		<pose>Unspecified</pose>
		<truncated>0</truncated>
		<difficult>0</difficult>
		<bndbox>
			<xmin>566</xmin>
			<ymin>483.2</ymin>
			<xmax>598</xmax>
			<ymax>515.2</ymax>
		</bndbox>
	</object>
	<object>
		<name>b4</name>
		<pose>Unspecified</pose>
		<truncated>0</truncated>
		<difficult>0</difficult>
		<bndbox>
			<xmin>506.72</xmin>
			<ymin>548.48</ymin>
			<xmax>538.72</xmax>
			<ymax>580.48</ymax>
		</bndbox>
	</object>
	<object>
		<name>g10</name>
		<pose>Unspecified</pose>
		<truncated>0</truncated>
		<difficult>0</difficult>
		<bndbox>
			<xmin>441.92</xmin>
			<ymin>584.48</ymin>
			<xmax>473.92</xmax>
			<ymax>616.48</ymax>
		</bndbox>
	</object>
	<object>
		<name>b4</name>
		<pose>Unspecified</pose>
		<truncated>0</truncated>
		<difficult>0</difficult>
		<bndbox>
			<xmin>303.68</xmin>
			<ymin>720.128</ymin>
			<xmax>335.68</xmax>
			<ymax>752.128</ymax>
		</bndbox>
	</object>
	<object>
		<name>g1</name>
		<pose>Unspecified</pose>
		<truncated>0</truncated>
		<difficult>0</difficult>
		<bndbox>
			<xmin>581.197</xmin>
			<ymin>427.75</ymin>
			<xmax>613.197</xmax>
			<ymax>459.75</ymax>
		</bndbox>
	</object>
	<object>
		<name>g1</name>
		<pose>Unspecified</pose>
		<truncated>0</truncated>
		<difficult>0</difficult>
		<bndbox>
			<xmin>566.682</xmin>
			<ymin>448.486</ymin>
			<xmax>598.682</xmax>
			<ymax>480.486</ymax>
		</bndbox>
	</object>
	<object>
		<name>b5</name>
		<pose>Unspecified</pose>
		<truncated>0</truncated>
		<difficult>0</difficult>
		<bndbox>
			<xmin>558.387</xmin>
			<ymin>518.989</ymin>
			<xmax>590.387</xmax>
			<ymax>550.989</ymax>
		</bndbox>
	</object>
	<object>
		<name>g10</name>
		<pose>Unspecified</pose>
		<truncated>0</truncated>
		<difficult>0</difficult>
		<bndbox>
			<xmin>527.449</xmin>
			<ymin>545.365</ymin>
			<xmax>559.449</xmax>
			<ymax>577.365</ymax>
		</bndbox>
	</object>
	<object>
		<name>g10</name>
		<pose>Unspecified</pose>
		<truncated>0</truncated>
		<difficult>0</difficult>
		<bndbox>
			<xmin>497.589</xmin>
			<ymin>261.697</ymin>
			<xmax>529.589</xmax>
			<ymax>293.697</ymax>
		</bndbox>
	</object>
	<object>
		<name>b4</name>
		<pose>Unspecified</pose>
		<truncated>0</truncated>
		<difficult>0</difficult>
		<bndbox>
			<xmin>497.589</xmin>
			<ymin>506.547</ymin>
			<xmax>529.589</xmax>
			<ymax>538.547</ymax>
		</bndbox>
	</object>
	<object>
		<name>g1</name>
		<pose>Unspecified</pose>
		<truncated>0</truncated>
		<difficult>0</difficult>
		<bndbox>
			<xmin>566</xmin>
			<ymin>483.2</ymin>
			<xmax>598</xmax>
			<ymax>515.2</ymax>
		</bndbox>
	</object>
	<object>
		<name>b4</name>
		<pose>Unspecified</pose>
		<truncated>0</truncated>
		<difficult>0</difficult>
		<bndbox>
			<xmin>506.72</xmin>
			<ymin>548.48</ymin>
			<xmax>538.72</xmax>
			<ymax>580.48</ymax>
		</bndbox>
	</object>
	<object>
		<name>g10</name>
		<pose>Unspecified</pose>
		<truncated>0</truncated>
		<difficult>0</difficult>
		<bndbox>
			<xmin>441.92</xmin>
			<ymin>584.48</ymin>
			<xmax>473.92</xmax>
			<ymax>616.48</ymax>
		</bndbox>
	</object>
	<object>
		<name>b4</name>
		<pose>Unspecified</pose>
		<truncated>0</truncated>
		<difficult>0</difficult>
		<bndbox>
			<xmin>303.68</xmin>
			<ymin>720.128</ymin>
			<xmax>335.68</xmax>
			<ymax>752.128</ymax>
		</bndbox>
	</object>
	<object>
		<name>g1</name>
		<pose>Unspecified</pose>
		<truncated>0</truncated>
		<difficult>0</difficult>
		<bndbox>
			<xmin>581.197</xmin>
			<ymin>427.75</ymin>
			<xmax>613.197</xmax>
			<ymax>459.75</ymax>
		</bndbox>
	</object>
	<object>
		<name>g1</name>
		<pose>Unspecified</pose>
		<truncated>0</truncated>
		<difficult>0</difficult>
		<bndbox>
			<xmin>566.682</xmin>
			<ymin>448.486</ymin>
			<xmax>598.682</xmax>
			<ymax>480.486</ymax>
		</bndbox>
	</object>
	<object>
		<name>b5</name>
		<pose>Unspecified</pose>
		<truncated>0</truncated>
		<difficult>0</difficult>
		<bndbox>
			<xmin>558.387</xmin>
			<ymin>518.989</ymin>
			<xmax>590.387</xmax>
			<ymax>550.989</ymax>
		</bndbox>
	</object>
	<object>
		<name>b5</name>
		<pose>Unspecified</pose>
		<truncated>0</truncated>
		<difficult>0</difficult>
		<bndbox>
			<xmin>526.454</xmin>
			<ymin>499.082</ymin>
			<xmax>558.454</xmax>
			<ymax>531.082</ymax>
		</bndbox>
	</object>
	<object>
		<name>g10</name>
		<pose>Unspecified</pose>
		<truncated>0</truncated>
		<difficult>0</difficult>
		<bndbox>
			<xmin>527.449</xmin>
			<ymin>545.365</ymin>
			<xmax>559.449</xmax>
			<ymax>577.365</ymax>
		</bndbox>
	</object>
	<object>
		<name>g10</name>
		<pose>Unspecified</pose>
		<truncated>0</truncated>
		<difficult>0</difficult>
		<bndbox>
			<xmin>497.589</xmin>
			<ymin>261.697</ymin>
			<xmax>529.589</xmax>
			<ymax>293.697</ymax>
		</bndbox>
	</object>
	<object>
		<name>b4</name>
		<pose>Unspecified</pose>
		<truncated>0</truncated>
		<difficult>0</difficult>
		<bndbox>
			<xmin>497.589</xmin>
			<ymin>506.547</ymin>
			<xmax>529.589</xmax>
			<ymax>538.547</ymax>
		</bndbox>
	</object>
	<object>
		<name>g1</name>
		<pose>Unspecified</pose>
		<truncated>0</truncated>
		<difficult>0</difficult>
		<bndbox>
			<xmin>562.4</xmin>
			<ymin>483.2</ymin>
			<xmax>594.4</xmax>
			<ymax>515.2</ymax>
		</bndbox>
	</object>
	<object>
		<name>g1</name>
		<pose>Unspecified</pose>
		<truncated>0</truncated>
		<difficult>0</difficult>
		<bndbox>
			<xmin>515.6</xmin>
			<ymin>497.6</ymin>
			<xmax>547.6</xmax>
			<ymax>529.6</ymax>
		</bndbox>
	</object>
	<object>
		<name>g10</name>
		<pose>Unspecified</pose>
		<truncated>0</truncated>
		<difficult>0</difficult>
		<bndbox>
			<xmin>47.936</xmin>
			<ymin>419.456</ymin>
			<xmax>79.936</xmax>
			<ymax>451.456</ymax>
		</bndbox>
	</object>
	<object>
		<name>b4</name>
		<pose>Unspecified</pose>
		<truncated>0</truncated>
		<difficult>0</difficult>
		<bndbox>
			<xmin>93.9008</xmin>
			<ymin>458.854</ymin>
			<xmax>125.901</xmax>
			<ymax>490.854</ymax>
		</bndbox>
	</object>
	<object>
		<name>g1</name>
		<pose>Unspecified</pose>
		<truncated>0</truncated>
		<difficult>0</difficult>
		<bndbox>
			<xmin>545.946</xmin>
			<ymin>429.824</ymin>
			<xmax>577.946</xmax>
			<ymax>461.824</ymax>
		</bndbox>
	</object>
	<object>
		<name>g1</name>
		<pose>Unspecified</pose>
		<truncated>0</truncated>
		<difficult>0</difficult>
		<bndbox>
			<xmin>581.197</xmin>
			<ymin>427.75</ymin>
			<xmax>613.197</xmax>
			<ymax>459.75</ymax>
		</bndbox>
	</object>
	<object>
		<name>g10</name>
		<pose>Unspecified</pose>
		<truncated>0</truncated>
		<difficult>0</difficult>
		<bndbox>
			<xmin>498.253</xmin>
			<ymin>525.21</ymin>
			<xmax>530.253</xmax>
			<ymax>557.21</ymax>
		</bndbox>
	</object>
	<object>
		<name>g1</name>
		<pose>Unspecified</pose>
		<truncated>0</truncated>
		<difficult>0</difficult>
		<bndbox>
			<xmin>66.1146</xmin>
			<ymin>409.503</ymin>
			<xmax>98.1146</xmax>
			<ymax>441.503</ymax>
		</bndbox>
	</object>
	<object>
		<name>g10</name>
		<pose>Unspecified</pose>
		<truncated>0</truncated>
		<difficult>0</difficult>
		<bndbox>
			<xmin>527.449</xmin>
			<ymin>545.365</ymin>
			<xmax>559.449</xmax>
			<ymax>577.365</ymax>
		</bndbox>
	</object>
	<object>
		<name>b2</name>
		<pose>Unspecified</pose>
		<truncated>0</truncated>
		<difficult>0</difficult>
		<bndbox>
			<xmin>503.561</xmin>
			<ymin>482.659</ymin>
			<xmax>535.561</xmax>
			<ymax>514.659</ymax>
		</bndbox>
	</object>
	<object>
		<name>b4</name>
		<pose>Unspecified</pose>
		<truncated>0</truncated>
		<difficult>0</difficult>
		<bndbox>
			<xmin>496.395</xmin>
			<ymin>560.892</ymin>
			<xmax>528.395</xmax>
			<ymax>592.892</ymax>
		</bndbox>
	</object>
</annotation>
