<annotation>
	<folder>VOC2007</folder>
	<filename>000008.jpg</filename>
	<source>
		<database>My Database</database>
		<annotation>VOC2007</annotation>
		<image>flickr</image>
		<flickrid>NULL</flickrid>
	</source>
	<owner>
		<flickrid>NULL</flickrid>
		<name>shaochunyan</name>
	</owner>
	<size>
		<width>720</width>
		<height>1280</height>
		<depth>3</depth>
	</size>
	<segmented>0</segmented>
	<object>
		<name>b8</name>
		<pose>Unspecified</pose>
		<truncated>0</truncated>
		<difficult>0</difficult>
		<bndbox>
			<xmin>624</xmin>
			<ymin>342</ymin>
			<xmax>656</xmax>
			<ymax>374</ymax>
		</bndbox>
	</object>
	<object>
		<name>b9</name>
		<pose>Unspecified</pose>
		<truncated>0</truncated>
		<difficult>0</difficult>
		<bndbox>
			<xmin>643</xmin>
			<ymin>338</ymin>
			<xmax>675</xmax>
			<ymax>370</ymax>
		</bndbox>
	</object>
	<object>
		<name>b6</name>
		<pose>Unspecified</pose>
		<truncated>0</truncated>
		<difficult>0</difficult>
		<bndbox>
			<xmin>531</xmin>
			<ymin>327</ymin>
			<xmax>563</xmax>
			<ymax>359</ymax>
		</bndbox>
	</object>
	<object>
		<name>b9</name>
		<pose>Unspecified</pose>
		<truncated>0</truncated>
		<difficult>0</difficult>
		<bndbox>
			<xmin>472</xmin>
			<ymin>374</ymin>
			<xmax>504</xmax>
			<ymax>406</ymax>
		</bndbox>
	</object>
	<object>
		<name>b6</name>
		<pose>Unspecified</pose>
		<truncated>0</truncated>
		<difficult>0</difficult>
		<bndbox>
			<xmin>533</xmin>
			<ymin>331</ymin>
			<xmax>565</xmax>
			<ymax>363</ymax>
		</bndbox>
	</object>
	<object>
		<name>b8</name>
		<pose>Unspecified</pose>
		<truncated>0</truncated>
		<difficult>0</difficult>
		<bndbox>
			<xmin>625</xmin>
			<ymin>384</ymin>
			<xmax>657</xmax>
			<ymax>416</ymax>
		</bndbox>
	</object>
	<object>
		<name>b8</name>
		<pose>Unspecified</pose>
		<truncated>0</truncated>
		<difficult>0</difficult>
		<bndbox>
			<xmin>639.2</xmin>
			<ymin>357.2</ymin>
			<xmax>671.2</xmax>
			<ymax>389.2</ymax>
		</bndbox>
	</object>
	<object>
		<name>b6</name>
		<pose>Unspecified</pose>
		<truncated>0</truncated>
		<difficult>0</difficult>
		<bndbox>
			<xmin>533.6</xmin>
			<ymin>330.8</ymin>
			<xmax>565.6</xmax>
			<ymax>362.8</ymax>
		</bndbox>
	</object>
	<object>
		<name>b6</name>
		<pose>Unspecified</pose>
		<truncated>0</truncated>
		<difficult>0</difficult>
		<bndbox>
			<xmin>538.4</xmin>
			<ymin>330.8</ymin>
			<xmax>570.4</xmax>
			<ymax>362.8</ymax>
		</bndbox>
	</object>
	<object>
		<name>b8</name>
		<pose>Unspecified</pose>
		<truncated>0</truncated>
		<difficult>0</difficult>
		<bndbox>
			<xmin>634.4</xmin>
			<ymin>366.8</ymin>
			<xmax>666.4</xmax>
			<ymax>398.8</ymax>
		</bndbox>
	</object>
	<object>
		<name>b9</name>
		<pose>Unspecified</pose>
		<truncated>0</truncated>
		<difficult>0</difficult>
		<bndbox>
			<xmin>646.4</xmin>
			<ymin>333.2</ymin>
			<xmax>678.4</xmax>
			<ymax>365.2</ymax>
		</bndbox>
	</object>
	<object>
		<name>b8</name>
		<pose>Unspecified</pose>
		<truncated>0</truncated>
		<difficult>0</difficult>
		<bndbox>
			<xmin>532.4</xmin>
			<ymin>363.2</ymin>
			<xmax>564.4</xmax>
			<ymax>395.2</ymax>
		</bndbox>
	</object>
	<object>
		<name>b9</name>
		<pose>Unspecified</pose>
		<truncated>0</truncated>
		<difficult>0</difficult>
		<bndbox>
			<xmin>134</xmin>
			<ymin>344</ymin>
			<xmax>166</xmax>
			<ymax>376</ymax>
		</bndbox>
	</object>
	<object>
		<name>b9</name>
		<pose>Unspecified</pose>
		<truncated>0</truncated>
		<difficult>0</difficult>
		<bndbox>
			<xmin>565.76</xmin>
			<ymin>377.12</ymin>
			<xmax>597.76</xmax>
			<ymax>409.12</ymax>
		</bndbox>
	</object>
	<object>
		<name>b8</name>
		<pose>Unspecified</pose>
		<truncated>0</truncated>
		<difficult>0</difficult>
		<bndbox>
			<xmin>463.52</xmin>
			<ymin>364.16</ymin>
			<xmax>495.52</xmax>
			<ymax>396.16</ymax>
		</bndbox>
	</object>
	<object>
		<name>b8</name>
		<pose>Unspecified</pose>
		<truncated>0</truncated>
		<difficult>0</difficult>
		<bndbox>
			<xmin>529.76</xmin>
			<ymin>364.16</ymin>
			<xmax>561.76</xmax>
			<ymax>396.16</ymax>
		</bndbox>
	</object>
	<object>
		<name>b8</name>
		<pose>Unspecified</pose>
		<truncated>0</truncated>
		<difficult>0</difficult>
		<bndbox>
			<xmin>623.36</xmin>
			<ymin>341.12</ymin>
			<xmax>655.36</xmax>
			<ymax>373.12</ymax>
		</bndbox>
	</object>
	<object>
		<name>b8</name>
		<pose>Unspecified</pose>
		<truncated>0</truncated>
		<difficult>0</difficult>
		<bndbox>
			<xmin>530.048</xmin>
			<ymin>364.16</ymin>
			<xmax>562.048</xmax>
			<ymax>396.16</ymax>
		</bndbox>
	</object>
	<object>
		<name>b8</name>
		<pose>Unspecified</pose>
		<truncated>0</truncated>
		<difficult>0</difficult>
		<bndbox>
			<xmin>460.928</xmin>
			<ymin>355.52</ymin>
			<xmax>492.928</xmax>
			<ymax>387.52</ymax>
		</bndbox>
	</object>
	<object>
		<name>b9</name>
		<pose>Unspecified</pose>
		<truncated>0</truncated>
		<difficult>0</difficult>
		<bndbox>
			<xmin>134.336</xmin>
			<ymin>352.064</ymin>
			<xmax>166.336</xmax>
			<ymax>384.064</ymax>
		</bndbox>
	</object>
	<object>
		<name>b6</name>
		<pose>Unspecified</pose>
		<truncated>0</truncated>
		<difficult>0</difficult>
		<bndbox>
			<xmin>91.136</xmin>
			<ymin>327.872</ymin>
			<xmax>123.136</xmax>
			<ymax>359.872</ymax>
		</bndbox>
	</object>
	<object>
		<name>b9</name>
		<pose>Unspecified</pose>
		<truncated>0</truncated>
		<difficult>0</difficult>
		<bndbox>
			<xmin>581.197</xmin>
			<ymin>373.837</ymin>
			<xmax>613.197</xmax>
			<ymax>405.837</ymax>
		</bndbox>
	</object>
	<object>
		<name>b8</name>
		<pose>Unspecified</pose>
		<truncated>0</truncated>
		<difficult>0</difficult>
		<bndbox>
			<xmin>56.576</xmin>
			<ymin>319.923</ymin>
			<xmax>88.576</xmax>
			<ymax>351.923</ymax>
		</bndbox>
	</object>
	<object>
		<name>b7</name>
		<pose>Unspecified</pose>
		<truncated>0</truncated>
		<difficult>0</difficult>
		<bndbox>
			<xmin>618.522</xmin>
			<ymin>373.837</ymin>
			<xmax>650.522</xmax>
			<ymax>405.837</ymax>
		</bndbox>
	</object>
	<object>
		<name>b8</name>
		<pose>Unspecified</pose>
		<truncated>0</truncated>
		<difficult>0</difficult>
		<bndbox>
			<xmin>454.707</xmin>
			<ymin>357.248</ymin>
			<xmax>486.707</xmax>
			<ymax>389.248</ymax>
		</bndbox>
	</object>
	<object>
		<name>b7</name>
		<pose>Unspecified</pose>
		<truncated>0</truncated>
		<difficult>0</difficult>
		<bndbox>
			<xmin>529.357</xmin>
			<ymin>363.469</ymin>
			<xmax>561.357</xmax>
			<ymax>395.469</ymax>
		</bndbox>
	</object>
	<object>
		<name>b6</name>
		<pose>Unspecified</pose>
		<truncated>0</truncated>
		<difficult>0</difficult>
		<bndbox>
			<xmin>85.6064</xmin>
			<ymin>328.218</ymin>
			<xmax>117.606</xmax>
			<ymax>360.218</ymax>
		</bndbox>
	</object>
	<object>
		<name>b8</name>
		<pose>Unspecified</pose>
		<truncated>0</truncated>
		<difficult>0</difficult>
		<bndbox>
			<xmin>450.56</xmin>
			<ymin>326.144</ymin>
			<xmax>482.56</xmax>
			<ymax>358.144</ymax>
		</bndbox>
	</object>
	<object>
		<name>b6</name>
		<pose>Unspecified</pose>
		<truncated>0</truncated>
		<difficult>0</difficult>
		<bndbox>
			<xmin>533.421</xmin>
			<ymin>327.388</ymin>
			<xmax>565.421</xmax>
			<ymax>359.388</ymax>
		</bndbox>
	</object>
	<object>
		<name>b6</name>
		<pose>Unspecified</pose>
		<truncated>0</truncated>
		<difficult>0</difficult>
		<bndbox>
			<xmin>535.81</xmin>
			<ymin>335.152</ymin>
			<xmax>567.81</xmax>
			<ymax>367.152</ymax>
		</bndbox>
	</object>
	<object>
		<name>b8</name>
		<pose>Unspecified</pose>
		<truncated>0</truncated>
		<difficult>0</difficult>
		<bndbox>
			<xmin>624</xmin>
			<ymin>342</ymin>
			<xmax>656</xmax>
			<ymax>374</ymax>
		</bndbox>
	</object>
	<object>
		<name>b9</name>
		<pose>Unspecified</pose>
		<truncated>0</truncated>
		<difficult>0</difficult>
		<bndbox>
			<xmin>643</xmin>
			<ymin>338</ymin>
			<xmax>675</xmax>
			<ymax>370</ymax>
		</bndbox>
	</object>
	<object>
		<name>b6</name>
		<pose>Unspecified</pose>
		<truncated>0</truncated>
		<difficult>0</difficult>
		<bndbox>
			<xmin>531</xmin>
			<ymin>327</ymin>
			<xmax>563</xmax>
			<ymax>359</ymax>
		</bndbox>
	</object>
	<object>
		<name>b9</name>
		<pose>Unspecified</pose>
		<truncated>0</truncated>
		<difficult>0</difficult>
		<bndbox>
			<xmin>472</xmin>
			<ymin>374</ymin>
			<xmax>504</xmax>
			<ymax>406</ymax>
		</bndbox>
	</object>
	<object>
		<name>b6</name>
		<pose>Unspecified</pose>
		<truncated>0</truncated>
		<difficult>0</difficult>
		<bndbox>
			<xmin>533</xmin>
			<ymin>331</ymin>
			<xmax>565</xmax>
			<ymax>363</ymax>
		</bndbox>
	</object>
	<object>
		<name>b8</name>
		<pose>Unspecified</pose>
		<truncated>0</truncated>
		<difficult>0</difficult>
		<bndbox>
			<xmin>625</xmin>
			<ymin>384</ymin>
			<xmax>657</xmax>
			<ymax>416</ymax>
		</bndbox>
	</object>
	<object>
		<name>b8</name>
		<pose>Unspecified</pose>
		<truncated>0</truncated>
		<difficult>0</difficult>
		<bndbox>
			<xmin>639.2</xmin>
			<ymin>357.2</ymin>
			<xmax>671.2</xmax>
			<ymax>389.2</ymax>
		</bndbox>
	</object>
	<object>
		<name>b6</name>
		<pose>Unspecified</pose>
		<truncated>0</truncated>
		<difficult>0</difficult>
		<bndbox>
			<xmin>533.6</xmin>
			<ymin>330.8</ymin>
			<xmax>565.6</xmax>
			<ymax>362.8</ymax>
		</bndbox>
	</object>
	<object>
		<name>b6</name>
		<pose>Unspecified</pose>
		<truncated>0</truncated>
		<difficult>0</difficult>
		<bndbox>
			<xmin>538.4</xmin>
			<ymin>330.8</ymin>
			<xmax>570.4</xmax>
			<ymax>362.8</ymax>
		</bndbox>
	</object>
	<object>
		<name>b8</name>
		<pose>Unspecified</pose>
		<truncated>0</truncated>
		<difficult>0</difficult>
		<bndbox>
			<xmin>634.4</xmin>
			<ymin>366.8</ymin>
			<xmax>666.4</xmax>
			<ymax>398.8</ymax>
		</bndbox>
	</object>
	<object>
		<name>b9</name>
		<pose>Unspecified</pose>
		<truncated>0</truncated>
		<difficult>0</difficult>
		<bndbox>
			<xmin>646.4</xmin>
			<ymin>333.2</ymin>
			<xmax>678.4</xmax>
			<ymax>365.2</ymax>
		</bndbox>
	</object>
	<object>
		<name>b8</name>
		<pose>Unspecified</pose>
		<truncated>0</truncated>
		<difficult>0</difficult>
		<bndbox>
			<xmin>532.4</xmin>
			<ymin>363.2</ymin>
			<xmax>564.4</xmax>
			<ymax>395.2</ymax>
		</bndbox>
	</object>
	<object>
		<name>b9</name>
		<pose>Unspecified</pose>
		<truncated>0</truncated>
		<difficult>0</difficult>
		<bndbox>
			<xmin>134</xmin>
			<ymin>344</ymin>
			<xmax>166</xmax>
			<ymax>376</ymax>
		</bndbox>
	</object>
	<object>
		<name>b9</name>
		<pose>Unspecified</pose>
		<truncated>0</truncated>
		<difficult>0</difficult>
		<bndbox>
			<xmin>565.76</xmin>
			<ymin>377.12</ymin>
			<xmax>597.76</xmax>
			<ymax>409.12</ymax>
		</bndbox>
	</object>
	<object>
		<name>b8</name>
		<pose>Unspecified</pose>
		<truncated>0</truncated>
		<difficult>0</difficult>
		<bndbox>
			<xmin>463.52</xmin>
			<ymin>364.16</ymin>
			<xmax>495.52</xmax>
			<ymax>396.16</ymax>
		</bndbox>
	</object>
	<object>
		<name>b8</name>
		<pose>Unspecified</pose>
		<truncated>0</truncated>
		<difficult>0</difficult>
		<bndbox>
			<xmin>529.76</xmin>
			<ymin>364.16</ymin>
			<xmax>561.76</xmax>
			<ymax>396.16</ymax>
		</bndbox>
	</object>
	<object>
		<name>b8</name>
		<pose>Unspecified</pose>
		<truncated>0</truncated>
		<difficult>0</difficult>
		<bndbox>
			<xmin>623.36</xmin>
			<ymin>341.12</ymin>
			<xmax>655.36</xmax>
			<ymax>373.12</ymax>
		</bndbox>
	</object>
	<object>
		<name>b8</name>
		<pose>Unspecified</pose>
		<truncated>0</truncated>
		<difficult>0</difficult>
		<bndbox>
			<xmin>530.048</xmin>
			<ymin>364.16</ymin>
			<xmax>562.048</xmax>
			<ymax>396.16</ymax>
		</bndbox>
	</object>
	<object>
		<name>b8</name>
		<pose>Unspecified</pose>
		<truncated>0</truncated>
		<difficult>0</difficult>
		<bndbox>
			<xmin>460.928</xmin>
			<ymin>355.52</ymin>
			<xmax>492.928</xmax>
			<ymax>387.52</ymax>
		</bndbox>
	</object>
	<object>
		<name>b9</name>
		<pose>Unspecified</pose>
		<truncated>0</truncated>
		<difficult>0</difficult>
		<bndbox>
			<xmin>134.336</xmin>
			<ymin>352.064</ymin>
			<xmax>166.336</xmax>
			<ymax>384.064</ymax>
		</bndbox>
	</object>
	<object>
		<name>b6</name>
		<pose>Unspecified</pose>
		<truncated>0</truncated>
		<difficult>0</difficult>
		<bndbox>
			<xmin>91.136</xmin>
			<ymin>327.872</ymin>
			<xmax>123.136</xmax>
			<ymax>359.872</ymax>
		</bndbox>
	</object>
	<object>
		<name>b9</name>
		<pose>Unspecified</pose>
		<truncated>0</truncated>
		<difficult>0</difficult>
		<bndbox>
			<xmin>581.197</xmin>
			<ymin>373.837</ymin>
			<xmax>613.197</xmax>
			<ymax>405.837</ymax>
		</bndbox>
	</object>
	<object>
		<name>b8</name>
		<pose>Unspecified</pose>
		<truncated>0</truncated>
		<difficult>0</difficult>
		<bndbox>
			<xmin>56.576</xmin>
			<ymin>319.923</ymin>
			<xmax>88.576</xmax>
			<ymax>351.923</ymax>
		</bndbox>
	</object>
	<object>
		<name>b7</name>
		<pose>Unspecified</pose>
		<truncated>0</truncated>
		<difficult>0</difficult>
		<bndbox>
			<xmin>618.522</xmin>
			<ymin>373.837</ymin>
			<xmax>650.522</xmax>
			<ymax>405.837</ymax>
		</bndbox>
	</object>
	<object>
		<name>b8</name>
		<pose>Unspecified</pose>
		<truncated>0</truncated>
		<difficult>0</difficult>
		<bndbox>
			<xmin>454.707</xmin>
			<ymin>357.248</ymin>
			<xmax>486.707</xmax>
			<ymax>389.248</ymax>
		</bndbox>
	</object>
	<object>
		<name>b7</name>
		<pose>Unspecified</pose>
		<truncated>0</truncated>
		<difficult>0</difficult>
		<bndbox>
			<xmin>529.357</xmin>
			<ymin>363.469</ymin>
			<xmax>561.357</xmax>
			<ymax>395.469</ymax>
		</bndbox>
	</object>
	<object>
		<name>b6</name>
		<pose>Unspecified</pose>
		<truncated>0</truncated>
		<difficult>0</difficult>
		<bndbox>
			<xmin>85.6064</xmin>
			<ymin>328.218</ymin>
			<xmax>117.606</xmax>
			<ymax>360.218</ymax>
		</bndbox>
	</object>
	<object>
		<name>b8</name>
		<pose>Unspecified</pose>
		<truncated>0</truncated>
		<difficult>0</difficult>
		<bndbox>
			<xmin>450.56</xmin>
			<ymin>326.144</ymin>
			<xmax>482.56</xmax>
			<ymax>358.144</ymax>
		</bndbox>
	</object>
	<object>
		<name>b6</name>
		<pose>Unspecified</pose>
		<truncated>0</truncated>
		<difficult>0</difficult>
		<bndbox>
			<xmin>533.421</xmin>
			<ymin>327.388</ymin>
			<xmax>565.421</xmax>
			<ymax>359.388</ymax>
		</bndbox>
	</object>
	<object>
		<name>b6</name>
		<pose>Unspecified</pose>
		<truncated>0</truncated>
		<difficult>0</difficult>
		<bndbox>
			<xmin>535.81</xmin>
			<ymin>335.152</ymin>
			<xmax>567.81</xmax>
			<ymax>367.152</ymax>
		</bndbox>
	</object>
	<object>
		<name>b8</name>
		<pose>Unspecified</pose>
		<truncated>0</truncated>
		<difficult>0</difficult>
		<bndbox>
			<xmin>624</xmin>
			<ymin>342</ymin>
			<xmax>656</xmax>
			<ymax>374</ymax>
		</bndbox>
	</object>
	<object>
		<name>b9</name>
		<pose>Unspecified</pose>
		<truncated>0</truncated>
		<difficult>0</difficult>
		<bndbox>
			<xmin>643</xmin>
			<ymin>338</ymin>
			<xmax>675</xmax>
			<ymax>370</ymax>
		</bndbox>
	</object>
	<object>
		<name>b6</name>
		<pose>Unspecified</pose>
		<truncated>0</truncated>
		<difficult>0</difficult>
		<bndbox>
			<xmin>531</xmin>
			<ymin>327</ymin>
			<xmax>563</xmax>
			<ymax>359</ymax>
		</bndbox>
	</object>
	<object>
		<name>b9</name>
		<pose>Unspecified</pose>
		<truncated>0</truncated>
		<difficult>0</difficult>
		<bndbox>
			<xmin>472</xmin>
			<ymin>374</ymin>
			<xmax>504</xmax>
			<ymax>406</ymax>
		</bndbox>
	</object>
	<object>
		<name>b6</name>
		<pose>Unspecified</pose>
		<truncated>0</truncated>
		<difficult>0</difficult>
		<bndbox>
			<xmin>533</xmin>
			<ymin>331</ymin>
			<xmax>565</xmax>
			<ymax>363</ymax>
		</bndbox>
	</object>
	<object>
		<name>b8</name>
		<pose>Unspecified</pose>
		<truncated>0</truncated>
		<difficult>0</difficult>
		<bndbox>
			<xmin>625</xmin>
			<ymin>384</ymin>
			<xmax>657</xmax>
			<ymax>416</ymax>
		</bndbox>
	</object>
	<object>
		<name>b8</name>
		<pose>Unspecified</pose>
		<truncated>0</truncated>
		<difficult>0</difficult>
		<bndbox>
			<xmin>639.2</xmin>
			<ymin>357.2</ymin>
			<xmax>671.2</xmax>
			<ymax>389.2</ymax>
		</bndbox>
	</object>
	<object>
		<name>b6</name>
		<pose>Unspecified</pose>
		<truncated>0</truncated>
		<difficult>0</difficult>
		<bndbox>
			<xmin>533.6</xmin>
			<ymin>330.8</ymin>
			<xmax>565.6</xmax>
			<ymax>362.8</ymax>
		</bndbox>
	</object>
	<object>
		<name>b6</name>
		<pose>Unspecified</pose>
		<truncated>0</truncated>
		<difficult>0</difficult>
		<bndbox>
			<xmin>538.4</xmin>
			<ymin>330.8</ymin>
			<xmax>570.4</xmax>
			<ymax>362.8</ymax>
		</bndbox>
	</object>
	<object>
		<name>b8</name>
		<pose>Unspecified</pose>
		<truncated>0</truncated>
		<difficult>0</difficult>
		<bndbox>
			<xmin>634.4</xmin>
			<ymin>366.8</ymin>
			<xmax>666.4</xmax>
			<ymax>398.8</ymax>
		</bndbox>
	</object>
	<object>
		<name>b9</name>
		<pose>Unspecified</pose>
		<truncated>0</truncated>
		<difficult>0</difficult>
		<bndbox>
			<xmin>646.4</xmin>
			<ymin>333.2</ymin>
			<xmax>678.4</xmax>
			<ymax>365.2</ymax>
		</bndbox>
	</object>
	<object>
		<name>b8</name>
		<pose>Unspecified</pose>
		<truncated>0</truncated>
		<difficult>0</difficult>
		<bndbox>
			<xmin>532.4</xmin>
			<ymin>363.2</ymin>
			<xmax>564.4</xmax>
			<ymax>395.2</ymax>
		</bndbox>
	</object>
	<object>
		<name>b9</name>
		<pose>Unspecified</pose>
		<truncated>0</truncated>
		<difficult>0</difficult>
		<bndbox>
			<xmin>134</xmin>
			<ymin>344</ymin>
			<xmax>166</xmax>
			<ymax>376</ymax>
		</bndbox>
	</object>
	<object>
		<name>b9</name>
		<pose>Unspecified</pose>
		<truncated>0</truncated>
		<difficult>0</difficult>
		<bndbox>
			<xmin>565.76</xmin>
			<ymin>377.12</ymin>
			<xmax>597.76</xmax>
			<ymax>409.12</ymax>
		</bndbox>
	</object>
	<object>
		<name>b8</name>
		<pose>Unspecified</pose>
		<truncated>0</truncated>
		<difficult>0</difficult>
		<bndbox>
			<xmin>463.52</xmin>
			<ymin>364.16</ymin>
			<xmax>495.52</xmax>
			<ymax>396.16</ymax>
		</bndbox>
	</object>
	<object>
		<name>b8</name>
		<pose>Unspecified</pose>
		<truncated>0</truncated>
		<difficult>0</difficult>
		<bndbox>
			<xmin>529.76</xmin>
			<ymin>364.16</ymin>
			<xmax>561.76</xmax>
			<ymax>396.16</ymax>
		</bndbox>
	</object>
	<object>
		<name>b8</name>
		<pose>Unspecified</pose>
		<truncated>0</truncated>
		<difficult>0</difficult>
		<bndbox>
			<xmin>623.36</xmin>
			<ymin>341.12</ymin>
			<xmax>655.36</xmax>
			<ymax>373.12</ymax>
		</bndbox>
	</object>
	<object>
		<name>b8</name>
		<pose>Unspecified</pose>
		<truncated>0</truncated>
		<difficult>0</difficult>
		<bndbox>
			<xmin>530.048</xmin>
			<ymin>364.16</ymin>
			<xmax>562.048</xmax>
			<ymax>396.16</ymax>
		</bndbox>
	</object>
	<object>
		<name>b8</name>
		<pose>Unspecified</pose>
		<truncated>0</truncated>
		<difficult>0</difficult>
		<bndbox>
			<xmin>460.928</xmin>
			<ymin>355.52</ymin>
			<xmax>492.928</xmax>
			<ymax>387.52</ymax>
		</bndbox>
	</object>
	<object>
		<name>b9</name>
		<pose>Unspecified</pose>
		<truncated>0</truncated>
		<difficult>0</difficult>
		<bndbox>
			<xmin>134.336</xmin>
			<ymin>352.064</ymin>
			<xmax>166.336</xmax>
			<ymax>384.064</ymax>
		</bndbox>
	</object>
	<object>
		<name>b6</name>
		<pose>Unspecified</pose>
		<truncated>0</truncated>
		<difficult>0</difficult>
		<bndbox>
			<xmin>91.136</xmin>
			<ymin>327.872</ymin>
			<xmax>123.136</xmax>
			<ymax>359.872</ymax>
		</bndbox>
	</object>
	<object>
		<name>b9</name>
		<pose>Unspecified</pose>
		<truncated>0</truncated>
		<difficult>0</difficult>
		<bndbox>
			<xmin>581.197</xmin>
			<ymin>373.837</ymin>
			<xmax>613.197</xmax>
			<ymax>405.837</ymax>
		</bndbox>
	</object>
	<object>
		<name>b8</name>
		<pose>Unspecified</pose>
		<truncated>0</truncated>
		<difficult>0</difficult>
		<bndbox>
			<xmin>56.576</xmin>
			<ymin>319.923</ymin>
			<xmax>88.576</xmax>
			<ymax>351.923</ymax>
		</bndbox>
	</object>
	<object>
		<name>b7</name>
		<pose>Unspecified</pose>
		<truncated>0</truncated>
		<difficult>0</difficult>
		<bndbox>
			<xmin>618.522</xmin>
			<ymin>373.837</ymin>
			<xmax>650.522</xmax>
			<ymax>405.837</ymax>
		</bndbox>
	</object>
	<object>
		<name>b8</name>
		<pose>Unspecified</pose>
		<truncated>0</truncated>
		<difficult>0</difficult>
		<bndbox>
			<xmin>454.707</xmin>
			<ymin>357.248</ymin>
			<xmax>486.707</xmax>
			<ymax>389.248</ymax>
		</bndbox>
	</object>
	<object>
		<name>b7</name>
		<pose>Unspecified</pose>
		<truncated>0</truncated>
		<difficult>0</difficult>
		<bndbox>
			<xmin>529.357</xmin>
			<ymin>363.469</ymin>
			<xmax>561.357</xmax>
			<ymax>395.469</ymax>
		</bndbox>
	</object>
	<object>
		<name>b6</name>
		<pose>Unspecified</pose>
		<truncated>0</truncated>
		<difficult>0</difficult>
		<bndbox>
			<xmin>85.6064</xmin>
			<ymin>328.218</ymin>
			<xmax>117.606</xmax>
			<ymax>360.218</ymax>
		</bndbox>
	</object>
	<object>
		<name>b8</name>
		<pose>Unspecified</pose>
		<truncated>0</truncated>
		<difficult>0</difficult>
		<bndbox>
			<xmin>450.56</xmin>
			<ymin>326.144</ymin>
			<xmax>482.56</xmax>
			<ymax>358.144</ymax>
		</bndbox>
	</object>
	<object>
		<name>b6</name>
		<pose>Unspecified</pose>
		<truncated>0</truncated>
		<difficult>0</difficult>
		<bndbox>
			<xmin>533.421</xmin>
			<ymin>327.388</ymin>
			<xmax>565.421</xmax>
			<ymax>359.388</ymax>
		</bndbox>
	</object>
	<object>
		<name>b6</name>
		<pose>Unspecified</pose>
		<truncated>0</truncated>
		<difficult>0</difficult>
		<bndbox>
			<xmin>535.81</xmin>
			<ymin>335.152</ymin>
			<xmax>567.81</xmax>
			<ymax>367.152</ymax>
		</bndbox>
	</object>
</annotation>
