<annotation>
	<folder>VOC2007</folder>
	<filename>000085.jpg</filename>
	<source>
		<database>My Database</database>
		<annotation>VOC2007</annotation>
		<image>flickr</image>
		<flickrid>NULL</flickrid>
	</source>
	<owner>
		<flickrid>NULL</flickrid>
		<name>shaochunyan</name>
	</owner>
	<size>
		<width>720</width>
		<height>1280</height>
		<depth>3</depth>
	</size>
	<segmented>0</segmented>
	<object>
		<name>b4</name>
		<pose>Unspecified</pose>
		<truncated>0</truncated>
		<difficult>0</difficult>
		<bndbox>
			<xmin>653</xmin>
			<ymin>372</ymin>
			<xmax>685</xmax>
			<ymax>404</ymax>
		</bndbox>
	</object>
	<object>
		<name>b7</name>
		<pose>Unspecified</pose>
		<truncated>0</truncated>
		<difficult>0</difficult>
		<bndbox>
			<xmin>640.4</xmin>
			<ymin>354.8</ymin>
			<xmax>672.4</xmax>
			<ymax>386.8</ymax>
		</bndbox>
	</object>
	<object>
		<name>b7</name>
		<pose>Unspecified</pose>
		<truncated>0</truncated>
		<difficult>0</difficult>
		<bndbox>
			<xmin>100.4</xmin>
			<ymin>183.2</ymin>
			<xmax>132.4</xmax>
			<ymax>215.2</ymax>
		</bndbox>
	</object>
	<object>
		<name>g1</name>
		<pose>Unspecified</pose>
		<truncated>0</truncated>
		<difficult>0</difficult>
		<bndbox>
			<xmin>590</xmin>
			<ymin>297.2</ymin>
			<xmax>622</xmax>
			<ymax>329.2</ymax>
		</bndbox>
	</object>
	<object>
		<name>b7</name>
		<pose>Unspecified</pose>
		<truncated>0</truncated>
		<difficult>0</difficult>
		<bndbox>
			<xmin>60.32</xmin>
			<ymin>200</ymin>
			<xmax>92.32</xmax>
			<ymax>232</ymax>
		</bndbox>
	</object>
	<object>
		<name>b5</name>
		<pose>Unspecified</pose>
		<truncated>0</truncated>
		<difficult>0</difficult>
		<bndbox>
			<xmin>44.48</xmin>
			<ymin>35.84</ymin>
			<xmax>76.48</xmax>
			<ymax>67.84</ymax>
		</bndbox>
	</object>
	<object>
		<name>b7</name>
		<pose>Unspecified</pose>
		<truncated>0</truncated>
		<difficult>0</difficult>
		<bndbox>
			<xmin>526.592</xmin>
			<ymin>61.76</ymin>
			<xmax>558.592</xmax>
			<ymax>93.76</ymax>
		</bndbox>
	</object>
	<object>
		<name>b6</name>
		<pose>Unspecified</pose>
		<truncated>0</truncated>
		<difficult>0</difficult>
		<bndbox>
			<xmin>160.256</xmin>
			<ymin>545.6</ymin>
			<xmax>192.256</xmax>
			<ymax>577.6</ymax>
		</bndbox>
	</object>
	<object>
		<name>b6</name>
		<pose>Unspecified</pose>
		<truncated>0</truncated>
		<difficult>0</difficult>
		<bndbox>
			<xmin>56.576</xmin>
			<ymin>212.096</ymin>
			<xmax>88.576</xmax>
			<ymax>244.096</ymax>
		</bndbox>
	</object>
	<object>
		<name>b5</name>
		<pose>Unspecified</pose>
		<truncated>0</truncated>
		<difficult>0</difficult>
		<bndbox>
			<xmin>52.4288</xmin>
			<ymin>205.875</ymin>
			<xmax>84.4288</xmax>
			<ymax>237.875</ymax>
		</bndbox>
	</object>
	<object>
		<name>b7</name>
		<pose>Unspecified</pose>
		<truncated>0</truncated>
		<difficult>0</difficult>
		<bndbox>
			<xmin>170.624</xmin>
			<ymin>280.11</ymin>
			<xmax>202.624</xmax>
			<ymax>312.11</ymax>
		</bndbox>
	</object>
	<object>
		<name>b9</name>
		<pose>Unspecified</pose>
		<truncated>0</truncated>
		<difficult>0</difficult>
		<bndbox>
			<xmin>86.0211</xmin>
			<ymin>130.811</ymin>
			<xmax>118.021</xmax>
			<ymax>162.811</ymax>
		</bndbox>
	</object>
	<object>
		<name>b8</name>
		<pose>Unspecified</pose>
		<truncated>0</truncated>
		<difficult>0</difficult>
		<bndbox>
			<xmin>245.274</xmin>
			<ymin>372.178</ymin>
			<xmax>277.274</xmax>
			<ymax>404.178</ymax>
		</bndbox>
	</object>
	<object>
		<name>b6</name>
		<pose>Unspecified</pose>
		<truncated>0</truncated>
		<difficult>0</difficult>
		<bndbox>
			<xmin>78</xmin>
			<ymin>178</ymin>
			<xmax>110</xmax>
			<ymax>210</ymax>
		</bndbox>
	</object>
	<object>
		<name>b8</name>
		<pose>Unspecified</pose>
		<truncated>0</truncated>
		<difficult>0</difficult>
		<bndbox>
			<xmin>56</xmin>
			<ymin>158</ymin>
			<xmax>88</xmax>
			<ymax>190</ymax>
		</bndbox>
	</object>
	<object>
		<name>g10</name>
		<pose>Unspecified</pose>
		<truncated>0</truncated>
		<difficult>0</difficult>
		<bndbox>
			<xmin>231.2</xmin>
			<ymin>261.2</ymin>
			<xmax>263.2</xmax>
			<ymax>293.2</ymax>
		</bndbox>
	</object>
	<object>
		<name>b9</name>
		<pose>Unspecified</pose>
		<truncated>0</truncated>
		<difficult>0</difficult>
		<bndbox>
			<xmin>159.68</xmin>
			<ymin>217.28</ymin>
			<xmax>191.68</xmax>
			<ymax>249.28</ymax>
		</bndbox>
	</object>
	<object>
		<name>b8</name>
		<pose>Unspecified</pose>
		<truncated>0</truncated>
		<difficult>0</difficult>
		<bndbox>
			<xmin>116.71</xmin>
			<ymin>149.888</ymin>
			<xmax>148.71</xmax>
			<ymax>181.888</ymax>
		</bndbox>
	</object>
	<object>
		<name>b6</name>
		<pose>Unspecified</pose>
		<truncated>0</truncated>
		<difficult>0</difficult>
		<bndbox>
			<xmin>570.829</xmin>
			<ymin>62.7968</ymin>
			<xmax>602.829</xmax>
			<ymax>94.7968</ymax>
		</bndbox>
	</object>
	<object>
		<name>g1</name>
		<pose>Unspecified</pose>
		<truncated>0</truncated>
		<difficult>0</difficult>
		<bndbox>
			<xmin>64.8704</xmin>
			<ymin>481.664</ymin>
			<xmax>96.8704</xmax>
			<ymax>513.664</ymax>
		</bndbox>
	</object>
	<object>
		<name>b7</name>
		<pose>Unspecified</pose>
		<truncated>0</truncated>
		<difficult>0</difficult>
		<bndbox>
			<xmin>56.576</xmin>
			<ymin>106.342</ymin>
			<xmax>88.576</xmax>
			<ymax>138.342</ymax>
		</bndbox>
	</object>
	<object>
		<name>b9</name>
		<pose>Unspecified</pose>
		<truncated>0</truncated>
		<difficult>0</difficult>
		<bndbox>
			<xmin>86.0211</xmin>
			<ymin>245.274</ymin>
			<xmax>118.021</xmax>
			<ymax>277.274</ymax>
		</bndbox>
	</object>
	<object>
		<name>b6</name>
		<pose>Unspecified</pose>
		<truncated>0</truncated>
		<difficult>0</difficult>
		<bndbox>
			<xmin>78.5562</xmin>
			<ymin>165.647</ymin>
			<xmax>110.556</xmax>
			<ymax>197.647</ymax>
		</bndbox>
	</object>
	<object>
		<name>b6</name>
		<pose>Unspecified</pose>
		<truncated>0</truncated>
		<difficult>0</difficult>
		<bndbox>
			<xmin>246.767</xmin>
			<ymin>581.197</ymin>
			<xmax>278.767</xmax>
			<ymax>613.197</ymax>
		</bndbox>
	</object>
	<object>
		<name>b8</name>
		<pose>Unspecified</pose>
		<truncated>0</truncated>
		<difficult>0</difficult>
		<bndbox>
			<xmin>195.408</xmin>
			<ymin>349.485</ymin>
			<xmax>227.408</xmax>
			<ymax>381.485</ymax>
		</bndbox>
	</object>
	<object>
		<name>b8</name>
		<pose>Unspecified</pose>
		<truncated>0</truncated>
		<difficult>0</difficult>
		<bndbox>
			<xmin>435.481</xmin>
			<ymin>704.22</ymin>
			<xmax>467.481</xmax>
			<ymax>736.22</ymax>
		</bndbox>
	</object>
	<object>
		<name>g10</name>
		<pose>Unspecified</pose>
		<truncated>0</truncated>
		<difficult>0</difficult>
		<bndbox>
			<xmin>252.739</xmin>
			<ymin>417.565</ymin>
			<xmax>284.739</xmax>
			<ymax>449.565</ymax>
		</bndbox>
	</object>
	<object>
		<name>b9</name>
		<pose>Unspecified</pose>
		<truncated>0</truncated>
		<difficult>0</difficult>
		<bndbox>
			<xmin>116.578</xmin>
			<ymin>231.24</ymin>
			<xmax>148.578</xmax>
			<ymax>263.24</ymax>
		</bndbox>
	</object>
	<object>
		<name>b4</name>
		<pose>Unspecified</pose>
		<truncated>0</truncated>
		<difficult>0</difficult>
		<bndbox>
			<xmin>181.075</xmin>
			<ymin>306.486</ymin>
			<xmax>213.075</xmax>
			<ymax>338.486</ymax>
		</bndbox>
	</object>
	<object>
		<name>g10</name>
		<pose>Unspecified</pose>
		<truncated>0</truncated>
		<difficult>0</difficult>
		<bndbox>
			<xmin>609</xmin>
			<ymin>282</ymin>
			<xmax>641</xmax>
			<ymax>314</ymax>
		</bndbox>
	</object>
	<object>
		<name>b9</name>
		<pose>Unspecified</pose>
		<truncated>0</truncated>
		<difficult>0</difficult>
		<bndbox>
			<xmin>172</xmin>
			<ymin>244</ymin>
			<xmax>204</xmax>
			<ymax>276</ymax>
		</bndbox>
	</object>
	<object>
		<name>b4</name>
		<pose>Unspecified</pose>
		<truncated>0</truncated>
		<difficult>0</difficult>
		<bndbox>
			<xmin>653.6</xmin>
			<ymin>372.8</ymin>
			<xmax>685.6</xmax>
			<ymax>404.8</ymax>
		</bndbox>
	</object>
	<object>
		<name>b5</name>
		<pose>Unspecified</pose>
		<truncated>0</truncated>
		<difficult>0</difficult>
		<bndbox>
			<xmin>184.4</xmin>
			<ymin>288.8</ymin>
			<xmax>216.4</xmax>
			<ymax>320.8</ymax>
		</bndbox>
	</object>
	<object>
		<name>b8</name>
		<pose>Unspecified</pose>
		<truncated>0</truncated>
		<difficult>0</difficult>
		<bndbox>
			<xmin>56</xmin>
			<ymin>158</ymin>
			<xmax>88</xmax>
			<ymax>190</ymax>
		</bndbox>
	</object>
	<object>
		<name>b7</name>
		<pose>Unspecified</pose>
		<truncated>0</truncated>
		<difficult>0</difficult>
		<bndbox>
			<xmin>159.68</xmin>
			<ymin>217.28</ymin>
			<xmax>191.68</xmax>
			<ymax>249.28</ymax>
		</bndbox>
	</object>
	<object>
		<name>b8</name>
		<pose>Unspecified</pose>
		<truncated>0</truncated>
		<difficult>0</difficult>
		<bndbox>
			<xmin>581.6</xmin>
			<ymin>84.8</ymin>
			<xmax>613.6</xmax>
			<ymax>116.8</ymax>
		</bndbox>
	</object>
	<object>
		<name>b7</name>
		<pose>Unspecified</pose>
		<truncated>0</truncated>
		<difficult>0</difficult>
		<bndbox>
			<xmin>51.392</xmin>
			<ymin>205.184</ymin>
			<xmax>83.392</xmax>
			<ymax>237.184</ymax>
		</bndbox>
	</object>
	<object>
		<name>b7</name>
		<pose>Unspecified</pose>
		<truncated>0</truncated>
		<difficult>0</difficult>
		<bndbox>
			<xmin>52.4288</xmin>
			<ymin>205.875</ymin>
			<xmax>84.4288</xmax>
			<ymax>237.875</ymax>
		</bndbox>
	</object>
	<object>
		<name>b9</name>
		<pose>Unspecified</pose>
		<truncated>0</truncated>
		<difficult>0</difficult>
		<bndbox>
			<xmin>86.0211</xmin>
			<ymin>130.811</ymin>
			<xmax>118.021</xmax>
			<ymax>162.811</ymax>
		</bndbox>
	</object>
	<object>
		<name>b8</name>
		<pose>Unspecified</pose>
		<truncated>0</truncated>
		<difficult>0</difficult>
		<bndbox>
			<xmin>123.346</xmin>
			<ymin>140.764</ymin>
			<xmax>155.346</xmax>
			<ymax>172.764</ymax>
		</bndbox>
	</object>
	<object>
		<name>b7</name>
		<pose>Unspecified</pose>
		<truncated>0</truncated>
		<difficult>0</difficult>
		<bndbox>
			<xmin>143.253</xmin>
			<ymin>212.925</ymin>
			<xmax>175.253</xmax>
			<ymax>244.925</ymax>
		</bndbox>
	</object>
	<object>
		<name>b8</name>
		<pose>Unspecified</pose>
		<truncated>0</truncated>
		<difficult>0</difficult>
		<bndbox>
			<xmin>135.788</xmin>
			<ymin>232.832</ymin>
			<xmax>167.788</xmax>
			<ymax>264.832</ymax>
		</bndbox>
	</object>
	<object>
		<name>b6</name>
		<pose>Unspecified</pose>
		<truncated>0</truncated>
		<difficult>0</difficult>
		<bndbox>
			<xmin>158.182</xmin>
			<ymin>215.414</ymin>
			<xmax>190.182</xmax>
			<ymax>247.414</ymax>
		</bndbox>
	</object>
	<object>
		<name>b6</name>
		<pose>Unspecified</pose>
		<truncated>0</truncated>
		<difficult>0</difficult>
		<bndbox>
			<xmin>85.5235</xmin>
			<ymin>88.5095</ymin>
			<xmax>117.523</xmax>
			<ymax>120.509</ymax>
		</bndbox>
	</object>
	<object>
		<name>b4</name>
		<pose>Unspecified</pose>
		<truncated>0</truncated>
		<difficult>0</difficult>
		<bndbox>
			<xmin>169.131</xmin>
			<ymin>282.598</ymin>
			<xmax>201.131</xmax>
			<ymax>314.598</ymax>
		</bndbox>
	</object>
	<object>
		<name>b8</name>
		<pose>Unspecified</pose>
		<truncated>0</truncated>
		<difficult>0</difficult>
		<bndbox>
			<xmin>195.408</xmin>
			<ymin>349.485</ymin>
			<xmax>227.408</xmax>
			<ymax>381.485</ymax>
		</bndbox>
	</object>
	<object>
		<name>b9</name>
		<pose>Unspecified</pose>
		<truncated>0</truncated>
		<difficult>0</difficult>
		<bndbox>
			<xmin>116.578</xmin>
			<ymin>231.24</ymin>
			<xmax>148.578</xmax>
			<ymax>263.24</ymax>
		</bndbox>
	</object>
	<object>
		<name>g10</name>
		<pose>Unspecified</pose>
		<truncated>0</truncated>
		<difficult>0</difficult>
		<bndbox>
			<xmin>198.991</xmin>
			<ymin>403.232</ymin>
			<xmax>230.991</xmax>
			<ymax>435.232</ymax>
		</bndbox>
	</object>
</annotation>
