<annotation>
	<folder>VOC2007</folder>
	<filename>000095.jpg</filename>
	<source>
		<database>My Database</database>
		<annotation>VOC2007</annotation>
		<image>flickr</image>
		<flickrid>NULL</flickrid>
	</source>
	<owner>
		<flickrid>NULL</flickrid>
		<name>shaochunyan</name>
	</owner>
	<size>
		<width>720</width>
		<height>1280</height>
		<depth>3</depth>
	</size>
	<segmented>0</segmented>
	<object>
		<name>b8</name>
		<pose>Unspecified</pose>
		<truncated>0</truncated>
		<difficult>0</difficult>
		<bndbox>
			<xmin>495</xmin>
			<ymin>368</ymin>
			<xmax>527</xmax>
			<ymax>400</ymax>
		</bndbox>
	</object>
	<object>
		<name>b4</name>
		<pose>Unspecified</pose>
		<truncated>0</truncated>
		<difficult>0</difficult>
		<bndbox>
			<xmin>534.8</xmin>
			<ymin>148.4</ymin>
			<xmax>566.8</xmax>
			<ymax>180.4</ymax>
		</bndbox>
	</object>
	<object>
		<name>b4</name>
		<pose>Unspecified</pose>
		<truncated>0</truncated>
		<difficult>0</difficult>
		<bndbox>
			<xmin>503.6</xmin>
			<ymin>203.6</ymin>
			<xmax>535.6</xmax>
			<ymax>235.6</ymax>
		</bndbox>
	</object>
	<object>
		<name>b5</name>
		<pose>Unspecified</pose>
		<truncated>0</truncated>
		<difficult>0</difficult>
		<bndbox>
			<xmin>495.2</xmin>
			<ymin>388.64</ymin>
			<xmax>527.2</xmax>
			<ymax>420.64</ymax>
		</bndbox>
	</object>
	<object>
		<name>b5</name>
		<pose>Unspecified</pose>
		<truncated>0</truncated>
		<difficult>0</difficult>
		<bndbox>
			<xmin>569.792</xmin>
			<ymin>315.776</ymin>
			<xmax>601.792</xmax>
			<ymax>347.776</ymax>
		</bndbox>
	</object>
	<object>
		<name>b2</name>
		<pose>Unspecified</pose>
		<truncated>0</truncated>
		<difficult>0</difficult>
		<bndbox>
			<xmin>500.672</xmin>
			<ymin>298.496</ymin>
			<xmax>532.672</xmax>
			<ymax>330.496</ymax>
		</bndbox>
	</object>
	<object>
		<name>b2</name>
		<pose>Unspecified</pose>
		<truncated>0</truncated>
		<difficult>0</difficult>
		<bndbox>
			<xmin>500.326</xmin>
			<ymin>299.187</ymin>
			<xmax>532.326</xmax>
			<ymax>331.187</ymax>
		</bndbox>
	</object>
	<object>
		<name>b8</name>
		<pose>Unspecified</pose>
		<truncated>0</truncated>
		<difficult>0</difficult>
		<bndbox>
			<xmin>477.517</xmin>
			<ymin>361.395</ymin>
			<xmax>509.517</xmax>
			<ymax>393.395</ymax>
		</bndbox>
	</object>
	<object>
		<name>b8</name>
		<pose>Unspecified</pose>
		<truncated>0</truncated>
		<difficult>0</difficult>
		<bndbox>
			<xmin>456.781</xmin>
			<ymin>392.499</ymin>
			<xmax>488.781</xmax>
			<ymax>424.499</ymax>
		</bndbox>
	</object>
	<object>
		<name>b7</name>
		<pose>Unspecified</pose>
		<truncated>0</truncated>
		<difficult>0</difficult>
		<bndbox>
			<xmin>496.179</xmin>
			<ymin>147.814</ymin>
			<xmax>528.179</xmax>
			<ymax>179.814</ymax>
		</bndbox>
	</object>
	<object>
		<name>b8</name>
		<pose>Unspecified</pose>
		<truncated>0</truncated>
		<difficult>0</difficult>
		<bndbox>
			<xmin>469.223</xmin>
			<ymin>367.201</ymin>
			<xmax>501.223</xmax>
			<ymax>399.201</ymax>
		</bndbox>
	</object>
	<object>
		<name>b6</name>
		<pose>Unspecified</pose>
		<truncated>0</truncated>
		<difficult>0</difficult>
		<bndbox>
			<xmin>512.519</xmin>
			<ymin>151.215</ymin>
			<xmax>544.519</xmax>
			<ymax>183.215</ymax>
		</bndbox>
	</object>
	<object>
		<name>b8</name>
		<pose>Unspecified</pose>
		<truncated>0</truncated>
		<difficult>0</difficult>
		<bndbox>
			<xmin>429</xmin>
			<ymin>229</ymin>
			<xmax>461</xmax>
			<ymax>261</ymax>
		</bndbox>
	</object>
	<object>
		<name>b6</name>
		<pose>Unspecified</pose>
		<truncated>0</truncated>
		<difficult>0</difficult>
		<bndbox>
			<xmin>437.6</xmin>
			<ymin>238.4</ymin>
			<xmax>469.6</xmax>
			<ymax>270.4</ymax>
		</bndbox>
	</object>
	<object>
		<name>b4</name>
		<pose>Unspecified</pose>
		<truncated>0</truncated>
		<difficult>0</difficult>
		<bndbox>
			<xmin>503.6</xmin>
			<ymin>203.6</ymin>
			<xmax>535.6</xmax>
			<ymax>235.6</ymax>
		</bndbox>
	</object>
	<object>
		<name>b8</name>
		<pose>Unspecified</pose>
		<truncated>0</truncated>
		<difficult>0</difficult>
		<bndbox>
			<xmin>54.56</xmin>
			<ymin>86.24</ymin>
			<xmax>86.56</xmax>
			<ymax>118.24</ymax>
		</bndbox>
	</object>
	<object>
		<name>b2</name>
		<pose>Unspecified</pose>
		<truncated>0</truncated>
		<difficult>0</difficult>
		<bndbox>
			<xmin>462.08</xmin>
			<ymin>349.76</ymin>
			<xmax>494.08</xmax>
			<ymax>381.76</ymax>
		</bndbox>
	</object>
	<object>
		<name>b9</name>
		<pose>Unspecified</pose>
		<truncated>0</truncated>
		<difficult>0</difficult>
		<bndbox>
			<xmin>489.44</xmin>
			<ymin>247.52</ymin>
			<xmax>521.44</xmax>
			<ymax>279.52</ymax>
		</bndbox>
	</object>
	<object>
		<name>b6</name>
		<pose>Unspecified</pose>
		<truncated>0</truncated>
		<difficult>0</difficult>
		<bndbox>
			<xmin>469.28</xmin>
			<ymin>358.4</ymin>
			<xmax>501.28</xmax>
			<ymax>390.4</ymax>
		</bndbox>
	</object>
	<object>
		<name>g10</name>
		<pose>Unspecified</pose>
		<truncated>0</truncated>
		<difficult>0</difficult>
		<bndbox>
			<xmin>596</xmin>
			<ymin>488</ymin>
			<xmax>628</xmax>
			<ymax>520</ymax>
		</bndbox>
	</object>
	<object>
		<name>b5</name>
		<pose>Unspecified</pose>
		<truncated>0</truncated>
		<difficult>0</difficult>
		<bndbox>
			<xmin>531.43</xmin>
			<ymin>253.568</ymin>
			<xmax>563.43</xmax>
			<ymax>285.568</ymax>
		</bndbox>
	</object>
	<object>
		<name>b8</name>
		<pose>Unspecified</pose>
		<truncated>0</truncated>
		<difficult>0</difficult>
		<bndbox>
			<xmin>456.781</xmin>
			<ymin>392.499</ymin>
			<xmax>488.781</xmax>
			<ymax>424.499</ymax>
		</bndbox>
	</object>
	<object>
		<name>g4</name>
		<pose>Unspecified</pose>
		<truncated>0</truncated>
		<difficult>0</difficult>
		<bndbox>
			<xmin>322.412</xmin>
			<ymin>720.543</ymin>
			<xmax>354.412</xmax>
			<ymax>752.543</ymax>
		</bndbox>
	</object>
	<object>
		<name>b6</name>
		<pose>Unspecified</pose>
		<truncated>0</truncated>
		<difficult>0</difficult>
		<bndbox>
			<xmin>497.589</xmin>
			<ymin>228.851</ymin>
			<xmax>529.589</xmax>
			<ymax>260.851</ymax>
		</bndbox>
	</object>
	<object>
		<name>b7</name>
		<pose>Unspecified</pose>
		<truncated>0</truncated>
		<difficult>0</difficult>
		<bndbox>
			<xmin>470.716</xmin>
			<ymin>369.192</ymin>
			<xmax>502.716</xmax>
			<ymax>401.192</ymax>
		</bndbox>
	</object>
	<object>
		<name>g4</name>
		<pose>Unspecified</pose>
		<truncated>0</truncated>
		<difficult>0</difficult>
		<bndbox>
			<xmin>320.819</xmin>
			<ymin>729.302</ymin>
			<xmax>352.819</xmax>
			<ymax>761.302</ymax>
		</bndbox>
	</object>
	<object>
		<name>b8</name>
		<pose>Unspecified</pose>
		<truncated>0</truncated>
		<difficult>0</difficult>
		<bndbox>
			<xmin>495</xmin>
			<ymin>368</ymin>
			<xmax>527</xmax>
			<ymax>400</ymax>
		</bndbox>
	</object>
	<object>
		<name>b3</name>
		<pose>Unspecified</pose>
		<truncated>0</truncated>
		<difficult>0</difficult>
		<bndbox>
			<xmin>510.8</xmin>
			<ymin>226.4</ymin>
			<xmax>542.8</xmax>
			<ymax>258.4</ymax>
		</bndbox>
	</object>
	<object>
		<name>g1</name>
		<pose>Unspecified</pose>
		<truncated>0</truncated>
		<difficult>0</difficult>
		<bndbox>
			<xmin>258.8</xmin>
			<ymin>344</ymin>
			<xmax>290.8</xmax>
			<ymax>376</ymax>
		</bndbox>
	</object>
	<object>
		<name>b4</name>
		<pose>Unspecified</pose>
		<truncated>0</truncated>
		<difficult>0</difficult>
		<bndbox>
			<xmin>519.68</xmin>
			<ymin>234.56</ymin>
			<xmax>551.68</xmax>
			<ymax>266.56</ymax>
		</bndbox>
	</object>
	<object>
		<name>b4</name>
		<pose>Unspecified</pose>
		<truncated>0</truncated>
		<difficult>0</difficult>
		<bndbox>
			<xmin>529.76</xmin>
			<ymin>149.6</ymin>
			<xmax>561.76</xmax>
			<ymax>181.6</ymax>
		</bndbox>
	</object>
	<object>
		<name>b4</name>
		<pose>Unspecified</pose>
		<truncated>0</truncated>
		<difficult>0</difficult>
		<bndbox>
			<xmin>611.84</xmin>
			<ymin>318.08</ymin>
			<xmax>643.84</xmax>
			<ymax>350.08</ymax>
		</bndbox>
	</object>
	<object>
		<name>b7</name>
		<pose>Unspecified</pose>
		<truncated>0</truncated>
		<difficult>0</difficult>
		<bndbox>
			<xmin>488.576</xmin>
			<ymin>248.384</ymin>
			<xmax>520.576</xmax>
			<ymax>280.384</ymax>
		</bndbox>
	</object>
	<object>
		<name>b5</name>
		<pose>Unspecified</pose>
		<truncated>0</truncated>
		<difficult>0</difficult>
		<bndbox>
			<xmin>498.944</xmin>
			<ymin>236.288</ymin>
			<xmax>530.944</xmax>
			<ymax>268.288</ymax>
		</bndbox>
	</object>
	<object>
		<name>b6</name>
		<pose>Unspecified</pose>
		<truncated>0</truncated>
		<difficult>0</difficult>
		<bndbox>
			<xmin>44.48</xmin>
			<ymin>79.04</ymin>
			<xmax>76.48</xmax>
			<ymax>111.04</ymax>
		</bndbox>
	</object>
	<object>
		<name>b5</name>
		<pose>Unspecified</pose>
		<truncated>0</truncated>
		<difficult>0</difficult>
		<bndbox>
			<xmin>460.928</xmin>
			<ymin>227.648</ymin>
			<xmax>492.928</xmax>
			<ymax>259.648</ymax>
		</bndbox>
	</object>
	<object>
		<name>b4</name>
		<pose>Unspecified</pose>
		<truncated>0</truncated>
		<difficult>0</difficult>
		<bndbox>
			<xmin>479.59</xmin>
			<ymin>160.256</ymin>
			<xmax>511.59</xmax>
			<ymax>192.256</ymax>
		</bndbox>
	</object>
	<object>
		<name>b4</name>
		<pose>Unspecified</pose>
		<truncated>0</truncated>
		<difficult>0</difficult>
		<bndbox>
			<xmin>496.179</xmin>
			<ymin>147.814</ymin>
			<xmax>528.179</xmax>
			<ymax>179.814</ymax>
		</bndbox>
	</object>
	<object>
		<name>b2</name>
		<pose>Unspecified</pose>
		<truncated>0</truncated>
		<difficult>0</difficult>
		<bndbox>
			<xmin>471.711</xmin>
			<ymin>302.505</ymin>
			<xmax>503.711</xmax>
			<ymax>334.505</ymax>
		</bndbox>
	</object>
	<object>
		<name>b4</name>
		<pose>Unspecified</pose>
		<truncated>0</truncated>
		<difficult>0</difficult>
		<bndbox>
			<xmin>479.176</xmin>
			<ymin>160.671</ymin>
			<xmax>511.176</xmax>
			<ymax>192.671</ymax>
		</bndbox>
	</object>
	<object>
		<name>b8</name>
		<pose>Unspecified</pose>
		<truncated>0</truncated>
		<difficult>0</difficult>
		<bndbox>
			<xmin>428.912</xmin>
			<ymin>243.781</ymin>
			<xmax>460.912</xmax>
			<ymax>275.781</ymax>
		</bndbox>
	</object>
	<object>
		<name>b2</name>
		<pose>Unspecified</pose>
		<truncated>0</truncated>
		<difficult>0</difficult>
		<bndbox>
			<xmin>467.73</xmin>
			<ymin>294.542</ymin>
			<xmax>499.73</xmax>
			<ymax>326.542</ymax>
		</bndbox>
	</object>
	<object>
		<name>b5</name>
		<pose>Unspecified</pose>
		<truncated>0</truncated>
		<difficult>0</difficult>
		<bndbox>
			<xmin>510.728</xmin>
			<ymin>148.826</ymin>
			<xmax>542.728</xmax>
			<ymax>180.826</ymax>
		</bndbox>
	</object>
</annotation>
