<annotation>
	<folder>VOC2007</folder>
	<filename>000070.jpg</filename>
	<source>
		<database>My Database</database>
		<annotation>VOC2007</annotation>
		<image>flickr</image>
		<flickrid>NULL</flickrid>
	</source>
	<owner>
		<flickrid>NULL</flickrid>
		<name>shaochunyan</name>
	</owner>
	<size>
		<width>720</width>
		<height>1280</height>
		<depth>3</depth>
	</size>
	<segmented>0</segmented>
	<object>
		<name>b7</name>
		<pose>Unspecified</pose>
		<truncated>0</truncated>
		<difficult>0</difficult>
		<bndbox>
			<xmin>289</xmin>
			<ymin>335</ymin>
			<xmax>321</xmax>
			<ymax>367</ymax>
		</bndbox>
	</object>
	<object>
		<name>b9</name>
		<pose>Unspecified</pose>
		<truncated>0</truncated>
		<difficult>0</difficult>
		<bndbox>
			<xmin>237</xmin>
			<ymin>336</ymin>
			<xmax>269</xmax>
			<ymax>368</ymax>
		</bndbox>
	</object>
	<object>
		<name>b8</name>
		<pose>Unspecified</pose>
		<truncated>0</truncated>
		<difficult>0</difficult>
		<bndbox>
			<xmin>191</xmin>
			<ymin>292</ymin>
			<xmax>223</xmax>
			<ymax>324</ymax>
		</bndbox>
	</object>
	<object>
		<name>b6</name>
		<pose>Unspecified</pose>
		<truncated>0</truncated>
		<difficult>0</difficult>
		<bndbox>
			<xmin>333</xmin>
			<ymin>417</ymin>
			<xmax>365</xmax>
			<ymax>449</ymax>
		</bndbox>
	</object>
	<object>
		<name>b8</name>
		<pose>Unspecified</pose>
		<truncated>0</truncated>
		<difficult>0</difficult>
		<bndbox>
			<xmin>281.6</xmin>
			<ymin>334.4</ymin>
			<xmax>313.6</xmax>
			<ymax>366.4</ymax>
		</bndbox>
	</object>
	<object>
		<name>b4</name>
		<pose>Unspecified</pose>
		<truncated>0</truncated>
		<difficult>0</difficult>
		<bndbox>
			<xmin>260.48</xmin>
			<ymin>246.08</ymin>
			<xmax>292.48</xmax>
			<ymax>278.08</ymax>
		</bndbox>
	</object>
	<object>
		<name>b9</name>
		<pose>Unspecified</pose>
		<truncated>0</truncated>
		<difficult>0</difficult>
		<bndbox>
			<xmin>260.48</xmin>
			<ymin>99.2</ymin>
			<xmax>292.48</xmax>
			<ymax>131.2</ymax>
		</bndbox>
	</object>
	<object>
		<name>b8</name>
		<pose>Unspecified</pose>
		<truncated>0</truncated>
		<difficult>0</difficult>
		<bndbox>
			<xmin>74.72</xmin>
			<ymin>218.72</ymin>
			<xmax>106.72</xmax>
			<ymax>250.72</ymax>
		</bndbox>
	</object>
	<object>
		<name>b2</name>
		<pose>Unspecified</pose>
		<truncated>0</truncated>
		<difficult>0</difficult>
		<bndbox>
			<xmin>73.28</xmin>
			<ymin>238.88</ymin>
			<xmax>105.28</xmax>
			<ymax>270.88</ymax>
		</bndbox>
	</object>
	<object>
		<name>b8</name>
		<pose>Unspecified</pose>
		<truncated>0</truncated>
		<difficult>0</difficult>
		<bndbox>
			<xmin>290.72</xmin>
			<ymin>316.64</ymin>
			<xmax>322.72</xmax>
			<ymax>348.64</ymax>
		</bndbox>
	</object>
	<object>
		<name>b5</name>
		<pose>Unspecified</pose>
		<truncated>0</truncated>
		<difficult>0</difficult>
		<bndbox>
			<xmin>164</xmin>
			<ymin>109.28</ymin>
			<xmax>196</xmax>
			<ymax>141.28</ymax>
		</bndbox>
	</object>
	<object>
		<name>b5</name>
		<pose>Unspecified</pose>
		<truncated>0</truncated>
		<difficult>0</difficult>
		<bndbox>
			<xmin>73.856</xmin>
			<ymin>236.288</ymin>
			<xmax>105.856</xmax>
			<ymax>268.288</ymax>
		</bndbox>
	</object>
	<object>
		<name>b8</name>
		<pose>Unspecified</pose>
		<truncated>0</truncated>
		<difficult>0</difficult>
		<bndbox>
			<xmin>277.76</xmin>
			<ymin>334.784</ymin>
			<xmax>309.76</xmax>
			<ymax>366.784</ymax>
		</bndbox>
	</object>
	<object>
		<name>b9</name>
		<pose>Unspecified</pose>
		<truncated>0</truncated>
		<difficult>0</difficult>
		<bndbox>
			<xmin>156.8</xmin>
			<ymin>320.96</ymin>
			<xmax>188.8</xmax>
			<ymax>352.96</ymax>
		</bndbox>
	</object>
	<object>
		<name>b9</name>
		<pose>Unspecified</pose>
		<truncated>0</truncated>
		<difficult>0</difficult>
		<bndbox>
			<xmin>239.053</xmin>
			<ymin>328.218</ymin>
			<xmax>271.053</xmax>
			<ymax>360.218</ymax>
		</bndbox>
	</object>
	<object>
		<name>b5</name>
		<pose>Unspecified</pose>
		<truncated>0</truncated>
		<difficult>0</difficult>
		<bndbox>
			<xmin>62.7968</xmin>
			<ymin>282.598</ymin>
			<xmax>94.7968</xmax>
			<ymax>314.598</ymax>
		</bndbox>
	</object>
	<object>
		<name>b8</name>
		<pose>Unspecified</pose>
		<truncated>0</truncated>
		<difficult>0</difficult>
		<bndbox>
			<xmin>500.326</xmin>
			<ymin>693.171</ymin>
			<xmax>532.326</xmax>
			<ymax>725.171</ymax>
		</bndbox>
	</object>
	<object>
		<name>b9</name>
		<pose>Unspecified</pose>
		<truncated>0</truncated>
		<difficult>0</difficult>
		<bndbox>
			<xmin>201.728</xmin>
			<ymin>193.434</ymin>
			<xmax>233.728</xmax>
			<ymax>225.434</ymax>
		</bndbox>
	</object>
	<object>
		<name>b4</name>
		<pose>Unspecified</pose>
		<truncated>0</truncated>
		<difficult>0</difficult>
		<bndbox>
			<xmin>583.685</xmin>
			<ymin>700.636</ymin>
			<xmax>615.685</xmax>
			<ymax>732.636</ymax>
		</bndbox>
	</object>
	<object>
		<name>b4</name>
		<pose>Unspecified</pose>
		<truncated>0</truncated>
		<difficult>0</difficult>
		<bndbox>
			<xmin>348.29</xmin>
			<ymin>345.304</ymin>
			<xmax>380.29</xmax>
			<ymax>377.304</ymax>
		</bndbox>
	</object>
	<object>
		<name>g10</name>
		<pose>Unspecified</pose>
		<truncated>0</truncated>
		<difficult>0</difficult>
		<bndbox>
			<xmin>360.234</xmin>
			<ymin>623.001</ymin>
			<xmax>392.234</xmax>
			<ymax>655.001</ymax>
		</bndbox>
	</object>
	<object>
		<name>b7</name>
		<pose>Unspecified</pose>
		<truncated>0</truncated>
		<difficult>0</difficult>
		<bndbox>
			<xmin>289</xmin>
			<ymin>335</ymin>
			<xmax>321</xmax>
			<ymax>367</ymax>
		</bndbox>
	</object>
	<object>
		<name>b9</name>
		<pose>Unspecified</pose>
		<truncated>0</truncated>
		<difficult>0</difficult>
		<bndbox>
			<xmin>237</xmin>
			<ymin>336</ymin>
			<xmax>269</xmax>
			<ymax>368</ymax>
		</bndbox>
	</object>
	<object>
		<name>b8</name>
		<pose>Unspecified</pose>
		<truncated>0</truncated>
		<difficult>0</difficult>
		<bndbox>
			<xmin>191</xmin>
			<ymin>292</ymin>
			<xmax>223</xmax>
			<ymax>324</ymax>
		</bndbox>
	</object>
	<object>
		<name>b6</name>
		<pose>Unspecified</pose>
		<truncated>0</truncated>
		<difficult>0</difficult>
		<bndbox>
			<xmin>333</xmin>
			<ymin>417</ymin>
			<xmax>365</xmax>
			<ymax>449</ymax>
		</bndbox>
	</object>
	<object>
		<name>b8</name>
		<pose>Unspecified</pose>
		<truncated>0</truncated>
		<difficult>0</difficult>
		<bndbox>
			<xmin>281.6</xmin>
			<ymin>334.4</ymin>
			<xmax>313.6</xmax>
			<ymax>366.4</ymax>
		</bndbox>
	</object>
	<object>
		<name>b4</name>
		<pose>Unspecified</pose>
		<truncated>0</truncated>
		<difficult>0</difficult>
		<bndbox>
			<xmin>260.48</xmin>
			<ymin>246.08</ymin>
			<xmax>292.48</xmax>
			<ymax>278.08</ymax>
		</bndbox>
	</object>
	<object>
		<name>b9</name>
		<pose>Unspecified</pose>
		<truncated>0</truncated>
		<difficult>0</difficult>
		<bndbox>
			<xmin>260.48</xmin>
			<ymin>99.2</ymin>
			<xmax>292.48</xmax>
			<ymax>131.2</ymax>
		</bndbox>
	</object>
	<object>
		<name>b8</name>
		<pose>Unspecified</pose>
		<truncated>0</truncated>
		<difficult>0</difficult>
		<bndbox>
			<xmin>74.72</xmin>
			<ymin>218.72</ymin>
			<xmax>106.72</xmax>
			<ymax>250.72</ymax>
		</bndbox>
	</object>
	<object>
		<name>b2</name>
		<pose>Unspecified</pose>
		<truncated>0</truncated>
		<difficult>0</difficult>
		<bndbox>
			<xmin>73.28</xmin>
			<ymin>238.88</ymin>
			<xmax>105.28</xmax>
			<ymax>270.88</ymax>
		</bndbox>
	</object>
	<object>
		<name>b8</name>
		<pose>Unspecified</pose>
		<truncated>0</truncated>
		<difficult>0</difficult>
		<bndbox>
			<xmin>290.72</xmin>
			<ymin>316.64</ymin>
			<xmax>322.72</xmax>
			<ymax>348.64</ymax>
		</bndbox>
	</object>
	<object>
		<name>b5</name>
		<pose>Unspecified</pose>
		<truncated>0</truncated>
		<difficult>0</difficult>
		<bndbox>
			<xmin>164</xmin>
			<ymin>109.28</ymin>
			<xmax>196</xmax>
			<ymax>141.28</ymax>
		</bndbox>
	</object>
	<object>
		<name>b5</name>
		<pose>Unspecified</pose>
		<truncated>0</truncated>
		<difficult>0</difficult>
		<bndbox>
			<xmin>73.856</xmin>
			<ymin>236.288</ymin>
			<xmax>105.856</xmax>
			<ymax>268.288</ymax>
		</bndbox>
	</object>
	<object>
		<name>b8</name>
		<pose>Unspecified</pose>
		<truncated>0</truncated>
		<difficult>0</difficult>
		<bndbox>
			<xmin>277.76</xmin>
			<ymin>334.784</ymin>
			<xmax>309.76</xmax>
			<ymax>366.784</ymax>
		</bndbox>
	</object>
	<object>
		<name>b9</name>
		<pose>Unspecified</pose>
		<truncated>0</truncated>
		<difficult>0</difficult>
		<bndbox>
			<xmin>156.8</xmin>
			<ymin>320.96</ymin>
			<xmax>188.8</xmax>
			<ymax>352.96</ymax>
		</bndbox>
	</object>
	<object>
		<name>b9</name>
		<pose>Unspecified</pose>
		<truncated>0</truncated>
		<difficult>0</difficult>
		<bndbox>
			<xmin>239.053</xmin>
			<ymin>328.218</ymin>
			<xmax>271.053</xmax>
			<ymax>360.218</ymax>
		</bndbox>
	</object>
	<object>
		<name>b5</name>
		<pose>Unspecified</pose>
		<truncated>0</truncated>
		<difficult>0</difficult>
		<bndbox>
			<xmin>62.7968</xmin>
			<ymin>282.598</ymin>
			<xmax>94.7968</xmax>
			<ymax>314.598</ymax>
		</bndbox>
	</object>
	<object>
		<name>b8</name>
		<pose>Unspecified</pose>
		<truncated>0</truncated>
		<difficult>0</difficult>
		<bndbox>
			<xmin>500.326</xmin>
			<ymin>693.171</ymin>
			<xmax>532.326</xmax>
			<ymax>725.171</ymax>
		</bndbox>
	</object>
	<object>
		<name>b9</name>
		<pose>Unspecified</pose>
		<truncated>0</truncated>
		<difficult>0</difficult>
		<bndbox>
			<xmin>201.728</xmin>
			<ymin>193.434</ymin>
			<xmax>233.728</xmax>
			<ymax>225.434</ymax>
		</bndbox>
	</object>
	<object>
		<name>b4</name>
		<pose>Unspecified</pose>
		<truncated>0</truncated>
		<difficult>0</difficult>
		<bndbox>
			<xmin>583.685</xmin>
			<ymin>700.636</ymin>
			<xmax>615.685</xmax>
			<ymax>732.636</ymax>
		</bndbox>
	</object>
	<object>
		<name>b4</name>
		<pose>Unspecified</pose>
		<truncated>0</truncated>
		<difficult>0</difficult>
		<bndbox>
			<xmin>348.29</xmin>
			<ymin>345.304</ymin>
			<xmax>380.29</xmax>
			<ymax>377.304</ymax>
		</bndbox>
	</object>
	<object>
		<name>g10</name>
		<pose>Unspecified</pose>
		<truncated>0</truncated>
		<difficult>0</difficult>
		<bndbox>
			<xmin>360.234</xmin>
			<ymin>623.001</ymin>
			<xmax>392.234</xmax>
			<ymax>655.001</ymax>
		</bndbox>
	</object>
	<object>
		<name>b7</name>
		<pose>Unspecified</pose>
		<truncated>0</truncated>
		<difficult>0</difficult>
		<bndbox>
			<xmin>289</xmin>
			<ymin>335</ymin>
			<xmax>321</xmax>
			<ymax>367</ymax>
		</bndbox>
	</object>
	<object>
		<name>b9</name>
		<pose>Unspecified</pose>
		<truncated>0</truncated>
		<difficult>0</difficult>
		<bndbox>
			<xmin>237</xmin>
			<ymin>336</ymin>
			<xmax>269</xmax>
			<ymax>368</ymax>
		</bndbox>
	</object>
	<object>
		<name>b8</name>
		<pose>Unspecified</pose>
		<truncated>0</truncated>
		<difficult>0</difficult>
		<bndbox>
			<xmin>191</xmin>
			<ymin>292</ymin>
			<xmax>223</xmax>
			<ymax>324</ymax>
		</bndbox>
	</object>
	<object>
		<name>b6</name>
		<pose>Unspecified</pose>
		<truncated>0</truncated>
		<difficult>0</difficult>
		<bndbox>
			<xmin>333</xmin>
			<ymin>417</ymin>
			<xmax>365</xmax>
			<ymax>449</ymax>
		</bndbox>
	</object>
	<object>
		<name>b8</name>
		<pose>Unspecified</pose>
		<truncated>0</truncated>
		<difficult>0</difficult>
		<bndbox>
			<xmin>281.6</xmin>
			<ymin>334.4</ymin>
			<xmax>313.6</xmax>
			<ymax>366.4</ymax>
		</bndbox>
	</object>
	<object>
		<name>b4</name>
		<pose>Unspecified</pose>
		<truncated>0</truncated>
		<difficult>0</difficult>
		<bndbox>
			<xmin>260.48</xmin>
			<ymin>246.08</ymin>
			<xmax>292.48</xmax>
			<ymax>278.08</ymax>
		</bndbox>
	</object>
	<object>
		<name>b9</name>
		<pose>Unspecified</pose>
		<truncated>0</truncated>
		<difficult>0</difficult>
		<bndbox>
			<xmin>260.48</xmin>
			<ymin>99.2</ymin>
			<xmax>292.48</xmax>
			<ymax>131.2</ymax>
		</bndbox>
	</object>
	<object>
		<name>b8</name>
		<pose>Unspecified</pose>
		<truncated>0</truncated>
		<difficult>0</difficult>
		<bndbox>
			<xmin>74.72</xmin>
			<ymin>218.72</ymin>
			<xmax>106.72</xmax>
			<ymax>250.72</ymax>
		</bndbox>
	</object>
	<object>
		<name>b2</name>
		<pose>Unspecified</pose>
		<truncated>0</truncated>
		<difficult>0</difficult>
		<bndbox>
			<xmin>73.28</xmin>
			<ymin>238.88</ymin>
			<xmax>105.28</xmax>
			<ymax>270.88</ymax>
		</bndbox>
	</object>
	<object>
		<name>b8</name>
		<pose>Unspecified</pose>
		<truncated>0</truncated>
		<difficult>0</difficult>
		<bndbox>
			<xmin>290.72</xmin>
			<ymin>316.64</ymin>
			<xmax>322.72</xmax>
			<ymax>348.64</ymax>
		</bndbox>
	</object>
	<object>
		<name>b5</name>
		<pose>Unspecified</pose>
		<truncated>0</truncated>
		<difficult>0</difficult>
		<bndbox>
			<xmin>164</xmin>
			<ymin>109.28</ymin>
			<xmax>196</xmax>
			<ymax>141.28</ymax>
		</bndbox>
	</object>
	<object>
		<name>b5</name>
		<pose>Unspecified</pose>
		<truncated>0</truncated>
		<difficult>0</difficult>
		<bndbox>
			<xmin>73.856</xmin>
			<ymin>236.288</ymin>
			<xmax>105.856</xmax>
			<ymax>268.288</ymax>
		</bndbox>
	</object>
	<object>
		<name>b8</name>
		<pose>Unspecified</pose>
		<truncated>0</truncated>
		<difficult>0</difficult>
		<bndbox>
			<xmin>277.76</xmin>
			<ymin>334.784</ymin>
			<xmax>309.76</xmax>
			<ymax>366.784</ymax>
		</bndbox>
	</object>
	<object>
		<name>b9</name>
		<pose>Unspecified</pose>
		<truncated>0</truncated>
		<difficult>0</difficult>
		<bndbox>
			<xmin>156.8</xmin>
			<ymin>320.96</ymin>
			<xmax>188.8</xmax>
			<ymax>352.96</ymax>
		</bndbox>
	</object>
	<object>
		<name>b9</name>
		<pose>Unspecified</pose>
		<truncated>0</truncated>
		<difficult>0</difficult>
		<bndbox>
			<xmin>239.053</xmin>
			<ymin>328.218</ymin>
			<xmax>271.053</xmax>
			<ymax>360.218</ymax>
		</bndbox>
	</object>
	<object>
		<name>b5</name>
		<pose>Unspecified</pose>
		<truncated>0</truncated>
		<difficult>0</difficult>
		<bndbox>
			<xmin>62.7968</xmin>
			<ymin>282.598</ymin>
			<xmax>94.7968</xmax>
			<ymax>314.598</ymax>
		</bndbox>
	</object>
	<object>
		<name>b8</name>
		<pose>Unspecified</pose>
		<truncated>0</truncated>
		<difficult>0</difficult>
		<bndbox>
			<xmin>500.326</xmin>
			<ymin>693.171</ymin>
			<xmax>532.326</xmax>
			<ymax>725.171</ymax>
		</bndbox>
	</object>
	<object>
		<name>b9</name>
		<pose>Unspecified</pose>
		<truncated>0</truncated>
		<difficult>0</difficult>
		<bndbox>
			<xmin>201.728</xmin>
			<ymin>193.434</ymin>
			<xmax>233.728</xmax>
			<ymax>225.434</ymax>
		</bndbox>
	</object>
	<object>
		<name>b4</name>
		<pose>Unspecified</pose>
		<truncated>0</truncated>
		<difficult>0</difficult>
		<bndbox>
			<xmin>583.685</xmin>
			<ymin>700.636</ymin>
			<xmax>615.685</xmax>
			<ymax>732.636</ymax>
		</bndbox>
	</object>
	<object>
		<name>b4</name>
		<pose>Unspecified</pose>
		<truncated>0</truncated>
		<difficult>0</difficult>
		<bndbox>
			<xmin>348.29</xmin>
			<ymin>345.304</ymin>
			<xmax>380.29</xmax>
			<ymax>377.304</ymax>
		</bndbox>
	</object>
	<object>
		<name>g10</name>
		<pose>Unspecified</pose>
		<truncated>0</truncated>
		<difficult>0</difficult>
		<bndbox>
			<xmin>360.234</xmin>
			<ymin>623.001</ymin>
			<xmax>392.234</xmax>
			<ymax>655.001</ymax>
		</bndbox>
	</object>
</annotation>
