<annotation>
	<folder>VOC2007</folder>
	<filename>000004.jpg</filename>
	<source>
		<database>My Database</database>
		<annotation>VOC2007</annotation>
		<image>flickr</image>
		<flickrid>NULL</flickrid>
	</source>
	<owner>
		<flickrid>NULL</flickrid>
		<name>shaochunyan</name>
	</owner>
	<size>
		<width>720</width>
		<height>1280</height>
		<depth>3</depth>
	</size>
	<segmented>0</segmented>
	<object>
		<name>b10</name>
		<pose>Unspecified</pose>
		<truncated>0</truncated>
		<difficult>0</difficult>
		<bndbox>
			<xmin>550</xmin>
			<ymin>371</ymin>
			<xmax>582</xmax>
			<ymax>403</ymax>
		</bndbox>
	</object>
	<object>
		<name>b9</name>
		<pose>Unspecified</pose>
		<truncated>0</truncated>
		<difficult>0</difficult>
		<bndbox>
			<xmin>660</xmin>
			<ymin>345</ymin>
			<xmax>692</xmax>
			<ymax>377</ymax>
		</bndbox>
	</object>
	<object>
		<name>b8</name>
		<pose>Unspecified</pose>
		<truncated>0</truncated>
		<difficult>0</difficult>
		<bndbox>
			<xmin>572</xmin>
			<ymin>388</ymin>
			<xmax>604</xmax>
			<ymax>420</ymax>
		</bndbox>
	</object>
	<object>
		<name>b9</name>
		<pose>Unspecified</pose>
		<truncated>0</truncated>
		<difficult>0</difficult>
		<bndbox>
			<xmin>591</xmin>
			<ymin>385</ymin>
			<xmax>623</xmax>
			<ymax>417</ymax>
		</bndbox>
	</object>
	<object>
		<name>b5</name>
		<pose>Unspecified</pose>
		<truncated>0</truncated>
		<difficult>0</difficult>
		<bndbox>
			<xmin>625</xmin>
			<ymin>293</ymin>
			<xmax>657</xmax>
			<ymax>325</ymax>
		</bndbox>
	</object>
	<object>
		<name>b9</name>
		<pose>Unspecified</pose>
		<truncated>0</truncated>
		<difficult>0</difficult>
		<bndbox>
			<xmin>450.8</xmin>
			<ymin>353.6</ymin>
			<xmax>482.8</xmax>
			<ymax>385.6</ymax>
		</bndbox>
	</object>
	<object>
		<name>b9</name>
		<pose>Unspecified</pose>
		<truncated>0</truncated>
		<difficult>0</difficult>
		<bndbox>
			<xmin>634.4</xmin>
			<ymin>393.2</ymin>
			<xmax>666.4</xmax>
			<ymax>425.2</ymax>
		</bndbox>
	</object>
	<object>
		<name>b9</name>
		<pose>Unspecified</pose>
		<truncated>0</truncated>
		<difficult>0</difficult>
		<bndbox>
			<xmin>636.8</xmin>
			<ymin>345.2</ymin>
			<xmax>668.8</xmax>
			<ymax>377.2</ymax>
		</bndbox>
	</object>
	<object>
		<name>b6</name>
		<pose>Unspecified</pose>
		<truncated>0</truncated>
		<difficult>0</difficult>
		<bndbox>
			<xmin>628.4</xmin>
			<ymin>290</ymin>
			<xmax>660.4</xmax>
			<ymax>322</ymax>
		</bndbox>
	</object>
	<object>
		<name>b9</name>
		<pose>Unspecified</pose>
		<truncated>0</truncated>
		<difficult>0</difficult>
		<bndbox>
			<xmin>612.8</xmin>
			<ymin>359.6</ymin>
			<xmax>644.8</xmax>
			<ymax>391.6</ymax>
		</bndbox>
	</object>
	<object>
		<name>b7</name>
		<pose>Unspecified</pose>
		<truncated>0</truncated>
		<difficult>0</difficult>
		<bndbox>
			<xmin>77.6</xmin>
			<ymin>331.04</ymin>
			<xmax>109.6</xmax>
			<ymax>363.04</ymax>
		</bndbox>
	</object>
	<object>
		<name>b10</name>
		<pose>Unspecified</pose>
		<truncated>0</truncated>
		<difficult>0</difficult>
		<bndbox>
			<xmin>652.16</xmin>
			<ymin>362.72</ymin>
			<xmax>684.16</xmax>
			<ymax>394.72</ymax>
		</bndbox>
	</object>
	<object>
		<name>b10</name>
		<pose>Unspecified</pose>
		<truncated>0</truncated>
		<difficult>0</difficult>
		<bndbox>
			<xmin>477.92</xmin>
			<ymin>385.76</ymin>
			<xmax>509.92</xmax>
			<ymax>417.76</ymax>
		</bndbox>
	</object>
	<object>
		<name>b7</name>
		<pose>Unspecified</pose>
		<truncated>0</truncated>
		<difficult>0</difficult>
		<bndbox>
			<xmin>70.4</xmin>
			<ymin>331.328</ymin>
			<xmax>102.4</xmax>
			<ymax>363.328</ymax>
		</bndbox>
	</object>
	<object>
		<name>b9</name>
		<pose>Unspecified</pose>
		<truncated>0</truncated>
		<difficult>0</difficult>
		<bndbox>
			<xmin>102.195</xmin>
			<ymin>336.512</ymin>
			<xmax>134.195</xmax>
			<ymax>368.512</ymax>
		</bndbox>
	</object>
	<object>
		<name>b10</name>
		<pose>Unspecified</pose>
		<truncated>0</truncated>
		<difficult>0</difficult>
		<bndbox>
			<xmin>467.149</xmin>
			<ymin>369.69</ymin>
			<xmax>499.149</xmax>
			<ymax>401.69</ymax>
		</bndbox>
	</object>
	<object>
		<name>b7</name>
		<pose>Unspecified</pose>
		<truncated>0</truncated>
		<difficult>0</difficult>
		<bndbox>
			<xmin>69.0176</xmin>
			<ymin>330.291</ymin>
			<xmax>101.018</xmax>
			<ymax>362.291</ymax>
		</bndbox>
	</object>
	<object>
		<name>b9</name>
		<pose>Unspecified</pose>
		<truncated>0</truncated>
		<difficult>0</difficult>
		<bndbox>
			<xmin>163.159</xmin>
			<ymin>359.736</ymin>
			<xmax>195.159</xmax>
			<ymax>391.736</ymax>
		</bndbox>
	</object>
	<object>
		<name>b7</name>
		<pose>Unspecified</pose>
		<truncated>0</truncated>
		<difficult>0</difficult>
		<bndbox>
			<xmin>553.825</xmin>
			<ymin>307.482</ymin>
			<xmax>585.825</xmax>
			<ymax>339.482</ymax>
		</bndbox>
	</object>
	<object>
		<name>b7</name>
		<pose>Unspecified</pose>
		<truncated>0</truncated>
		<difficult>0</difficult>
		<bndbox>
			<xmin>73.5795</xmin>
			<ymin>329.877</ymin>
			<xmax>105.58</xmax>
			<ymax>361.877</ymax>
		</bndbox>
	</object>
	<object>
		<name>b9</name>
		<pose>Unspecified</pose>
		<truncated>0</truncated>
		<difficult>0</difficult>
		<bndbox>
			<xmin>543.872</xmin>
			<ymin>344.806</ymin>
			<xmax>575.872</xmax>
			<ymax>376.806</ymax>
		</bndbox>
	</object>
	<object>
		<name>b9</name>
		<pose>Unspecified</pose>
		<truncated>0</truncated>
		<difficult>0</difficult>
		<bndbox>
			<xmin>542.379</xmin>
			<ymin>336.346</ymin>
			<xmax>574.379</xmax>
			<ymax>368.346</ymax>
		</bndbox>
	</object>
	<object>
		<name>b9</name>
		<pose>Unspecified</pose>
		<truncated>0</truncated>
		<difficult>0</difficult>
		<bndbox>
			<xmin>437.87</xmin>
			<ymin>327.388</ymin>
			<xmax>469.87</xmax>
			<ymax>359.388</ymax>
		</bndbox>
	</object>
	<object>
		<name>b9</name>
		<pose>Unspecified</pose>
		<truncated>0</truncated>
		<difficult>0</difficult>
		<bndbox>
			<xmin>524.463</xmin>
			<ymin>399.052</ymin>
			<xmax>556.463</xmax>
			<ymax>431.052</ymax>
		</bndbox>
	</object>
	<object>
		<name>b9</name>
		<pose>Unspecified</pose>
		<truncated>0</truncated>
		<difficult>0</difficult>
		<bndbox>
			<xmin>593.141</xmin>
			<ymin>285.584</ymin>
			<xmax>625.141</xmax>
			<ymax>317.584</ymax>
		</bndbox>
	</object>
	<object>
		<name>b8</name>
		<pose>Unspecified</pose>
		<truncated>0</truncated>
		<difficult>0</difficult>
		<bndbox>
			<xmin>569.253</xmin>
			<ymin>396.066</ymin>
			<xmax>601.253</xmax>
			<ymax>428.066</ymax>
		</bndbox>
	</object>
	<object>
		<name>b7</name>
		<pose>Unspecified</pose>
		<truncated>0</truncated>
		<difficult>0</difficult>
		<bndbox>
			<xmin>553.726</xmin>
			<ymin>306.486</ymin>
			<xmax>585.726</xmax>
			<ymax>338.486</ymax>
		</bndbox>
	</object>
	<object>
		<name>b10</name>
		<pose>Unspecified</pose>
		<truncated>0</truncated>
		<difficult>0</difficult>
		<bndbox>
			<xmin>550</xmin>
			<ymin>371</ymin>
			<xmax>582</xmax>
			<ymax>403</ymax>
		</bndbox>
	</object>
	<object>
		<name>b9</name>
		<pose>Unspecified</pose>
		<truncated>0</truncated>
		<difficult>0</difficult>
		<bndbox>
			<xmin>660</xmin>
			<ymin>345</ymin>
			<xmax>692</xmax>
			<ymax>377</ymax>
		</bndbox>
	</object>
	<object>
		<name>b8</name>
		<pose>Unspecified</pose>
		<truncated>0</truncated>
		<difficult>0</difficult>
		<bndbox>
			<xmin>572</xmin>
			<ymin>388</ymin>
			<xmax>604</xmax>
			<ymax>420</ymax>
		</bndbox>
	</object>
	<object>
		<name>b9</name>
		<pose>Unspecified</pose>
		<truncated>0</truncated>
		<difficult>0</difficult>
		<bndbox>
			<xmin>591</xmin>
			<ymin>385</ymin>
			<xmax>623</xmax>
			<ymax>417</ymax>
		</bndbox>
	</object>
	<object>
		<name>b5</name>
		<pose>Unspecified</pose>
		<truncated>0</truncated>
		<difficult>0</difficult>
		<bndbox>
			<xmin>625</xmin>
			<ymin>293</ymin>
			<xmax>657</xmax>
			<ymax>325</ymax>
		</bndbox>
	</object>
	<object>
		<name>b9</name>
		<pose>Unspecified</pose>
		<truncated>0</truncated>
		<difficult>0</difficult>
		<bndbox>
			<xmin>450.8</xmin>
			<ymin>353.6</ymin>
			<xmax>482.8</xmax>
			<ymax>385.6</ymax>
		</bndbox>
	</object>
	<object>
		<name>b9</name>
		<pose>Unspecified</pose>
		<truncated>0</truncated>
		<difficult>0</difficult>
		<bndbox>
			<xmin>634.4</xmin>
			<ymin>393.2</ymin>
			<xmax>666.4</xmax>
			<ymax>425.2</ymax>
		</bndbox>
	</object>
	<object>
		<name>b9</name>
		<pose>Unspecified</pose>
		<truncated>0</truncated>
		<difficult>0</difficult>
		<bndbox>
			<xmin>636.8</xmin>
			<ymin>345.2</ymin>
			<xmax>668.8</xmax>
			<ymax>377.2</ymax>
		</bndbox>
	</object>
	<object>
		<name>b6</name>
		<pose>Unspecified</pose>
		<truncated>0</truncated>
		<difficult>0</difficult>
		<bndbox>
			<xmin>628.4</xmin>
			<ymin>290</ymin>
			<xmax>660.4</xmax>
			<ymax>322</ymax>
		</bndbox>
	</object>
	<object>
		<name>b9</name>
		<pose>Unspecified</pose>
		<truncated>0</truncated>
		<difficult>0</difficult>
		<bndbox>
			<xmin>612.8</xmin>
			<ymin>359.6</ymin>
			<xmax>644.8</xmax>
			<ymax>391.6</ymax>
		</bndbox>
	</object>
	<object>
		<name>b7</name>
		<pose>Unspecified</pose>
		<truncated>0</truncated>
		<difficult>0</difficult>
		<bndbox>
			<xmin>77.6</xmin>
			<ymin>331.04</ymin>
			<xmax>109.6</xmax>
			<ymax>363.04</ymax>
		</bndbox>
	</object>
	<object>
		<name>b10</name>
		<pose>Unspecified</pose>
		<truncated>0</truncated>
		<difficult>0</difficult>
		<bndbox>
			<xmin>652.16</xmin>
			<ymin>362.72</ymin>
			<xmax>684.16</xmax>
			<ymax>394.72</ymax>
		</bndbox>
	</object>
	<object>
		<name>b10</name>
		<pose>Unspecified</pose>
		<truncated>0</truncated>
		<difficult>0</difficult>
		<bndbox>
			<xmin>477.92</xmin>
			<ymin>385.76</ymin>
			<xmax>509.92</xmax>
			<ymax>417.76</ymax>
		</bndbox>
	</object>
	<object>
		<name>b7</name>
		<pose>Unspecified</pose>
		<truncated>0</truncated>
		<difficult>0</difficult>
		<bndbox>
			<xmin>70.4</xmin>
			<ymin>331.328</ymin>
			<xmax>102.4</xmax>
			<ymax>363.328</ymax>
		</bndbox>
	</object>
	<object>
		<name>b9</name>
		<pose>Unspecified</pose>
		<truncated>0</truncated>
		<difficult>0</difficult>
		<bndbox>
			<xmin>102.195</xmin>
			<ymin>336.512</ymin>
			<xmax>134.195</xmax>
			<ymax>368.512</ymax>
		</bndbox>
	</object>
	<object>
		<name>b10</name>
		<pose>Unspecified</pose>
		<truncated>0</truncated>
		<difficult>0</difficult>
		<bndbox>
			<xmin>467.149</xmin>
			<ymin>369.69</ymin>
			<xmax>499.149</xmax>
			<ymax>401.69</ymax>
		</bndbox>
	</object>
	<object>
		<name>b7</name>
		<pose>Unspecified</pose>
		<truncated>0</truncated>
		<difficult>0</difficult>
		<bndbox>
			<xmin>69.0176</xmin>
			<ymin>330.291</ymin>
			<xmax>101.018</xmax>
			<ymax>362.291</ymax>
		</bndbox>
	</object>
	<object>
		<name>b9</name>
		<pose>Unspecified</pose>
		<truncated>0</truncated>
		<difficult>0</difficult>
		<bndbox>
			<xmin>163.159</xmin>
			<ymin>359.736</ymin>
			<xmax>195.159</xmax>
			<ymax>391.736</ymax>
		</bndbox>
	</object>
	<object>
		<name>b7</name>
		<pose>Unspecified</pose>
		<truncated>0</truncated>
		<difficult>0</difficult>
		<bndbox>
			<xmin>553.825</xmin>
			<ymin>307.482</ymin>
			<xmax>585.825</xmax>
			<ymax>339.482</ymax>
		</bndbox>
	</object>
	<object>
		<name>b7</name>
		<pose>Unspecified</pose>
		<truncated>0</truncated>
		<difficult>0</difficult>
		<bndbox>
			<xmin>73.5795</xmin>
			<ymin>329.877</ymin>
			<xmax>105.58</xmax>
			<ymax>361.877</ymax>
		</bndbox>
	</object>
	<object>
		<name>b9</name>
		<pose>Unspecified</pose>
		<truncated>0</truncated>
		<difficult>0</difficult>
		<bndbox>
			<xmin>543.872</xmin>
			<ymin>344.806</ymin>
			<xmax>575.872</xmax>
			<ymax>376.806</ymax>
		</bndbox>
	</object>
	<object>
		<name>b9</name>
		<pose>Unspecified</pose>
		<truncated>0</truncated>
		<difficult>0</difficult>
		<bndbox>
			<xmin>542.379</xmin>
			<ymin>336.346</ymin>
			<xmax>574.379</xmax>
			<ymax>368.346</ymax>
		</bndbox>
	</object>
	<object>
		<name>b9</name>
		<pose>Unspecified</pose>
		<truncated>0</truncated>
		<difficult>0</difficult>
		<bndbox>
			<xmin>437.87</xmin>
			<ymin>327.388</ymin>
			<xmax>469.87</xmax>
			<ymax>359.388</ymax>
		</bndbox>
	</object>
	<object>
		<name>b9</name>
		<pose>Unspecified</pose>
		<truncated>0</truncated>
		<difficult>0</difficult>
		<bndbox>
			<xmin>524.463</xmin>
			<ymin>399.052</ymin>
			<xmax>556.463</xmax>
			<ymax>431.052</ymax>
		</bndbox>
	</object>
	<object>
		<name>b9</name>
		<pose>Unspecified</pose>
		<truncated>0</truncated>
		<difficult>0</difficult>
		<bndbox>
			<xmin>593.141</xmin>
			<ymin>285.584</ymin>
			<xmax>625.141</xmax>
			<ymax>317.584</ymax>
		</bndbox>
	</object>
	<object>
		<name>b8</name>
		<pose>Unspecified</pose>
		<truncated>0</truncated>
		<difficult>0</difficult>
		<bndbox>
			<xmin>569.253</xmin>
			<ymin>396.066</ymin>
			<xmax>601.253</xmax>
			<ymax>428.066</ymax>
		</bndbox>
	</object>
	<object>
		<name>b7</name>
		<pose>Unspecified</pose>
		<truncated>0</truncated>
		<difficult>0</difficult>
		<bndbox>
			<xmin>553.726</xmin>
			<ymin>306.486</ymin>
			<xmax>585.726</xmax>
			<ymax>338.486</ymax>
		</bndbox>
	</object>
	<object>
		<name>b10</name>
		<pose>Unspecified</pose>
		<truncated>0</truncated>
		<difficult>0</difficult>
		<bndbox>
			<xmin>550</xmin>
			<ymin>371</ymin>
			<xmax>582</xmax>
			<ymax>403</ymax>
		</bndbox>
	</object>
	<object>
		<name>b9</name>
		<pose>Unspecified</pose>
		<truncated>0</truncated>
		<difficult>0</difficult>
		<bndbox>
			<xmin>660</xmin>
			<ymin>345</ymin>
			<xmax>692</xmax>
			<ymax>377</ymax>
		</bndbox>
	</object>
	<object>
		<name>b8</name>
		<pose>Unspecified</pose>
		<truncated>0</truncated>
		<difficult>0</difficult>
		<bndbox>
			<xmin>572</xmin>
			<ymin>388</ymin>
			<xmax>604</xmax>
			<ymax>420</ymax>
		</bndbox>
	</object>
	<object>
		<name>b9</name>
		<pose>Unspecified</pose>
		<truncated>0</truncated>
		<difficult>0</difficult>
		<bndbox>
			<xmin>591</xmin>
			<ymin>385</ymin>
			<xmax>623</xmax>
			<ymax>417</ymax>
		</bndbox>
	</object>
	<object>
		<name>b5</name>
		<pose>Unspecified</pose>
		<truncated>0</truncated>
		<difficult>0</difficult>
		<bndbox>
			<xmin>625</xmin>
			<ymin>293</ymin>
			<xmax>657</xmax>
			<ymax>325</ymax>
		</bndbox>
	</object>
	<object>
		<name>b9</name>
		<pose>Unspecified</pose>
		<truncated>0</truncated>
		<difficult>0</difficult>
		<bndbox>
			<xmin>450.8</xmin>
			<ymin>353.6</ymin>
			<xmax>482.8</xmax>
			<ymax>385.6</ymax>
		</bndbox>
	</object>
	<object>
		<name>b9</name>
		<pose>Unspecified</pose>
		<truncated>0</truncated>
		<difficult>0</difficult>
		<bndbox>
			<xmin>634.4</xmin>
			<ymin>393.2</ymin>
			<xmax>666.4</xmax>
			<ymax>425.2</ymax>
		</bndbox>
	</object>
	<object>
		<name>b9</name>
		<pose>Unspecified</pose>
		<truncated>0</truncated>
		<difficult>0</difficult>
		<bndbox>
			<xmin>636.8</xmin>
			<ymin>345.2</ymin>
			<xmax>668.8</xmax>
			<ymax>377.2</ymax>
		</bndbox>
	</object>
	<object>
		<name>b6</name>
		<pose>Unspecified</pose>
		<truncated>0</truncated>
		<difficult>0</difficult>
		<bndbox>
			<xmin>628.4</xmin>
			<ymin>290</ymin>
			<xmax>660.4</xmax>
			<ymax>322</ymax>
		</bndbox>
	</object>
	<object>
		<name>b9</name>
		<pose>Unspecified</pose>
		<truncated>0</truncated>
		<difficult>0</difficult>
		<bndbox>
			<xmin>612.8</xmin>
			<ymin>359.6</ymin>
			<xmax>644.8</xmax>
			<ymax>391.6</ymax>
		</bndbox>
	</object>
	<object>
		<name>b7</name>
		<pose>Unspecified</pose>
		<truncated>0</truncated>
		<difficult>0</difficult>
		<bndbox>
			<xmin>77.6</xmin>
			<ymin>331.04</ymin>
			<xmax>109.6</xmax>
			<ymax>363.04</ymax>
		</bndbox>
	</object>
	<object>
		<name>b10</name>
		<pose>Unspecified</pose>
		<truncated>0</truncated>
		<difficult>0</difficult>
		<bndbox>
			<xmin>652.16</xmin>
			<ymin>362.72</ymin>
			<xmax>684.16</xmax>
			<ymax>394.72</ymax>
		</bndbox>
	</object>
	<object>
		<name>b10</name>
		<pose>Unspecified</pose>
		<truncated>0</truncated>
		<difficult>0</difficult>
		<bndbox>
			<xmin>477.92</xmin>
			<ymin>385.76</ymin>
			<xmax>509.92</xmax>
			<ymax>417.76</ymax>
		</bndbox>
	</object>
	<object>
		<name>b7</name>
		<pose>Unspecified</pose>
		<truncated>0</truncated>
		<difficult>0</difficult>
		<bndbox>
			<xmin>70.4</xmin>
			<ymin>331.328</ymin>
			<xmax>102.4</xmax>
			<ymax>363.328</ymax>
		</bndbox>
	</object>
	<object>
		<name>b9</name>
		<pose>Unspecified</pose>
		<truncated>0</truncated>
		<difficult>0</difficult>
		<bndbox>
			<xmin>102.195</xmin>
			<ymin>336.512</ymin>
			<xmax>134.195</xmax>
			<ymax>368.512</ymax>
		</bndbox>
	</object>
	<object>
		<name>b10</name>
		<pose>Unspecified</pose>
		<truncated>0</truncated>
		<difficult>0</difficult>
		<bndbox>
			<xmin>467.149</xmin>
			<ymin>369.69</ymin>
			<xmax>499.149</xmax>
			<ymax>401.69</ymax>
		</bndbox>
	</object>
	<object>
		<name>b7</name>
		<pose>Unspecified</pose>
		<truncated>0</truncated>
		<difficult>0</difficult>
		<bndbox>
			<xmin>69.0176</xmin>
			<ymin>330.291</ymin>
			<xmax>101.018</xmax>
			<ymax>362.291</ymax>
		</bndbox>
	</object>
	<object>
		<name>b9</name>
		<pose>Unspecified</pose>
		<truncated>0</truncated>
		<difficult>0</difficult>
		<bndbox>
			<xmin>163.159</xmin>
			<ymin>359.736</ymin>
			<xmax>195.159</xmax>
			<ymax>391.736</ymax>
		</bndbox>
	</object>
	<object>
		<name>b7</name>
		<pose>Unspecified</pose>
		<truncated>0</truncated>
		<difficult>0</difficult>
		<bndbox>
			<xmin>553.825</xmin>
			<ymin>307.482</ymin>
			<xmax>585.825</xmax>
			<ymax>339.482</ymax>
		</bndbox>
	</object>
	<object>
		<name>b7</name>
		<pose>Unspecified</pose>
		<truncated>0</truncated>
		<difficult>0</difficult>
		<bndbox>
			<xmin>73.5795</xmin>
			<ymin>329.877</ymin>
			<xmax>105.58</xmax>
			<ymax>361.877</ymax>
		</bndbox>
	</object>
	<object>
		<name>b9</name>
		<pose>Unspecified</pose>
		<truncated>0</truncated>
		<difficult>0</difficult>
		<bndbox>
			<xmin>543.872</xmin>
			<ymin>344.806</ymin>
			<xmax>575.872</xmax>
			<ymax>376.806</ymax>
		</bndbox>
	</object>
	<object>
		<name>b9</name>
		<pose>Unspecified</pose>
		<truncated>0</truncated>
		<difficult>0</difficult>
		<bndbox>
			<xmin>542.379</xmin>
			<ymin>336.346</ymin>
			<xmax>574.379</xmax>
			<ymax>368.346</ymax>
		</bndbox>
	</object>
	<object>
		<name>b9</name>
		<pose>Unspecified</pose>
		<truncated>0</truncated>
		<difficult>0</difficult>
		<bndbox>
			<xmin>437.87</xmin>
			<ymin>327.388</ymin>
			<xmax>469.87</xmax>
			<ymax>359.388</ymax>
		</bndbox>
	</object>
	<object>
		<name>b9</name>
		<pose>Unspecified</pose>
		<truncated>0</truncated>
		<difficult>0</difficult>
		<bndbox>
			<xmin>524.463</xmin>
			<ymin>399.052</ymin>
			<xmax>556.463</xmax>
			<ymax>431.052</ymax>
		</bndbox>
	</object>
	<object>
		<name>b9</name>
		<pose>Unspecified</pose>
		<truncated>0</truncated>
		<difficult>0</difficult>
		<bndbox>
			<xmin>593.141</xmin>
			<ymin>285.584</ymin>
			<xmax>625.141</xmax>
			<ymax>317.584</ymax>
		</bndbox>
	</object>
	<object>
		<name>b8</name>
		<pose>Unspecified</pose>
		<truncated>0</truncated>
		<difficult>0</difficult>
		<bndbox>
			<xmin>569.253</xmin>
			<ymin>396.066</ymin>
			<xmax>601.253</xmax>
			<ymax>428.066</ymax>
		</bndbox>
	</object>
	<object>
		<name>b7</name>
		<pose>Unspecified</pose>
		<truncated>0</truncated>
		<difficult>0</difficult>
		<bndbox>
			<xmin>553.726</xmin>
			<ymin>306.486</ymin>
			<xmax>585.726</xmax>
			<ymax>338.486</ymax>
		</bndbox>
	</object>
</annotation>
