<annotation>
	<folder>VOC2007</folder>
	<filename>000059.jpg</filename>
	<source>
		<database>My Database</database>
		<annotation>VOC2007</annotation>
		<image>flickr</image>
		<flickrid>NULL</flickrid>
	</source>
	<owner>
		<flickrid>NULL</flickrid>
		<name>shaochunyan</name>
	</owner>
	<size>
		<width>720</width>
		<height>1280</height>
		<depth>3</depth>
	</size>
	<segmented>0</segmented>
	<object>
		<name>b8</name>
		<pose>Unspecified</pose>
		<truncated>0</truncated>
		<difficult>0</difficult>
		<bndbox>
			<xmin>537</xmin>
			<ymin>511</ymin>
			<xmax>569</xmax>
			<ymax>543</ymax>
		</bndbox>
	</object>
	<object>
		<name>b8</name>
		<pose>Unspecified</pose>
		<truncated>0</truncated>
		<difficult>0</difficult>
		<bndbox>
			<xmin>513</xmin>
			<ymin>493</ymin>
			<xmax>545</xmax>
			<ymax>525</ymax>
		</bndbox>
	</object>
	<object>
		<name>b5</name>
		<pose>Unspecified</pose>
		<truncated>0</truncated>
		<difficult>0</difficult>
		<bndbox>
			<xmin>70</xmin>
			<ymin>389</ymin>
			<xmax>102</xmax>
			<ymax>421</ymax>
		</bndbox>
	</object>
	<object>
		<name>b7</name>
		<pose>Unspecified</pose>
		<truncated>0</truncated>
		<difficult>0</difficult>
		<bndbox>
			<xmin>512</xmin>
			<ymin>536</ymin>
			<xmax>544</xmax>
			<ymax>568</ymax>
		</bndbox>
	</object>
	<object>
		<name>b4</name>
		<pose>Unspecified</pose>
		<truncated>0</truncated>
		<difficult>0</difficult>
		<bndbox>
			<xmin>59.6</xmin>
			<ymin>401.6</ymin>
			<xmax>91.6</xmax>
			<ymax>433.6</ymax>
		</bndbox>
	</object>
	<object>
		<name>b8</name>
		<pose>Unspecified</pose>
		<truncated>0</truncated>
		<difficult>0</difficult>
		<bndbox>
			<xmin>574.4</xmin>
			<ymin>466.4</ymin>
			<xmax>606.4</xmax>
			<ymax>498.4</ymax>
		</bndbox>
	</object>
	<object>
		<name>b7</name>
		<pose>Unspecified</pose>
		<truncated>0</truncated>
		<difficult>0</difficult>
		<bndbox>
			<xmin>514.496</xmin>
			<ymin>538.688</ymin>
			<xmax>546.496</xmax>
			<ymax>570.688</ymax>
		</bndbox>
	</object>
	<object>
		<name>b7</name>
		<pose>Unspecified</pose>
		<truncated>0</truncated>
		<difficult>0</difficult>
		<bndbox>
			<xmin>540.416</xmin>
			<ymin>517.952</ymin>
			<xmax>572.416</xmax>
			<ymax>549.952</ymax>
		</bndbox>
	</object>
	<object>
		<name>b7</name>
		<pose>Unspecified</pose>
		<truncated>0</truncated>
		<difficult>0</difficult>
		<bndbox>
			<xmin>539.725</xmin>
			<ymin>516.915</ymin>
			<xmax>571.725</xmax>
			<ymax>548.915</ymax>
		</bndbox>
	</object>
	<object>
		<name>b6</name>
		<pose>Unspecified</pose>
		<truncated>0</truncated>
		<difficult>0</difficult>
		<bndbox>
			<xmin>337.342</xmin>
			<ymin>120.858</ymin>
			<xmax>369.342</xmax>
			<ymax>152.858</ymax>
		</bndbox>
	</object>
	<object>
		<name>b8</name>
		<pose>Unspecified</pose>
		<truncated>0</truncated>
		<difficult>0</difficult>
		<bndbox>
			<xmin>509.533</xmin>
			<ymin>494.603</ymin>
			<xmax>541.533</xmax>
			<ymax>526.603</ymax>
		</bndbox>
	</object>
	<object>
		<name>b8</name>
		<pose>Unspecified</pose>
		<truncated>0</truncated>
		<difficult>0</difficult>
		<bndbox>
			<xmin>449.814</xmin>
			<ymin>525.06</ymin>
			<xmax>481.814</xmax>
			<ymax>557.06</ymax>
		</bndbox>
	</object>
	<object>
		<name>b6</name>
		<pose>Unspecified</pose>
		<truncated>0</truncated>
		<difficult>0</difficult>
		<bndbox>
			<xmin>331.569</xmin>
			<ymin>120.161</ymin>
			<xmax>363.569</xmax>
			<ymax>152.161</ymax>
		</bndbox>
	</object>
	<object>
		<name>b8</name>
		<pose>Unspecified</pose>
		<truncated>0</truncated>
		<difficult>0</difficult>
		<bndbox>
			<xmin>539</xmin>
			<ymin>480</ymin>
			<xmax>571</xmax>
			<ymax>512</ymax>
		</bndbox>
	</object>
	<object>
		<name>b5</name>
		<pose>Unspecified</pose>
		<truncated>0</truncated>
		<difficult>0</difficult>
		<bndbox>
			<xmin>546</xmin>
			<ymin>494</ymin>
			<xmax>578</xmax>
			<ymax>526</ymax>
		</bndbox>
	</object>
	<object>
		<name>b5</name>
		<pose>Unspecified</pose>
		<truncated>0</truncated>
		<difficult>0</difficult>
		<bndbox>
			<xmin>632</xmin>
			<ymin>386</ymin>
			<xmax>664</xmax>
			<ymax>418</ymax>
		</bndbox>
	</object>
	<object>
		<name>b9</name>
		<pose>Unspecified</pose>
		<truncated>0</truncated>
		<difficult>0</difficult>
		<bndbox>
			<xmin>537.2</xmin>
			<ymin>510.8</ymin>
			<xmax>569.2</xmax>
			<ymax>542.8</ymax>
		</bndbox>
	</object>
	<object>
		<name>b5</name>
		<pose>Unspecified</pose>
		<truncated>0</truncated>
		<difficult>0</difficult>
		<bndbox>
			<xmin>544.4</xmin>
			<ymin>492.8</ymin>
			<xmax>576.4</xmax>
			<ymax>524.8</ymax>
		</bndbox>
	</object>
	<object>
		<name>b5</name>
		<pose>Unspecified</pose>
		<truncated>0</truncated>
		<difficult>0</difficult>
		<bndbox>
			<xmin>512</xmin>
			<ymin>536</ymin>
			<xmax>544</xmax>
			<ymax>568</ymax>
		</bndbox>
	</object>
	<object>
		<name>b9</name>
		<pose>Unspecified</pose>
		<truncated>0</truncated>
		<difficult>0</difficult>
		<bndbox>
			<xmin>482</xmin>
			<ymin>496.4</ymin>
			<xmax>514</xmax>
			<ymax>528.4</ymax>
		</bndbox>
	</object>
	<object>
		<name>b7</name>
		<pose>Unspecified</pose>
		<truncated>0</truncated>
		<difficult>0</difficult>
		<bndbox>
			<xmin>87.68</xmin>
			<ymin>453.44</ymin>
			<xmax>119.68</xmax>
			<ymax>485.44</ymax>
		</bndbox>
	</object>
	<object>
		<name>b6</name>
		<pose>Unspecified</pose>
		<truncated>0</truncated>
		<difficult>0</difficult>
		<bndbox>
			<xmin>541.28</xmin>
			<ymin>508.16</ymin>
			<xmax>573.28</xmax>
			<ymax>540.16</ymax>
		</bndbox>
	</object>
	<object>
		<name>b7</name>
		<pose>Unspecified</pose>
		<truncated>0</truncated>
		<difficult>0</difficult>
		<bndbox>
			<xmin>587.36</xmin>
			<ymin>459.2</ymin>
			<xmax>619.36</xmax>
			<ymax>491.2</ymax>
		</bndbox>
	</object>
	<object>
		<name>b8</name>
		<pose>Unspecified</pose>
		<truncated>0</truncated>
		<difficult>0</difficult>
		<bndbox>
			<xmin>567.2</xmin>
			<ymin>462.08</ymin>
			<xmax>599.2</xmax>
			<ymax>494.08</ymax>
		</bndbox>
	</object>
	<object>
		<name>b5</name>
		<pose>Unspecified</pose>
		<truncated>0</truncated>
		<difficult>0</difficult>
		<bndbox>
			<xmin>514.496</xmin>
			<ymin>538.688</ymin>
			<xmax>546.496</xmax>
			<ymax>570.688</ymax>
		</bndbox>
	</object>
	<object>
		<name>b9</name>
		<pose>Unspecified</pose>
		<truncated>0</truncated>
		<difficult>0</difficult>
		<bndbox>
			<xmin>538.688</xmin>
			<ymin>438.464</ymin>
			<xmax>570.688</xmax>
			<ymax>470.464</ymax>
		</bndbox>
	</object>
	<object>
		<name>b9</name>
		<pose>Unspecified</pose>
		<truncated>0</truncated>
		<difficult>0</difficult>
		<bndbox>
			<xmin>478.208</xmin>
			<ymin>557.696</ymin>
			<xmax>510.208</xmax>
			<ymax>589.696</ymax>
		</bndbox>
	</object>
	<object>
		<name>b7</name>
		<pose>Unspecified</pose>
		<truncated>0</truncated>
		<difficult>0</difficult>
		<bndbox>
			<xmin>426.921</xmin>
			<ymin>533.919</ymin>
			<xmax>458.921</xmax>
			<ymax>565.919</ymax>
		</bndbox>
	</object>
	<object>
		<name>b5</name>
		<pose>Unspecified</pose>
		<truncated>0</truncated>
		<difficult>0</difficult>
		<bndbox>
			<xmin>504.059</xmin>
			<ymin>526.454</ymin>
			<xmax>536.059</xmax>
			<ymax>558.454</ymax>
		</bndbox>
	</object>
	<object>
		<name>b6</name>
		<pose>Unspecified</pose>
		<truncated>0</truncated>
		<difficult>0</difficult>
		<bndbox>
			<xmin>536.407</xmin>
			<ymin>494.603</ymin>
			<xmax>568.407</xmax>
			<ymax>526.603</ymax>
		</bndbox>
	</object>
	<object>
		<name>b8</name>
		<pose>Unspecified</pose>
		<truncated>0</truncated>
		<difficult>0</difficult>
		<bndbox>
			<xmin>492.8</xmin>
			<ymin>471.2</ymin>
			<xmax>524.8</xmax>
			<ymax>503.2</ymax>
		</bndbox>
	</object>
	<object>
		<name>b8</name>
		<pose>Unspecified</pose>
		<truncated>0</truncated>
		<difficult>0</difficult>
		<bndbox>
			<xmin>22.4</xmin>
			<ymin>220.4</ymin>
			<xmax>54.4</xmax>
			<ymax>252.4</ymax>
		</bndbox>
	</object>
	<object>
		<name>b9</name>
		<pose>Unspecified</pose>
		<truncated>0</truncated>
		<difficult>0</difficult>
		<bndbox>
			<xmin>491.6</xmin>
			<ymin>477.2</ymin>
			<xmax>523.6</xmax>
			<ymax>509.2</ymax>
		</bndbox>
	</object>
	<object>
		<name>b9</name>
		<pose>Unspecified</pose>
		<truncated>0</truncated>
		<difficult>0</difficult>
		<bndbox>
			<xmin>538.4</xmin>
			<ymin>436.4</ymin>
			<xmax>570.4</xmax>
			<ymax>468.4</ymax>
		</bndbox>
	</object>
	<object>
		<name>b5</name>
		<pose>Unspecified</pose>
		<truncated>0</truncated>
		<difficult>0</difficult>
		<bndbox>
			<xmin>467.6</xmin>
			<ymin>528.8</ymin>
			<xmax>499.6</xmax>
			<ymax>560.8</ymax>
		</bndbox>
	</object>
	<object>
		<name>b8</name>
		<pose>Unspecified</pose>
		<truncated>0</truncated>
		<difficult>0</difficult>
		<bndbox>
			<xmin>486.56</xmin>
			<ymin>558.56</ymin>
			<xmax>518.56</xmax>
			<ymax>590.56</ymax>
		</bndbox>
	</object>
	<object>
		<name>b8</name>
		<pose>Unspecified</pose>
		<truncated>0</truncated>
		<difficult>0</difficult>
		<bndbox>
			<xmin>544.16</xmin>
			<ymin>493.76</ymin>
			<xmax>576.16</xmax>
			<ymax>525.76</ymax>
		</bndbox>
	</object>
	<object>
		<name>b7</name>
		<pose>Unspecified</pose>
		<truncated>0</truncated>
		<difficult>0</difficult>
		<bndbox>
			<xmin>587.36</xmin>
			<ymin>459.2</ymin>
			<xmax>619.36</xmax>
			<ymax>491.2</ymax>
		</bndbox>
	</object>
	<object>
		<name>b7</name>
		<pose>Unspecified</pose>
		<truncated>0</truncated>
		<difficult>0</difficult>
		<bndbox>
			<xmin>524</xmin>
			<ymin>512.48</ymin>
			<xmax>556</xmax>
			<ymax>544.48</ymax>
		</bndbox>
	</object>
	<object>
		<name>b8</name>
		<pose>Unspecified</pose>
		<truncated>0</truncated>
		<difficult>0</difficult>
		<bndbox>
			<xmin>524.864</xmin>
			<ymin>512.768</ymin>
			<xmax>556.864</xmax>
			<ymax>544.768</ymax>
		</bndbox>
	</object>
	<object>
		<name>b9</name>
		<pose>Unspecified</pose>
		<truncated>0</truncated>
		<difficult>0</difficult>
		<bndbox>
			<xmin>542.144</xmin>
			<ymin>471.296</ymin>
			<xmax>574.144</xmax>
			<ymax>503.296</ymax>
		</bndbox>
	</object>
	<object>
		<name>b8</name>
		<pose>Unspecified</pose>
		<truncated>0</truncated>
		<difficult>0</difficult>
		<bndbox>
			<xmin>543.872</xmin>
			<ymin>493.76</ymin>
			<xmax>575.872</xmax>
			<ymax>525.76</ymax>
		</bndbox>
	</object>
	<object>
		<name>b8</name>
		<pose>Unspecified</pose>
		<truncated>0</truncated>
		<difficult>0</difficult>
		<bndbox>
			<xmin>510.694</xmin>
			<ymin>494.106</ymin>
			<xmax>542.694</xmax>
			<ymax>526.106</ymax>
		</bndbox>
	</object>
	<object>
		<name>b7</name>
		<pose>Unspecified</pose>
		<truncated>0</truncated>
		<difficult>0</difficult>
		<bndbox>
			<xmin>504.474</xmin>
			<ymin>525.21</ymin>
			<xmax>536.474</xmax>
			<ymax>557.21</ymax>
		</bndbox>
	</object>
	<object>
		<name>b8</name>
		<pose>Unspecified</pose>
		<truncated>0</truncated>
		<difficult>0</difficult>
		<bndbox>
			<xmin>523.136</xmin>
			<ymin>479.59</ymin>
			<xmax>555.136</xmax>
			<ymax>511.59</ymax>
		</bndbox>
	</object>
	<object>
		<name>b9</name>
		<pose>Unspecified</pose>
		<truncated>0</truncated>
		<difficult>0</difficult>
		<bndbox>
			<xmin>543.872</xmin>
			<ymin>512.768</ymin>
			<xmax>575.872</xmax>
			<ymax>544.768</ymax>
		</bndbox>
	</object>
	<object>
		<name>b5</name>
		<pose>Unspecified</pose>
		<truncated>0</truncated>
		<difficult>0</difficult>
		<bndbox>
			<xmin>460.928</xmin>
			<ymin>577.05</ymin>
			<xmax>492.928</xmax>
			<ymax>609.05</ymax>
		</bndbox>
	</object>
	<object>
		<name>b8</name>
		<pose>Unspecified</pose>
		<truncated>0</truncated>
		<difficult>0</difficult>
		<bndbox>
			<xmin>499.978</xmin>
			<ymin>560.892</ymin>
			<xmax>531.978</xmax>
			<ymax>592.892</ymax>
		</bndbox>
	</object>
	<object>
		<name>b7</name>
		<pose>Unspecified</pose>
		<truncated>0</truncated>
		<difficult>0</difficult>
		<bndbox>
			<xmin>510.728</xmin>
			<ymin>539.393</ymin>
			<xmax>542.728</xmax>
			<ymax>571.393</ymax>
		</bndbox>
	</object>
	<object>
		<name>b8</name>
		<pose>Unspecified</pose>
		<truncated>0</truncated>
		<difficult>0</difficult>
		<bndbox>
			<xmin>560.892</xmin>
			<ymin>439.064</ymin>
			<xmax>592.892</xmax>
			<ymax>471.064</ymax>
		</bndbox>
	</object>
</annotation>
