<annotation>
	<folder>VOC2007</folder>
	<filename>000003.jpg</filename>
	<source>
		<database>My Database</database>
		<annotation>VOC2007</annotation>
		<image>flickr</image>
		<flickrid>NULL</flickrid>
	</source>
	<owner>
		<flickrid>NULL</flickrid>
		<name>shaochunyan</name>
	</owner>
	<size>
		<width>720</width>
		<height>1280</height>
		<depth>3</depth>
	</size>
	<segmented>0</segmented>
	<object>
		<name>b8</name>
		<pose>Unspecified</pose>
		<truncated>0</truncated>
		<difficult>0</difficult>
		<bndbox>
			<xmin>616</xmin>
			<ymin>430</ymin>
			<xmax>648</xmax>
			<ymax>462</ymax>
		</bndbox>
	</object>
	<object>
		<name>b9</name>
		<pose>Unspecified</pose>
		<truncated>0</truncated>
		<difficult>0</difficult>
		<bndbox>
			<xmin>551</xmin>
			<ymin>378</ymin>
			<xmax>583</xmax>
			<ymax>410</ymax>
		</bndbox>
	</object>
	<object>
		<name>b7</name>
		<pose>Unspecified</pose>
		<truncated>0</truncated>
		<difficult>0</difficult>
		<bndbox>
			<xmin>582</xmin>
			<ymin>398</ymin>
			<xmax>614</xmax>
			<ymax>430</ymax>
		</bndbox>
	</object>
	<object>
		<name>b8</name>
		<pose>Unspecified</pose>
		<truncated>0</truncated>
		<difficult>0</difficult>
		<bndbox>
			<xmin>616.4</xmin>
			<ymin>430.4</ymin>
			<xmax>648.4</xmax>
			<ymax>462.4</ymax>
		</bndbox>
	</object>
	<object>
		<name>b9</name>
		<pose>Unspecified</pose>
		<truncated>0</truncated>
		<difficult>0</difficult>
		<bndbox>
			<xmin>557.6</xmin>
			<ymin>317.6</ymin>
			<xmax>589.6</xmax>
			<ymax>349.6</ymax>
		</bndbox>
	</object>
	<object>
		<name>b9</name>
		<pose>Unspecified</pose>
		<truncated>0</truncated>
		<difficult>0</difficult>
		<bndbox>
			<xmin>619.04</xmin>
			<ymin>388.64</ymin>
			<xmax>651.04</xmax>
			<ymax>420.64</ymax>
		</bndbox>
	</object>
	<object>
		<name>b9</name>
		<pose>Unspecified</pose>
		<truncated>0</truncated>
		<difficult>0</difficult>
		<bndbox>
			<xmin>655.04</xmin>
			<ymin>348.32</ymin>
			<xmax>687.04</xmax>
			<ymax>380.32</ymax>
		</bndbox>
	</object>
	<object>
		<name>b10</name>
		<pose>Unspecified</pose>
		<truncated>0</truncated>
		<difficult>0</difficult>
		<bndbox>
			<xmin>466.112</xmin>
			<ymin>367.616</ymin>
			<xmax>498.112</xmax>
			<ymax>399.616</ymax>
		</bndbox>
	</object>
	<object>
		<name>b7</name>
		<pose>Unspecified</pose>
		<truncated>0</truncated>
		<difficult>0</difficult>
		<bndbox>
			<xmin>585.344</xmin>
			<ymin>386.278</ymin>
			<xmax>617.344</xmax>
			<ymax>418.278</ymax>
		</bndbox>
	</object>
	<object>
		<name>b9</name>
		<pose>Unspecified</pose>
		<truncated>0</truncated>
		<difficult>0</difficult>
		<bndbox>
			<xmin>151.962</xmin>
			<ymin>357.248</ymin>
			<xmax>183.962</xmax>
			<ymax>389.248</ymax>
		</bndbox>
	</object>
	<object>
		<name>b9</name>
		<pose>Unspecified</pose>
		<truncated>0</truncated>
		<difficult>0</difficult>
		<bndbox>
			<xmin>533.504</xmin>
			<ymin>375.91</ymin>
			<xmax>565.504</xmax>
			<ymax>407.91</ymax>
		</bndbox>
	</object>
	<object>
		<name>b7</name>
		<pose>Unspecified</pose>
		<truncated>0</truncated>
		<difficult>0</difficult>
		<bndbox>
			<xmin>573.732</xmin>
			<ymin>392.085</ymin>
			<xmax>605.732</xmax>
			<ymax>424.085</ymax>
		</bndbox>
	</object>
	<object>
		<name>b9</name>
		<pose>Unspecified</pose>
		<truncated>0</truncated>
		<difficult>0</difficult>
		<bndbox>
			<xmin>88.5095</xmin>
			<ymin>334.853</ymin>
			<xmax>120.509</xmax>
			<ymax>366.853</ymax>
		</bndbox>
	</object>
	<object>
		<name>b9</name>
		<pose>Unspecified</pose>
		<truncated>0</truncated>
		<difficult>0</difficult>
		<bndbox>
			<xmin>538.896</xmin>
			<ymin>369.69</ymin>
			<xmax>570.896</xmax>
			<ymax>401.69</ymax>
		</bndbox>
	</object>
	<object>
		<name>b9</name>
		<pose>Unspecified</pose>
		<truncated>0</truncated>
		<difficult>0</difficult>
		<bndbox>
			<xmin>142.257</xmin>
			<ymin>348.29</ymin>
			<xmax>174.257</xmax>
			<ymax>380.29</ymax>
		</bndbox>
	</object>
	<object>
		<name>b9</name>
		<pose>Unspecified</pose>
		<truncated>0</truncated>
		<difficult>0</difficult>
		<bndbox>
			<xmin>512.519</xmin>
			<ymin>402.038</ymin>
			<xmax>544.519</xmax>
			<ymax>434.038</ymax>
		</bndbox>
	</object>
	<object>
		<name>b9</name>
		<pose>Unspecified</pose>
		<truncated>0</truncated>
		<difficult>0</difficult>
		<bndbox>
			<xmin>88.5095</xmin>
			<ymin>336.346</ymin>
			<xmax>120.509</xmax>
			<ymax>368.346</ymax>
		</bndbox>
	</object>
	<object>
		<name>b8</name>
		<pose>Unspecified</pose>
		<truncated>0</truncated>
		<difficult>0</difficult>
		<bndbox>
			<xmin>157.187</xmin>
			<ymin>366.206</ymin>
			<xmax>189.187</xmax>
			<ymax>398.206</ymax>
		</bndbox>
	</object>
	<object>
		<name>b7</name>
		<pose>Unspecified</pose>
		<truncated>0</truncated>
		<difficult>0</difficult>
		<bndbox>
			<xmin>616</xmin>
			<ymin>430</ymin>
			<xmax>648</xmax>
			<ymax>462</ymax>
		</bndbox>
	</object>
	<object>
		<name>b9</name>
		<pose>Unspecified</pose>
		<truncated>0</truncated>
		<difficult>0</difficult>
		<bndbox>
			<xmin>551</xmin>
			<ymin>378</ymin>
			<xmax>583</xmax>
			<ymax>410</ymax>
		</bndbox>
	</object>
	<object>
		<name>b5</name>
		<pose>Unspecified</pose>
		<truncated>0</truncated>
		<difficult>0</difficult>
		<bndbox>
			<xmin>610</xmin>
			<ymin>428</ymin>
			<xmax>642</xmax>
			<ymax>460</ymax>
		</bndbox>
	</object>
	<object>
		<name>b6</name>
		<pose>Unspecified</pose>
		<truncated>0</truncated>
		<difficult>0</difficult>
		<bndbox>
			<xmin>582</xmin>
			<ymin>398</ymin>
			<xmax>614</xmax>
			<ymax>430</ymax>
		</bndbox>
	</object>
	<object>
		<name>b10</name>
		<pose>Unspecified</pose>
		<truncated>0</truncated>
		<difficult>0</difficult>
		<bndbox>
			<xmin>551.6</xmin>
			<ymin>407.6</ymin>
			<xmax>583.6</xmax>
			<ymax>439.6</ymax>
		</bndbox>
	</object>
	<object>
		<name>b7</name>
		<pose>Unspecified</pose>
		<truncated>0</truncated>
		<difficult>0</difficult>
		<bndbox>
			<xmin>616.4</xmin>
			<ymin>430.4</ymin>
			<xmax>648.4</xmax>
			<ymax>462.4</ymax>
		</bndbox>
	</object>
	<object>
		<name>b8</name>
		<pose>Unspecified</pose>
		<truncated>0</truncated>
		<difficult>0</difficult>
		<bndbox>
			<xmin>467.6</xmin>
			<ymin>366.8</ymin>
			<xmax>499.6</xmax>
			<ymax>398.8</ymax>
		</bndbox>
	</object>
	<object>
		<name>b6</name>
		<pose>Unspecified</pose>
		<truncated>0</truncated>
		<difficult>0</difficult>
		<bndbox>
			<xmin>581.6</xmin>
			<ymin>398</ymin>
			<xmax>613.6</xmax>
			<ymax>430</ymax>
		</bndbox>
	</object>
	<object>
		<name>b9</name>
		<pose>Unspecified</pose>
		<truncated>0</truncated>
		<difficult>0</difficult>
		<bndbox>
			<xmin>557.6</xmin>
			<ymin>317.6</ymin>
			<xmax>589.6</xmax>
			<ymax>349.6</ymax>
		</bndbox>
	</object>
	<object>
		<name>b9</name>
		<pose>Unspecified</pose>
		<truncated>0</truncated>
		<difficult>0</difficult>
		<bndbox>
			<xmin>619.04</xmin>
			<ymin>388.64</ymin>
			<xmax>651.04</xmax>
			<ymax>420.64</ymax>
		</bndbox>
	</object>
	<object>
		<name>b9</name>
		<pose>Unspecified</pose>
		<truncated>0</truncated>
		<difficult>0</difficult>
		<bndbox>
			<xmin>655.04</xmin>
			<ymin>348.32</ymin>
			<xmax>687.04</xmax>
			<ymax>380.32</ymax>
		</bndbox>
	</object>
	<object>
		<name>b8</name>
		<pose>Unspecified</pose>
		<truncated>0</truncated>
		<difficult>0</difficult>
		<bndbox>
			<xmin>466.112</xmin>
			<ymin>367.616</ymin>
			<xmax>498.112</xmax>
			<ymax>399.616</ymax>
		</bndbox>
	</object>
	<object>
		<name>b6</name>
		<pose>Unspecified</pose>
		<truncated>0</truncated>
		<difficult>0</difficult>
		<bndbox>
			<xmin>585.344</xmin>
			<ymin>386.278</ymin>
			<xmax>617.344</xmax>
			<ymax>418.278</ymax>
		</bndbox>
	</object>
	<object>
		<name>b9</name>
		<pose>Unspecified</pose>
		<truncated>0</truncated>
		<difficult>0</difficult>
		<bndbox>
			<xmin>151.962</xmin>
			<ymin>357.248</ymin>
			<xmax>183.962</xmax>
			<ymax>389.248</ymax>
		</bndbox>
	</object>
	<object>
		<name>b9</name>
		<pose>Unspecified</pose>
		<truncated>0</truncated>
		<difficult>0</difficult>
		<bndbox>
			<xmin>533.504</xmin>
			<ymin>375.91</ymin>
			<xmax>565.504</xmax>
			<ymax>407.91</ymax>
		</bndbox>
	</object>
	<object>
		<name>b6</name>
		<pose>Unspecified</pose>
		<truncated>0</truncated>
		<difficult>0</difficult>
		<bndbox>
			<xmin>573.732</xmin>
			<ymin>392.085</ymin>
			<xmax>605.732</xmax>
			<ymax>424.085</ymax>
		</bndbox>
	</object>
	<object>
		<name>b9</name>
		<pose>Unspecified</pose>
		<truncated>0</truncated>
		<difficult>0</difficult>
		<bndbox>
			<xmin>88.5095</xmin>
			<ymin>334.853</ymin>
			<xmax>120.509</xmax>
			<ymax>366.853</ymax>
		</bndbox>
	</object>
	<object>
		<name>b9</name>
		<pose>Unspecified</pose>
		<truncated>0</truncated>
		<difficult>0</difficult>
		<bndbox>
			<xmin>538.896</xmin>
			<ymin>369.69</ymin>
			<xmax>570.896</xmax>
			<ymax>401.69</ymax>
		</bndbox>
	</object>
	<object>
		<name>b8</name>
		<pose>Unspecified</pose>
		<truncated>0</truncated>
		<difficult>0</difficult>
		<bndbox>
			<xmin>464.744</xmin>
			<ymin>372.178</ymin>
			<xmax>496.744</xmax>
			<ymax>404.178</ymax>
		</bndbox>
	</object>
	<object>
		<name>b9</name>
		<pose>Unspecified</pose>
		<truncated>0</truncated>
		<difficult>0</difficult>
		<bndbox>
			<xmin>142.257</xmin>
			<ymin>348.29</ymin>
			<xmax>174.257</xmax>
			<ymax>380.29</ymax>
		</bndbox>
	</object>
	<object>
		<name>b9</name>
		<pose>Unspecified</pose>
		<truncated>0</truncated>
		<difficult>0</difficult>
		<bndbox>
			<xmin>512.519</xmin>
			<ymin>402.038</ymin>
			<xmax>544.519</xmax>
			<ymax>434.038</ymax>
		</bndbox>
	</object>
	<object>
		<name>b9</name>
		<pose>Unspecified</pose>
		<truncated>0</truncated>
		<difficult>0</difficult>
		<bndbox>
			<xmin>88.5095</xmin>
			<ymin>336.346</ymin>
			<xmax>120.509</xmax>
			<ymax>368.346</ymax>
		</bndbox>
	</object>
	<object>
		<name>b8</name>
		<pose>Unspecified</pose>
		<truncated>0</truncated>
		<difficult>0</difficult>
		<bndbox>
			<xmin>157.187</xmin>
			<ymin>366.206</ymin>
			<xmax>189.187</xmax>
			<ymax>398.206</ymax>
		</bndbox>
	</object>
	<object>
		<name>b9</name>
		<pose>Unspecified</pose>
		<truncated>0</truncated>
		<difficult>0</difficult>
		<bndbox>
			<xmin>478.479</xmin>
			<ymin>385.316</ymin>
			<xmax>510.479</xmax>
			<ymax>417.316</ymax>
		</bndbox>
	</object>
	<object>
		<name>b7</name>
		<pose>Unspecified</pose>
		<truncated>0</truncated>
		<difficult>0</difficult>
		<bndbox>
			<xmin>616</xmin>
			<ymin>430</ymin>
			<xmax>648</xmax>
			<ymax>462</ymax>
		</bndbox>
	</object>
	<object>
		<name>b9</name>
		<pose>Unspecified</pose>
		<truncated>0</truncated>
		<difficult>0</difficult>
		<bndbox>
			<xmin>551</xmin>
			<ymin>378</ymin>
			<xmax>583</xmax>
			<ymax>410</ymax>
		</bndbox>
	</object>
	<object>
		<name>b9</name>
		<pose>Unspecified</pose>
		<truncated>0</truncated>
		<difficult>0</difficult>
		<bndbox>
			<xmin>533</xmin>
			<ymin>414</ymin>
			<xmax>565</xmax>
			<ymax>446</ymax>
		</bndbox>
	</object>
	<object>
		<name>b5</name>
		<pose>Unspecified</pose>
		<truncated>0</truncated>
		<difficult>0</difficult>
		<bndbox>
			<xmin>610</xmin>
			<ymin>428</ymin>
			<xmax>642</xmax>
			<ymax>460</ymax>
		</bndbox>
	</object>
	<object>
		<name>b6</name>
		<pose>Unspecified</pose>
		<truncated>0</truncated>
		<difficult>0</difficult>
		<bndbox>
			<xmin>582</xmin>
			<ymin>398</ymin>
			<xmax>614</xmax>
			<ymax>430</ymax>
		</bndbox>
	</object>
	<object>
		<name>b10</name>
		<pose>Unspecified</pose>
		<truncated>0</truncated>
		<difficult>0</difficult>
		<bndbox>
			<xmin>551.6</xmin>
			<ymin>407.6</ymin>
			<xmax>583.6</xmax>
			<ymax>439.6</ymax>
		</bndbox>
	</object>
	<object>
		<name>b7</name>
		<pose>Unspecified</pose>
		<truncated>0</truncated>
		<difficult>0</difficult>
		<bndbox>
			<xmin>616.4</xmin>
			<ymin>430.4</ymin>
			<xmax>648.4</xmax>
			<ymax>462.4</ymax>
		</bndbox>
	</object>
	<object>
		<name>b8</name>
		<pose>Unspecified</pose>
		<truncated>0</truncated>
		<difficult>0</difficult>
		<bndbox>
			<xmin>467.6</xmin>
			<ymin>366.8</ymin>
			<xmax>499.6</xmax>
			<ymax>398.8</ymax>
		</bndbox>
	</object>
	<object>
		<name>b6</name>
		<pose>Unspecified</pose>
		<truncated>0</truncated>
		<difficult>0</difficult>
		<bndbox>
			<xmin>581.6</xmin>
			<ymin>398</ymin>
			<xmax>613.6</xmax>
			<ymax>430</ymax>
		</bndbox>
	</object>
	<object>
		<name>b9</name>
		<pose>Unspecified</pose>
		<truncated>0</truncated>
		<difficult>0</difficult>
		<bndbox>
			<xmin>557.6</xmin>
			<ymin>317.6</ymin>
			<xmax>589.6</xmax>
			<ymax>349.6</ymax>
		</bndbox>
	</object>
	<object>
		<name>b8</name>
		<pose>Unspecified</pose>
		<truncated>0</truncated>
		<difficult>0</difficult>
		<bndbox>
			<xmin>619.04</xmin>
			<ymin>388.64</ymin>
			<xmax>651.04</xmax>
			<ymax>420.64</ymax>
		</bndbox>
	</object>
	<object>
		<name>b9</name>
		<pose>Unspecified</pose>
		<truncated>0</truncated>
		<difficult>0</difficult>
		<bndbox>
			<xmin>655.04</xmin>
			<ymin>348.32</ymin>
			<xmax>687.04</xmax>
			<ymax>380.32</ymax>
		</bndbox>
	</object>
	<object>
		<name>b8</name>
		<pose>Unspecified</pose>
		<truncated>0</truncated>
		<difficult>0</difficult>
		<bndbox>
			<xmin>152.48</xmin>
			<ymin>356.96</ymin>
			<xmax>184.48</xmax>
			<ymax>388.96</ymax>
		</bndbox>
	</object>
	<object>
		<name>b8</name>
		<pose>Unspecified</pose>
		<truncated>0</truncated>
		<difficult>0</difficult>
		<bndbox>
			<xmin>466.112</xmin>
			<ymin>367.616</ymin>
			<xmax>498.112</xmax>
			<ymax>399.616</ymax>
		</bndbox>
	</object>
	<object>
		<name>b6</name>
		<pose>Unspecified</pose>
		<truncated>0</truncated>
		<difficult>0</difficult>
		<bndbox>
			<xmin>585.344</xmin>
			<ymin>386.278</ymin>
			<xmax>617.344</xmax>
			<ymax>418.278</ymax>
		</bndbox>
	</object>
	<object>
		<name>b8</name>
		<pose>Unspecified</pose>
		<truncated>0</truncated>
		<difficult>0</difficult>
		<bndbox>
			<xmin>151.962</xmin>
			<ymin>357.248</ymin>
			<xmax>183.962</xmax>
			<ymax>389.248</ymax>
		</bndbox>
	</object>
	<object>
		<name>b9</name>
		<pose>Unspecified</pose>
		<truncated>0</truncated>
		<difficult>0</difficult>
		<bndbox>
			<xmin>533.504</xmin>
			<ymin>375.91</ymin>
			<xmax>565.504</xmax>
			<ymax>407.91</ymax>
		</bndbox>
	</object>
	<object>
		<name>b6</name>
		<pose>Unspecified</pose>
		<truncated>0</truncated>
		<difficult>0</difficult>
		<bndbox>
			<xmin>573.732</xmin>
			<ymin>392.085</ymin>
			<xmax>605.732</xmax>
			<ymax>424.085</ymax>
		</bndbox>
	</object>
	<object>
		<name>b9</name>
		<pose>Unspecified</pose>
		<truncated>0</truncated>
		<difficult>0</difficult>
		<bndbox>
			<xmin>88.5095</xmin>
			<ymin>334.853</ymin>
			<xmax>120.509</xmax>
			<ymax>366.853</ymax>
		</bndbox>
	</object>
	<object>
		<name>b9</name>
		<pose>Unspecified</pose>
		<truncated>0</truncated>
		<difficult>0</difficult>
		<bndbox>
			<xmin>621.01</xmin>
			<ymin>387.108</ymin>
			<xmax>653.01</xmax>
			<ymax>419.108</ymax>
		</bndbox>
	</object>
	<object>
		<name>b9</name>
		<pose>Unspecified</pose>
		<truncated>0</truncated>
		<difficult>0</difficult>
		<bndbox>
			<xmin>538.896</xmin>
			<ymin>369.69</ymin>
			<xmax>570.896</xmax>
			<ymax>401.69</ymax>
		</bndbox>
	</object>
	<object>
		<name>b8</name>
		<pose>Unspecified</pose>
		<truncated>0</truncated>
		<difficult>0</difficult>
		<bndbox>
			<xmin>464.744</xmin>
			<ymin>372.178</ymin>
			<xmax>496.744</xmax>
			<ymax>404.178</ymax>
		</bndbox>
	</object>
	<object>
		<name>b9</name>
		<pose>Unspecified</pose>
		<truncated>0</truncated>
		<difficult>0</difficult>
		<bndbox>
			<xmin>142.257</xmin>
			<ymin>348.29</ymin>
			<xmax>174.257</xmax>
			<ymax>380.29</ymax>
		</bndbox>
	</object>
	<object>
		<name>b9</name>
		<pose>Unspecified</pose>
		<truncated>0</truncated>
		<difficult>0</difficult>
		<bndbox>
			<xmin>512.519</xmin>
			<ymin>402.038</ymin>
			<xmax>544.519</xmax>
			<ymax>434.038</ymax>
		</bndbox>
	</object>
	<object>
		<name>b9</name>
		<pose>Unspecified</pose>
		<truncated>0</truncated>
		<difficult>0</difficult>
		<bndbox>
			<xmin>88.5095</xmin>
			<ymin>336.346</ymin>
			<xmax>120.509</xmax>
			<ymax>368.346</ymax>
		</bndbox>
	</object>
	<object>
		<name>b7</name>
		<pose>Unspecified</pose>
		<truncated>0</truncated>
		<difficult>0</difficult>
		<bndbox>
			<xmin>157.187</xmin>
			<ymin>366.206</ymin>
			<xmax>189.187</xmax>
			<ymax>398.206</ymax>
		</bndbox>
	</object>
	<object>
		<name>b9</name>
		<pose>Unspecified</pose>
		<truncated>0</truncated>
		<difficult>0</difficult>
		<bndbox>
			<xmin>478.479</xmin>
			<ymin>385.316</ymin>
			<xmax>510.479</xmax>
			<ymax>417.316</ymax>
		</bndbox>
	</object>
</annotation>
