<annotation>
	<folder>VOC2007</folder>
	<filename>000044.jpg</filename>
	<source>
		<database>My Database</database>
		<annotation>VOC2007</annotation>
		<image>flickr</image>
		<flickrid>NULL</flickrid>
	</source>
	<owner>
		<flickrid>NULL</flickrid>
		<name>shaochunyan</name>
	</owner>
	<size>
		<width>720</width>
		<height>1280</height>
		<depth>3</depth>
	</size>
	<segmented>0</segmented>
	<object>
		<name>g1</name>
		<pose>Unspecified</pose>
		<truncated>0</truncated>
		<difficult>0</difficult>
		<bndbox>
			<xmin>100.64</xmin>
			<ymin>486.56</ymin>
			<xmax>132.64</xmax>
			<ymax>518.56</ymax>
		</bndbox>
	</object>
	<object>
		<name>g7</name>
		<pose>Unspecified</pose>
		<truncated>0</truncated>
		<difficult>0</difficult>
		<bndbox>
			<xmin>224.192</xmin>
			<ymin>445.376</ymin>
			<xmax>256.192</xmax>
			<ymax>477.376</ymax>
		</bndbox>
	</object>
	<object>
		<name>g6</name>
		<pose>Unspecified</pose>
		<truncated>0</truncated>
		<difficult>0</difficult>
		<bndbox>
			<xmin>236.288</xmin>
			<ymin>450.56</ymin>
			<xmax>268.288</xmax>
			<ymax>482.56</ymax>
		</bndbox>
	</object>
	<object>
		<name>g10</name>
		<pose>Unspecified</pose>
		<truncated>0</truncated>
		<difficult>0</difficult>
		<bndbox>
			<xmin>72.128</xmin>
			<ymin>675.2</ymin>
			<xmax>104.128</xmax>
			<ymax>707.2</ymax>
		</bndbox>
	</object>
	<object>
		<name>g10</name>
		<pose>Unspecified</pose>
		<truncated>0</truncated>
		<difficult>0</difficult>
		<bndbox>
			<xmin>87.68</xmin>
			<ymin>386.624</ymin>
			<xmax>119.68</xmax>
			<ymax>418.624</ymax>
		</bndbox>
	</object>
	<object>
		<name>g10</name>
		<pose>Unspecified</pose>
		<truncated>0</truncated>
		<difficult>0</difficult>
		<bndbox>
			<xmin>87.68</xmin>
			<ymin>386.278</ymin>
			<xmax>119.68</xmax>
			<ymax>418.278</ymax>
		</bndbox>
	</object>
	<object>
		<name>g7</name>
		<pose>Unspecified</pose>
		<truncated>0</truncated>
		<difficult>0</difficult>
		<bndbox>
			<xmin>235.32</xmin>
			<ymin>449.316</ymin>
			<xmax>267.32</xmax>
			<ymax>481.316</ymax>
		</bndbox>
	</object>
	<object>
		<name>g10</name>
		<pose>Unspecified</pose>
		<truncated>0</truncated>
		<difficult>0</difficult>
		<bndbox>
			<xmin>71.0912</xmin>
			<ymin>673.265</ymin>
			<xmax>103.091</xmax>
			<ymax>705.265</ymax>
		</bndbox>
	</object>
	<object>
		<name>b6</name>
		<pose>Unspecified</pose>
		<truncated>0</truncated>
		<difficult>0</difficult>
		<bndbox>
			<xmin>123.346</xmin>
			<ymin>509.036</ymin>
			<xmax>155.346</xmax>
			<ymax>541.036</ymax>
		</bndbox>
	</object>
	<object>
		<name>g10</name>
		<pose>Unspecified</pose>
		<truncated>0</truncated>
		<difficult>0</difficult>
		<bndbox>
			<xmin>83.5328</xmin>
			<ymin>364.713</ymin>
			<xmax>115.533</xmax>
			<ymax>396.713</ymax>
		</bndbox>
	</object>
	<object>
		<name>g10</name>
		<pose>Unspecified</pose>
		<truncated>0</truncated>
		<difficult>0</difficult>
		<bndbox>
			<xmin>219.893</xmin>
			<ymin>443.842</ymin>
			<xmax>251.893</xmax>
			<ymax>475.842</ymax>
		</bndbox>
	</object>
	<object>
		<name>g1</name>
		<pose>Unspecified</pose>
		<truncated>0</truncated>
		<difficult>0</difficult>
		<bndbox>
			<xmin>100.64</xmin>
			<ymin>486.56</ymin>
			<xmax>132.64</xmax>
			<ymax>518.56</ymax>
		</bndbox>
	</object>
	<object>
		<name>g7</name>
		<pose>Unspecified</pose>
		<truncated>0</truncated>
		<difficult>0</difficult>
		<bndbox>
			<xmin>224.192</xmin>
			<ymin>445.376</ymin>
			<xmax>256.192</xmax>
			<ymax>477.376</ymax>
		</bndbox>
	</object>
	<object>
		<name>g6</name>
		<pose>Unspecified</pose>
		<truncated>0</truncated>
		<difficult>0</difficult>
		<bndbox>
			<xmin>236.288</xmin>
			<ymin>450.56</ymin>
			<xmax>268.288</xmax>
			<ymax>482.56</ymax>
		</bndbox>
	</object>
	<object>
		<name>g10</name>
		<pose>Unspecified</pose>
		<truncated>0</truncated>
		<difficult>0</difficult>
		<bndbox>
			<xmin>72.128</xmin>
			<ymin>675.2</ymin>
			<xmax>104.128</xmax>
			<ymax>707.2</ymax>
		</bndbox>
	</object>
	<object>
		<name>g10</name>
		<pose>Unspecified</pose>
		<truncated>0</truncated>
		<difficult>0</difficult>
		<bndbox>
			<xmin>87.68</xmin>
			<ymin>386.624</ymin>
			<xmax>119.68</xmax>
			<ymax>418.624</ymax>
		</bndbox>
	</object>
	<object>
		<name>g10</name>
		<pose>Unspecified</pose>
		<truncated>0</truncated>
		<difficult>0</difficult>
		<bndbox>
			<xmin>87.68</xmin>
			<ymin>386.278</ymin>
			<xmax>119.68</xmax>
			<ymax>418.278</ymax>
		</bndbox>
	</object>
	<object>
		<name>g7</name>
		<pose>Unspecified</pose>
		<truncated>0</truncated>
		<difficult>0</difficult>
		<bndbox>
			<xmin>235.32</xmin>
			<ymin>449.316</ymin>
			<xmax>267.32</xmax>
			<ymax>481.316</ymax>
		</bndbox>
	</object>
	<object>
		<name>g10</name>
		<pose>Unspecified</pose>
		<truncated>0</truncated>
		<difficult>0</difficult>
		<bndbox>
			<xmin>71.0912</xmin>
			<ymin>673.265</ymin>
			<xmax>103.091</xmax>
			<ymax>705.265</ymax>
		</bndbox>
	</object>
	<object>
		<name>b6</name>
		<pose>Unspecified</pose>
		<truncated>0</truncated>
		<difficult>0</difficult>
		<bndbox>
			<xmin>123.346</xmin>
			<ymin>509.036</ymin>
			<xmax>155.346</xmax>
			<ymax>541.036</ymax>
		</bndbox>
	</object>
	<object>
		<name>g10</name>
		<pose>Unspecified</pose>
		<truncated>0</truncated>
		<difficult>0</difficult>
		<bndbox>
			<xmin>83.5328</xmin>
			<ymin>364.713</ymin>
			<xmax>115.533</xmax>
			<ymax>396.713</ymax>
		</bndbox>
	</object>
	<object>
		<name>g10</name>
		<pose>Unspecified</pose>
		<truncated>0</truncated>
		<difficult>0</difficult>
		<bndbox>
			<xmin>219.893</xmin>
			<ymin>443.842</ymin>
			<xmax>251.893</xmax>
			<ymax>475.842</ymax>
		</bndbox>
	</object>
	<object>
		<name>g1</name>
		<pose>Unspecified</pose>
		<truncated>0</truncated>
		<difficult>0</difficult>
		<bndbox>
			<xmin>100.64</xmin>
			<ymin>486.56</ymin>
			<xmax>132.64</xmax>
			<ymax>518.56</ymax>
		</bndbox>
	</object>
	<object>
		<name>g7</name>
		<pose>Unspecified</pose>
		<truncated>0</truncated>
		<difficult>0</difficult>
		<bndbox>
			<xmin>224.192</xmin>
			<ymin>445.376</ymin>
			<xmax>256.192</xmax>
			<ymax>477.376</ymax>
		</bndbox>
	</object>
	<object>
		<name>g6</name>
		<pose>Unspecified</pose>
		<truncated>0</truncated>
		<difficult>0</difficult>
		<bndbox>
			<xmin>236.288</xmin>
			<ymin>450.56</ymin>
			<xmax>268.288</xmax>
			<ymax>482.56</ymax>
		</bndbox>
	</object>
	<object>
		<name>g10</name>
		<pose>Unspecified</pose>
		<truncated>0</truncated>
		<difficult>0</difficult>
		<bndbox>
			<xmin>72.128</xmin>
			<ymin>675.2</ymin>
			<xmax>104.128</xmax>
			<ymax>707.2</ymax>
		</bndbox>
	</object>
	<object>
		<name>g10</name>
		<pose>Unspecified</pose>
		<truncated>0</truncated>
		<difficult>0</difficult>
		<bndbox>
			<xmin>87.68</xmin>
			<ymin>386.624</ymin>
			<xmax>119.68</xmax>
			<ymax>418.624</ymax>
		</bndbox>
	</object>
	<object>
		<name>g10</name>
		<pose>Unspecified</pose>
		<truncated>0</truncated>
		<difficult>0</difficult>
		<bndbox>
			<xmin>87.68</xmin>
			<ymin>386.278</ymin>
			<xmax>119.68</xmax>
			<ymax>418.278</ymax>
		</bndbox>
	</object>
	<object>
		<name>g7</name>
		<pose>Unspecified</pose>
		<truncated>0</truncated>
		<difficult>0</difficult>
		<bndbox>
			<xmin>235.32</xmin>
			<ymin>449.316</ymin>
			<xmax>267.32</xmax>
			<ymax>481.316</ymax>
		</bndbox>
	</object>
	<object>
		<name>g10</name>
		<pose>Unspecified</pose>
		<truncated>0</truncated>
		<difficult>0</difficult>
		<bndbox>
			<xmin>71.0912</xmin>
			<ymin>673.265</ymin>
			<xmax>103.091</xmax>
			<ymax>705.265</ymax>
		</bndbox>
	</object>
	<object>
		<name>b6</name>
		<pose>Unspecified</pose>
		<truncated>0</truncated>
		<difficult>0</difficult>
		<bndbox>
			<xmin>123.346</xmin>
			<ymin>509.036</ymin>
			<xmax>155.346</xmax>
			<ymax>541.036</ymax>
		</bndbox>
	</object>
	<object>
		<name>g10</name>
		<pose>Unspecified</pose>
		<truncated>0</truncated>
		<difficult>0</difficult>
		<bndbox>
			<xmin>83.5328</xmin>
			<ymin>364.713</ymin>
			<xmax>115.533</xmax>
			<ymax>396.713</ymax>
		</bndbox>
	</object>
	<object>
		<name>g10</name>
		<pose>Unspecified</pose>
		<truncated>0</truncated>
		<difficult>0</difficult>
		<bndbox>
			<xmin>219.893</xmin>
			<ymin>443.842</ymin>
			<xmax>251.893</xmax>
			<ymax>475.842</ymax>
		</bndbox>
	</object>
</annotation>
