<annotation>
	<folder>VOC2007</folder>
	<filename>000018.jpg</filename>
	<source>
		<database>My Database</database>
		<annotation>VOC2007</annotation>
		<image>flickr</image>
		<flickrid>NULL</flickrid>
	</source>
	<owner>
		<flickrid>NULL</flickrid>
		<name>shaochunyan</name>
	</owner>
	<size>
		<width>720</width>
		<height>1280</height>
		<depth>3</depth>
	</size>
	<segmented>0</segmented>
	<object>
		<name>b8</name>
		<pose>Unspecified</pose>
		<truncated>0</truncated>
		<difficult>0</difficult>
		<bndbox>
			<xmin>497</xmin>
			<ymin>341</ymin>
			<xmax>529</xmax>
			<ymax>373</ymax>
		</bndbox>
	</object>
	<object>
		<name>b9</name>
		<pose>Unspecified</pose>
		<truncated>0</truncated>
		<difficult>0</difficult>
		<bndbox>
			<xmin>497</xmin>
			<ymin>397</ymin>
			<xmax>529</xmax>
			<ymax>429</ymax>
		</bndbox>
	</object>
	<object>
		<name>b9</name>
		<pose>Unspecified</pose>
		<truncated>0</truncated>
		<difficult>0</difficult>
		<bndbox>
			<xmin>585</xmin>
			<ymin>365</ymin>
			<xmax>617</xmax>
			<ymax>397</ymax>
		</bndbox>
	</object>
	<object>
		<name>b8</name>
		<pose>Unspecified</pose>
		<truncated>0</truncated>
		<difficult>0</difficult>
		<bndbox>
			<xmin>502.4</xmin>
			<ymin>340.4</ymin>
			<xmax>534.4</xmax>
			<ymax>372.4</ymax>
		</bndbox>
	</object>
	<object>
		<name>b5</name>
		<pose>Unspecified</pose>
		<truncated>0</truncated>
		<difficult>0</difficult>
		<bndbox>
			<xmin>650</xmin>
			<ymin>377.6</ymin>
			<xmax>682</xmax>
			<ymax>409.6</ymax>
		</bndbox>
	</object>
	<object>
		<name>b8</name>
		<pose>Unspecified</pose>
		<truncated>0</truncated>
		<difficult>0</difficult>
		<bndbox>
			<xmin>542</xmin>
			<ymin>396.8</ymin>
			<xmax>574</xmax>
			<ymax>428.8</ymax>
		</bndbox>
	</object>
	<object>
		<name>b7</name>
		<pose>Unspecified</pose>
		<truncated>0</truncated>
		<difficult>0</difficult>
		<bndbox>
			<xmin>640.4</xmin>
			<ymin>444.8</ymin>
			<xmax>672.4</xmax>
			<ymax>476.8</ymax>
		</bndbox>
	</object>
	<object>
		<name>b8</name>
		<pose>Unspecified</pose>
		<truncated>0</truncated>
		<difficult>0</difficult>
		<bndbox>
			<xmin>493.76</xmin>
			<ymin>336.8</ymin>
			<xmax>525.76</xmax>
			<ymax>368.8</ymax>
		</bndbox>
	</object>
	<object>
		<name>b7</name>
		<pose>Unspecified</pose>
		<truncated>0</truncated>
		<difficult>0</difficult>
		<bndbox>
			<xmin>650.72</xmin>
			<ymin>331.04</ymin>
			<xmax>682.72</xmax>
			<ymax>363.04</ymax>
		</bndbox>
	</object>
	<object>
		<name>b8</name>
		<pose>Unspecified</pose>
		<truncated>0</truncated>
		<difficult>0</difficult>
		<bndbox>
			<xmin>508.16</xmin>
			<ymin>421.76</ymin>
			<xmax>540.16</xmax>
			<ymax>453.76</ymax>
		</bndbox>
	</object>
	<object>
		<name>b6</name>
		<pose>Unspecified</pose>
		<truncated>0</truncated>
		<difficult>0</difficult>
		<bndbox>
			<xmin>644.96</xmin>
			<ymin>309.44</ymin>
			<xmax>676.96</xmax>
			<ymax>341.44</ymax>
		</bndbox>
	</object>
	<object>
		<name>b9</name>
		<pose>Unspecified</pose>
		<truncated>0</truncated>
		<difficult>0</difficult>
		<bndbox>
			<xmin>633.728</xmin>
			<ymin>364.16</ymin>
			<xmax>665.728</xmax>
			<ymax>396.16</ymax>
		</bndbox>
	</object>
	<object>
		<name>b4</name>
		<pose>Unspecified</pose>
		<truncated>0</truncated>
		<difficult>0</difficult>
		<bndbox>
			<xmin>469.568</xmin>
			<ymin>407.36</ymin>
			<xmax>501.568</xmax>
			<ymax>439.36</ymax>
		</bndbox>
	</object>
	<object>
		<name>b4</name>
		<pose>Unspecified</pose>
		<truncated>0</truncated>
		<difficult>0</difficult>
		<bndbox>
			<xmin>464.384</xmin>
			<ymin>410.816</ymin>
			<xmax>496.384</xmax>
			<ymax>442.816</ymax>
		</bndbox>
	</object>
	<object>
		<name>b7</name>
		<pose>Unspecified</pose>
		<truncated>0</truncated>
		<difficult>0</difficult>
		<bndbox>
			<xmin>512.768</xmin>
			<ymin>426.368</ymin>
			<xmax>544.768</xmax>
			<ymax>458.368</ymax>
		</bndbox>
	</object>
	<object>
		<name>b8</name>
		<pose>Unspecified</pose>
		<truncated>0</truncated>
		<difficult>0</difficult>
		<bndbox>
			<xmin>540.416</xmin>
			<ymin>396.992</ymin>
			<xmax>572.416</xmax>
			<ymax>428.992</ymax>
		</bndbox>
	</object>
	<object>
		<name>b10</name>
		<pose>Unspecified</pose>
		<truncated>0</truncated>
		<difficult>0</difficult>
		<bndbox>
			<xmin>612.301</xmin>
			<ymin>357.248</ymin>
			<xmax>644.301</xmax>
			<ymax>389.248</ymax>
		</bndbox>
	</object>
	<object>
		<name>b7</name>
		<pose>Unspecified</pose>
		<truncated>0</truncated>
		<difficult>0</difficult>
		<bndbox>
			<xmin>529.357</xmin>
			<ymin>390.426</ymin>
			<xmax>561.357</xmax>
			<ymax>422.426</ymax>
		</bndbox>
	</object>
	<object>
		<name>b9</name>
		<pose>Unspecified</pose>
		<truncated>0</truncated>
		<difficult>0</difficult>
		<bndbox>
			<xmin>606.08</xmin>
			<ymin>346.88</ymin>
			<xmax>638.08</xmax>
			<ymax>378.88</ymax>
		</bndbox>
	</object>
	<object>
		<name>b8</name>
		<pose>Unspecified</pose>
		<truncated>0</truncated>
		<difficult>0</difficult>
		<bndbox>
			<xmin>541.798</xmin>
			<ymin>390.426</ymin>
			<xmax>573.798</xmax>
			<ymax>422.426</ymax>
		</bndbox>
	</object>
	<object>
		<name>b4</name>
		<pose>Unspecified</pose>
		<truncated>0</truncated>
		<difficult>0</difficult>
		<bndbox>
			<xmin>469.222</xmin>
			<ymin>407.014</ymin>
			<xmax>501.222</xmax>
			<ymax>439.014</ymax>
		</bndbox>
	</object>
	<object>
		<name>b9</name>
		<pose>Unspecified</pose>
		<truncated>0</truncated>
		<difficult>0</difficult>
		<bndbox>
			<xmin>599.859</xmin>
			<ymin>375.91</ymin>
			<xmax>631.859</xmax>
			<ymax>407.91</ymax>
		</bndbox>
	</object>
	<object>
		<name>b8</name>
		<pose>Unspecified</pose>
		<truncated>0</truncated>
		<difficult>0</difficult>
		<bndbox>
			<xmin>583.271</xmin>
			<ymin>417.382</ymin>
			<xmax>615.271</xmax>
			<ymax>449.382</ymax>
		</bndbox>
	</object>
	<object>
		<name>b9</name>
		<pose>Unspecified</pose>
		<truncated>0</truncated>
		<difficult>0</difficult>
		<bndbox>
			<xmin>543.872</xmin>
			<ymin>262.692</ymin>
			<xmax>575.872</xmax>
			<ymax>294.692</ymax>
		</bndbox>
	</object>
	<object>
		<name>b5</name>
		<pose>Unspecified</pose>
		<truncated>0</truncated>
		<difficult>0</difficult>
		<bndbox>
			<xmin>255.725</xmin>
			<ymin>270.655</ymin>
			<xmax>287.725</xmax>
			<ymax>302.655</ymax>
		</bndbox>
	</object>
	<object>
		<name>b8</name>
		<pose>Unspecified</pose>
		<truncated>0</truncated>
		<difficult>0</difficult>
		<bndbox>
			<xmin>497</xmin>
			<ymin>341</ymin>
			<xmax>529</xmax>
			<ymax>373</ymax>
		</bndbox>
	</object>
	<object>
		<name>b9</name>
		<pose>Unspecified</pose>
		<truncated>0</truncated>
		<difficult>0</difficult>
		<bndbox>
			<xmin>497</xmin>
			<ymin>397</ymin>
			<xmax>529</xmax>
			<ymax>429</ymax>
		</bndbox>
	</object>
	<object>
		<name>b9</name>
		<pose>Unspecified</pose>
		<truncated>0</truncated>
		<difficult>0</difficult>
		<bndbox>
			<xmin>585</xmin>
			<ymin>365</ymin>
			<xmax>617</xmax>
			<ymax>397</ymax>
		</bndbox>
	</object>
	<object>
		<name>b8</name>
		<pose>Unspecified</pose>
		<truncated>0</truncated>
		<difficult>0</difficult>
		<bndbox>
			<xmin>502.4</xmin>
			<ymin>340.4</ymin>
			<xmax>534.4</xmax>
			<ymax>372.4</ymax>
		</bndbox>
	</object>
	<object>
		<name>b5</name>
		<pose>Unspecified</pose>
		<truncated>0</truncated>
		<difficult>0</difficult>
		<bndbox>
			<xmin>650</xmin>
			<ymin>377.6</ymin>
			<xmax>682</xmax>
			<ymax>409.6</ymax>
		</bndbox>
	</object>
	<object>
		<name>b8</name>
		<pose>Unspecified</pose>
		<truncated>0</truncated>
		<difficult>0</difficult>
		<bndbox>
			<xmin>542</xmin>
			<ymin>396.8</ymin>
			<xmax>574</xmax>
			<ymax>428.8</ymax>
		</bndbox>
	</object>
	<object>
		<name>b7</name>
		<pose>Unspecified</pose>
		<truncated>0</truncated>
		<difficult>0</difficult>
		<bndbox>
			<xmin>640.4</xmin>
			<ymin>444.8</ymin>
			<xmax>672.4</xmax>
			<ymax>476.8</ymax>
		</bndbox>
	</object>
	<object>
		<name>b8</name>
		<pose>Unspecified</pose>
		<truncated>0</truncated>
		<difficult>0</difficult>
		<bndbox>
			<xmin>493.76</xmin>
			<ymin>336.8</ymin>
			<xmax>525.76</xmax>
			<ymax>368.8</ymax>
		</bndbox>
	</object>
	<object>
		<name>b7</name>
		<pose>Unspecified</pose>
		<truncated>0</truncated>
		<difficult>0</difficult>
		<bndbox>
			<xmin>650.72</xmin>
			<ymin>331.04</ymin>
			<xmax>682.72</xmax>
			<ymax>363.04</ymax>
		</bndbox>
	</object>
	<object>
		<name>b8</name>
		<pose>Unspecified</pose>
		<truncated>0</truncated>
		<difficult>0</difficult>
		<bndbox>
			<xmin>508.16</xmin>
			<ymin>421.76</ymin>
			<xmax>540.16</xmax>
			<ymax>453.76</ymax>
		</bndbox>
	</object>
	<object>
		<name>b6</name>
		<pose>Unspecified</pose>
		<truncated>0</truncated>
		<difficult>0</difficult>
		<bndbox>
			<xmin>644.96</xmin>
			<ymin>309.44</ymin>
			<xmax>676.96</xmax>
			<ymax>341.44</ymax>
		</bndbox>
	</object>
	<object>
		<name>b9</name>
		<pose>Unspecified</pose>
		<truncated>0</truncated>
		<difficult>0</difficult>
		<bndbox>
			<xmin>633.728</xmin>
			<ymin>364.16</ymin>
			<xmax>665.728</xmax>
			<ymax>396.16</ymax>
		</bndbox>
	</object>
	<object>
		<name>b4</name>
		<pose>Unspecified</pose>
		<truncated>0</truncated>
		<difficult>0</difficult>
		<bndbox>
			<xmin>469.568</xmin>
			<ymin>407.36</ymin>
			<xmax>501.568</xmax>
			<ymax>439.36</ymax>
		</bndbox>
	</object>
	<object>
		<name>b4</name>
		<pose>Unspecified</pose>
		<truncated>0</truncated>
		<difficult>0</difficult>
		<bndbox>
			<xmin>464.384</xmin>
			<ymin>410.816</ymin>
			<xmax>496.384</xmax>
			<ymax>442.816</ymax>
		</bndbox>
	</object>
	<object>
		<name>b7</name>
		<pose>Unspecified</pose>
		<truncated>0</truncated>
		<difficult>0</difficult>
		<bndbox>
			<xmin>512.768</xmin>
			<ymin>426.368</ymin>
			<xmax>544.768</xmax>
			<ymax>458.368</ymax>
		</bndbox>
	</object>
	<object>
		<name>b8</name>
		<pose>Unspecified</pose>
		<truncated>0</truncated>
		<difficult>0</difficult>
		<bndbox>
			<xmin>540.416</xmin>
			<ymin>396.992</ymin>
			<xmax>572.416</xmax>
			<ymax>428.992</ymax>
		</bndbox>
	</object>
	<object>
		<name>b10</name>
		<pose>Unspecified</pose>
		<truncated>0</truncated>
		<difficult>0</difficult>
		<bndbox>
			<xmin>612.301</xmin>
			<ymin>357.248</ymin>
			<xmax>644.301</xmax>
			<ymax>389.248</ymax>
		</bndbox>
	</object>
	<object>
		<name>b7</name>
		<pose>Unspecified</pose>
		<truncated>0</truncated>
		<difficult>0</difficult>
		<bndbox>
			<xmin>529.357</xmin>
			<ymin>390.426</ymin>
			<xmax>561.357</xmax>
			<ymax>422.426</ymax>
		</bndbox>
	</object>
	<object>
		<name>b9</name>
		<pose>Unspecified</pose>
		<truncated>0</truncated>
		<difficult>0</difficult>
		<bndbox>
			<xmin>606.08</xmin>
			<ymin>346.88</ymin>
			<xmax>638.08</xmax>
			<ymax>378.88</ymax>
		</bndbox>
	</object>
	<object>
		<name>b8</name>
		<pose>Unspecified</pose>
		<truncated>0</truncated>
		<difficult>0</difficult>
		<bndbox>
			<xmin>541.798</xmin>
			<ymin>390.426</ymin>
			<xmax>573.798</xmax>
			<ymax>422.426</ymax>
		</bndbox>
	</object>
	<object>
		<name>b4</name>
		<pose>Unspecified</pose>
		<truncated>0</truncated>
		<difficult>0</difficult>
		<bndbox>
			<xmin>469.222</xmin>
			<ymin>407.014</ymin>
			<xmax>501.222</xmax>
			<ymax>439.014</ymax>
		</bndbox>
	</object>
	<object>
		<name>b9</name>
		<pose>Unspecified</pose>
		<truncated>0</truncated>
		<difficult>0</difficult>
		<bndbox>
			<xmin>599.859</xmin>
			<ymin>375.91</ymin>
			<xmax>631.859</xmax>
			<ymax>407.91</ymax>
		</bndbox>
	</object>
	<object>
		<name>b8</name>
		<pose>Unspecified</pose>
		<truncated>0</truncated>
		<difficult>0</difficult>
		<bndbox>
			<xmin>583.271</xmin>
			<ymin>417.382</ymin>
			<xmax>615.271</xmax>
			<ymax>449.382</ymax>
		</bndbox>
	</object>
	<object>
		<name>b9</name>
		<pose>Unspecified</pose>
		<truncated>0</truncated>
		<difficult>0</difficult>
		<bndbox>
			<xmin>543.872</xmin>
			<ymin>262.692</ymin>
			<xmax>575.872</xmax>
			<ymax>294.692</ymax>
		</bndbox>
	</object>
	<object>
		<name>b5</name>
		<pose>Unspecified</pose>
		<truncated>0</truncated>
		<difficult>0</difficult>
		<bndbox>
			<xmin>255.725</xmin>
			<ymin>270.655</ymin>
			<xmax>287.725</xmax>
			<ymax>302.655</ymax>
		</bndbox>
	</object>
	<object>
		<name>b8</name>
		<pose>Unspecified</pose>
		<truncated>0</truncated>
		<difficult>0</difficult>
		<bndbox>
			<xmin>497</xmin>
			<ymin>341</ymin>
			<xmax>529</xmax>
			<ymax>373</ymax>
		</bndbox>
	</object>
	<object>
		<name>b9</name>
		<pose>Unspecified</pose>
		<truncated>0</truncated>
		<difficult>0</difficult>
		<bndbox>
			<xmin>497</xmin>
			<ymin>397</ymin>
			<xmax>529</xmax>
			<ymax>429</ymax>
		</bndbox>
	</object>
	<object>
		<name>b9</name>
		<pose>Unspecified</pose>
		<truncated>0</truncated>
		<difficult>0</difficult>
		<bndbox>
			<xmin>585</xmin>
			<ymin>365</ymin>
			<xmax>617</xmax>
			<ymax>397</ymax>
		</bndbox>
	</object>
	<object>
		<name>b8</name>
		<pose>Unspecified</pose>
		<truncated>0</truncated>
		<difficult>0</difficult>
		<bndbox>
			<xmin>502.4</xmin>
			<ymin>340.4</ymin>
			<xmax>534.4</xmax>
			<ymax>372.4</ymax>
		</bndbox>
	</object>
	<object>
		<name>b5</name>
		<pose>Unspecified</pose>
		<truncated>0</truncated>
		<difficult>0</difficult>
		<bndbox>
			<xmin>650</xmin>
			<ymin>377.6</ymin>
			<xmax>682</xmax>
			<ymax>409.6</ymax>
		</bndbox>
	</object>
	<object>
		<name>b8</name>
		<pose>Unspecified</pose>
		<truncated>0</truncated>
		<difficult>0</difficult>
		<bndbox>
			<xmin>542</xmin>
			<ymin>396.8</ymin>
			<xmax>574</xmax>
			<ymax>428.8</ymax>
		</bndbox>
	</object>
	<object>
		<name>b7</name>
		<pose>Unspecified</pose>
		<truncated>0</truncated>
		<difficult>0</difficult>
		<bndbox>
			<xmin>640.4</xmin>
			<ymin>444.8</ymin>
			<xmax>672.4</xmax>
			<ymax>476.8</ymax>
		</bndbox>
	</object>
	<object>
		<name>b8</name>
		<pose>Unspecified</pose>
		<truncated>0</truncated>
		<difficult>0</difficult>
		<bndbox>
			<xmin>493.76</xmin>
			<ymin>336.8</ymin>
			<xmax>525.76</xmax>
			<ymax>368.8</ymax>
		</bndbox>
	</object>
	<object>
		<name>b7</name>
		<pose>Unspecified</pose>
		<truncated>0</truncated>
		<difficult>0</difficult>
		<bndbox>
			<xmin>650.72</xmin>
			<ymin>331.04</ymin>
			<xmax>682.72</xmax>
			<ymax>363.04</ymax>
		</bndbox>
	</object>
	<object>
		<name>b8</name>
		<pose>Unspecified</pose>
		<truncated>0</truncated>
		<difficult>0</difficult>
		<bndbox>
			<xmin>508.16</xmin>
			<ymin>421.76</ymin>
			<xmax>540.16</xmax>
			<ymax>453.76</ymax>
		</bndbox>
	</object>
	<object>
		<name>b6</name>
		<pose>Unspecified</pose>
		<truncated>0</truncated>
		<difficult>0</difficult>
		<bndbox>
			<xmin>644.96</xmin>
			<ymin>309.44</ymin>
			<xmax>676.96</xmax>
			<ymax>341.44</ymax>
		</bndbox>
	</object>
	<object>
		<name>b9</name>
		<pose>Unspecified</pose>
		<truncated>0</truncated>
		<difficult>0</difficult>
		<bndbox>
			<xmin>633.728</xmin>
			<ymin>364.16</ymin>
			<xmax>665.728</xmax>
			<ymax>396.16</ymax>
		</bndbox>
	</object>
	<object>
		<name>b4</name>
		<pose>Unspecified</pose>
		<truncated>0</truncated>
		<difficult>0</difficult>
		<bndbox>
			<xmin>469.568</xmin>
			<ymin>407.36</ymin>
			<xmax>501.568</xmax>
			<ymax>439.36</ymax>
		</bndbox>
	</object>
	<object>
		<name>b4</name>
		<pose>Unspecified</pose>
		<truncated>0</truncated>
		<difficult>0</difficult>
		<bndbox>
			<xmin>464.384</xmin>
			<ymin>410.816</ymin>
			<xmax>496.384</xmax>
			<ymax>442.816</ymax>
		</bndbox>
	</object>
	<object>
		<name>b7</name>
		<pose>Unspecified</pose>
		<truncated>0</truncated>
		<difficult>0</difficult>
		<bndbox>
			<xmin>512.768</xmin>
			<ymin>426.368</ymin>
			<xmax>544.768</xmax>
			<ymax>458.368</ymax>
		</bndbox>
	</object>
	<object>
		<name>b8</name>
		<pose>Unspecified</pose>
		<truncated>0</truncated>
		<difficult>0</difficult>
		<bndbox>
			<xmin>540.416</xmin>
			<ymin>396.992</ymin>
			<xmax>572.416</xmax>
			<ymax>428.992</ymax>
		</bndbox>
	</object>
	<object>
		<name>b10</name>
		<pose>Unspecified</pose>
		<truncated>0</truncated>
		<difficult>0</difficult>
		<bndbox>
			<xmin>612.301</xmin>
			<ymin>357.248</ymin>
			<xmax>644.301</xmax>
			<ymax>389.248</ymax>
		</bndbox>
	</object>
	<object>
		<name>b7</name>
		<pose>Unspecified</pose>
		<truncated>0</truncated>
		<difficult>0</difficult>
		<bndbox>
			<xmin>529.357</xmin>
			<ymin>390.426</ymin>
			<xmax>561.357</xmax>
			<ymax>422.426</ymax>
		</bndbox>
	</object>
	<object>
		<name>b9</name>
		<pose>Unspecified</pose>
		<truncated>0</truncated>
		<difficult>0</difficult>
		<bndbox>
			<xmin>606.08</xmin>
			<ymin>346.88</ymin>
			<xmax>638.08</xmax>
			<ymax>378.88</ymax>
		</bndbox>
	</object>
	<object>
		<name>b8</name>
		<pose>Unspecified</pose>
		<truncated>0</truncated>
		<difficult>0</difficult>
		<bndbox>
			<xmin>541.798</xmin>
			<ymin>390.426</ymin>
			<xmax>573.798</xmax>
			<ymax>422.426</ymax>
		</bndbox>
	</object>
	<object>
		<name>b4</name>
		<pose>Unspecified</pose>
		<truncated>0</truncated>
		<difficult>0</difficult>
		<bndbox>
			<xmin>469.222</xmin>
			<ymin>407.014</ymin>
			<xmax>501.222</xmax>
			<ymax>439.014</ymax>
		</bndbox>
	</object>
	<object>
		<name>b9</name>
		<pose>Unspecified</pose>
		<truncated>0</truncated>
		<difficult>0</difficult>
		<bndbox>
			<xmin>599.859</xmin>
			<ymin>375.91</ymin>
			<xmax>631.859</xmax>
			<ymax>407.91</ymax>
		</bndbox>
	</object>
	<object>
		<name>b8</name>
		<pose>Unspecified</pose>
		<truncated>0</truncated>
		<difficult>0</difficult>
		<bndbox>
			<xmin>583.271</xmin>
			<ymin>417.382</ymin>
			<xmax>615.271</xmax>
			<ymax>449.382</ymax>
		</bndbox>
	</object>
	<object>
		<name>b9</name>
		<pose>Unspecified</pose>
		<truncated>0</truncated>
		<difficult>0</difficult>
		<bndbox>
			<xmin>543.872</xmin>
			<ymin>262.692</ymin>
			<xmax>575.872</xmax>
			<ymax>294.692</ymax>
		</bndbox>
	</object>
	<object>
		<name>b5</name>
		<pose>Unspecified</pose>
		<truncated>0</truncated>
		<difficult>0</difficult>
		<bndbox>
			<xmin>255.725</xmin>
			<ymin>270.655</ymin>
			<xmax>287.725</xmax>
			<ymax>302.655</ymax>
		</bndbox>
	</object>
</annotation>
