<annotation>
	<folder>VOC2007</folder>
	<filename>000061.jpg</filename>
	<source>
		<database>My Database</database>
		<annotation>VOC2007</annotation>
		<image>flickr</image>
		<flickrid>NULL</flickrid>
	</source>
	<owner>
		<flickrid>NULL</flickrid>
		<name>shaochunyan</name>
	</owner>
	<size>
		<width>720</width>
		<height>1280</height>
		<depth>3</depth>
	</size>
	<segmented>0</segmented>
	<object>
		<name>b8</name>
		<pose>Unspecified</pose>
		<truncated>0</truncated>
		<difficult>0</difficult>
		<bndbox>
			<xmin>546</xmin>
			<ymin>516</ymin>
			<xmax>578</xmax>
			<ymax>548</ymax>
		</bndbox>
	</object>
	<object>
		<name>b9</name>
		<pose>Unspecified</pose>
		<truncated>0</truncated>
		<difficult>0</difficult>
		<bndbox>
			<xmin>220.4</xmin>
			<ymin>162.8</ymin>
			<xmax>252.4</xmax>
			<ymax>194.8</ymax>
		</bndbox>
	</object>
	<object>
		<name>b8</name>
		<pose>Unspecified</pose>
		<truncated>0</truncated>
		<difficult>0</difficult>
		<bndbox>
			<xmin>21.2</xmin>
			<ymin>224</ymin>
			<xmax>53.2</xmax>
			<ymax>256</ymax>
		</bndbox>
	</object>
	<object>
		<name>b8</name>
		<pose>Unspecified</pose>
		<truncated>0</truncated>
		<difficult>0</difficult>
		<bndbox>
			<xmin>480.8</xmin>
			<ymin>542</ymin>
			<xmax>512.8</xmax>
			<ymax>574</ymax>
		</bndbox>
	</object>
	<object>
		<name>b7</name>
		<pose>Unspecified</pose>
		<truncated>0</truncated>
		<difficult>0</difficult>
		<bndbox>
			<xmin>555.2</xmin>
			<ymin>519.2</ymin>
			<xmax>587.2</xmax>
			<ymax>551.2</ymax>
		</bndbox>
	</object>
	<object>
		<name>g1</name>
		<pose>Unspecified</pose>
		<truncated>0</truncated>
		<difficult>0</difficult>
		<bndbox>
			<xmin>469.28</xmin>
			<ymin>493.76</ymin>
			<xmax>501.28</xmax>
			<ymax>525.76</ymax>
		</bndbox>
	</object>
	<object>
		<name>b6</name>
		<pose>Unspecified</pose>
		<truncated>0</truncated>
		<difficult>0</difficult>
		<bndbox>
			<xmin>466.112</xmin>
			<ymin>462.656</ymin>
			<xmax>498.112</xmax>
			<ymax>494.656</ymax>
		</bndbox>
	</object>
	<object>
		<name>b9</name>
		<pose>Unspecified</pose>
		<truncated>0</truncated>
		<difficult>0</difficult>
		<bndbox>
			<xmin>523.136</xmin>
			<ymin>545.6</ymin>
			<xmax>555.136</xmax>
			<ymax>577.6</ymax>
		</bndbox>
	</object>
	<object>
		<name>b7</name>
		<pose>Unspecified</pose>
		<truncated>0</truncated>
		<difficult>0</difficult>
		<bndbox>
			<xmin>521.408</xmin>
			<ymin>500.672</ymin>
			<xmax>553.408</xmax>
			<ymax>532.672</ymax>
		</bndbox>
	</object>
	<object>
		<name>b8</name>
		<pose>Unspecified</pose>
		<truncated>0</truncated>
		<difficult>0</difficult>
		<bndbox>
			<xmin>495.488</xmin>
			<ymin>466.112</ymin>
			<xmax>527.488</xmax>
			<ymax>498.112</ymax>
		</bndbox>
	</object>
	<object>
		<name>b7</name>
		<pose>Unspecified</pose>
		<truncated>0</truncated>
		<difficult>0</difficult>
		<bndbox>
			<xmin>550.784</xmin>
			<ymin>523.136</ymin>
			<xmax>582.784</xmax>
			<ymax>555.136</ymax>
		</bndbox>
	</object>
	<object>
		<name>b7</name>
		<pose>Unspecified</pose>
		<truncated>0</truncated>
		<difficult>0</difficult>
		<bndbox>
			<xmin>518.989</xmin>
			<ymin>500.326</ymin>
			<xmax>550.989</xmax>
			<ymax>532.326</ymax>
		</bndbox>
	</object>
	<object>
		<name>g4</name>
		<pose>Unspecified</pose>
		<truncated>0</truncated>
		<difficult>0</difficult>
		<bndbox>
			<xmin>465.075</xmin>
			<ymin>494.106</ymin>
			<xmax>497.075</xmax>
			<ymax>526.106</ymax>
		</bndbox>
	</object>
	<object>
		<name>b8</name>
		<pose>Unspecified</pose>
		<truncated>0</truncated>
		<difficult>0</difficult>
		<bndbox>
			<xmin>491.617</xmin>
			<ymin>506.547</ymin>
			<xmax>523.617</xmax>
			<ymax>538.547</ymax>
		</bndbox>
	</object>
	<object>
		<name>b8</name>
		<pose>Unspecified</pose>
		<truncated>0</truncated>
		<difficult>0</difficult>
		<bndbox>
			<xmin>456.98</xmin>
			<ymin>528.644</ymin>
			<xmax>488.98</xmax>
			<ymax>560.644</ymax>
		</bndbox>
	</object>
	<object>
		<name>b8</name>
		<pose>Unspecified</pose>
		<truncated>0</truncated>
		<difficult>0</difficult>
		<bndbox>
			<xmin>546</xmin>
			<ymin>516</ymin>
			<xmax>578</xmax>
			<ymax>548</ymax>
		</bndbox>
	</object>
	<object>
		<name>b9</name>
		<pose>Unspecified</pose>
		<truncated>0</truncated>
		<difficult>0</difficult>
		<bndbox>
			<xmin>220.4</xmin>
			<ymin>162.8</ymin>
			<xmax>252.4</xmax>
			<ymax>194.8</ymax>
		</bndbox>
	</object>
	<object>
		<name>b8</name>
		<pose>Unspecified</pose>
		<truncated>0</truncated>
		<difficult>0</difficult>
		<bndbox>
			<xmin>21.2</xmin>
			<ymin>224</ymin>
			<xmax>53.2</xmax>
			<ymax>256</ymax>
		</bndbox>
	</object>
	<object>
		<name>b8</name>
		<pose>Unspecified</pose>
		<truncated>0</truncated>
		<difficult>0</difficult>
		<bndbox>
			<xmin>480.8</xmin>
			<ymin>542</ymin>
			<xmax>512.8</xmax>
			<ymax>574</ymax>
		</bndbox>
	</object>
	<object>
		<name>b7</name>
		<pose>Unspecified</pose>
		<truncated>0</truncated>
		<difficult>0</difficult>
		<bndbox>
			<xmin>555.2</xmin>
			<ymin>519.2</ymin>
			<xmax>587.2</xmax>
			<ymax>551.2</ymax>
		</bndbox>
	</object>
	<object>
		<name>g1</name>
		<pose>Unspecified</pose>
		<truncated>0</truncated>
		<difficult>0</difficult>
		<bndbox>
			<xmin>469.28</xmin>
			<ymin>493.76</ymin>
			<xmax>501.28</xmax>
			<ymax>525.76</ymax>
		</bndbox>
	</object>
	<object>
		<name>b10</name>
		<pose>Unspecified</pose>
		<truncated>0</truncated>
		<difficult>0</difficult>
		<bndbox>
			<xmin>544.16</xmin>
			<ymin>449.12</ymin>
			<xmax>576.16</xmax>
			<ymax>481.12</ymax>
		</bndbox>
	</object>
	<object>
		<name>b6</name>
		<pose>Unspecified</pose>
		<truncated>0</truncated>
		<difficult>0</difficult>
		<bndbox>
			<xmin>466.112</xmin>
			<ymin>462.656</ymin>
			<xmax>498.112</xmax>
			<ymax>494.656</ymax>
		</bndbox>
	</object>
	<object>
		<name>b9</name>
		<pose>Unspecified</pose>
		<truncated>0</truncated>
		<difficult>0</difficult>
		<bndbox>
			<xmin>523.136</xmin>
			<ymin>545.6</ymin>
			<xmax>555.136</xmax>
			<ymax>577.6</ymax>
		</bndbox>
	</object>
	<object>
		<name>b7</name>
		<pose>Unspecified</pose>
		<truncated>0</truncated>
		<difficult>0</difficult>
		<bndbox>
			<xmin>521.408</xmin>
			<ymin>500.672</ymin>
			<xmax>553.408</xmax>
			<ymax>532.672</ymax>
		</bndbox>
	</object>
	<object>
		<name>b8</name>
		<pose>Unspecified</pose>
		<truncated>0</truncated>
		<difficult>0</difficult>
		<bndbox>
			<xmin>495.488</xmin>
			<ymin>466.112</ymin>
			<xmax>527.488</xmax>
			<ymax>498.112</ymax>
		</bndbox>
	</object>
	<object>
		<name>b7</name>
		<pose>Unspecified</pose>
		<truncated>0</truncated>
		<difficult>0</difficult>
		<bndbox>
			<xmin>550.784</xmin>
			<ymin>523.136</ymin>
			<xmax>582.784</xmax>
			<ymax>555.136</ymax>
		</bndbox>
	</object>
	<object>
		<name>b7</name>
		<pose>Unspecified</pose>
		<truncated>0</truncated>
		<difficult>0</difficult>
		<bndbox>
			<xmin>518.989</xmin>
			<ymin>500.326</ymin>
			<xmax>550.989</xmax>
			<ymax>532.326</ymax>
		</bndbox>
	</object>
	<object>
		<name>g4</name>
		<pose>Unspecified</pose>
		<truncated>0</truncated>
		<difficult>0</difficult>
		<bndbox>
			<xmin>465.075</xmin>
			<ymin>494.106</ymin>
			<xmax>497.075</xmax>
			<ymax>526.106</ymax>
		</bndbox>
	</object>
	<object>
		<name>b5</name>
		<pose>Unspecified</pose>
		<truncated>0</truncated>
		<difficult>0</difficult>
		<bndbox>
			<xmin>491.617</xmin>
			<ymin>506.547</ymin>
			<xmax>523.617</xmax>
			<ymax>538.547</ymax>
		</bndbox>
	</object>
	<object>
		<name>b8</name>
		<pose>Unspecified</pose>
		<truncated>0</truncated>
		<difficult>0</difficult>
		<bndbox>
			<xmin>456.98</xmin>
			<ymin>528.644</ymin>
			<xmax>488.98</xmax>
			<ymax>560.644</ymax>
		</bndbox>
	</object>
	<object>
		<name>b5</name>
		<pose>Unspecified</pose>
		<truncated>0</truncated>
		<difficult>0</difficult>
		<bndbox>
			<xmin>492.812</xmin>
			<ymin>503.561</ymin>
			<xmax>524.812</xmax>
			<ymax>535.561</ymax>
		</bndbox>
	</object>
	<object>
		<name>b8</name>
		<pose>Unspecified</pose>
		<truncated>0</truncated>
		<difficult>0</difficult>
		<bndbox>
			<xmin>546</xmin>
			<ymin>516</ymin>
			<xmax>578</xmax>
			<ymax>548</ymax>
		</bndbox>
	</object>
	<object>
		<name>b8</name>
		<pose>Unspecified</pose>
		<truncated>0</truncated>
		<difficult>0</difficult>
		<bndbox>
			<xmin>220.4</xmin>
			<ymin>162.8</ymin>
			<xmax>252.4</xmax>
			<ymax>194.8</ymax>
		</bndbox>
	</object>
	<object>
		<name>b8</name>
		<pose>Unspecified</pose>
		<truncated>0</truncated>
		<difficult>0</difficult>
		<bndbox>
			<xmin>21.2</xmin>
			<ymin>224</ymin>
			<xmax>53.2</xmax>
			<ymax>256</ymax>
		</bndbox>
	</object>
	<object>
		<name>b6</name>
		<pose>Unspecified</pose>
		<truncated>0</truncated>
		<difficult>0</difficult>
		<bndbox>
			<xmin>480.8</xmin>
			<ymin>542</ymin>
			<xmax>512.8</xmax>
			<ymax>574</ymax>
		</bndbox>
	</object>
	<object>
		<name>b7</name>
		<pose>Unspecified</pose>
		<truncated>0</truncated>
		<difficult>0</difficult>
		<bndbox>
			<xmin>555.2</xmin>
			<ymin>519.2</ymin>
			<xmax>587.2</xmax>
			<ymax>551.2</ymax>
		</bndbox>
	</object>
	<object>
		<name>b8</name>
		<pose>Unspecified</pose>
		<truncated>0</truncated>
		<difficult>0</difficult>
		<bndbox>
			<xmin>220.16</xmin>
			<ymin>162.56</ymin>
			<xmax>252.16</xmax>
			<ymax>194.56</ymax>
		</bndbox>
	</object>
	<object>
		<name>b6</name>
		<pose>Unspecified</pose>
		<truncated>0</truncated>
		<difficult>0</difficult>
		<bndbox>
			<xmin>476.48</xmin>
			<ymin>535.52</ymin>
			<xmax>508.48</xmax>
			<ymax>567.52</ymax>
		</bndbox>
	</object>
	<object>
		<name>g1</name>
		<pose>Unspecified</pose>
		<truncated>0</truncated>
		<difficult>0</difficult>
		<bndbox>
			<xmin>469.28</xmin>
			<ymin>493.76</ymin>
			<xmax>501.28</xmax>
			<ymax>525.76</ymax>
		</bndbox>
	</object>
	<object>
		<name>b10</name>
		<pose>Unspecified</pose>
		<truncated>0</truncated>
		<difficult>0</difficult>
		<bndbox>
			<xmin>544.16</xmin>
			<ymin>449.12</ymin>
			<xmax>576.16</xmax>
			<ymax>481.12</ymax>
		</bndbox>
	</object>
	<object>
		<name>b6</name>
		<pose>Unspecified</pose>
		<truncated>0</truncated>
		<difficult>0</difficult>
		<bndbox>
			<xmin>466.112</xmin>
			<ymin>462.656</ymin>
			<xmax>498.112</xmax>
			<ymax>494.656</ymax>
		</bndbox>
	</object>
	<object>
		<name>b9</name>
		<pose>Unspecified</pose>
		<truncated>0</truncated>
		<difficult>0</difficult>
		<bndbox>
			<xmin>523.136</xmin>
			<ymin>545.6</ymin>
			<xmax>555.136</xmax>
			<ymax>577.6</ymax>
		</bndbox>
	</object>
	<object>
		<name>b5</name>
		<pose>Unspecified</pose>
		<truncated>0</truncated>
		<difficult>0</difficult>
		<bndbox>
			<xmin>521.408</xmin>
			<ymin>500.672</ymin>
			<xmax>553.408</xmax>
			<ymax>532.672</ymax>
		</bndbox>
	</object>
	<object>
		<name>b8</name>
		<pose>Unspecified</pose>
		<truncated>0</truncated>
		<difficult>0</difficult>
		<bndbox>
			<xmin>495.488</xmin>
			<ymin>466.112</ymin>
			<xmax>527.488</xmax>
			<ymax>498.112</ymax>
		</bndbox>
	</object>
	<object>
		<name>b7</name>
		<pose>Unspecified</pose>
		<truncated>0</truncated>
		<difficult>0</difficult>
		<bndbox>
			<xmin>550.784</xmin>
			<ymin>523.136</ymin>
			<xmax>582.784</xmax>
			<ymax>555.136</ymax>
		</bndbox>
	</object>
	<object>
		<name>b5</name>
		<pose>Unspecified</pose>
		<truncated>0</truncated>
		<difficult>0</difficult>
		<bndbox>
			<xmin>518.989</xmin>
			<ymin>500.326</ymin>
			<xmax>550.989</xmax>
			<ymax>532.326</ymax>
		</bndbox>
	</object>
	<object>
		<name>g4</name>
		<pose>Unspecified</pose>
		<truncated>0</truncated>
		<difficult>0</difficult>
		<bndbox>
			<xmin>465.075</xmin>
			<ymin>494.106</ymin>
			<xmax>497.075</xmax>
			<ymax>526.106</ymax>
		</bndbox>
	</object>
	<object>
		<name>b8</name>
		<pose>Unspecified</pose>
		<truncated>0</truncated>
		<difficult>0</difficult>
		<bndbox>
			<xmin>577.05</xmin>
			<ymin>400.794</ymin>
			<xmax>609.05</xmax>
			<ymax>432.794</ymax>
		</bndbox>
	</object>
	<object>
		<name>b5</name>
		<pose>Unspecified</pose>
		<truncated>0</truncated>
		<difficult>0</difficult>
		<bndbox>
			<xmin>491.617</xmin>
			<ymin>506.547</ymin>
			<xmax>523.617</xmax>
			<ymax>538.547</ymax>
		</bndbox>
	</object>
	<object>
		<name>b5</name>
		<pose>Unspecified</pose>
		<truncated>0</truncated>
		<difficult>0</difficult>
		<bndbox>
			<xmin>521.477</xmin>
			<ymin>499.978</ymin>
			<xmax>553.477</xmax>
			<ymax>531.978</ymax>
		</bndbox>
	</object>
	<object>
		<name>b8</name>
		<pose>Unspecified</pose>
		<truncated>0</truncated>
		<difficult>0</difficult>
		<bndbox>
			<xmin>456.98</xmin>
			<ymin>528.644</ymin>
			<xmax>488.98</xmax>
			<ymax>560.644</ymax>
		</bndbox>
	</object>
	<object>
		<name>b5</name>
		<pose>Unspecified</pose>
		<truncated>0</truncated>
		<difficult>0</difficult>
		<bndbox>
			<xmin>492.812</xmin>
			<ymin>503.561</ymin>
			<xmax>524.812</xmax>
			<ymax>535.561</ymax>
		</bndbox>
	</object>
</annotation>
