<annotation>
	<folder>VOC2007</folder>
	<filename>000047.jpg</filename>
	<source>
		<database>My Database</database>
		<annotation>VOC2007</annotation>
		<image>flickr</image>
		<flickrid>NULL</flickrid>
	</source>
	<owner>
		<flickrid>NULL</flickrid>
		<name>shaochunyan</name>
	</owner>
	<size>
		<width>720</width>
		<height>1280</height>
		<depth>3</depth>
	</size>
	<segmented>0</segmented>
	<object>
		<name>g10</name>
		<pose>Unspecified</pose>
		<truncated>0</truncated>
		<difficult>0</difficult>
		<bndbox>
			<xmin>189</xmin>
			<ymin>182</ymin>
			<xmax>221</xmax>
			<ymax>214</ymax>
		</bndbox>
	</object>
	<object>
		<name>b8</name>
		<pose>Unspecified</pose>
		<truncated>0</truncated>
		<difficult>0</difficult>
		<bndbox>
			<xmin>126</xmin>
			<ymin>464</ymin>
			<xmax>158</xmax>
			<ymax>496</ymax>
		</bndbox>
	</object>
	<object>
		<name>b7</name>
		<pose>Unspecified</pose>
		<truncated>0</truncated>
		<difficult>0</difficult>
		<bndbox>
			<xmin>27.2</xmin>
			<ymin>329.6</ymin>
			<xmax>59.2</xmax>
			<ymax>361.6</ymax>
		</bndbox>
	</object>
	<object>
		<name>b4</name>
		<pose>Unspecified</pose>
		<truncated>0</truncated>
		<difficult>0</difficult>
		<bndbox>
			<xmin>135.2</xmin>
			<ymin>449.6</ymin>
			<xmax>167.2</xmax>
			<ymax>481.6</ymax>
		</bndbox>
	</object>
	<object>
		<name>b9</name>
		<pose>Unspecified</pose>
		<truncated>0</truncated>
		<difficult>0</difficult>
		<bndbox>
			<xmin>81.92</xmin>
			<ymin>482.24</ymin>
			<xmax>113.92</xmax>
			<ymax>514.24</ymax>
		</bndbox>
	</object>
	<object>
		<name>b9</name>
		<pose>Unspecified</pose>
		<truncated>0</truncated>
		<difficult>0</difficult>
		<bndbox>
			<xmin>611.84</xmin>
			<ymin>572.96</ymin>
			<xmax>643.84</xmax>
			<ymax>604.96</ymax>
		</bndbox>
	</object>
	<object>
		<name>b9</name>
		<pose>Unspecified</pose>
		<truncated>0</truncated>
		<difficult>0</difficult>
		<bndbox>
			<xmin>120.8</xmin>
			<ymin>472.16</ymin>
			<xmax>152.8</xmax>
			<ymax>504.16</ymax>
		</bndbox>
	</object>
	<object>
		<name>b9</name>
		<pose>Unspecified</pose>
		<truncated>0</truncated>
		<difficult>0</difficult>
		<bndbox>
			<xmin>79.04</xmin>
			<ymin>462.08</ymin>
			<xmax>111.04</xmax>
			<ymax>494.08</ymax>
		</bndbox>
	</object>
	<object>
		<name>b6</name>
		<pose>Unspecified</pose>
		<truncated>0</truncated>
		<difficult>0</difficult>
		<bndbox>
			<xmin>147.814</xmin>
			<ymin>456.781</ymin>
			<xmax>179.814</xmax>
			<ymax>488.781</ymax>
		</bndbox>
	</object>
	<object>
		<name>b9</name>
		<pose>Unspecified</pose>
		<truncated>0</truncated>
		<difficult>0</difficult>
		<bndbox>
			<xmin>193.019</xmin>
			<ymin>429.409</ymin>
			<xmax>225.019</xmax>
			<ymax>461.409</ymax>
		</bndbox>
	</object>
	<object>
		<name>b5</name>
		<pose>Unspecified</pose>
		<truncated>0</truncated>
		<difficult>0</difficult>
		<bndbox>
			<xmin>265.18</xmin>
			<ymin>528.942</ymin>
			<xmax>297.18</xmax>
			<ymax>560.942</ymax>
		</bndbox>
	</object>
	<object>
		<name>b9</name>
		<pose>Unspecified</pose>
		<truncated>0</truncated>
		<difficult>0</difficult>
		<bndbox>
			<xmin>190.033</xmin>
			<ymin>458.772</ymin>
			<xmax>222.033</xmax>
			<ymax>490.772</ymax>
		</bndbox>
	</object>
	<object>
		<name>b8</name>
		<pose>Unspecified</pose>
		<truncated>0</truncated>
		<difficult>0</difficult>
		<bndbox>
			<xmin>453.397</xmin>
			<ymin>815.298</ymin>
			<xmax>485.397</xmax>
			<ymax>847.298</ymax>
		</bndbox>
	</object>
	<object>
		<name>b8</name>
		<pose>Unspecified</pose>
		<truncated>0</truncated>
		<difficult>0</difficult>
		<bndbox>
			<xmin>464.146</xmin>
			<ymin>858.296</ymin>
			<xmax>496.146</xmax>
			<ymax>890.296</ymax>
		</bndbox>
	</object>
	<object>
		<name>b9</name>
		<pose>Unspecified</pose>
		<truncated>0</truncated>
		<difficult>0</difficult>
		<bndbox>
			<xmin>51.2</xmin>
			<ymin>375.2</ymin>
			<xmax>83.2</xmax>
			<ymax>407.2</ymax>
		</bndbox>
	</object>
	<object>
		<name>b9</name>
		<pose>Unspecified</pose>
		<truncated>0</truncated>
		<difficult>0</difficult>
		<bndbox>
			<xmin>52.4</xmin>
			<ymin>482</ymin>
			<xmax>84.4</xmax>
			<ymax>514</ymax>
		</bndbox>
	</object>
	<object>
		<name>b9</name>
		<pose>Unspecified</pose>
		<truncated>0</truncated>
		<difficult>0</difficult>
		<bndbox>
			<xmin>81.92</xmin>
			<ymin>482.24</ymin>
			<xmax>113.92</xmax>
			<ymax>514.24</ymax>
		</bndbox>
	</object>
	<object>
		<name>b9</name>
		<pose>Unspecified</pose>
		<truncated>0</truncated>
		<difficult>0</difficult>
		<bndbox>
			<xmin>152.48</xmin>
			<ymin>364.16</ymin>
			<xmax>184.48</xmax>
			<ymax>396.16</ymax>
		</bndbox>
	</object>
	<object>
		<name>b4</name>
		<pose>Unspecified</pose>
		<truncated>0</truncated>
		<difficult>0</difficult>
		<bndbox>
			<xmin>90.56</xmin>
			<ymin>430.4</ymin>
			<xmax>122.56</xmax>
			<ymax>462.4</ymax>
		</bndbox>
	</object>
	<object>
		<name>b9</name>
		<pose>Unspecified</pose>
		<truncated>0</truncated>
		<difficult>0</difficult>
		<bndbox>
			<xmin>126.56</xmin>
			<ymin>463.52</ymin>
			<xmax>158.56</xmax>
			<ymax>495.52</ymax>
		</bndbox>
	</object>
	<object>
		<name>b9</name>
		<pose>Unspecified</pose>
		<truncated>0</truncated>
		<difficult>0</difficult>
		<bndbox>
			<xmin>31.52</xmin>
			<ymin>477.92</ymin>
			<xmax>63.52</xmax>
			<ymax>509.92</ymax>
		</bndbox>
	</object>
	<object>
		<name>b9</name>
		<pose>Unspecified</pose>
		<truncated>0</truncated>
		<difficult>0</difficult>
		<bndbox>
			<xmin>611.264</xmin>
			<ymin>566.336</ymin>
			<xmax>643.264</xmax>
			<ymax>598.336</ymax>
		</bndbox>
	</object>
	<object>
		<name>g4</name>
		<pose>Unspecified</pose>
		<truncated>0</truncated>
		<difficult>0</difficult>
		<bndbox>
			<xmin>552.167</xmin>
			<ymin>645.479</ymin>
			<xmax>584.167</xmax>
			<ymax>677.479</ymax>
		</bndbox>
	</object>
	<object>
		<name>g4</name>
		<pose>Unspecified</pose>
		<truncated>0</truncated>
		<difficult>0</difficult>
		<bndbox>
			<xmin>553.825</xmin>
			<ymin>643.405</ymin>
			<xmax>585.825</xmax>
			<ymax>675.405</ymax>
		</bndbox>
	</object>
	<object>
		<name>b8</name>
		<pose>Unspecified</pose>
		<truncated>0</truncated>
		<difficult>0</difficult>
		<bndbox>
			<xmin>461.758</xmin>
			<ymin>854.912</ymin>
			<xmax>493.758</xmax>
			<ymax>886.912</ymax>
		</bndbox>
	</object>
	<object>
		<name>b8</name>
		<pose>Unspecified</pose>
		<truncated>0</truncated>
		<difficult>0</difficult>
		<bndbox>
			<xmin>155.694</xmin>
			<ymin>446.828</ymin>
			<xmax>187.694</xmax>
			<ymax>478.828</ymax>
		</bndbox>
	</object>
	<object>
		<name>b8</name>
		<pose>Unspecified</pose>
		<truncated>0</truncated>
		<difficult>0</difficult>
		<bndbox>
			<xmin>243.781</xmin>
			<ymin>530.435</ymin>
			<xmax>275.781</xmax>
			<ymax>562.435</ymax>
		</bndbox>
	</object>
	<object>
		<name>b5</name>
		<pose>Unspecified</pose>
		<truncated>0</truncated>
		<difficult>0</difficult>
		<bndbox>
			<xmin>431.898</xmin>
			<ymin>817.09</ymin>
			<xmax>463.898</xmax>
			<ymax>849.09</ymax>
		</bndbox>
	</object>
	<object>
		<name>b8</name>
		<pose>Unspecified</pose>
		<truncated>0</truncated>
		<difficult>0</difficult>
		<bndbox>
			<xmin>85.5235</xmin>
			<ymin>503.561</ymin>
			<xmax>117.523</xmax>
			<ymax>535.561</ymax>
		</bndbox>
	</object>
	<object>
		<name>b5</name>
		<pose>Unspecified</pose>
		<truncated>0</truncated>
		<difficult>0</difficult>
		<bndbox>
			<xmin>446.828</xmin>
			<ymin>823.062</ymin>
			<xmax>478.828</xmax>
			<ymax>855.062</ymax>
		</bndbox>
	</object>
	<object>
		<name>b6</name>
		<pose>Unspecified</pose>
		<truncated>0</truncated>
		<difficult>0</difficult>
		<bndbox>
			<xmin>435.481</xmin>
			<ymin>818.881</ymin>
			<xmax>467.481</xmax>
			<ymax>850.881</ymax>
		</bndbox>
	</object>
	<object>
		<name>b8</name>
		<pose>Unspecified</pose>
		<truncated>0</truncated>
		<difficult>0</difficult>
		<bndbox>
			<xmin>241.989</xmin>
			<ymin>514.311</ymin>
			<xmax>273.989</xmax>
			<ymax>546.311</ymax>
		</bndbox>
	</object>
	<object>
		<name>b4</name>
		<pose>Unspecified</pose>
		<truncated>0</truncated>
		<difficult>0</difficult>
		<bndbox>
			<xmin>666</xmin>
			<ymin>571</ymin>
			<xmax>698</xmax>
			<ymax>603</ymax>
		</bndbox>
	</object>
	<object>
		<name>b8</name>
		<pose>Unspecified</pose>
		<truncated>0</truncated>
		<difficult>0</difficult>
		<bndbox>
			<xmin>163</xmin>
			<ymin>451</ymin>
			<xmax>195</xmax>
			<ymax>483</ymax>
		</bndbox>
	</object>
	<object>
		<name>g1</name>
		<pose>Unspecified</pose>
		<truncated>0</truncated>
		<difficult>0</difficult>
		<bndbox>
			<xmin>26</xmin>
			<ymin>389</ymin>
			<xmax>58</xmax>
			<ymax>421</ymax>
		</bndbox>
	</object>
	<object>
		<name>b4</name>
		<pose>Unspecified</pose>
		<truncated>0</truncated>
		<difficult>0</difficult>
		<bndbox>
			<xmin>664</xmin>
			<ymin>559</ymin>
			<xmax>696</xmax>
			<ymax>591</ymax>
		</bndbox>
	</object>
	<object>
		<name>b8</name>
		<pose>Unspecified</pose>
		<truncated>0</truncated>
		<difficult>0</difficult>
		<bndbox>
			<xmin>171</xmin>
			<ymin>454</ymin>
			<xmax>203</xmax>
			<ymax>486</ymax>
		</bndbox>
	</object>
	<object>
		<name>g4</name>
		<pose>Unspecified</pose>
		<truncated>0</truncated>
		<difficult>0</difficult>
		<bndbox>
			<xmin>23</xmin>
			<ymin>384</ymin>
			<xmax>55</xmax>
			<ymax>416</ymax>
		</bndbox>
	</object>
	<object>
		<name>b5</name>
		<pose>Unspecified</pose>
		<truncated>0</truncated>
		<difficult>0</difficult>
		<bndbox>
			<xmin>641</xmin>
			<ymin>599</ymin>
			<xmax>673</xmax>
			<ymax>631</ymax>
		</bndbox>
	</object>
	<object>
		<name>b9</name>
		<pose>Unspecified</pose>
		<truncated>0</truncated>
		<difficult>0</difficult>
		<bndbox>
			<xmin>166</xmin>
			<ymin>363</ymin>
			<xmax>198</xmax>
			<ymax>395</ymax>
		</bndbox>
	</object>
	<object>
		<name>b6</name>
		<pose>Unspecified</pose>
		<truncated>0</truncated>
		<difficult>0</difficult>
		<bndbox>
			<xmin>639.2</xmin>
			<ymin>593.6</ymin>
			<xmax>671.2</xmax>
			<ymax>625.6</ymax>
		</bndbox>
	</object>
	<object>
		<name>b8</name>
		<pose>Unspecified</pose>
		<truncated>0</truncated>
		<difficult>0</difficult>
		<bndbox>
			<xmin>87.2</xmin>
			<ymin>448.4</ymin>
			<xmax>119.2</xmax>
			<ymax>480.4</ymax>
		</bndbox>
	</object>
	<object>
		<name>b9</name>
		<pose>Unspecified</pose>
		<truncated>0</truncated>
		<difficult>0</difficult>
		<bndbox>
			<xmin>106.4</xmin>
			<ymin>485.6</ymin>
			<xmax>138.4</xmax>
			<ymax>517.6</ymax>
		</bndbox>
	</object>
	<object>
		<name>b9</name>
		<pose>Unspecified</pose>
		<truncated>0</truncated>
		<difficult>0</difficult>
		<bndbox>
			<xmin>40.16</xmin>
			<ymin>476.48</ymin>
			<xmax>72.16</xmax>
			<ymax>508.48</ymax>
		</bndbox>
	</object>
	<object>
		<name>b4</name>
		<pose>Unspecified</pose>
		<truncated>0</truncated>
		<difficult>0</difficult>
		<bndbox>
			<xmin>89.408</xmin>
			<ymin>431.552</ymin>
			<xmax>121.408</xmax>
			<ymax>463.552</ymax>
		</bndbox>
	</object>
	<object>
		<name>b5</name>
		<pose>Unspecified</pose>
		<truncated>0</truncated>
		<difficult>0</difficult>
		<bndbox>
			<xmin>647.552</xmin>
			<ymin>569.792</ymin>
			<xmax>679.552</xmax>
			<ymax>601.792</ymax>
		</bndbox>
	</object>
	<object>
		<name>b8</name>
		<pose>Unspecified</pose>
		<truncated>0</truncated>
		<difficult>0</difficult>
		<bndbox>
			<xmin>230.758</xmin>
			<ymin>516.915</ymin>
			<xmax>262.758</xmax>
			<ymax>548.915</ymax>
		</bndbox>
	</object>
	<object>
		<name>b8</name>
		<pose>Unspecified</pose>
		<truncated>0</truncated>
		<difficult>0</difficult>
		<bndbox>
			<xmin>135.373</xmin>
			<ymin>448.486</ymin>
			<xmax>167.373</xmax>
			<ymax>480.486</ymax>
		</bndbox>
	</object>
	<object>
		<name>b9</name>
		<pose>Unspecified</pose>
		<truncated>0</truncated>
		<difficult>0</difficult>
		<bndbox>
			<xmin>86.0211</xmin>
			<ymin>411.991</ymin>
			<xmax>118.021</xmax>
			<ymax>443.991</ymax>
		</bndbox>
	</object>
	<object>
		<name>b5</name>
		<pose>Unspecified</pose>
		<truncated>0</truncated>
		<difficult>0</difficult>
		<bndbox>
			<xmin>265.18</xmin>
			<ymin>528.942</ymin>
			<xmax>297.18</xmax>
			<ymax>560.942</ymax>
		</bndbox>
	</object>
	<object>
		<name>b5</name>
		<pose>Unspecified</pose>
		<truncated>0</truncated>
		<difficult>0</difficult>
		<bndbox>
			<xmin>390.094</xmin>
			<ymin>751.398</ymin>
			<xmax>422.094</xmax>
			<ymax>783.398</ymax>
		</bndbox>
	</object>
	<object>
		<name>b5</name>
		<pose>Unspecified</pose>
		<truncated>0</truncated>
		<difficult>0</difficult>
		<bndbox>
			<xmin>578.808</xmin>
			<ymin>643.305</ymin>
			<xmax>610.808</xmax>
			<ymax>675.305</ymax>
		</bndbox>
	</object>
</annotation>
