<annotation>
	<folder>VOC2007</folder>
	<filename>000056.jpg</filename>
	<source>
		<database>My Database</database>
		<annotation>VOC2007</annotation>
		<image>flickr</image>
		<flickrid>NULL</flickrid>
	</source>
	<owner>
		<flickrid>NULL</flickrid>
		<name>shaochunyan</name>
	</owner>
	<size>
		<width>720</width>
		<height>1280</height>
		<depth>3</depth>
	</size>
	<segmented>0</segmented>
	<object>
		<name>g1</name>
		<pose>Unspecified</pose>
		<truncated>0</truncated>
		<difficult>0</difficult>
		<bndbox>
			<xmin>528</xmin>
			<ymin>448</ymin>
			<xmax>560</xmax>
			<ymax>480</ymax>
		</bndbox>
	</object>
	<object>
		<name>b6</name>
		<pose>Unspecified</pose>
		<truncated>0</truncated>
		<difficult>0</difficult>
		<bndbox>
			<xmin>612</xmin>
			<ymin>393</ymin>
			<xmax>644</xmax>
			<ymax>425</ymax>
		</bndbox>
	</object>
	<object>
		<name>b9</name>
		<pose>Unspecified</pose>
		<truncated>0</truncated>
		<difficult>0</difficult>
		<bndbox>
			<xmin>513</xmin>
			<ymin>499</ymin>
			<xmax>545</xmax>
			<ymax>531</ymax>
		</bndbox>
	</object>
	<object>
		<name>b9</name>
		<pose>Unspecified</pose>
		<truncated>0</truncated>
		<difficult>0</difficult>
		<bndbox>
			<xmin>491.6</xmin>
			<ymin>540.8</ymin>
			<xmax>523.6</xmax>
			<ymax>572.8</ymax>
		</bndbox>
	</object>
	<object>
		<name>b7</name>
		<pose>Unspecified</pose>
		<truncated>0</truncated>
		<difficult>0</difficult>
		<bndbox>
			<xmin>621.92</xmin>
			<ymin>454.88</ymin>
			<xmax>653.92</xmax>
			<ymax>486.88</ymax>
		</bndbox>
	</object>
	<object>
		<name>b8</name>
		<pose>Unspecified</pose>
		<truncated>0</truncated>
		<difficult>0</difficult>
		<bndbox>
			<xmin>404.48</xmin>
			<ymin>583.04</ymin>
			<xmax>436.48</xmax>
			<ymax>615.04</ymax>
		</bndbox>
	</object>
	<object>
		<name>b8</name>
		<pose>Unspecified</pose>
		<truncated>0</truncated>
		<difficult>0</difficult>
		<bndbox>
			<xmin>518.24</xmin>
			<ymin>525.44</ymin>
			<xmax>550.24</xmax>
			<ymax>557.44</ymax>
		</bndbox>
	</object>
	<object>
		<name>b7</name>
		<pose>Unspecified</pose>
		<truncated>0</truncated>
		<difficult>0</difficult>
		<bndbox>
			<xmin>492.32</xmin>
			<ymin>499.52</ymin>
			<xmax>524.32</xmax>
			<ymax>531.52</ymax>
		</bndbox>
	</object>
	<object>
		<name>b8</name>
		<pose>Unspecified</pose>
		<truncated>0</truncated>
		<difficult>0</difficult>
		<bndbox>
			<xmin>617.6</xmin>
			<ymin>367.04</ymin>
			<xmax>649.6</xmax>
			<ymax>399.04</ymax>
		</bndbox>
	</object>
	<object>
		<name>b9</name>
		<pose>Unspecified</pose>
		<truncated>0</truncated>
		<difficult>0</difficult>
		<bndbox>
			<xmin>518.989</xmin>
			<ymin>476.687</ymin>
			<xmax>550.989</xmax>
			<ymax>508.687</ymax>
		</bndbox>
	</object>
	<object>
		<name>b6</name>
		<pose>Unspecified</pose>
		<truncated>0</truncated>
		<difficult>0</difficult>
		<bndbox>
			<xmin>307.482</xmin>
			<ymin>71.0912</ymin>
			<xmax>339.482</xmax>
			<ymax>103.091</ymax>
		</bndbox>
	</object>
	<object>
		<name>b4</name>
		<pose>Unspecified</pose>
		<truncated>0</truncated>
		<difficult>0</difficult>
		<bndbox>
			<xmin>81.0445</xmin>
			<ymin>703.125</ymin>
			<xmax>113.045</xmax>
			<ymax>735.125</ymax>
		</bndbox>
	</object>
	<object>
		<name>b5</name>
		<pose>Unspecified</pose>
		<truncated>0</truncated>
		<difficult>0</difficult>
		<bndbox>
			<xmin>410.996</xmin>
			<ymin>533.421</ymin>
			<xmax>442.996</xmax>
			<ymax>565.421</ymax>
		</bndbox>
	</object>
	<object>
		<name>b6</name>
		<pose>Unspecified</pose>
		<truncated>0</truncated>
		<difficult>0</difficult>
		<bndbox>
			<xmin>539.393</xmin>
			<ymin>470.716</ymin>
			<xmax>571.393</xmax>
			<ymax>502.716</ymax>
		</bndbox>
	</object>
	<object>
		<name>b7</name>
		<pose>Unspecified</pose>
		<truncated>0</truncated>
		<difficult>0</difficult>
		<bndbox>
			<xmin>489.229</xmin>
			<ymin>499.978</ymin>
			<xmax>521.229</xmax>
			<ymax>531.978</ymax>
		</bndbox>
	</object>
	<object>
		<name>b5</name>
		<pose>Unspecified</pose>
		<truncated>0</truncated>
		<difficult>0</difficult>
		<bndbox>
			<xmin>403.232</xmin>
			<ymin>539.393</ymin>
			<xmax>435.232</xmax>
			<ymax>571.393</ymax>
		</bndbox>
	</object>
	<object>
		<name>b8</name>
		<pose>Unspecified</pose>
		<truncated>0</truncated>
		<difficult>0</difficult>
		<bndbox>
			<xmin>517.894</xmin>
			<ymin>521.477</ymin>
			<xmax>549.894</xmax>
			<ymax>553.477</ymax>
		</bndbox>
	</object>
	<object>
		<name>b7</name>
		<pose>Unspecified</pose>
		<truncated>0</truncated>
		<difficult>0</difficult>
		<bndbox>
			<xmin>539.393</xmin>
			<ymin>442.647</ymin>
			<xmax>571.393</xmax>
			<ymax>474.647</ymax>
		</bndbox>
	</object>
	<object>
		<name>g1</name>
		<pose>Unspecified</pose>
		<truncated>0</truncated>
		<difficult>0</difficult>
		<bndbox>
			<xmin>528</xmin>
			<ymin>448</ymin>
			<xmax>560</xmax>
			<ymax>480</ymax>
		</bndbox>
	</object>
	<object>
		<name>b6</name>
		<pose>Unspecified</pose>
		<truncated>0</truncated>
		<difficult>0</difficult>
		<bndbox>
			<xmin>612</xmin>
			<ymin>393</ymin>
			<xmax>644</xmax>
			<ymax>425</ymax>
		</bndbox>
	</object>
	<object>
		<name>b9</name>
		<pose>Unspecified</pose>
		<truncated>0</truncated>
		<difficult>0</difficult>
		<bndbox>
			<xmin>513</xmin>
			<ymin>499</ymin>
			<xmax>545</xmax>
			<ymax>531</ymax>
		</bndbox>
	</object>
	<object>
		<name>b9</name>
		<pose>Unspecified</pose>
		<truncated>0</truncated>
		<difficult>0</difficult>
		<bndbox>
			<xmin>491.6</xmin>
			<ymin>540.8</ymin>
			<xmax>523.6</xmax>
			<ymax>572.8</ymax>
		</bndbox>
	</object>
	<object>
		<name>b7</name>
		<pose>Unspecified</pose>
		<truncated>0</truncated>
		<difficult>0</difficult>
		<bndbox>
			<xmin>621.92</xmin>
			<ymin>454.88</ymin>
			<xmax>653.92</xmax>
			<ymax>486.88</ymax>
		</bndbox>
	</object>
	<object>
		<name>b8</name>
		<pose>Unspecified</pose>
		<truncated>0</truncated>
		<difficult>0</difficult>
		<bndbox>
			<xmin>404.48</xmin>
			<ymin>583.04</ymin>
			<xmax>436.48</xmax>
			<ymax>615.04</ymax>
		</bndbox>
	</object>
	<object>
		<name>b8</name>
		<pose>Unspecified</pose>
		<truncated>0</truncated>
		<difficult>0</difficult>
		<bndbox>
			<xmin>518.24</xmin>
			<ymin>525.44</ymin>
			<xmax>550.24</xmax>
			<ymax>557.44</ymax>
		</bndbox>
	</object>
	<object>
		<name>b7</name>
		<pose>Unspecified</pose>
		<truncated>0</truncated>
		<difficult>0</difficult>
		<bndbox>
			<xmin>492.32</xmin>
			<ymin>499.52</ymin>
			<xmax>524.32</xmax>
			<ymax>531.52</ymax>
		</bndbox>
	</object>
	<object>
		<name>b8</name>
		<pose>Unspecified</pose>
		<truncated>0</truncated>
		<difficult>0</difficult>
		<bndbox>
			<xmin>617.6</xmin>
			<ymin>367.04</ymin>
			<xmax>649.6</xmax>
			<ymax>399.04</ymax>
		</bndbox>
	</object>
	<object>
		<name>b9</name>
		<pose>Unspecified</pose>
		<truncated>0</truncated>
		<difficult>0</difficult>
		<bndbox>
			<xmin>518.989</xmin>
			<ymin>476.687</ymin>
			<xmax>550.989</xmax>
			<ymax>508.687</ymax>
		</bndbox>
	</object>
	<object>
		<name>b6</name>
		<pose>Unspecified</pose>
		<truncated>0</truncated>
		<difficult>0</difficult>
		<bndbox>
			<xmin>307.482</xmin>
			<ymin>71.0912</ymin>
			<xmax>339.482</xmax>
			<ymax>103.091</ymax>
		</bndbox>
	</object>
	<object>
		<name>b4</name>
		<pose>Unspecified</pose>
		<truncated>0</truncated>
		<difficult>0</difficult>
		<bndbox>
			<xmin>81.0445</xmin>
			<ymin>703.125</ymin>
			<xmax>113.045</xmax>
			<ymax>735.125</ymax>
		</bndbox>
	</object>
	<object>
		<name>b5</name>
		<pose>Unspecified</pose>
		<truncated>0</truncated>
		<difficult>0</difficult>
		<bndbox>
			<xmin>410.996</xmin>
			<ymin>533.421</ymin>
			<xmax>442.996</xmax>
			<ymax>565.421</ymax>
		</bndbox>
	</object>
	<object>
		<name>b6</name>
		<pose>Unspecified</pose>
		<truncated>0</truncated>
		<difficult>0</difficult>
		<bndbox>
			<xmin>539.393</xmin>
			<ymin>470.716</ymin>
			<xmax>571.393</xmax>
			<ymax>502.716</ymax>
		</bndbox>
	</object>
	<object>
		<name>b7</name>
		<pose>Unspecified</pose>
		<truncated>0</truncated>
		<difficult>0</difficult>
		<bndbox>
			<xmin>489.229</xmin>
			<ymin>499.978</ymin>
			<xmax>521.229</xmax>
			<ymax>531.978</ymax>
		</bndbox>
	</object>
	<object>
		<name>b5</name>
		<pose>Unspecified</pose>
		<truncated>0</truncated>
		<difficult>0</difficult>
		<bndbox>
			<xmin>403.232</xmin>
			<ymin>539.393</ymin>
			<xmax>435.232</xmax>
			<ymax>571.393</ymax>
		</bndbox>
	</object>
	<object>
		<name>b8</name>
		<pose>Unspecified</pose>
		<truncated>0</truncated>
		<difficult>0</difficult>
		<bndbox>
			<xmin>517.894</xmin>
			<ymin>521.477</ymin>
			<xmax>549.894</xmax>
			<ymax>553.477</ymax>
		</bndbox>
	</object>
	<object>
		<name>b7</name>
		<pose>Unspecified</pose>
		<truncated>0</truncated>
		<difficult>0</difficult>
		<bndbox>
			<xmin>539.393</xmin>
			<ymin>442.647</ymin>
			<xmax>571.393</xmax>
			<ymax>474.647</ymax>
		</bndbox>
	</object>
	<object>
		<name>g1</name>
		<pose>Unspecified</pose>
		<truncated>0</truncated>
		<difficult>0</difficult>
		<bndbox>
			<xmin>528</xmin>
			<ymin>448</ymin>
			<xmax>560</xmax>
			<ymax>480</ymax>
		</bndbox>
	</object>
	<object>
		<name>b6</name>
		<pose>Unspecified</pose>
		<truncated>0</truncated>
		<difficult>0</difficult>
		<bndbox>
			<xmin>612</xmin>
			<ymin>393</ymin>
			<xmax>644</xmax>
			<ymax>425</ymax>
		</bndbox>
	</object>
	<object>
		<name>b9</name>
		<pose>Unspecified</pose>
		<truncated>0</truncated>
		<difficult>0</difficult>
		<bndbox>
			<xmin>513</xmin>
			<ymin>499</ymin>
			<xmax>545</xmax>
			<ymax>531</ymax>
		</bndbox>
	</object>
	<object>
		<name>b9</name>
		<pose>Unspecified</pose>
		<truncated>0</truncated>
		<difficult>0</difficult>
		<bndbox>
			<xmin>491.6</xmin>
			<ymin>540.8</ymin>
			<xmax>523.6</xmax>
			<ymax>572.8</ymax>
		</bndbox>
	</object>
	<object>
		<name>b7</name>
		<pose>Unspecified</pose>
		<truncated>0</truncated>
		<difficult>0</difficult>
		<bndbox>
			<xmin>621.92</xmin>
			<ymin>454.88</ymin>
			<xmax>653.92</xmax>
			<ymax>486.88</ymax>
		</bndbox>
	</object>
	<object>
		<name>b8</name>
		<pose>Unspecified</pose>
		<truncated>0</truncated>
		<difficult>0</difficult>
		<bndbox>
			<xmin>404.48</xmin>
			<ymin>583.04</ymin>
			<xmax>436.48</xmax>
			<ymax>615.04</ymax>
		</bndbox>
	</object>
	<object>
		<name>b8</name>
		<pose>Unspecified</pose>
		<truncated>0</truncated>
		<difficult>0</difficult>
		<bndbox>
			<xmin>518.24</xmin>
			<ymin>525.44</ymin>
			<xmax>550.24</xmax>
			<ymax>557.44</ymax>
		</bndbox>
	</object>
	<object>
		<name>b7</name>
		<pose>Unspecified</pose>
		<truncated>0</truncated>
		<difficult>0</difficult>
		<bndbox>
			<xmin>492.32</xmin>
			<ymin>499.52</ymin>
			<xmax>524.32</xmax>
			<ymax>531.52</ymax>
		</bndbox>
	</object>
	<object>
		<name>b8</name>
		<pose>Unspecified</pose>
		<truncated>0</truncated>
		<difficult>0</difficult>
		<bndbox>
			<xmin>617.6</xmin>
			<ymin>367.04</ymin>
			<xmax>649.6</xmax>
			<ymax>399.04</ymax>
		</bndbox>
	</object>
	<object>
		<name>b9</name>
		<pose>Unspecified</pose>
		<truncated>0</truncated>
		<difficult>0</difficult>
		<bndbox>
			<xmin>518.989</xmin>
			<ymin>476.687</ymin>
			<xmax>550.989</xmax>
			<ymax>508.687</ymax>
		</bndbox>
	</object>
	<object>
		<name>b6</name>
		<pose>Unspecified</pose>
		<truncated>0</truncated>
		<difficult>0</difficult>
		<bndbox>
			<xmin>307.482</xmin>
			<ymin>71.0912</ymin>
			<xmax>339.482</xmax>
			<ymax>103.091</ymax>
		</bndbox>
	</object>
	<object>
		<name>b4</name>
		<pose>Unspecified</pose>
		<truncated>0</truncated>
		<difficult>0</difficult>
		<bndbox>
			<xmin>81.0445</xmin>
			<ymin>703.125</ymin>
			<xmax>113.045</xmax>
			<ymax>735.125</ymax>
		</bndbox>
	</object>
	<object>
		<name>b5</name>
		<pose>Unspecified</pose>
		<truncated>0</truncated>
		<difficult>0</difficult>
		<bndbox>
			<xmin>410.996</xmin>
			<ymin>533.421</ymin>
			<xmax>442.996</xmax>
			<ymax>565.421</ymax>
		</bndbox>
	</object>
	<object>
		<name>b6</name>
		<pose>Unspecified</pose>
		<truncated>0</truncated>
		<difficult>0</difficult>
		<bndbox>
			<xmin>539.393</xmin>
			<ymin>470.716</ymin>
			<xmax>571.393</xmax>
			<ymax>502.716</ymax>
		</bndbox>
	</object>
	<object>
		<name>b7</name>
		<pose>Unspecified</pose>
		<truncated>0</truncated>
		<difficult>0</difficult>
		<bndbox>
			<xmin>489.229</xmin>
			<ymin>499.978</ymin>
			<xmax>521.229</xmax>
			<ymax>531.978</ymax>
		</bndbox>
	</object>
	<object>
		<name>b5</name>
		<pose>Unspecified</pose>
		<truncated>0</truncated>
		<difficult>0</difficult>
		<bndbox>
			<xmin>403.232</xmin>
			<ymin>539.393</ymin>
			<xmax>435.232</xmax>
			<ymax>571.393</ymax>
		</bndbox>
	</object>
	<object>
		<name>b8</name>
		<pose>Unspecified</pose>
		<truncated>0</truncated>
		<difficult>0</difficult>
		<bndbox>
			<xmin>517.894</xmin>
			<ymin>521.477</ymin>
			<xmax>549.894</xmax>
			<ymax>553.477</ymax>
		</bndbox>
	</object>
	<object>
		<name>b7</name>
		<pose>Unspecified</pose>
		<truncated>0</truncated>
		<difficult>0</difficult>
		<bndbox>
			<xmin>539.393</xmin>
			<ymin>442.647</ymin>
			<xmax>571.393</xmax>
			<ymax>474.647</ymax>
		</bndbox>
	</object>
</annotation>
