<annotation>
	<folder>VOC2007</folder>
	<filename>000074.jpg</filename>
	<source>
		<database>My Database</database>
		<annotation>VOC2007</annotation>
		<image>flickr</image>
		<flickrid>NULL</flickrid>
	</source>
	<owner>
		<flickrid>NULL</flickrid>
		<name>shaochunyan</name>
	</owner>
	<size>
		<width>720</width>
		<height>1280</height>
		<depth>3</depth>
	</size>
	<segmented>0</segmented>
	<object>
		<name>b8</name>
		<pose>Unspecified</pose>
		<truncated>0</truncated>
		<difficult>0</difficult>
		<bndbox>
			<xmin>54</xmin>
			<ymin>299</ymin>
			<xmax>86</xmax>
			<ymax>331</ymax>
		</bndbox>
	</object>
	<object>
		<name>b5</name>
		<pose>Unspecified</pose>
		<truncated>0</truncated>
		<difficult>0</difficult>
		<bndbox>
			<xmin>154.4</xmin>
			<ymin>316.4</ymin>
			<xmax>186.4</xmax>
			<ymax>348.4</ymax>
		</bndbox>
	</object>
	<object>
		<name>b8</name>
		<pose>Unspecified</pose>
		<truncated>0</truncated>
		<difficult>0</difficult>
		<bndbox>
			<xmin>312.8</xmin>
			<ymin>321.2</ymin>
			<xmax>344.8</xmax>
			<ymax>353.2</ymax>
		</bndbox>
	</object>
	<object>
		<name>b9</name>
		<pose>Unspecified</pose>
		<truncated>0</truncated>
		<difficult>0</difficult>
		<bndbox>
			<xmin>308</xmin>
			<ymin>300.8</ymin>
			<xmax>340</xmax>
			<ymax>332.8</ymax>
		</bndbox>
	</object>
	<object>
		<name>b8</name>
		<pose>Unspecified</pose>
		<truncated>0</truncated>
		<difficult>0</difficult>
		<bndbox>
			<xmin>140</xmin>
			<ymin>202.4</ymin>
			<xmax>172</xmax>
			<ymax>234.4</ymax>
		</bndbox>
	</object>
	<object>
		<name>b7</name>
		<pose>Unspecified</pose>
		<truncated>0</truncated>
		<difficult>0</difficult>
		<bndbox>
			<xmin>248.384</xmin>
			<ymin>117.056</ymin>
			<xmax>280.384</xmax>
			<ymax>149.056</ymax>
		</bndbox>
	</object>
	<object>
		<name>b9</name>
		<pose>Unspecified</pose>
		<truncated>0</truncated>
		<difficult>0</difficult>
		<bndbox>
			<xmin>72.128</xmin>
			<ymin>246.656</ymin>
			<xmax>104.128</xmax>
			<ymax>278.656</ymax>
		</bndbox>
	</object>
	<object>
		<name>b8</name>
		<pose>Unspecified</pose>
		<truncated>0</truncated>
		<difficult>0</difficult>
		<bndbox>
			<xmin>84.224</xmin>
			<ymin>324.416</ymin>
			<xmax>116.224</xmax>
			<ymax>356.416</ymax>
		</bndbox>
	</object>
	<object>
		<name>b9</name>
		<pose>Unspecified</pose>
		<truncated>0</truncated>
		<difficult>0</difficult>
		<bndbox>
			<xmin>268.083</xmin>
			<ymin>324.07</ymin>
			<xmax>300.083</xmax>
			<ymax>356.07</ymax>
		</bndbox>
	</object>
	<object>
		<name>b2</name>
		<pose>Unspecified</pose>
		<truncated>0</truncated>
		<difficult>0</difficult>
		<bndbox>
			<xmin>162.33</xmin>
			<ymin>288.819</ymin>
			<xmax>194.33</xmax>
			<ymax>320.819</ymax>
		</bndbox>
	</object>
	<object>
		<name>b5</name>
		<pose>Unspecified</pose>
		<truncated>0</truncated>
		<difficult>0</difficult>
		<bndbox>
			<xmin>176.845</xmin>
			<ymin>305.408</ymin>
			<xmax>208.845</xmax>
			<ymax>337.408</ymax>
		</bndbox>
	</object>
	<object>
		<name>b8</name>
		<pose>Unspecified</pose>
		<truncated>0</truncated>
		<difficult>0</difficult>
		<bndbox>
			<xmin>307.482</xmin>
			<ymin>324.9</ymin>
			<xmax>339.482</xmax>
			<ymax>356.9</ymax>
		</bndbox>
	</object>
	<object>
		<name>b9</name>
		<pose>Unspecified</pose>
		<truncated>0</truncated>
		<difficult>0</difficult>
		<bndbox>
			<xmin>267.669</xmin>
			<ymin>324.9</ymin>
			<xmax>299.669</xmax>
			<ymax>356.9</ymax>
		</bndbox>
	</object>
	<object>
		<name>b4</name>
		<pose>Unspecified</pose>
		<truncated>0</truncated>
		<difficult>0</difficult>
		<bndbox>
			<xmin>160.173</xmin>
			<ymin>285.584</ymin>
			<xmax>192.173</xmax>
			<ymax>317.584</ymax>
		</bndbox>
	</object>
	<object>
		<name>b8</name>
		<pose>Unspecified</pose>
		<truncated>0</truncated>
		<difficult>0</difficult>
		<bndbox>
			<xmin>342.318</xmin>
			<ymin>317.236</ymin>
			<xmax>374.318</xmax>
			<ymax>349.236</ymax>
		</bndbox>
	</object>
	<object>
		<name>b7</name>
		<pose>Unspecified</pose>
		<truncated>0</truncated>
		<difficult>0</difficult>
		<bndbox>
			<xmin>159.576</xmin>
			<ymin>335.152</ymin>
			<xmax>191.576</xmax>
			<ymax>367.152</ymax>
		</bndbox>
	</object>
	<object>
		<name>b4</name>
		<pose>Unspecified</pose>
		<truncated>0</truncated>
		<difficult>0</difficult>
		<bndbox>
			<xmin>163.159</xmin>
			<ymin>302.903</ymin>
			<xmax>195.159</xmax>
			<ymax>334.903</ymax>
		</bndbox>
	</object>
	<object>
		<name>b5</name>
		<pose>Unspecified</pose>
		<truncated>0</truncated>
		<difficult>0</difficult>
		<bndbox>
			<xmin>130.91</xmin>
			<ymin>252.739</ymin>
			<xmax>162.91</xmax>
			<ymax>284.739</ymax>
		</bndbox>
	</object>
	<object>
		<name>b4</name>
		<pose>Unspecified</pose>
		<truncated>0</truncated>
		<difficult>0</difficult>
		<bndbox>
			<xmin>155.993</xmin>
			<ymin>284.987</ymin>
			<xmax>187.993</xmax>
			<ymax>316.987</ymax>
		</bndbox>
	</object>
	<object>
		<name>b8</name>
		<pose>Unspecified</pose>
		<truncated>0</truncated>
		<difficult>0</difficult>
		<bndbox>
			<xmin>54</xmin>
			<ymin>299</ymin>
			<xmax>86</xmax>
			<ymax>331</ymax>
		</bndbox>
	</object>
	<object>
		<name>b5</name>
		<pose>Unspecified</pose>
		<truncated>0</truncated>
		<difficult>0</difficult>
		<bndbox>
			<xmin>154.4</xmin>
			<ymin>316.4</ymin>
			<xmax>186.4</xmax>
			<ymax>348.4</ymax>
		</bndbox>
	</object>
	<object>
		<name>b8</name>
		<pose>Unspecified</pose>
		<truncated>0</truncated>
		<difficult>0</difficult>
		<bndbox>
			<xmin>312.8</xmin>
			<ymin>321.2</ymin>
			<xmax>344.8</xmax>
			<ymax>353.2</ymax>
		</bndbox>
	</object>
	<object>
		<name>b9</name>
		<pose>Unspecified</pose>
		<truncated>0</truncated>
		<difficult>0</difficult>
		<bndbox>
			<xmin>308</xmin>
			<ymin>300.8</ymin>
			<xmax>340</xmax>
			<ymax>332.8</ymax>
		</bndbox>
	</object>
	<object>
		<name>b8</name>
		<pose>Unspecified</pose>
		<truncated>0</truncated>
		<difficult>0</difficult>
		<bndbox>
			<xmin>140</xmin>
			<ymin>202.4</ymin>
			<xmax>172</xmax>
			<ymax>234.4</ymax>
		</bndbox>
	</object>
	<object>
		<name>b7</name>
		<pose>Unspecified</pose>
		<truncated>0</truncated>
		<difficult>0</difficult>
		<bndbox>
			<xmin>248.384</xmin>
			<ymin>117.056</ymin>
			<xmax>280.384</xmax>
			<ymax>149.056</ymax>
		</bndbox>
	</object>
	<object>
		<name>b9</name>
		<pose>Unspecified</pose>
		<truncated>0</truncated>
		<difficult>0</difficult>
		<bndbox>
			<xmin>72.128</xmin>
			<ymin>246.656</ymin>
			<xmax>104.128</xmax>
			<ymax>278.656</ymax>
		</bndbox>
	</object>
	<object>
		<name>b8</name>
		<pose>Unspecified</pose>
		<truncated>0</truncated>
		<difficult>0</difficult>
		<bndbox>
			<xmin>84.224</xmin>
			<ymin>324.416</ymin>
			<xmax>116.224</xmax>
			<ymax>356.416</ymax>
		</bndbox>
	</object>
	<object>
		<name>b9</name>
		<pose>Unspecified</pose>
		<truncated>0</truncated>
		<difficult>0</difficult>
		<bndbox>
			<xmin>268.083</xmin>
			<ymin>324.07</ymin>
			<xmax>300.083</xmax>
			<ymax>356.07</ymax>
		</bndbox>
	</object>
	<object>
		<name>b2</name>
		<pose>Unspecified</pose>
		<truncated>0</truncated>
		<difficult>0</difficult>
		<bndbox>
			<xmin>162.33</xmin>
			<ymin>288.819</ymin>
			<xmax>194.33</xmax>
			<ymax>320.819</ymax>
		</bndbox>
	</object>
	<object>
		<name>b5</name>
		<pose>Unspecified</pose>
		<truncated>0</truncated>
		<difficult>0</difficult>
		<bndbox>
			<xmin>176.845</xmin>
			<ymin>305.408</ymin>
			<xmax>208.845</xmax>
			<ymax>337.408</ymax>
		</bndbox>
	</object>
	<object>
		<name>b8</name>
		<pose>Unspecified</pose>
		<truncated>0</truncated>
		<difficult>0</difficult>
		<bndbox>
			<xmin>307.482</xmin>
			<ymin>324.9</ymin>
			<xmax>339.482</xmax>
			<ymax>356.9</ymax>
		</bndbox>
	</object>
	<object>
		<name>b9</name>
		<pose>Unspecified</pose>
		<truncated>0</truncated>
		<difficult>0</difficult>
		<bndbox>
			<xmin>267.669</xmin>
			<ymin>324.9</ymin>
			<xmax>299.669</xmax>
			<ymax>356.9</ymax>
		</bndbox>
	</object>
	<object>
		<name>b4</name>
		<pose>Unspecified</pose>
		<truncated>0</truncated>
		<difficult>0</difficult>
		<bndbox>
			<xmin>160.173</xmin>
			<ymin>285.584</ymin>
			<xmax>192.173</xmax>
			<ymax>317.584</ymax>
		</bndbox>
	</object>
	<object>
		<name>b8</name>
		<pose>Unspecified</pose>
		<truncated>0</truncated>
		<difficult>0</difficult>
		<bndbox>
			<xmin>342.318</xmin>
			<ymin>317.236</ymin>
			<xmax>374.318</xmax>
			<ymax>349.236</ymax>
		</bndbox>
	</object>
	<object>
		<name>b7</name>
		<pose>Unspecified</pose>
		<truncated>0</truncated>
		<difficult>0</difficult>
		<bndbox>
			<xmin>159.576</xmin>
			<ymin>335.152</ymin>
			<xmax>191.576</xmax>
			<ymax>367.152</ymax>
		</bndbox>
	</object>
	<object>
		<name>b4</name>
		<pose>Unspecified</pose>
		<truncated>0</truncated>
		<difficult>0</difficult>
		<bndbox>
			<xmin>163.159</xmin>
			<ymin>302.903</ymin>
			<xmax>195.159</xmax>
			<ymax>334.903</ymax>
		</bndbox>
	</object>
	<object>
		<name>b5</name>
		<pose>Unspecified</pose>
		<truncated>0</truncated>
		<difficult>0</difficult>
		<bndbox>
			<xmin>130.91</xmin>
			<ymin>252.739</ymin>
			<xmax>162.91</xmax>
			<ymax>284.739</ymax>
		</bndbox>
	</object>
	<object>
		<name>b4</name>
		<pose>Unspecified</pose>
		<truncated>0</truncated>
		<difficult>0</difficult>
		<bndbox>
			<xmin>155.993</xmin>
			<ymin>284.987</ymin>
			<xmax>187.993</xmax>
			<ymax>316.987</ymax>
		</bndbox>
	</object>
	<object>
		<name>b8</name>
		<pose>Unspecified</pose>
		<truncated>0</truncated>
		<difficult>0</difficult>
		<bndbox>
			<xmin>54</xmin>
			<ymin>299</ymin>
			<xmax>86</xmax>
			<ymax>331</ymax>
		</bndbox>
	</object>
	<object>
		<name>b5</name>
		<pose>Unspecified</pose>
		<truncated>0</truncated>
		<difficult>0</difficult>
		<bndbox>
			<xmin>154.4</xmin>
			<ymin>316.4</ymin>
			<xmax>186.4</xmax>
			<ymax>348.4</ymax>
		</bndbox>
	</object>
	<object>
		<name>b8</name>
		<pose>Unspecified</pose>
		<truncated>0</truncated>
		<difficult>0</difficult>
		<bndbox>
			<xmin>312.8</xmin>
			<ymin>321.2</ymin>
			<xmax>344.8</xmax>
			<ymax>353.2</ymax>
		</bndbox>
	</object>
	<object>
		<name>b9</name>
		<pose>Unspecified</pose>
		<truncated>0</truncated>
		<difficult>0</difficult>
		<bndbox>
			<xmin>308</xmin>
			<ymin>300.8</ymin>
			<xmax>340</xmax>
			<ymax>332.8</ymax>
		</bndbox>
	</object>
	<object>
		<name>b8</name>
		<pose>Unspecified</pose>
		<truncated>0</truncated>
		<difficult>0</difficult>
		<bndbox>
			<xmin>140</xmin>
			<ymin>202.4</ymin>
			<xmax>172</xmax>
			<ymax>234.4</ymax>
		</bndbox>
	</object>
	<object>
		<name>b7</name>
		<pose>Unspecified</pose>
		<truncated>0</truncated>
		<difficult>0</difficult>
		<bndbox>
			<xmin>248.384</xmin>
			<ymin>117.056</ymin>
			<xmax>280.384</xmax>
			<ymax>149.056</ymax>
		</bndbox>
	</object>
	<object>
		<name>b9</name>
		<pose>Unspecified</pose>
		<truncated>0</truncated>
		<difficult>0</difficult>
		<bndbox>
			<xmin>72.128</xmin>
			<ymin>246.656</ymin>
			<xmax>104.128</xmax>
			<ymax>278.656</ymax>
		</bndbox>
	</object>
	<object>
		<name>b8</name>
		<pose>Unspecified</pose>
		<truncated>0</truncated>
		<difficult>0</difficult>
		<bndbox>
			<xmin>84.224</xmin>
			<ymin>324.416</ymin>
			<xmax>116.224</xmax>
			<ymax>356.416</ymax>
		</bndbox>
	</object>
	<object>
		<name>b9</name>
		<pose>Unspecified</pose>
		<truncated>0</truncated>
		<difficult>0</difficult>
		<bndbox>
			<xmin>268.083</xmin>
			<ymin>324.07</ymin>
			<xmax>300.083</xmax>
			<ymax>356.07</ymax>
		</bndbox>
	</object>
	<object>
		<name>b2</name>
		<pose>Unspecified</pose>
		<truncated>0</truncated>
		<difficult>0</difficult>
		<bndbox>
			<xmin>162.33</xmin>
			<ymin>288.819</ymin>
			<xmax>194.33</xmax>
			<ymax>320.819</ymax>
		</bndbox>
	</object>
	<object>
		<name>b5</name>
		<pose>Unspecified</pose>
		<truncated>0</truncated>
		<difficult>0</difficult>
		<bndbox>
			<xmin>176.845</xmin>
			<ymin>305.408</ymin>
			<xmax>208.845</xmax>
			<ymax>337.408</ymax>
		</bndbox>
	</object>
	<object>
		<name>b8</name>
		<pose>Unspecified</pose>
		<truncated>0</truncated>
		<difficult>0</difficult>
		<bndbox>
			<xmin>307.482</xmin>
			<ymin>324.9</ymin>
			<xmax>339.482</xmax>
			<ymax>356.9</ymax>
		</bndbox>
	</object>
	<object>
		<name>b9</name>
		<pose>Unspecified</pose>
		<truncated>0</truncated>
		<difficult>0</difficult>
		<bndbox>
			<xmin>267.669</xmin>
			<ymin>324.9</ymin>
			<xmax>299.669</xmax>
			<ymax>356.9</ymax>
		</bndbox>
	</object>
	<object>
		<name>b4</name>
		<pose>Unspecified</pose>
		<truncated>0</truncated>
		<difficult>0</difficult>
		<bndbox>
			<xmin>160.173</xmin>
			<ymin>285.584</ymin>
			<xmax>192.173</xmax>
			<ymax>317.584</ymax>
		</bndbox>
	</object>
	<object>
		<name>b8</name>
		<pose>Unspecified</pose>
		<truncated>0</truncated>
		<difficult>0</difficult>
		<bndbox>
			<xmin>342.318</xmin>
			<ymin>317.236</ymin>
			<xmax>374.318</xmax>
			<ymax>349.236</ymax>
		</bndbox>
	</object>
	<object>
		<name>b7</name>
		<pose>Unspecified</pose>
		<truncated>0</truncated>
		<difficult>0</difficult>
		<bndbox>
			<xmin>159.576</xmin>
			<ymin>335.152</ymin>
			<xmax>191.576</xmax>
			<ymax>367.152</ymax>
		</bndbox>
	</object>
	<object>
		<name>b4</name>
		<pose>Unspecified</pose>
		<truncated>0</truncated>
		<difficult>0</difficult>
		<bndbox>
			<xmin>163.159</xmin>
			<ymin>302.903</ymin>
			<xmax>195.159</xmax>
			<ymax>334.903</ymax>
		</bndbox>
	</object>
	<object>
		<name>b5</name>
		<pose>Unspecified</pose>
		<truncated>0</truncated>
		<difficult>0</difficult>
		<bndbox>
			<xmin>130.91</xmin>
			<ymin>252.739</ymin>
			<xmax>162.91</xmax>
			<ymax>284.739</ymax>
		</bndbox>
	</object>
	<object>
		<name>b4</name>
		<pose>Unspecified</pose>
		<truncated>0</truncated>
		<difficult>0</difficult>
		<bndbox>
			<xmin>155.993</xmin>
			<ymin>284.987</ymin>
			<xmax>187.993</xmax>
			<ymax>316.987</ymax>
		</bndbox>
	</object>
</annotation>
