<annotation>
	<folder>VOC2007</folder>
	<filename>000028.jpg</filename>
	<source>
		<database>My Database</database>
		<annotation>VOC2007</annotation>
		<image>flickr</image>
		<flickrid>NULL</flickrid>
	</source>
	<owner>
		<flickrid>NULL</flickrid>
		<name>shaochunyan</name>
	</owner>
	<size>
		<width>720</width>
		<height>1280</height>
		<depth>3</depth>
	</size>
	<segmented>0</segmented>
	<object>
		<name>b2</name>
		<pose>Unspecified</pose>
		<truncated>0</truncated>
		<difficult>0</difficult>
		<bndbox>
			<xmin>438</xmin>
			<ymin>453</ymin>
			<xmax>470</xmax>
			<ymax>485</ymax>
		</bndbox>
	</object>
	<object>
		<name>b6</name>
		<pose>Unspecified</pose>
		<truncated>0</truncated>
		<difficult>0</difficult>
		<bndbox>
			<xmin>608</xmin>
			<ymin>426.8</ymin>
			<xmax>640</xmax>
			<ymax>458.8</ymax>
		</bndbox>
	</object>
	<object>
		<name>b6</name>
		<pose>Unspecified</pose>
		<truncated>0</truncated>
		<difficult>0</difficult>
		<bndbox>
			<xmin>530</xmin>
			<ymin>410</ymin>
			<xmax>562</xmax>
			<ymax>442</ymax>
		</bndbox>
	</object>
	<object>
		<name>b8</name>
		<pose>Unspecified</pose>
		<truncated>0</truncated>
		<difficult>0</difficult>
		<bndbox>
			<xmin>503.6</xmin>
			<ymin>425.6</ymin>
			<xmax>535.6</xmax>
			<ymax>457.6</ymax>
		</bndbox>
	</object>
	<object>
		<name>b8</name>
		<pose>Unspecified</pose>
		<truncated>0</truncated>
		<difficult>0</difficult>
		<bndbox>
			<xmin>452</xmin>
			<ymin>437.6</ymin>
			<xmax>484</xmax>
			<ymax>469.6</ymax>
		</bndbox>
	</object>
	<object>
		<name>b7</name>
		<pose>Unspecified</pose>
		<truncated>0</truncated>
		<difficult>0</difficult>
		<bndbox>
			<xmin>650</xmin>
			<ymin>350</ymin>
			<xmax>682</xmax>
			<ymax>382</ymax>
		</bndbox>
	</object>
	<object>
		<name>b8</name>
		<pose>Unspecified</pose>
		<truncated>0</truncated>
		<difficult>0</difficult>
		<bndbox>
			<xmin>552.8</xmin>
			<ymin>378.8</ymin>
			<xmax>584.8</xmax>
			<ymax>410.8</ymax>
		</bndbox>
	</object>
	<object>
		<name>b5</name>
		<pose>Unspecified</pose>
		<truncated>0</truncated>
		<difficult>0</difficult>
		<bndbox>
			<xmin>532.64</xmin>
			<ymin>410.24</ymin>
			<xmax>564.64</xmax>
			<ymax>442.24</ymax>
		</bndbox>
	</object>
	<object>
		<name>b7</name>
		<pose>Unspecified</pose>
		<truncated>0</truncated>
		<difficult>0</difficult>
		<bndbox>
			<xmin>652.16</xmin>
			<ymin>475.04</ymin>
			<xmax>684.16</xmax>
			<ymax>507.04</ymax>
		</bndbox>
	</object>
	<object>
		<name>b9</name>
		<pose>Unspecified</pose>
		<truncated>0</truncated>
		<difficult>0</difficult>
		<bndbox>
			<xmin>557.12</xmin>
			<ymin>532.64</ymin>
			<xmax>589.12</xmax>
			<ymax>564.64</ymax>
		</bndbox>
	</object>
	<object>
		<name>b5</name>
		<pose>Unspecified</pose>
		<truncated>0</truncated>
		<difficult>0</difficult>
		<bndbox>
			<xmin>426.368</xmin>
			<ymin>445.376</ymin>
			<xmax>458.368</xmax>
			<ymax>477.376</ymax>
		</bndbox>
	</object>
	<object>
		<name>b9</name>
		<pose>Unspecified</pose>
		<truncated>0</truncated>
		<difficult>0</difficult>
		<bndbox>
			<xmin>557.696</xmin>
			<ymin>533.504</ymin>
			<xmax>589.696</xmax>
			<ymax>565.504</ymax>
		</bndbox>
	</object>
	<object>
		<name>b8</name>
		<pose>Unspecified</pose>
		<truncated>0</truncated>
		<difficult>0</difficult>
		<bndbox>
			<xmin>614.72</xmin>
			<ymin>441.92</ymin>
			<xmax>646.72</xmax>
			<ymax>473.92</ymax>
		</bndbox>
	</object>
	<object>
		<name>b7</name>
		<pose>Unspecified</pose>
		<truncated>0</truncated>
		<difficult>0</difficult>
		<bndbox>
			<xmin>483.392</xmin>
			<ymin>433.28</ymin>
			<xmax>515.392</xmax>
			<ymax>465.28</ymax>
		</bndbox>
	</object>
	<object>
		<name>b6</name>
		<pose>Unspecified</pose>
		<truncated>0</truncated>
		<difficult>0</difficult>
		<bndbox>
			<xmin>644.096</xmin>
			<ymin>483.392</ymin>
			<xmax>676.096</xmax>
			<ymax>515.392</ymax>
		</bndbox>
	</object>
	<object>
		<name>b7</name>
		<pose>Unspecified</pose>
		<truncated>0</truncated>
		<difficult>0</difficult>
		<bndbox>
			<xmin>614.72</xmin>
			<ymin>426.368</ymin>
			<xmax>646.72</xmax>
			<ymax>458.368</ymax>
		</bndbox>
	</object>
	<object>
		<name>b7</name>
		<pose>Unspecified</pose>
		<truncated>0</truncated>
		<difficult>0</difficult>
		<bndbox>
			<xmin>492.032</xmin>
			<ymin>442.266</ymin>
			<xmax>524.032</xmax>
			<ymax>474.266</ymax>
		</bndbox>
	</object>
	<object>
		<name>b6</name>
		<pose>Unspecified</pose>
		<truncated>0</truncated>
		<difficult>0</difficult>
		<bndbox>
			<xmin>550.093</xmin>
			<ymin>506.547</ymin>
			<xmax>582.093</xmax>
			<ymax>538.547</ymax>
		</bndbox>
	</object>
	<object>
		<name>b7</name>
		<pose>Unspecified</pose>
		<truncated>0</truncated>
		<difficult>0</difficult>
		<bndbox>
			<xmin>491.617</xmin>
			<ymin>429.409</ymin>
			<xmax>523.617</xmax>
			<ymax>461.409</ymax>
		</bndbox>
	</object>
	<object>
		<name>b6</name>
		<pose>Unspecified</pose>
		<truncated>0</truncated>
		<difficult>0</difficult>
		<bndbox>
			<xmin>426.921</xmin>
			<ymin>444.339</ymin>
			<xmax>458.921</xmax>
			<ymax>476.339</ymax>
		</bndbox>
	</object>
	<object>
		<name>b9</name>
		<pose>Unspecified</pose>
		<truncated>0</truncated>
		<difficult>0</difficult>
		<bndbox>
			<xmin>399.052</xmin>
			<ymin>467.73</ymin>
			<xmax>431.052</xmax>
			<ymax>499.73</ymax>
		</bndbox>
	</object>
	<object>
		<name>b6</name>
		<pose>Unspecified</pose>
		<truncated>0</truncated>
		<difficult>0</difficult>
		<bndbox>
			<xmin>458.772</xmin>
			<ymin>288.57</ymin>
			<xmax>490.772</xmax>
			<ymax>320.57</ymax>
		</bndbox>
	</object>
	<object>
		<name>b5</name>
		<pose>Unspecified</pose>
		<truncated>0</truncated>
		<difficult>0</difficult>
		<bndbox>
			<xmin>145.243</xmin>
			<ymin>310.07</ymin>
			<xmax>177.243</xmax>
			<ymax>342.07</ymax>
		</bndbox>
	</object>
	<object>
		<name>b2</name>
		<pose>Unspecified</pose>
		<truncated>0</truncated>
		<difficult>0</difficult>
		<bndbox>
			<xmin>438</xmin>
			<ymin>453</ymin>
			<xmax>470</xmax>
			<ymax>485</ymax>
		</bndbox>
	</object>
	<object>
		<name>b6</name>
		<pose>Unspecified</pose>
		<truncated>0</truncated>
		<difficult>0</difficult>
		<bndbox>
			<xmin>608</xmin>
			<ymin>426.8</ymin>
			<xmax>640</xmax>
			<ymax>458.8</ymax>
		</bndbox>
	</object>
	<object>
		<name>b6</name>
		<pose>Unspecified</pose>
		<truncated>0</truncated>
		<difficult>0</difficult>
		<bndbox>
			<xmin>530</xmin>
			<ymin>410</ymin>
			<xmax>562</xmax>
			<ymax>442</ymax>
		</bndbox>
	</object>
	<object>
		<name>b8</name>
		<pose>Unspecified</pose>
		<truncated>0</truncated>
		<difficult>0</difficult>
		<bndbox>
			<xmin>503.6</xmin>
			<ymin>425.6</ymin>
			<xmax>535.6</xmax>
			<ymax>457.6</ymax>
		</bndbox>
	</object>
	<object>
		<name>b8</name>
		<pose>Unspecified</pose>
		<truncated>0</truncated>
		<difficult>0</difficult>
		<bndbox>
			<xmin>452</xmin>
			<ymin>437.6</ymin>
			<xmax>484</xmax>
			<ymax>469.6</ymax>
		</bndbox>
	</object>
	<object>
		<name>b7</name>
		<pose>Unspecified</pose>
		<truncated>0</truncated>
		<difficult>0</difficult>
		<bndbox>
			<xmin>650</xmin>
			<ymin>350</ymin>
			<xmax>682</xmax>
			<ymax>382</ymax>
		</bndbox>
	</object>
	<object>
		<name>b8</name>
		<pose>Unspecified</pose>
		<truncated>0</truncated>
		<difficult>0</difficult>
		<bndbox>
			<xmin>552.8</xmin>
			<ymin>378.8</ymin>
			<xmax>584.8</xmax>
			<ymax>410.8</ymax>
		</bndbox>
	</object>
	<object>
		<name>b5</name>
		<pose>Unspecified</pose>
		<truncated>0</truncated>
		<difficult>0</difficult>
		<bndbox>
			<xmin>532.64</xmin>
			<ymin>410.24</ymin>
			<xmax>564.64</xmax>
			<ymax>442.24</ymax>
		</bndbox>
	</object>
	<object>
		<name>b7</name>
		<pose>Unspecified</pose>
		<truncated>0</truncated>
		<difficult>0</difficult>
		<bndbox>
			<xmin>652.16</xmin>
			<ymin>475.04</ymin>
			<xmax>684.16</xmax>
			<ymax>507.04</ymax>
		</bndbox>
	</object>
	<object>
		<name>b9</name>
		<pose>Unspecified</pose>
		<truncated>0</truncated>
		<difficult>0</difficult>
		<bndbox>
			<xmin>557.12</xmin>
			<ymin>532.64</ymin>
			<xmax>589.12</xmax>
			<ymax>564.64</ymax>
		</bndbox>
	</object>
	<object>
		<name>b5</name>
		<pose>Unspecified</pose>
		<truncated>0</truncated>
		<difficult>0</difficult>
		<bndbox>
			<xmin>426.368</xmin>
			<ymin>445.376</ymin>
			<xmax>458.368</xmax>
			<ymax>477.376</ymax>
		</bndbox>
	</object>
	<object>
		<name>b9</name>
		<pose>Unspecified</pose>
		<truncated>0</truncated>
		<difficult>0</difficult>
		<bndbox>
			<xmin>557.696</xmin>
			<ymin>533.504</ymin>
			<xmax>589.696</xmax>
			<ymax>565.504</ymax>
		</bndbox>
	</object>
	<object>
		<name>b8</name>
		<pose>Unspecified</pose>
		<truncated>0</truncated>
		<difficult>0</difficult>
		<bndbox>
			<xmin>614.72</xmin>
			<ymin>441.92</ymin>
			<xmax>646.72</xmax>
			<ymax>473.92</ymax>
		</bndbox>
	</object>
	<object>
		<name>b7</name>
		<pose>Unspecified</pose>
		<truncated>0</truncated>
		<difficult>0</difficult>
		<bndbox>
			<xmin>483.392</xmin>
			<ymin>433.28</ymin>
			<xmax>515.392</xmax>
			<ymax>465.28</ymax>
		</bndbox>
	</object>
	<object>
		<name>b6</name>
		<pose>Unspecified</pose>
		<truncated>0</truncated>
		<difficult>0</difficult>
		<bndbox>
			<xmin>644.096</xmin>
			<ymin>483.392</ymin>
			<xmax>676.096</xmax>
			<ymax>515.392</ymax>
		</bndbox>
	</object>
	<object>
		<name>b7</name>
		<pose>Unspecified</pose>
		<truncated>0</truncated>
		<difficult>0</difficult>
		<bndbox>
			<xmin>614.72</xmin>
			<ymin>426.368</ymin>
			<xmax>646.72</xmax>
			<ymax>458.368</ymax>
		</bndbox>
	</object>
	<object>
		<name>b7</name>
		<pose>Unspecified</pose>
		<truncated>0</truncated>
		<difficult>0</difficult>
		<bndbox>
			<xmin>492.032</xmin>
			<ymin>442.266</ymin>
			<xmax>524.032</xmax>
			<ymax>474.266</ymax>
		</bndbox>
	</object>
	<object>
		<name>b6</name>
		<pose>Unspecified</pose>
		<truncated>0</truncated>
		<difficult>0</difficult>
		<bndbox>
			<xmin>550.093</xmin>
			<ymin>506.547</ymin>
			<xmax>582.093</xmax>
			<ymax>538.547</ymax>
		</bndbox>
	</object>
	<object>
		<name>b7</name>
		<pose>Unspecified</pose>
		<truncated>0</truncated>
		<difficult>0</difficult>
		<bndbox>
			<xmin>491.617</xmin>
			<ymin>429.409</ymin>
			<xmax>523.617</xmax>
			<ymax>461.409</ymax>
		</bndbox>
	</object>
	<object>
		<name>b6</name>
		<pose>Unspecified</pose>
		<truncated>0</truncated>
		<difficult>0</difficult>
		<bndbox>
			<xmin>426.921</xmin>
			<ymin>444.339</ymin>
			<xmax>458.921</xmax>
			<ymax>476.339</ymax>
		</bndbox>
	</object>
	<object>
		<name>b9</name>
		<pose>Unspecified</pose>
		<truncated>0</truncated>
		<difficult>0</difficult>
		<bndbox>
			<xmin>399.052</xmin>
			<ymin>467.73</ymin>
			<xmax>431.052</xmax>
			<ymax>499.73</ymax>
		</bndbox>
	</object>
	<object>
		<name>b6</name>
		<pose>Unspecified</pose>
		<truncated>0</truncated>
		<difficult>0</difficult>
		<bndbox>
			<xmin>458.772</xmin>
			<ymin>288.57</ymin>
			<xmax>490.772</xmax>
			<ymax>320.57</ymax>
		</bndbox>
	</object>
	<object>
		<name>b5</name>
		<pose>Unspecified</pose>
		<truncated>0</truncated>
		<difficult>0</difficult>
		<bndbox>
			<xmin>145.243</xmin>
			<ymin>310.07</ymin>
			<xmax>177.243</xmax>
			<ymax>342.07</ymax>
		</bndbox>
	</object>
	<object>
		<name>b2</name>
		<pose>Unspecified</pose>
		<truncated>0</truncated>
		<difficult>0</difficult>
		<bndbox>
			<xmin>438</xmin>
			<ymin>453</ymin>
			<xmax>470</xmax>
			<ymax>485</ymax>
		</bndbox>
	</object>
	<object>
		<name>b6</name>
		<pose>Unspecified</pose>
		<truncated>0</truncated>
		<difficult>0</difficult>
		<bndbox>
			<xmin>608</xmin>
			<ymin>426.8</ymin>
			<xmax>640</xmax>
			<ymax>458.8</ymax>
		</bndbox>
	</object>
	<object>
		<name>b6</name>
		<pose>Unspecified</pose>
		<truncated>0</truncated>
		<difficult>0</difficult>
		<bndbox>
			<xmin>530</xmin>
			<ymin>410</ymin>
			<xmax>562</xmax>
			<ymax>442</ymax>
		</bndbox>
	</object>
	<object>
		<name>b8</name>
		<pose>Unspecified</pose>
		<truncated>0</truncated>
		<difficult>0</difficult>
		<bndbox>
			<xmin>503.6</xmin>
			<ymin>425.6</ymin>
			<xmax>535.6</xmax>
			<ymax>457.6</ymax>
		</bndbox>
	</object>
	<object>
		<name>b8</name>
		<pose>Unspecified</pose>
		<truncated>0</truncated>
		<difficult>0</difficult>
		<bndbox>
			<xmin>452</xmin>
			<ymin>437.6</ymin>
			<xmax>484</xmax>
			<ymax>469.6</ymax>
		</bndbox>
	</object>
	<object>
		<name>b7</name>
		<pose>Unspecified</pose>
		<truncated>0</truncated>
		<difficult>0</difficult>
		<bndbox>
			<xmin>650</xmin>
			<ymin>350</ymin>
			<xmax>682</xmax>
			<ymax>382</ymax>
		</bndbox>
	</object>
	<object>
		<name>b8</name>
		<pose>Unspecified</pose>
		<truncated>0</truncated>
		<difficult>0</difficult>
		<bndbox>
			<xmin>552.8</xmin>
			<ymin>378.8</ymin>
			<xmax>584.8</xmax>
			<ymax>410.8</ymax>
		</bndbox>
	</object>
	<object>
		<name>b5</name>
		<pose>Unspecified</pose>
		<truncated>0</truncated>
		<difficult>0</difficult>
		<bndbox>
			<xmin>532.64</xmin>
			<ymin>410.24</ymin>
			<xmax>564.64</xmax>
			<ymax>442.24</ymax>
		</bndbox>
	</object>
	<object>
		<name>b7</name>
		<pose>Unspecified</pose>
		<truncated>0</truncated>
		<difficult>0</difficult>
		<bndbox>
			<xmin>652.16</xmin>
			<ymin>475.04</ymin>
			<xmax>684.16</xmax>
			<ymax>507.04</ymax>
		</bndbox>
	</object>
	<object>
		<name>b9</name>
		<pose>Unspecified</pose>
		<truncated>0</truncated>
		<difficult>0</difficult>
		<bndbox>
			<xmin>557.12</xmin>
			<ymin>532.64</ymin>
			<xmax>589.12</xmax>
			<ymax>564.64</ymax>
		</bndbox>
	</object>
	<object>
		<name>b5</name>
		<pose>Unspecified</pose>
		<truncated>0</truncated>
		<difficult>0</difficult>
		<bndbox>
			<xmin>426.368</xmin>
			<ymin>445.376</ymin>
			<xmax>458.368</xmax>
			<ymax>477.376</ymax>
		</bndbox>
	</object>
	<object>
		<name>b9</name>
		<pose>Unspecified</pose>
		<truncated>0</truncated>
		<difficult>0</difficult>
		<bndbox>
			<xmin>557.696</xmin>
			<ymin>533.504</ymin>
			<xmax>589.696</xmax>
			<ymax>565.504</ymax>
		</bndbox>
	</object>
	<object>
		<name>b8</name>
		<pose>Unspecified</pose>
		<truncated>0</truncated>
		<difficult>0</difficult>
		<bndbox>
			<xmin>614.72</xmin>
			<ymin>441.92</ymin>
			<xmax>646.72</xmax>
			<ymax>473.92</ymax>
		</bndbox>
	</object>
	<object>
		<name>b7</name>
		<pose>Unspecified</pose>
		<truncated>0</truncated>
		<difficult>0</difficult>
		<bndbox>
			<xmin>483.392</xmin>
			<ymin>433.28</ymin>
			<xmax>515.392</xmax>
			<ymax>465.28</ymax>
		</bndbox>
	</object>
	<object>
		<name>b6</name>
		<pose>Unspecified</pose>
		<truncated>0</truncated>
		<difficult>0</difficult>
		<bndbox>
			<xmin>644.096</xmin>
			<ymin>483.392</ymin>
			<xmax>676.096</xmax>
			<ymax>515.392</ymax>
		</bndbox>
	</object>
	<object>
		<name>b7</name>
		<pose>Unspecified</pose>
		<truncated>0</truncated>
		<difficult>0</difficult>
		<bndbox>
			<xmin>614.72</xmin>
			<ymin>426.368</ymin>
			<xmax>646.72</xmax>
			<ymax>458.368</ymax>
		</bndbox>
	</object>
	<object>
		<name>b7</name>
		<pose>Unspecified</pose>
		<truncated>0</truncated>
		<difficult>0</difficult>
		<bndbox>
			<xmin>492.032</xmin>
			<ymin>442.266</ymin>
			<xmax>524.032</xmax>
			<ymax>474.266</ymax>
		</bndbox>
	</object>
	<object>
		<name>b6</name>
		<pose>Unspecified</pose>
		<truncated>0</truncated>
		<difficult>0</difficult>
		<bndbox>
			<xmin>550.093</xmin>
			<ymin>506.547</ymin>
			<xmax>582.093</xmax>
			<ymax>538.547</ymax>
		</bndbox>
	</object>
	<object>
		<name>b7</name>
		<pose>Unspecified</pose>
		<truncated>0</truncated>
		<difficult>0</difficult>
		<bndbox>
			<xmin>491.617</xmin>
			<ymin>429.409</ymin>
			<xmax>523.617</xmax>
			<ymax>461.409</ymax>
		</bndbox>
	</object>
	<object>
		<name>b6</name>
		<pose>Unspecified</pose>
		<truncated>0</truncated>
		<difficult>0</difficult>
		<bndbox>
			<xmin>426.921</xmin>
			<ymin>444.339</ymin>
			<xmax>458.921</xmax>
			<ymax>476.339</ymax>
		</bndbox>
	</object>
	<object>
		<name>b9</name>
		<pose>Unspecified</pose>
		<truncated>0</truncated>
		<difficult>0</difficult>
		<bndbox>
			<xmin>399.052</xmin>
			<ymin>467.73</ymin>
			<xmax>431.052</xmax>
			<ymax>499.73</ymax>
		</bndbox>
	</object>
	<object>
		<name>b6</name>
		<pose>Unspecified</pose>
		<truncated>0</truncated>
		<difficult>0</difficult>
		<bndbox>
			<xmin>458.772</xmin>
			<ymin>288.57</ymin>
			<xmax>490.772</xmax>
			<ymax>320.57</ymax>
		</bndbox>
	</object>
	<object>
		<name>b5</name>
		<pose>Unspecified</pose>
		<truncated>0</truncated>
		<difficult>0</difficult>
		<bndbox>
			<xmin>145.243</xmin>
			<ymin>310.07</ymin>
			<xmax>177.243</xmax>
			<ymax>342.07</ymax>
		</bndbox>
	</object>
</annotation>
