<annotation>
	<folder>VOC2007</folder>
	<filename>000027.jpg</filename>
	<source>
		<database>My Database</database>
		<annotation>VOC2007</annotation>
		<image>flickr</image>
		<flickrid>NULL</flickrid>
	</source>
	<owner>
		<flickrid>NULL</flickrid>
		<name>shaochunyan</name>
	</owner>
	<size>
		<width>720</width>
		<height>1280</height>
		<depth>3</depth>
	</size>
	<segmented>0</segmented>
	<object>
		<name>b9</name>
		<pose>Unspecified</pose>
		<truncated>0</truncated>
		<difficult>0</difficult>
		<bndbox>
			<xmin>565</xmin>
			<ymin>376</ymin>
			<xmax>597</xmax>
			<ymax>408</ymax>
		</bndbox>
	</object>
	<object>
		<name>b8</name>
		<pose>Unspecified</pose>
		<truncated>0</truncated>
		<difficult>0</difficult>
		<bndbox>
			<xmin>413</xmin>
			<ymin>438</ymin>
			<xmax>445</xmax>
			<ymax>470</ymax>
		</bndbox>
	</object>
	<object>
		<name>b9</name>
		<pose>Unspecified</pose>
		<truncated>0</truncated>
		<difficult>0</difficult>
		<bndbox>
			<xmin>603.2</xmin>
			<ymin>524</ymin>
			<xmax>635.2</xmax>
			<ymax>556</ymax>
		</bndbox>
	</object>
	<object>
		<name>b9</name>
		<pose>Unspecified</pose>
		<truncated>0</truncated>
		<difficult>0</difficult>
		<bndbox>
			<xmin>563.6</xmin>
			<ymin>525.2</ymin>
			<xmax>595.6</xmax>
			<ymax>557.2</ymax>
		</bndbox>
	</object>
	<object>
		<name>b9</name>
		<pose>Unspecified</pose>
		<truncated>0</truncated>
		<difficult>0</difficult>
		<bndbox>
			<xmin>443.36</xmin>
			<ymin>437.6</ymin>
			<xmax>475.36</xmax>
			<ymax>469.6</ymax>
		</bndbox>
	</object>
	<object>
		<name>b4</name>
		<pose>Unspecified</pose>
		<truncated>0</truncated>
		<difficult>0</difficult>
		<bndbox>
			<xmin>408.8</xmin>
			<ymin>349.76</ymin>
			<xmax>440.8</xmax>
			<ymax>381.76</ymax>
		</bndbox>
	</object>
	<object>
		<name>b6</name>
		<pose>Unspecified</pose>
		<truncated>0</truncated>
		<difficult>0</difficult>
		<bndbox>
			<xmin>319.923</xmin>
			<ymin>413.235</ymin>
			<xmax>351.923</xmax>
			<ymax>445.235</ymax>
		</bndbox>
	</object>
	<object>
		<name>b8</name>
		<pose>Unspecified</pose>
		<truncated>0</truncated>
		<difficult>0</difficult>
		<bndbox>
			<xmin>332.365</xmin>
			<ymin>442.266</ymin>
			<xmax>364.365</xmax>
			<ymax>474.266</ymax>
		</bndbox>
	</object>
	<object>
		<name>b4</name>
		<pose>Unspecified</pose>
		<truncated>0</truncated>
		<difficult>0</difficult>
		<bndbox>
			<xmin>203.802</xmin>
			<ymin>332.365</ymin>
			<xmax>235.802</xmax>
			<ymax>364.365</ymax>
		</bndbox>
	</object>
	<object>
		<name>b5</name>
		<pose>Unspecified</pose>
		<truncated>0</truncated>
		<difficult>0</difficult>
		<bndbox>
			<xmin>309.97</xmin>
			<ymin>392.085</ymin>
			<xmax>341.97</xmax>
			<ymax>424.085</ymax>
		</bndbox>
	</object>
	<object>
		<name>b8</name>
		<pose>Unspecified</pose>
		<truncated>0</truncated>
		<difficult>0</difficult>
		<bndbox>
			<xmin>332.365</xmin>
			<ymin>441.851</ymin>
			<xmax>364.365</xmax>
			<ymax>473.851</ymax>
		</bndbox>
	</object>
	<object>
		<name>b8</name>
		<pose>Unspecified</pose>
		<truncated>0</truncated>
		<difficult>0</difficult>
		<bndbox>
			<xmin>321.416</xmin>
			<ymin>422.94</ymin>
			<xmax>353.416</xmax>
			<ymax>454.94</ymax>
		</bndbox>
	</object>
	<object>
		<name>b9</name>
		<pose>Unspecified</pose>
		<truncated>0</truncated>
		<difficult>0</difficult>
		<bndbox>
			<xmin>560.295</xmin>
			<ymin>536.407</ymin>
			<xmax>592.295</xmax>
			<ymax>568.407</ymax>
		</bndbox>
	</object>
	<object>
		<name>b9</name>
		<pose>Unspecified</pose>
		<truncated>0</truncated>
		<difficult>0</difficult>
		<bndbox>
			<xmin>399.052</xmin>
			<ymin>470.716</ymin>
			<xmax>431.052</xmax>
			<ymax>502.716</ymax>
		</bndbox>
	</object>
	<object>
		<name>b8</name>
		<pose>Unspecified</pose>
		<truncated>0</truncated>
		<difficult>0</difficult>
		<bndbox>
			<xmin>390.094</xmin>
			<ymin>440.856</ymin>
			<xmax>422.094</xmax>
			<ymax>472.856</ymax>
		</bndbox>
	</object>
	<object>
		<name>b4</name>
		<pose>Unspecified</pose>
		<truncated>0</truncated>
		<difficult>0</difficult>
		<bndbox>
			<xmin>116.578</xmin>
			<ymin>327.985</ymin>
			<xmax>148.578</xmax>
			<ymax>359.985</ymax>
		</bndbox>
	</object>
	<object>
		<name>b5</name>
		<pose>Unspecified</pose>
		<truncated>0</truncated>
		<difficult>0</difficult>
		<bndbox>
			<xmin>397</xmin>
			<ymin>387</ymin>
			<xmax>429</xmax>
			<ymax>419</ymax>
		</bndbox>
	</object>
	<object>
		<name>b8</name>
		<pose>Unspecified</pose>
		<truncated>0</truncated>
		<difficult>0</difficult>
		<bndbox>
			<xmin>620</xmin>
			<ymin>468.8</ymin>
			<xmax>652</xmax>
			<ymax>500.8</ymax>
		</bndbox>
	</object>
	<object>
		<name>b9</name>
		<pose>Unspecified</pose>
		<truncated>0</truncated>
		<difficult>0</difficult>
		<bndbox>
			<xmin>470</xmin>
			<ymin>423.2</ymin>
			<xmax>502</xmax>
			<ymax>455.2</ymax>
		</bndbox>
	</object>
	<object>
		<name>b9</name>
		<pose>Unspecified</pose>
		<truncated>0</truncated>
		<difficult>0</difficult>
		<bndbox>
			<xmin>496.4</xmin>
			<ymin>398</ymin>
			<xmax>528.4</xmax>
			<ymax>430</ymax>
		</bndbox>
	</object>
	<object>
		<name>b7</name>
		<pose>Unspecified</pose>
		<truncated>0</truncated>
		<difficult>0</difficult>
		<bndbox>
			<xmin>660.8</xmin>
			<ymin>364.4</ymin>
			<xmax>692.8</xmax>
			<ymax>396.4</ymax>
		</bndbox>
	</object>
	<object>
		<name>b5</name>
		<pose>Unspecified</pose>
		<truncated>0</truncated>
		<difficult>0</difficult>
		<bndbox>
			<xmin>394.4</xmin>
			<ymin>382.88</ymin>
			<xmax>426.4</xmax>
			<ymax>414.88</ymax>
		</bndbox>
	</object>
	<object>
		<name>b5</name>
		<pose>Unspecified</pose>
		<truncated>0</truncated>
		<difficult>0</difficult>
		<bndbox>
			<xmin>397.28</xmin>
			<ymin>418.88</ymin>
			<xmax>429.28</xmax>
			<ymax>450.88</ymax>
		</bndbox>
	</object>
	<object>
		<name>b9</name>
		<pose>Unspecified</pose>
		<truncated>0</truncated>
		<difficult>0</difficult>
		<bndbox>
			<xmin>568.64</xmin>
			<ymin>529.76</ymin>
			<xmax>600.64</xmax>
			<ymax>561.76</ymax>
		</bndbox>
	</object>
	<object>
		<name>b9</name>
		<pose>Unspecified</pose>
		<truncated>0</truncated>
		<difficult>0</difficult>
		<bndbox>
			<xmin>568.064</xmin>
			<ymin>528.32</ymin>
			<xmax>600.064</xmax>
			<ymax>560.32</ymax>
		</bndbox>
	</object>
	<object>
		<name>b7</name>
		<pose>Unspecified</pose>
		<truncated>0</truncated>
		<difficult>0</difficult>
		<bndbox>
			<xmin>136.064</xmin>
			<ymin>333.056</ymin>
			<xmax>168.064</xmax>
			<ymax>365.056</ymax>
		</bndbox>
	</object>
	<object>
		<name>b8</name>
		<pose>Unspecified</pose>
		<truncated>0</truncated>
		<difficult>0</difficult>
		<bndbox>
			<xmin>490.304</xmin>
			<ymin>450.56</ymin>
			<xmax>522.304</xmax>
			<ymax>482.56</ymax>
		</bndbox>
	</object>
	<object>
		<name>b5</name>
		<pose>Unspecified</pose>
		<truncated>0</truncated>
		<difficult>0</difficult>
		<bndbox>
			<xmin>391.808</xmin>
			<ymin>419.456</ymin>
			<xmax>423.808</xmax>
			<ymax>451.456</ymax>
		</bndbox>
	</object>
	<object>
		<name>b9</name>
		<pose>Unspecified</pose>
		<truncated>0</truncated>
		<difficult>0</difficult>
		<bndbox>
			<xmin>495.488</xmin>
			<ymin>435.008</ymin>
			<xmax>527.488</xmax>
			<ymax>467.008</ymax>
		</bndbox>
	</object>
	<object>
		<name>b8</name>
		<pose>Unspecified</pose>
		<truncated>0</truncated>
		<difficult>0</difficult>
		<bndbox>
			<xmin>591.565</xmin>
			<ymin>529.357</ymin>
			<xmax>623.565</xmax>
			<ymax>561.357</ymax>
		</bndbox>
	</object>
	<object>
		<name>b8</name>
		<pose>Unspecified</pose>
		<truncated>0</truncated>
		<difficult>0</difficult>
		<bndbox>
			<xmin>599.859</xmin>
			<ymin>533.504</ymin>
			<xmax>631.859</xmax>
			<ymax>565.504</ymax>
		</bndbox>
	</object>
	<object>
		<name>b5</name>
		<pose>Unspecified</pose>
		<truncated>0</truncated>
		<difficult>0</difficult>
		<bndbox>
			<xmin>397.061</xmin>
			<ymin>382.131</ymin>
			<xmax>429.061</xmax>
			<ymax>414.131</ymax>
		</bndbox>
	</object>
	<object>
		<name>b5</name>
		<pose>Unspecified</pose>
		<truncated>0</truncated>
		<difficult>0</difficult>
		<bndbox>
			<xmin>399.052</xmin>
			<ymin>390.094</ymin>
			<xmax>431.052</xmax>
			<ymax>422.094</ymax>
		</bndbox>
	</object>
	<object>
		<name>b4</name>
		<pose>Unspecified</pose>
		<truncated>0</truncated>
		<difficult>0</difficult>
		<bndbox>
			<xmin>145.243</xmin>
			<ymin>312.458</ymin>
			<xmax>177.243</xmax>
			<ymax>344.458</ymax>
		</bndbox>
	</object>
	<object>
		<name>b9</name>
		<pose>Unspecified</pose>
		<truncated>0</truncated>
		<difficult>0</difficult>
		<bndbox>
			<xmin>442.647</xmin>
			<ymin>439.064</ymin>
			<xmax>474.647</xmax>
			<ymax>471.064</ymax>
		</bndbox>
	</object>
	<object>
		<name>b5</name>
		<pose>Unspecified</pose>
		<truncated>0</truncated>
		<difficult>0</difficult>
		<bndbox>
			<xmin>397</xmin>
			<ymin>387</ymin>
			<xmax>429</xmax>
			<ymax>419</ymax>
		</bndbox>
	</object>
	<object>
		<name>b8</name>
		<pose>Unspecified</pose>
		<truncated>0</truncated>
		<difficult>0</difficult>
		<bndbox>
			<xmin>620</xmin>
			<ymin>468.8</ymin>
			<xmax>652</xmax>
			<ymax>500.8</ymax>
		</bndbox>
	</object>
	<object>
		<name>b9</name>
		<pose>Unspecified</pose>
		<truncated>0</truncated>
		<difficult>0</difficult>
		<bndbox>
			<xmin>518</xmin>
			<ymin>396.8</ymin>
			<xmax>550</xmax>
			<ymax>428.8</ymax>
		</bndbox>
	</object>
	<object>
		<name>b9</name>
		<pose>Unspecified</pose>
		<truncated>0</truncated>
		<difficult>0</difficult>
		<bndbox>
			<xmin>614</xmin>
			<ymin>431.6</ymin>
			<xmax>646</xmax>
			<ymax>463.6</ymax>
		</bndbox>
	</object>
	<object>
		<name>b9</name>
		<pose>Unspecified</pose>
		<truncated>0</truncated>
		<difficult>0</difficult>
		<bndbox>
			<xmin>470</xmin>
			<ymin>423.2</ymin>
			<xmax>502</xmax>
			<ymax>455.2</ymax>
		</bndbox>
	</object>
	<object>
		<name>b9</name>
		<pose>Unspecified</pose>
		<truncated>0</truncated>
		<difficult>0</difficult>
		<bndbox>
			<xmin>496.4</xmin>
			<ymin>398</ymin>
			<xmax>528.4</xmax>
			<ymax>430</ymax>
		</bndbox>
	</object>
	<object>
		<name>b7</name>
		<pose>Unspecified</pose>
		<truncated>0</truncated>
		<difficult>0</difficult>
		<bndbox>
			<xmin>660.8</xmin>
			<ymin>364.4</ymin>
			<xmax>692.8</xmax>
			<ymax>396.4</ymax>
		</bndbox>
	</object>
	<object>
		<name>b5</name>
		<pose>Unspecified</pose>
		<truncated>0</truncated>
		<difficult>0</difficult>
		<bndbox>
			<xmin>394.4</xmin>
			<ymin>382.88</ymin>
			<xmax>426.4</xmax>
			<ymax>414.88</ymax>
		</bndbox>
	</object>
	<object>
		<name>b5</name>
		<pose>Unspecified</pose>
		<truncated>0</truncated>
		<difficult>0</difficult>
		<bndbox>
			<xmin>397.28</xmin>
			<ymin>418.88</ymin>
			<xmax>429.28</xmax>
			<ymax>450.88</ymax>
		</bndbox>
	</object>
	<object>
		<name>b9</name>
		<pose>Unspecified</pose>
		<truncated>0</truncated>
		<difficult>0</difficult>
		<bndbox>
			<xmin>568.64</xmin>
			<ymin>529.76</ymin>
			<xmax>600.64</xmax>
			<ymax>561.76</ymax>
		</bndbox>
	</object>
	<object>
		<name>b9</name>
		<pose>Unspecified</pose>
		<truncated>0</truncated>
		<difficult>0</difficult>
		<bndbox>
			<xmin>512.768</xmin>
			<ymin>424.64</ymin>
			<xmax>544.768</xmax>
			<ymax>456.64</ymax>
		</bndbox>
	</object>
	<object>
		<name>b9</name>
		<pose>Unspecified</pose>
		<truncated>0</truncated>
		<difficult>0</difficult>
		<bndbox>
			<xmin>568.064</xmin>
			<ymin>528.32</ymin>
			<xmax>600.064</xmax>
			<ymax>560.32</ymax>
		</bndbox>
	</object>
	<object>
		<name>b7</name>
		<pose>Unspecified</pose>
		<truncated>0</truncated>
		<difficult>0</difficult>
		<bndbox>
			<xmin>136.064</xmin>
			<ymin>333.056</ymin>
			<xmax>168.064</xmax>
			<ymax>365.056</ymax>
		</bndbox>
	</object>
	<object>
		<name>b8</name>
		<pose>Unspecified</pose>
		<truncated>0</truncated>
		<difficult>0</difficult>
		<bndbox>
			<xmin>490.304</xmin>
			<ymin>450.56</ymin>
			<xmax>522.304</xmax>
			<ymax>482.56</ymax>
		</bndbox>
	</object>
	<object>
		<name>b5</name>
		<pose>Unspecified</pose>
		<truncated>0</truncated>
		<difficult>0</difficult>
		<bndbox>
			<xmin>391.808</xmin>
			<ymin>419.456</ymin>
			<xmax>423.808</xmax>
			<ymax>451.456</ymax>
		</bndbox>
	</object>
	<object>
		<name>b8</name>
		<pose>Unspecified</pose>
		<truncated>0</truncated>
		<difficult>0</difficult>
		<bndbox>
			<xmin>495.488</xmin>
			<ymin>435.008</ymin>
			<xmax>527.488</xmax>
			<ymax>467.008</ymax>
		</bndbox>
	</object>
	<object>
		<name>b8</name>
		<pose>Unspecified</pose>
		<truncated>0</truncated>
		<difficult>0</difficult>
		<bndbox>
			<xmin>591.565</xmin>
			<ymin>529.357</ymin>
			<xmax>623.565</xmax>
			<ymax>561.357</ymax>
		</bndbox>
	</object>
	<object>
		<name>b8</name>
		<pose>Unspecified</pose>
		<truncated>0</truncated>
		<difficult>0</difficult>
		<bndbox>
			<xmin>599.859</xmin>
			<ymin>533.504</ymin>
			<xmax>631.859</xmax>
			<ymax>565.504</ymax>
		</bndbox>
	</object>
	<object>
		<name>b5</name>
		<pose>Unspecified</pose>
		<truncated>0</truncated>
		<difficult>0</difficult>
		<bndbox>
			<xmin>397.061</xmin>
			<ymin>382.131</ymin>
			<xmax>429.061</xmax>
			<ymax>414.131</ymax>
		</bndbox>
	</object>
	<object>
		<name>b8</name>
		<pose>Unspecified</pose>
		<truncated>0</truncated>
		<difficult>0</difficult>
		<bndbox>
			<xmin>509.036</xmin>
			<ymin>424.433</ymin>
			<xmax>541.036</xmax>
			<ymax>456.433</ymax>
		</bndbox>
	</object>
	<object>
		<name>b5</name>
		<pose>Unspecified</pose>
		<truncated>0</truncated>
		<difficult>0</difficult>
		<bndbox>
			<xmin>399.052</xmin>
			<ymin>390.094</ymin>
			<xmax>431.052</xmax>
			<ymax>422.094</ymax>
		</bndbox>
	</object>
	<object>
		<name>b4</name>
		<pose>Unspecified</pose>
		<truncated>0</truncated>
		<difficult>0</difficult>
		<bndbox>
			<xmin>145.243</xmin>
			<ymin>312.458</ymin>
			<xmax>177.243</xmax>
			<ymax>344.458</ymax>
		</bndbox>
	</object>
	<object>
		<name>b9</name>
		<pose>Unspecified</pose>
		<truncated>0</truncated>
		<difficult>0</difficult>
		<bndbox>
			<xmin>442.647</xmin>
			<ymin>439.064</ymin>
			<xmax>474.647</xmax>
			<ymax>471.064</ymax>
		</bndbox>
	</object>
</annotation>
