<annotation>
	<folder>VOC2007</folder>
	<filename>000098.jpg</filename>
	<source>
		<database>My Database</database>
		<annotation>VOC2007</annotation>
		<image>flickr</image>
		<flickrid>NULL</flickrid>
	</source>
	<owner>
		<flickrid>NULL</flickrid>
		<name>shaochunyan</name>
	</owner>
	<size>
		<width>720</width>
		<height>1280</height>
		<depth>3</depth>
	</size>
	<segmented>0</segmented>
	<object>
		<name>g10</name>
		<pose>Unspecified</pose>
		<truncated>0</truncated>
		<difficult>0</difficult>
		<bndbox>
			<xmin>537</xmin>
			<ymin>414</ymin>
			<xmax>569</xmax>
			<ymax>446</ymax>
		</bndbox>
	</object>
	<object>
		<name>b9</name>
		<pose>Unspecified</pose>
		<truncated>0</truncated>
		<difficult>0</difficult>
		<bndbox>
			<xmin>447</xmin>
			<ymin>296</ymin>
			<xmax>479</xmax>
			<ymax>328</ymax>
		</bndbox>
	</object>
	<object>
		<name>b6</name>
		<pose>Unspecified</pose>
		<truncated>0</truncated>
		<difficult>0</difficult>
		<bndbox>
			<xmin>487</xmin>
			<ymin>135</ymin>
			<xmax>519</xmax>
			<ymax>167</ymax>
		</bndbox>
	</object>
	<object>
		<name>g4</name>
		<pose>Unspecified</pose>
		<truncated>0</truncated>
		<difficult>0</difficult>
		<bndbox>
			<xmin>430</xmin>
			<ymin>407</ymin>
			<xmax>462</xmax>
			<ymax>439</ymax>
		</bndbox>
	</object>
	<object>
		<name>b4</name>
		<pose>Unspecified</pose>
		<truncated>0</truncated>
		<difficult>0</difficult>
		<bndbox>
			<xmin>490.4</xmin>
			<ymin>258.8</ymin>
			<xmax>522.4</xmax>
			<ymax>290.8</ymax>
		</bndbox>
	</object>
	<object>
		<name>g1</name>
		<pose>Unspecified</pose>
		<truncated>0</truncated>
		<difficult>0</difficult>
		<bndbox>
			<xmin>542</xmin>
			<ymin>341.6</ymin>
			<xmax>574</xmax>
			<ymax>373.6</ymax>
		</bndbox>
	</object>
	<object>
		<name>b7</name>
		<pose>Unspecified</pose>
		<truncated>0</truncated>
		<difficult>0</difficult>
		<bndbox>
			<xmin>454.88</xmin>
			<ymin>351.2</ymin>
			<xmax>486.88</xmax>
			<ymax>383.2</ymax>
		</bndbox>
	</object>
	<object>
		<name>b7</name>
		<pose>Unspecified</pose>
		<truncated>0</truncated>
		<difficult>0</difficult>
		<bndbox>
			<xmin>472.16</xmin>
			<ymin>135.2</ymin>
			<xmax>504.16</xmax>
			<ymax>167.2</ymax>
		</bndbox>
	</object>
	<object>
		<name>g1</name>
		<pose>Unspecified</pose>
		<truncated>0</truncated>
		<difficult>0</difficult>
		<bndbox>
			<xmin>466.112</xmin>
			<ymin>476.48</ymin>
			<xmax>498.112</xmax>
			<ymax>508.48</ymax>
		</bndbox>
	</object>
	<object>
		<name>b6</name>
		<pose>Unspecified</pose>
		<truncated>0</truncated>
		<difficult>0</difficult>
		<bndbox>
			<xmin>481.664</xmin>
			<ymin>206.912</ymin>
			<xmax>513.664</xmax>
			<ymax>238.912</ymax>
		</bndbox>
	</object>
	<object>
		<name>b9</name>
		<pose>Unspecified</pose>
		<truncated>0</truncated>
		<difficult>0</difficult>
		<bndbox>
			<xmin>506.547</xmin>
			<ymin>164.403</ymin>
			<xmax>538.547</xmax>
			<ymax>196.403</ymax>
		</bndbox>
	</object>
	<object>
		<name>b7</name>
		<pose>Unspecified</pose>
		<truncated>0</truncated>
		<difficult>0</difficult>
		<bndbox>
			<xmin>431.898</xmin>
			<ymin>384.205</ymin>
			<xmax>463.898</xmax>
			<ymax>416.205</ymax>
		</bndbox>
	</object>
	<object>
		<name>g1</name>
		<pose>Unspecified</pose>
		<truncated>0</truncated>
		<difficult>0</difficult>
		<bndbox>
			<xmin>438.118</xmin>
			<ymin>218.317</ymin>
			<xmax>470.118</xmax>
			<ymax>250.317</ymax>
		</bndbox>
	</object>
	<object>
		<name>b9</name>
		<pose>Unspecified</pose>
		<truncated>0</truncated>
		<difficult>0</difficult>
		<bndbox>
			<xmin>407.014</xmin>
			<ymin>217.902</ymin>
			<xmax>439.014</xmax>
			<ymax>249.902</ymax>
		</bndbox>
	</object>
	<object>
		<name>b6</name>
		<pose>Unspecified</pose>
		<truncated>0</truncated>
		<difficult>0</difficult>
		<bndbox>
			<xmin>449.814</xmin>
			<ymin>532.227</ymin>
			<xmax>481.814</xmax>
			<ymax>564.227</ymax>
		</bndbox>
	</object>
	<object>
		<name>b5</name>
		<pose>Unspecified</pose>
		<truncated>0</truncated>
		<difficult>0</difficult>
		<bndbox>
			<xmin>489.229</xmin>
			<ymin>148.826</ymin>
			<xmax>521.229</xmax>
			<ymax>180.826</ymax>
		</bndbox>
	</object>
	<object>
		<name>b6</name>
		<pose>Unspecified</pose>
		<truncated>0</truncated>
		<difficult>0</difficult>
		<bndbox>
			<xmin>421.148</xmin>
			<ymin>392.483</ymin>
			<xmax>453.148</xmax>
			<ymax>424.483</ymax>
		</bndbox>
	</object>
	<object>
		<name>b8</name>
		<pose>Unspecified</pose>
		<truncated>0</truncated>
		<difficult>0</difficult>
		<bndbox>
			<xmin>478.479</xmin>
			<ymin>241.989</ymin>
			<xmax>510.479</xmax>
			<ymax>273.989</ymax>
		</bndbox>
	</object>
	<object>
		<name>g10</name>
		<pose>Unspecified</pose>
		<truncated>0</truncated>
		<difficult>0</difficult>
		<bndbox>
			<xmin>537</xmin>
			<ymin>414</ymin>
			<xmax>569</xmax>
			<ymax>446</ymax>
		</bndbox>
	</object>
	<object>
		<name>b9</name>
		<pose>Unspecified</pose>
		<truncated>0</truncated>
		<difficult>0</difficult>
		<bndbox>
			<xmin>447</xmin>
			<ymin>296</ymin>
			<xmax>479</xmax>
			<ymax>328</ymax>
		</bndbox>
	</object>
	<object>
		<name>b6</name>
		<pose>Unspecified</pose>
		<truncated>0</truncated>
		<difficult>0</difficult>
		<bndbox>
			<xmin>487</xmin>
			<ymin>135</ymin>
			<xmax>519</xmax>
			<ymax>167</ymax>
		</bndbox>
	</object>
	<object>
		<name>g4</name>
		<pose>Unspecified</pose>
		<truncated>0</truncated>
		<difficult>0</difficult>
		<bndbox>
			<xmin>430</xmin>
			<ymin>407</ymin>
			<xmax>462</xmax>
			<ymax>439</ymax>
		</bndbox>
	</object>
	<object>
		<name>b4</name>
		<pose>Unspecified</pose>
		<truncated>0</truncated>
		<difficult>0</difficult>
		<bndbox>
			<xmin>490.4</xmin>
			<ymin>258.8</ymin>
			<xmax>522.4</xmax>
			<ymax>290.8</ymax>
		</bndbox>
	</object>
	<object>
		<name>g1</name>
		<pose>Unspecified</pose>
		<truncated>0</truncated>
		<difficult>0</difficult>
		<bndbox>
			<xmin>542</xmin>
			<ymin>341.6</ymin>
			<xmax>574</xmax>
			<ymax>373.6</ymax>
		</bndbox>
	</object>
	<object>
		<name>b7</name>
		<pose>Unspecified</pose>
		<truncated>0</truncated>
		<difficult>0</difficult>
		<bndbox>
			<xmin>454.88</xmin>
			<ymin>351.2</ymin>
			<xmax>486.88</xmax>
			<ymax>383.2</ymax>
		</bndbox>
	</object>
	<object>
		<name>b7</name>
		<pose>Unspecified</pose>
		<truncated>0</truncated>
		<difficult>0</difficult>
		<bndbox>
			<xmin>472.16</xmin>
			<ymin>135.2</ymin>
			<xmax>504.16</xmax>
			<ymax>167.2</ymax>
		</bndbox>
	</object>
	<object>
		<name>g1</name>
		<pose>Unspecified</pose>
		<truncated>0</truncated>
		<difficult>0</difficult>
		<bndbox>
			<xmin>466.112</xmin>
			<ymin>476.48</ymin>
			<xmax>498.112</xmax>
			<ymax>508.48</ymax>
		</bndbox>
	</object>
	<object>
		<name>b6</name>
		<pose>Unspecified</pose>
		<truncated>0</truncated>
		<difficult>0</difficult>
		<bndbox>
			<xmin>481.664</xmin>
			<ymin>206.912</ymin>
			<xmax>513.664</xmax>
			<ymax>238.912</ymax>
		</bndbox>
	</object>
	<object>
		<name>b9</name>
		<pose>Unspecified</pose>
		<truncated>0</truncated>
		<difficult>0</difficult>
		<bndbox>
			<xmin>506.547</xmin>
			<ymin>164.403</ymin>
			<xmax>538.547</xmax>
			<ymax>196.403</ymax>
		</bndbox>
	</object>
	<object>
		<name>b7</name>
		<pose>Unspecified</pose>
		<truncated>0</truncated>
		<difficult>0</difficult>
		<bndbox>
			<xmin>431.898</xmin>
			<ymin>384.205</ymin>
			<xmax>463.898</xmax>
			<ymax>416.205</ymax>
		</bndbox>
	</object>
	<object>
		<name>g1</name>
		<pose>Unspecified</pose>
		<truncated>0</truncated>
		<difficult>0</difficult>
		<bndbox>
			<xmin>438.118</xmin>
			<ymin>218.317</ymin>
			<xmax>470.118</xmax>
			<ymax>250.317</ymax>
		</bndbox>
	</object>
	<object>
		<name>b9</name>
		<pose>Unspecified</pose>
		<truncated>0</truncated>
		<difficult>0</difficult>
		<bndbox>
			<xmin>407.014</xmin>
			<ymin>217.902</ymin>
			<xmax>439.014</xmax>
			<ymax>249.902</ymax>
		</bndbox>
	</object>
	<object>
		<name>b6</name>
		<pose>Unspecified</pose>
		<truncated>0</truncated>
		<difficult>0</difficult>
		<bndbox>
			<xmin>449.814</xmin>
			<ymin>532.227</ymin>
			<xmax>481.814</xmax>
			<ymax>564.227</ymax>
		</bndbox>
	</object>
	<object>
		<name>b5</name>
		<pose>Unspecified</pose>
		<truncated>0</truncated>
		<difficult>0</difficult>
		<bndbox>
			<xmin>489.229</xmin>
			<ymin>148.826</ymin>
			<xmax>521.229</xmax>
			<ymax>180.826</ymax>
		</bndbox>
	</object>
	<object>
		<name>b6</name>
		<pose>Unspecified</pose>
		<truncated>0</truncated>
		<difficult>0</difficult>
		<bndbox>
			<xmin>421.148</xmin>
			<ymin>392.483</ymin>
			<xmax>453.148</xmax>
			<ymax>424.483</ymax>
		</bndbox>
	</object>
	<object>
		<name>b8</name>
		<pose>Unspecified</pose>
		<truncated>0</truncated>
		<difficult>0</difficult>
		<bndbox>
			<xmin>478.479</xmin>
			<ymin>241.989</ymin>
			<xmax>510.479</xmax>
			<ymax>273.989</ymax>
		</bndbox>
	</object>
	<object>
		<name>g10</name>
		<pose>Unspecified</pose>
		<truncated>0</truncated>
		<difficult>0</difficult>
		<bndbox>
			<xmin>537</xmin>
			<ymin>414</ymin>
			<xmax>569</xmax>
			<ymax>446</ymax>
		</bndbox>
	</object>
	<object>
		<name>b9</name>
		<pose>Unspecified</pose>
		<truncated>0</truncated>
		<difficult>0</difficult>
		<bndbox>
			<xmin>447</xmin>
			<ymin>296</ymin>
			<xmax>479</xmax>
			<ymax>328</ymax>
		</bndbox>
	</object>
	<object>
		<name>b6</name>
		<pose>Unspecified</pose>
		<truncated>0</truncated>
		<difficult>0</difficult>
		<bndbox>
			<xmin>487</xmin>
			<ymin>135</ymin>
			<xmax>519</xmax>
			<ymax>167</ymax>
		</bndbox>
	</object>
	<object>
		<name>g4</name>
		<pose>Unspecified</pose>
		<truncated>0</truncated>
		<difficult>0</difficult>
		<bndbox>
			<xmin>430</xmin>
			<ymin>407</ymin>
			<xmax>462</xmax>
			<ymax>439</ymax>
		</bndbox>
	</object>
	<object>
		<name>b4</name>
		<pose>Unspecified</pose>
		<truncated>0</truncated>
		<difficult>0</difficult>
		<bndbox>
			<xmin>490.4</xmin>
			<ymin>258.8</ymin>
			<xmax>522.4</xmax>
			<ymax>290.8</ymax>
		</bndbox>
	</object>
	<object>
		<name>g1</name>
		<pose>Unspecified</pose>
		<truncated>0</truncated>
		<difficult>0</difficult>
		<bndbox>
			<xmin>542</xmin>
			<ymin>341.6</ymin>
			<xmax>574</xmax>
			<ymax>373.6</ymax>
		</bndbox>
	</object>
	<object>
		<name>b7</name>
		<pose>Unspecified</pose>
		<truncated>0</truncated>
		<difficult>0</difficult>
		<bndbox>
			<xmin>454.88</xmin>
			<ymin>351.2</ymin>
			<xmax>486.88</xmax>
			<ymax>383.2</ymax>
		</bndbox>
	</object>
	<object>
		<name>b7</name>
		<pose>Unspecified</pose>
		<truncated>0</truncated>
		<difficult>0</difficult>
		<bndbox>
			<xmin>472.16</xmin>
			<ymin>135.2</ymin>
			<xmax>504.16</xmax>
			<ymax>167.2</ymax>
		</bndbox>
	</object>
	<object>
		<name>g1</name>
		<pose>Unspecified</pose>
		<truncated>0</truncated>
		<difficult>0</difficult>
		<bndbox>
			<xmin>466.112</xmin>
			<ymin>476.48</ymin>
			<xmax>498.112</xmax>
			<ymax>508.48</ymax>
		</bndbox>
	</object>
	<object>
		<name>b6</name>
		<pose>Unspecified</pose>
		<truncated>0</truncated>
		<difficult>0</difficult>
		<bndbox>
			<xmin>481.664</xmin>
			<ymin>206.912</ymin>
			<xmax>513.664</xmax>
			<ymax>238.912</ymax>
		</bndbox>
	</object>
	<object>
		<name>b9</name>
		<pose>Unspecified</pose>
		<truncated>0</truncated>
		<difficult>0</difficult>
		<bndbox>
			<xmin>506.547</xmin>
			<ymin>164.403</ymin>
			<xmax>538.547</xmax>
			<ymax>196.403</ymax>
		</bndbox>
	</object>
	<object>
		<name>b7</name>
		<pose>Unspecified</pose>
		<truncated>0</truncated>
		<difficult>0</difficult>
		<bndbox>
			<xmin>431.898</xmin>
			<ymin>384.205</ymin>
			<xmax>463.898</xmax>
			<ymax>416.205</ymax>
		</bndbox>
	</object>
	<object>
		<name>g1</name>
		<pose>Unspecified</pose>
		<truncated>0</truncated>
		<difficult>0</difficult>
		<bndbox>
			<xmin>438.118</xmin>
			<ymin>218.317</ymin>
			<xmax>470.118</xmax>
			<ymax>250.317</ymax>
		</bndbox>
	</object>
	<object>
		<name>b9</name>
		<pose>Unspecified</pose>
		<truncated>0</truncated>
		<difficult>0</difficult>
		<bndbox>
			<xmin>407.014</xmin>
			<ymin>217.902</ymin>
			<xmax>439.014</xmax>
			<ymax>249.902</ymax>
		</bndbox>
	</object>
	<object>
		<name>b6</name>
		<pose>Unspecified</pose>
		<truncated>0</truncated>
		<difficult>0</difficult>
		<bndbox>
			<xmin>449.814</xmin>
			<ymin>532.227</ymin>
			<xmax>481.814</xmax>
			<ymax>564.227</ymax>
		</bndbox>
	</object>
	<object>
		<name>b5</name>
		<pose>Unspecified</pose>
		<truncated>0</truncated>
		<difficult>0</difficult>
		<bndbox>
			<xmin>489.229</xmin>
			<ymin>148.826</ymin>
			<xmax>521.229</xmax>
			<ymax>180.826</ymax>
		</bndbox>
	</object>
	<object>
		<name>b6</name>
		<pose>Unspecified</pose>
		<truncated>0</truncated>
		<difficult>0</difficult>
		<bndbox>
			<xmin>421.148</xmin>
			<ymin>392.483</ymin>
			<xmax>453.148</xmax>
			<ymax>424.483</ymax>
		</bndbox>
	</object>
	<object>
		<name>b8</name>
		<pose>Unspecified</pose>
		<truncated>0</truncated>
		<difficult>0</difficult>
		<bndbox>
			<xmin>478.479</xmin>
			<ymin>241.989</ymin>
			<xmax>510.479</xmax>
			<ymax>273.989</ymax>
		</bndbox>
	</object>
</annotation>
