<annotation>
	<folder>VOC2007</folder>
	<filename>000080.jpg</filename>
	<source>
		<database>My Database</database>
		<annotation>VOC2007</annotation>
		<image>flickr</image>
		<flickrid>NULL</flickrid>
	</source>
	<owner>
		<flickrid>NULL</flickrid>
		<name>shaochunyan</name>
	</owner>
	<size>
		<width>720</width>
		<height>1280</height>
		<depth>3</depth>
	</size>
	<segmented>0</segmented>
	<object>
		<name>b5</name>
		<pose>Unspecified</pose>
		<truncated>0</truncated>
		<difficult>0</difficult>
		<bndbox>
			<xmin>124</xmin>
			<ymin>206</ymin>
			<xmax>156</xmax>
			<ymax>238</ymax>
		</bndbox>
	</object>
	<object>
		<name>b5</name>
		<pose>Unspecified</pose>
		<truncated>0</truncated>
		<difficult>0</difficult>
		<bndbox>
			<xmin>261</xmin>
			<ymin>209</ymin>
			<xmax>293</xmax>
			<ymax>241</ymax>
		</bndbox>
	</object>
	<object>
		<name>b6</name>
		<pose>Unspecified</pose>
		<truncated>0</truncated>
		<difficult>0</difficult>
		<bndbox>
			<xmin>59.6</xmin>
			<ymin>314</ymin>
			<xmax>91.6</xmax>
			<ymax>346</ymax>
		</bndbox>
	</object>
	<object>
		<name>g1</name>
		<pose>Unspecified</pose>
		<truncated>0</truncated>
		<difficult>0</difficult>
		<bndbox>
			<xmin>34.4</xmin>
			<ymin>282.8</ymin>
			<xmax>66.4</xmax>
			<ymax>314.8</ymax>
		</bndbox>
	</object>
	<object>
		<name>b6</name>
		<pose>Unspecified</pose>
		<truncated>0</truncated>
		<difficult>0</difficult>
		<bndbox>
			<xmin>107.6</xmin>
			<ymin>226.4</ymin>
			<xmax>139.6</xmax>
			<ymax>258.4</ymax>
		</bndbox>
	</object>
	<object>
		<name>b7</name>
		<pose>Unspecified</pose>
		<truncated>0</truncated>
		<difficult>0</difficult>
		<bndbox>
			<xmin>238.4</xmin>
			<ymin>360.8</ymin>
			<xmax>270.4</xmax>
			<ymax>392.8</ymax>
		</bndbox>
	</object>
	<object>
		<name>b9</name>
		<pose>Unspecified</pose>
		<truncated>0</truncated>
		<difficult>0</difficult>
		<bndbox>
			<xmin>86.24</xmin>
			<ymin>223.04</ymin>
			<xmax>118.24</xmax>
			<ymax>255.04</ymax>
		</bndbox>
	</object>
	<object>
		<name>b4</name>
		<pose>Unspecified</pose>
		<truncated>0</truncated>
		<difficult>0</difficult>
		<bndbox>
			<xmin>123.968</xmin>
			<ymin>61.76</ymin>
			<xmax>155.968</xmax>
			<ymax>93.76</ymax>
		</bndbox>
	</object>
	<object>
		<name>b6</name>
		<pose>Unspecified</pose>
		<truncated>0</truncated>
		<difficult>0</difficult>
		<bndbox>
			<xmin>104.96</xmin>
			<ymin>222.464</ymin>
			<xmax>136.96</xmax>
			<ymax>254.464</ymax>
		</bndbox>
	</object>
	<object>
		<name>b10</name>
		<pose>Unspecified</pose>
		<truncated>0</truncated>
		<difficult>0</difficult>
		<bndbox>
			<xmin>65.216</xmin>
			<ymin>229.376</ymin>
			<xmax>97.216</xmax>
			<ymax>261.376</ymax>
		</bndbox>
	</object>
	<object>
		<name>b5</name>
		<pose>Unspecified</pose>
		<truncated>0</truncated>
		<difficult>0</difficult>
		<bndbox>
			<xmin>183.066</xmin>
			<ymin>263.936</ymin>
			<xmax>215.066</xmax>
			<ymax>295.936</ymax>
		</bndbox>
	</object>
	<object>
		<name>b10</name>
		<pose>Unspecified</pose>
		<truncated>0</truncated>
		<difficult>0</difficult>
		<bndbox>
			<xmin>98.048</xmin>
			<ymin>270.157</ymin>
			<xmax>130.048</xmax>
			<ymax>302.157</ymax>
		</bndbox>
	</object>
	<object>
		<name>b7</name>
		<pose>Unspecified</pose>
		<truncated>0</truncated>
		<difficult>0</difficult>
		<bndbox>
			<xmin>190.531</xmin>
			<ymin>297.528</ymin>
			<xmax>222.531</xmax>
			<ymax>329.528</ymax>
		</bndbox>
	</object>
	<object>
		<name>b5</name>
		<pose>Unspecified</pose>
		<truncated>0</truncated>
		<difficult>0</difficult>
		<bndbox>
			<xmin>255.725</xmin>
			<ymin>357.248</ymin>
			<xmax>287.725</xmax>
			<ymax>389.248</ymax>
		</bndbox>
	</object>
	<object>
		<name>b7</name>
		<pose>Unspecified</pose>
		<truncated>0</truncated>
		<difficult>0</difficult>
		<bndbox>
			<xmin>94.4814</xmin>
			<ymin>196.005</ymin>
			<xmax>126.481</xmax>
			<ymax>228.005</ymax>
		</bndbox>
	</object>
	<object>
		<name>b6</name>
		<pose>Unspecified</pose>
		<truncated>0</truncated>
		<difficult>0</difficult>
		<bndbox>
			<xmin>85.5235</xmin>
			<ymin>157.187</ymin>
			<xmax>117.523</xmax>
			<ymax>189.187</ymax>
		</bndbox>
	</object>
	<object>
		<name>b8</name>
		<pose>Unspecified</pose>
		<truncated>0</truncated>
		<difficult>0</difficult>
		<bndbox>
			<xmin>142.257</xmin>
			<ymin>252.739</ymin>
			<xmax>174.257</xmax>
			<ymax>284.739</ymax>
		</bndbox>
	</object>
	<object>
		<name>b5</name>
		<pose>Unspecified</pose>
		<truncated>0</truncated>
		<difficult>0</difficult>
		<bndbox>
			<xmin>105.828</xmin>
			<ymin>188.241</ymin>
			<xmax>137.828</xmax>
			<ymax>220.241</ymax>
		</bndbox>
	</object>
	<object>
		<name>b5</name>
		<pose>Unspecified</pose>
		<truncated>0</truncated>
		<difficult>0</difficult>
		<bndbox>
			<xmin>123.744</xmin>
			<ymin>195.408</ymin>
			<xmax>155.744</xmax>
			<ymax>227.408</ymax>
		</bndbox>
	</object>
	<object>
		<name>b9</name>
		<pose>Unspecified</pose>
		<truncated>0</truncated>
		<difficult>0</difficult>
		<bndbox>
			<xmin>127.327</xmin>
			<ymin>256.322</ymin>
			<xmax>159.327</xmax>
			<ymax>288.322</ymax>
		</bndbox>
	</object>
	<object>
		<name>b5</name>
		<pose>Unspecified</pose>
		<truncated>0</truncated>
		<difficult>0</difficult>
		<bndbox>
			<xmin>124</xmin>
			<ymin>206</ymin>
			<xmax>156</xmax>
			<ymax>238</ymax>
		</bndbox>
	</object>
	<object>
		<name>b5</name>
		<pose>Unspecified</pose>
		<truncated>0</truncated>
		<difficult>0</difficult>
		<bndbox>
			<xmin>261</xmin>
			<ymin>209</ymin>
			<xmax>293</xmax>
			<ymax>241</ymax>
		</bndbox>
	</object>
	<object>
		<name>b6</name>
		<pose>Unspecified</pose>
		<truncated>0</truncated>
		<difficult>0</difficult>
		<bndbox>
			<xmin>59.6</xmin>
			<ymin>314</ymin>
			<xmax>91.6</xmax>
			<ymax>346</ymax>
		</bndbox>
	</object>
	<object>
		<name>g1</name>
		<pose>Unspecified</pose>
		<truncated>0</truncated>
		<difficult>0</difficult>
		<bndbox>
			<xmin>34.4</xmin>
			<ymin>282.8</ymin>
			<xmax>66.4</xmax>
			<ymax>314.8</ymax>
		</bndbox>
	</object>
	<object>
		<name>b6</name>
		<pose>Unspecified</pose>
		<truncated>0</truncated>
		<difficult>0</difficult>
		<bndbox>
			<xmin>107.6</xmin>
			<ymin>226.4</ymin>
			<xmax>139.6</xmax>
			<ymax>258.4</ymax>
		</bndbox>
	</object>
	<object>
		<name>b7</name>
		<pose>Unspecified</pose>
		<truncated>0</truncated>
		<difficult>0</difficult>
		<bndbox>
			<xmin>238.4</xmin>
			<ymin>360.8</ymin>
			<xmax>270.4</xmax>
			<ymax>392.8</ymax>
		</bndbox>
	</object>
	<object>
		<name>b9</name>
		<pose>Unspecified</pose>
		<truncated>0</truncated>
		<difficult>0</difficult>
		<bndbox>
			<xmin>86.24</xmin>
			<ymin>223.04</ymin>
			<xmax>118.24</xmax>
			<ymax>255.04</ymax>
		</bndbox>
	</object>
	<object>
		<name>b4</name>
		<pose>Unspecified</pose>
		<truncated>0</truncated>
		<difficult>0</difficult>
		<bndbox>
			<xmin>123.968</xmin>
			<ymin>61.76</ymin>
			<xmax>155.968</xmax>
			<ymax>93.76</ymax>
		</bndbox>
	</object>
	<object>
		<name>b6</name>
		<pose>Unspecified</pose>
		<truncated>0</truncated>
		<difficult>0</difficult>
		<bndbox>
			<xmin>104.96</xmin>
			<ymin>222.464</ymin>
			<xmax>136.96</xmax>
			<ymax>254.464</ymax>
		</bndbox>
	</object>
	<object>
		<name>b10</name>
		<pose>Unspecified</pose>
		<truncated>0</truncated>
		<difficult>0</difficult>
		<bndbox>
			<xmin>65.216</xmin>
			<ymin>229.376</ymin>
			<xmax>97.216</xmax>
			<ymax>261.376</ymax>
		</bndbox>
	</object>
	<object>
		<name>b5</name>
		<pose>Unspecified</pose>
		<truncated>0</truncated>
		<difficult>0</difficult>
		<bndbox>
			<xmin>183.066</xmin>
			<ymin>263.936</ymin>
			<xmax>215.066</xmax>
			<ymax>295.936</ymax>
		</bndbox>
	</object>
	<object>
		<name>b10</name>
		<pose>Unspecified</pose>
		<truncated>0</truncated>
		<difficult>0</difficult>
		<bndbox>
			<xmin>98.048</xmin>
			<ymin>270.157</ymin>
			<xmax>130.048</xmax>
			<ymax>302.157</ymax>
		</bndbox>
	</object>
	<object>
		<name>b7</name>
		<pose>Unspecified</pose>
		<truncated>0</truncated>
		<difficult>0</difficult>
		<bndbox>
			<xmin>190.531</xmin>
			<ymin>297.528</ymin>
			<xmax>222.531</xmax>
			<ymax>329.528</ymax>
		</bndbox>
	</object>
	<object>
		<name>b5</name>
		<pose>Unspecified</pose>
		<truncated>0</truncated>
		<difficult>0</difficult>
		<bndbox>
			<xmin>255.725</xmin>
			<ymin>357.248</ymin>
			<xmax>287.725</xmax>
			<ymax>389.248</ymax>
		</bndbox>
	</object>
	<object>
		<name>b7</name>
		<pose>Unspecified</pose>
		<truncated>0</truncated>
		<difficult>0</difficult>
		<bndbox>
			<xmin>94.4814</xmin>
			<ymin>196.005</ymin>
			<xmax>126.481</xmax>
			<ymax>228.005</ymax>
		</bndbox>
	</object>
	<object>
		<name>b6</name>
		<pose>Unspecified</pose>
		<truncated>0</truncated>
		<difficult>0</difficult>
		<bndbox>
			<xmin>85.5235</xmin>
			<ymin>157.187</ymin>
			<xmax>117.523</xmax>
			<ymax>189.187</ymax>
		</bndbox>
	</object>
	<object>
		<name>b8</name>
		<pose>Unspecified</pose>
		<truncated>0</truncated>
		<difficult>0</difficult>
		<bndbox>
			<xmin>142.257</xmin>
			<ymin>252.739</ymin>
			<xmax>174.257</xmax>
			<ymax>284.739</ymax>
		</bndbox>
	</object>
	<object>
		<name>b5</name>
		<pose>Unspecified</pose>
		<truncated>0</truncated>
		<difficult>0</difficult>
		<bndbox>
			<xmin>105.828</xmin>
			<ymin>188.241</ymin>
			<xmax>137.828</xmax>
			<ymax>220.241</ymax>
		</bndbox>
	</object>
	<object>
		<name>b5</name>
		<pose>Unspecified</pose>
		<truncated>0</truncated>
		<difficult>0</difficult>
		<bndbox>
			<xmin>123.744</xmin>
			<ymin>195.408</ymin>
			<xmax>155.744</xmax>
			<ymax>227.408</ymax>
		</bndbox>
	</object>
	<object>
		<name>b9</name>
		<pose>Unspecified</pose>
		<truncated>0</truncated>
		<difficult>0</difficult>
		<bndbox>
			<xmin>127.327</xmin>
			<ymin>256.322</ymin>
			<xmax>159.327</xmax>
			<ymax>288.322</ymax>
		</bndbox>
	</object>
	<object>
		<name>b5</name>
		<pose>Unspecified</pose>
		<truncated>0</truncated>
		<difficult>0</difficult>
		<bndbox>
			<xmin>124</xmin>
			<ymin>206</ymin>
			<xmax>156</xmax>
			<ymax>238</ymax>
		</bndbox>
	</object>
	<object>
		<name>b5</name>
		<pose>Unspecified</pose>
		<truncated>0</truncated>
		<difficult>0</difficult>
		<bndbox>
			<xmin>261</xmin>
			<ymin>209</ymin>
			<xmax>293</xmax>
			<ymax>241</ymax>
		</bndbox>
	</object>
	<object>
		<name>b6</name>
		<pose>Unspecified</pose>
		<truncated>0</truncated>
		<difficult>0</difficult>
		<bndbox>
			<xmin>59.6</xmin>
			<ymin>314</ymin>
			<xmax>91.6</xmax>
			<ymax>346</ymax>
		</bndbox>
	</object>
	<object>
		<name>g1</name>
		<pose>Unspecified</pose>
		<truncated>0</truncated>
		<difficult>0</difficult>
		<bndbox>
			<xmin>34.4</xmin>
			<ymin>282.8</ymin>
			<xmax>66.4</xmax>
			<ymax>314.8</ymax>
		</bndbox>
	</object>
	<object>
		<name>b6</name>
		<pose>Unspecified</pose>
		<truncated>0</truncated>
		<difficult>0</difficult>
		<bndbox>
			<xmin>107.6</xmin>
			<ymin>226.4</ymin>
			<xmax>139.6</xmax>
			<ymax>258.4</ymax>
		</bndbox>
	</object>
	<object>
		<name>b7</name>
		<pose>Unspecified</pose>
		<truncated>0</truncated>
		<difficult>0</difficult>
		<bndbox>
			<xmin>238.4</xmin>
			<ymin>360.8</ymin>
			<xmax>270.4</xmax>
			<ymax>392.8</ymax>
		</bndbox>
	</object>
	<object>
		<name>b9</name>
		<pose>Unspecified</pose>
		<truncated>0</truncated>
		<difficult>0</difficult>
		<bndbox>
			<xmin>86.24</xmin>
			<ymin>223.04</ymin>
			<xmax>118.24</xmax>
			<ymax>255.04</ymax>
		</bndbox>
	</object>
	<object>
		<name>b4</name>
		<pose>Unspecified</pose>
		<truncated>0</truncated>
		<difficult>0</difficult>
		<bndbox>
			<xmin>123.968</xmin>
			<ymin>61.76</ymin>
			<xmax>155.968</xmax>
			<ymax>93.76</ymax>
		</bndbox>
	</object>
	<object>
		<name>b6</name>
		<pose>Unspecified</pose>
		<truncated>0</truncated>
		<difficult>0</difficult>
		<bndbox>
			<xmin>104.96</xmin>
			<ymin>222.464</ymin>
			<xmax>136.96</xmax>
			<ymax>254.464</ymax>
		</bndbox>
	</object>
	<object>
		<name>b10</name>
		<pose>Unspecified</pose>
		<truncated>0</truncated>
		<difficult>0</difficult>
		<bndbox>
			<xmin>65.216</xmin>
			<ymin>229.376</ymin>
			<xmax>97.216</xmax>
			<ymax>261.376</ymax>
		</bndbox>
	</object>
	<object>
		<name>b5</name>
		<pose>Unspecified</pose>
		<truncated>0</truncated>
		<difficult>0</difficult>
		<bndbox>
			<xmin>183.066</xmin>
			<ymin>263.936</ymin>
			<xmax>215.066</xmax>
			<ymax>295.936</ymax>
		</bndbox>
	</object>
	<object>
		<name>b10</name>
		<pose>Unspecified</pose>
		<truncated>0</truncated>
		<difficult>0</difficult>
		<bndbox>
			<xmin>98.048</xmin>
			<ymin>270.157</ymin>
			<xmax>130.048</xmax>
			<ymax>302.157</ymax>
		</bndbox>
	</object>
	<object>
		<name>b7</name>
		<pose>Unspecified</pose>
		<truncated>0</truncated>
		<difficult>0</difficult>
		<bndbox>
			<xmin>190.531</xmin>
			<ymin>297.528</ymin>
			<xmax>222.531</xmax>
			<ymax>329.528</ymax>
		</bndbox>
	</object>
	<object>
		<name>b5</name>
		<pose>Unspecified</pose>
		<truncated>0</truncated>
		<difficult>0</difficult>
		<bndbox>
			<xmin>255.725</xmin>
			<ymin>357.248</ymin>
			<xmax>287.725</xmax>
			<ymax>389.248</ymax>
		</bndbox>
	</object>
	<object>
		<name>b7</name>
		<pose>Unspecified</pose>
		<truncated>0</truncated>
		<difficult>0</difficult>
		<bndbox>
			<xmin>94.4814</xmin>
			<ymin>196.005</ymin>
			<xmax>126.481</xmax>
			<ymax>228.005</ymax>
		</bndbox>
	</object>
	<object>
		<name>b6</name>
		<pose>Unspecified</pose>
		<truncated>0</truncated>
		<difficult>0</difficult>
		<bndbox>
			<xmin>85.5235</xmin>
			<ymin>157.187</ymin>
			<xmax>117.523</xmax>
			<ymax>189.187</ymax>
		</bndbox>
	</object>
	<object>
		<name>b8</name>
		<pose>Unspecified</pose>
		<truncated>0</truncated>
		<difficult>0</difficult>
		<bndbox>
			<xmin>142.257</xmin>
			<ymin>252.739</ymin>
			<xmax>174.257</xmax>
			<ymax>284.739</ymax>
		</bndbox>
	</object>
	<object>
		<name>b5</name>
		<pose>Unspecified</pose>
		<truncated>0</truncated>
		<difficult>0</difficult>
		<bndbox>
			<xmin>105.828</xmin>
			<ymin>188.241</ymin>
			<xmax>137.828</xmax>
			<ymax>220.241</ymax>
		</bndbox>
	</object>
	<object>
		<name>b5</name>
		<pose>Unspecified</pose>
		<truncated>0</truncated>
		<difficult>0</difficult>
		<bndbox>
			<xmin>123.744</xmin>
			<ymin>195.408</ymin>
			<xmax>155.744</xmax>
			<ymax>227.408</ymax>
		</bndbox>
	</object>
	<object>
		<name>b9</name>
		<pose>Unspecified</pose>
		<truncated>0</truncated>
		<difficult>0</difficult>
		<bndbox>
			<xmin>127.327</xmin>
			<ymin>256.322</ymin>
			<xmax>159.327</xmax>
			<ymax>288.322</ymax>
		</bndbox>
	</object>
</annotation>
