<annotation>
	<folder>VOC2007</folder>
	<filename>000037.jpg</filename>
	<source>
		<database>My Database</database>
		<annotation>VOC2007</annotation>
		<image>flickr</image>
		<flickrid>NULL</flickrid>
	</source>
	<owner>
		<flickrid>NULL</flickrid>
		<name>shaochunyan</name>
	</owner>
	<size>
		<width>720</width>
		<height>1280</height>
		<depth>3</depth>
	</size>
	<segmented>0</segmented>
	<object>
		<name>b6</name>
		<pose>Unspecified</pose>
		<truncated>0</truncated>
		<difficult>0</difficult>
		<bndbox>
			<xmin>359</xmin>
			<ymin>453</ymin>
			<xmax>391</xmax>
			<ymax>485</ymax>
		</bndbox>
	</object>
	<object>
		<name>b9</name>
		<pose>Unspecified</pose>
		<truncated>0</truncated>
		<difficult>0</difficult>
		<bndbox>
			<xmin>311</xmin>
			<ymin>500</ymin>
			<xmax>343</xmax>
			<ymax>532</ymax>
		</bndbox>
	</object>
	<object>
		<name>b7</name>
		<pose>Unspecified</pose>
		<truncated>0</truncated>
		<difficult>0</difficult>
		<bndbox>
			<xmin>213</xmin>
			<ymin>296</ymin>
			<xmax>245</xmax>
			<ymax>328</ymax>
		</bndbox>
	</object>
	<object>
		<name>b9</name>
		<pose>Unspecified</pose>
		<truncated>0</truncated>
		<difficult>0</difficult>
		<bndbox>
			<xmin>310.4</xmin>
			<ymin>406.4</ymin>
			<xmax>342.4</xmax>
			<ymax>438.4</ymax>
		</bndbox>
	</object>
	<object>
		<name>b9</name>
		<pose>Unspecified</pose>
		<truncated>0</truncated>
		<difficult>0</difficult>
		<bndbox>
			<xmin>156.8</xmin>
			<ymin>356</ymin>
			<xmax>188.8</xmax>
			<ymax>388</ymax>
		</bndbox>
	</object>
	<object>
		<name>b5</name>
		<pose>Unspecified</pose>
		<truncated>0</truncated>
		<difficult>0</difficult>
		<bndbox>
			<xmin>363.2</xmin>
			<ymin>447.2</ymin>
			<xmax>395.2</xmax>
			<ymax>479.2</ymax>
		</bndbox>
	</object>
	<object>
		<name>b4</name>
		<pose>Unspecified</pose>
		<truncated>0</truncated>
		<difficult>0</difficult>
		<bndbox>
			<xmin>116</xmin>
			<ymin>393.2</ymin>
			<xmax>148</xmax>
			<ymax>425.2</ymax>
		</bndbox>
	</object>
	<object>
		<name>b7</name>
		<pose>Unspecified</pose>
		<truncated>0</truncated>
		<difficult>0</difficult>
		<bndbox>
			<xmin>231.68</xmin>
			<ymin>308</ymin>
			<xmax>263.68</xmax>
			<ymax>340</ymax>
		</bndbox>
	</object>
	<object>
		<name>b8</name>
		<pose>Unspecified</pose>
		<truncated>0</truncated>
		<difficult>0</difficult>
		<bndbox>
			<xmin>315.2</xmin>
			<ymin>418.88</ymin>
			<xmax>347.2</xmax>
			<ymax>450.88</ymax>
		</bndbox>
	</object>
	<object>
		<name>b9</name>
		<pose>Unspecified</pose>
		<truncated>0</truncated>
		<difficult>0</difficult>
		<bndbox>
			<xmin>303.68</xmin>
			<ymin>401.6</ymin>
			<xmax>335.68</xmax>
			<ymax>433.6</ymax>
		</bndbox>
	</object>
	<object>
		<name>b9</name>
		<pose>Unspecified</pose>
		<truncated>0</truncated>
		<difficult>0</difficult>
		<bndbox>
			<xmin>188.48</xmin>
			<ymin>372.8</ymin>
			<xmax>220.48</xmax>
			<ymax>404.8</ymax>
		</bndbox>
	</object>
	<object>
		<name>b6</name>
		<pose>Unspecified</pose>
		<truncated>0</truncated>
		<difficult>0</difficult>
		<bndbox>
			<xmin>136.064</xmin>
			<ymin>383.168</ymin>
			<xmax>168.064</xmax>
			<ymax>415.168</ymax>
		</bndbox>
	</object>
	<object>
		<name>b9</name>
		<pose>Unspecified</pose>
		<truncated>0</truncated>
		<difficult>0</difficult>
		<bndbox>
			<xmin>129.152</xmin>
			<ymin>372.8</ymin>
			<xmax>161.152</xmax>
			<ymax>404.8</ymax>
		</bndbox>
	</object>
	<object>
		<name>b3</name>
		<pose>Unspecified</pose>
		<truncated>0</truncated>
		<difficult>0</difficult>
		<bndbox>
			<xmin>118.784</xmin>
			<ymin>391.808</ymin>
			<xmax>150.784</xmax>
			<ymax>423.808</ymax>
		</bndbox>
	</object>
	<object>
		<name>b5</name>
		<pose>Unspecified</pose>
		<truncated>0</truncated>
		<difficult>0</difficult>
		<bndbox>
			<xmin>105.828</xmin>
			<ymin>378.15</ymin>
			<xmax>137.828</xmax>
			<ymax>410.15</ymax>
		</bndbox>
	</object>
	<object>
		<name>b4</name>
		<pose>Unspecified</pose>
		<truncated>0</truncated>
		<difficult>0</difficult>
		<bndbox>
			<xmin>359</xmin>
			<ymin>453</ymin>
			<xmax>391</xmax>
			<ymax>485</ymax>
		</bndbox>
	</object>
	<object>
		<name>b9</name>
		<pose>Unspecified</pose>
		<truncated>0</truncated>
		<difficult>0</difficult>
		<bndbox>
			<xmin>311</xmin>
			<ymin>500</ymin>
			<xmax>343</xmax>
			<ymax>532</ymax>
		</bndbox>
	</object>
	<object>
		<name>b4</name>
		<pose>Unspecified</pose>
		<truncated>0</truncated>
		<difficult>0</difficult>
		<bndbox>
			<xmin>213</xmin>
			<ymin>296</ymin>
			<xmax>245</xmax>
			<ymax>328</ymax>
		</bndbox>
	</object>
	<object>
		<name>b2</name>
		<pose>Unspecified</pose>
		<truncated>0</truncated>
		<difficult>0</difficult>
		<bndbox>
			<xmin>211</xmin>
			<ymin>295</ymin>
			<xmax>243</xmax>
			<ymax>327</ymax>
		</bndbox>
	</object>
	<object>
		<name>b3</name>
		<pose>Unspecified</pose>
		<truncated>0</truncated>
		<difficult>0</difficult>
		<bndbox>
			<xmin>357</xmin>
			<ymin>443</ymin>
			<xmax>389</xmax>
			<ymax>475</ymax>
		</bndbox>
	</object>
	<object>
		<name>b9</name>
		<pose>Unspecified</pose>
		<truncated>0</truncated>
		<difficult>0</difficult>
		<bndbox>
			<xmin>310.4</xmin>
			<ymin>406.4</ymin>
			<xmax>342.4</xmax>
			<ymax>438.4</ymax>
		</bndbox>
	</object>
	<object>
		<name>b9</name>
		<pose>Unspecified</pose>
		<truncated>0</truncated>
		<difficult>0</difficult>
		<bndbox>
			<xmin>156.8</xmin>
			<ymin>356</ymin>
			<xmax>188.8</xmax>
			<ymax>388</ymax>
		</bndbox>
	</object>
	<object>
		<name>b2</name>
		<pose>Unspecified</pose>
		<truncated>0</truncated>
		<difficult>0</difficult>
		<bndbox>
			<xmin>363.2</xmin>
			<ymin>447.2</ymin>
			<xmax>395.2</xmax>
			<ymax>479.2</ymax>
		</bndbox>
	</object>
	<object>
		<name>b4</name>
		<pose>Unspecified</pose>
		<truncated>0</truncated>
		<difficult>0</difficult>
		<bndbox>
			<xmin>116</xmin>
			<ymin>393.2</ymin>
			<xmax>148</xmax>
			<ymax>425.2</ymax>
		</bndbox>
	</object>
	<object>
		<name>b7</name>
		<pose>Unspecified</pose>
		<truncated>0</truncated>
		<difficult>0</difficult>
		<bndbox>
			<xmin>231.68</xmin>
			<ymin>308</ymin>
			<xmax>263.68</xmax>
			<ymax>340</ymax>
		</bndbox>
	</object>
	<object>
		<name>b8</name>
		<pose>Unspecified</pose>
		<truncated>0</truncated>
		<difficult>0</difficult>
		<bndbox>
			<xmin>315.2</xmin>
			<ymin>418.88</ymin>
			<xmax>347.2</xmax>
			<ymax>450.88</ymax>
		</bndbox>
	</object>
	<object>
		<name>b9</name>
		<pose>Unspecified</pose>
		<truncated>0</truncated>
		<difficult>0</difficult>
		<bndbox>
			<xmin>184.16</xmin>
			<ymin>362.72</ymin>
			<xmax>216.16</xmax>
			<ymax>394.72</ymax>
		</bndbox>
	</object>
	<object>
		<name>b9</name>
		<pose>Unspecified</pose>
		<truncated>0</truncated>
		<difficult>0</difficult>
		<bndbox>
			<xmin>303.68</xmin>
			<ymin>401.6</ymin>
			<xmax>335.68</xmax>
			<ymax>433.6</ymax>
		</bndbox>
	</object>
	<object>
		<name>b8</name>
		<pose>Unspecified</pose>
		<truncated>0</truncated>
		<difficult>0</difficult>
		<bndbox>
			<xmin>188.48</xmin>
			<ymin>372.8</ymin>
			<xmax>220.48</xmax>
			<ymax>404.8</ymax>
		</bndbox>
	</object>
	<object>
		<name>b6</name>
		<pose>Unspecified</pose>
		<truncated>0</truncated>
		<difficult>0</difficult>
		<bndbox>
			<xmin>136.064</xmin>
			<ymin>383.168</ymin>
			<xmax>168.064</xmax>
			<ymax>415.168</ymax>
		</bndbox>
	</object>
	<object>
		<name>b9</name>
		<pose>Unspecified</pose>
		<truncated>0</truncated>
		<difficult>0</difficult>
		<bndbox>
			<xmin>129.152</xmin>
			<ymin>372.8</ymin>
			<xmax>161.152</xmax>
			<ymax>404.8</ymax>
		</bndbox>
	</object>
	<object>
		<name>b3</name>
		<pose>Unspecified</pose>
		<truncated>0</truncated>
		<difficult>0</difficult>
		<bndbox>
			<xmin>118.784</xmin>
			<ymin>391.808</ymin>
			<xmax>150.784</xmax>
			<ymax>423.808</ymax>
		</bndbox>
	</object>
	<object>
		<name>b5</name>
		<pose>Unspecified</pose>
		<truncated>0</truncated>
		<difficult>0</difficult>
		<bndbox>
			<xmin>105.828</xmin>
			<ymin>378.15</ymin>
			<xmax>137.828</xmax>
			<ymax>410.15</ymax>
		</bndbox>
	</object>
	<object>
		<name>g1</name>
		<pose>Unspecified</pose>
		<truncated>0</truncated>
		<difficult>0</difficult>
		<bndbox>
			<xmin>121</xmin>
			<ymin>270</ymin>
			<xmax>153</xmax>
			<ymax>302</ymax>
		</bndbox>
	</object>
	<object>
		<name>b9</name>
		<pose>Unspecified</pose>
		<truncated>0</truncated>
		<difficult>0</difficult>
		<bndbox>
			<xmin>289</xmin>
			<ymin>420</ymin>
			<xmax>321</xmax>
			<ymax>452</ymax>
		</bndbox>
	</object>
	<object>
		<name>b4</name>
		<pose>Unspecified</pose>
		<truncated>0</truncated>
		<difficult>0</difficult>
		<bndbox>
			<xmin>346</xmin>
			<ymin>486</ymin>
			<xmax>378</xmax>
			<ymax>518</ymax>
		</bndbox>
	</object>
	<object>
		<name>b5</name>
		<pose>Unspecified</pose>
		<truncated>0</truncated>
		<difficult>0</difficult>
		<bndbox>
			<xmin>333.2</xmin>
			<ymin>479.6</ymin>
			<xmax>365.2</xmax>
			<ymax>511.6</ymax>
		</bndbox>
	</object>
	<object>
		<name>b7</name>
		<pose>Unspecified</pose>
		<truncated>0</truncated>
		<difficult>0</difficult>
		<bndbox>
			<xmin>330.8</xmin>
			<ymin>506</ymin>
			<xmax>362.8</xmax>
			<ymax>538</ymax>
		</bndbox>
	</object>
	<object>
		<name>b8</name>
		<pose>Unspecified</pose>
		<truncated>0</truncated>
		<difficult>0</difficult>
		<bndbox>
			<xmin>320</xmin>
			<ymin>473.6</ymin>
			<xmax>352</xmax>
			<ymax>505.6</ymax>
		</bndbox>
	</object>
	<object>
		<name>b8</name>
		<pose>Unspecified</pose>
		<truncated>0</truncated>
		<difficult>0</difficult>
		<bndbox>
			<xmin>272</xmin>
			<ymin>282.08</ymin>
			<xmax>304</xmax>
			<ymax>314.08</ymax>
		</bndbox>
	</object>
	<object>
		<name>b8</name>
		<pose>Unspecified</pose>
		<truncated>0</truncated>
		<difficult>0</difficult>
		<bndbox>
			<xmin>306.56</xmin>
			<ymin>420.32</ymin>
			<xmax>338.56</xmax>
			<ymax>452.32</ymax>
		</bndbox>
	</object>
	<object>
		<name>b9</name>
		<pose>Unspecified</pose>
		<truncated>0</truncated>
		<difficult>0</difficult>
		<bndbox>
			<xmin>310.88</xmin>
			<ymin>500.96</ymin>
			<xmax>342.88</xmax>
			<ymax>532.96</ymax>
		</bndbox>
	</object>
	<object>
		<name>b9</name>
		<pose>Unspecified</pose>
		<truncated>0</truncated>
		<difficult>0</difficult>
		<bndbox>
			<xmin>182.72</xmin>
			<ymin>355.52</ymin>
			<xmax>214.72</xmax>
			<ymax>387.52</ymax>
		</bndbox>
	</object>
	<object>
		<name>b7</name>
		<pose>Unspecified</pose>
		<truncated>0</truncated>
		<difficult>0</difficult>
		<bndbox>
			<xmin>456.32</xmin>
			<ymin>522.56</ymin>
			<xmax>488.32</xmax>
			<ymax>554.56</ymax>
		</bndbox>
	</object>
	<object>
		<name>b8</name>
		<pose>Unspecified</pose>
		<truncated>0</truncated>
		<difficult>0</difficult>
		<bndbox>
			<xmin>305.408</xmin>
			<ymin>419.456</ymin>
			<xmax>337.408</xmax>
			<ymax>451.456</ymax>
		</bndbox>
	</object>
	<object>
		<name>b7</name>
		<pose>Unspecified</pose>
		<truncated>0</truncated>
		<difficult>0</difficult>
		<bndbox>
			<xmin>231.104</xmin>
			<ymin>308.864</ymin>
			<xmax>263.104</xmax>
			<ymax>340.864</ymax>
		</bndbox>
	</object>
	<object>
		<name>b9</name>
		<pose>Unspecified</pose>
		<truncated>0</truncated>
		<difficult>0</difficult>
		<bndbox>
			<xmin>423.603</xmin>
			<ymin>465.075</ymin>
			<xmax>455.603</xmax>
			<ymax>497.075</ymax>
		</bndbox>
	</object>
	<object>
		<name>b8</name>
		<pose>Unspecified</pose>
		<truncated>0</truncated>
		<difficult>0</difficult>
		<bndbox>
			<xmin>168.55</xmin>
			<ymin>382.131</ymin>
			<xmax>200.55</xmax>
			<ymax>414.131</ymax>
		</bndbox>
	</object>
	<object>
		<name>b8</name>
		<pose>Unspecified</pose>
		<truncated>0</truncated>
		<difficult>0</difficult>
		<bndbox>
			<xmin>444.339</xmin>
			<ymin>471.711</ymin>
			<xmax>476.339</xmax>
			<ymax>503.711</ymax>
		</bndbox>
	</object>
	<object>
		<name>b9</name>
		<pose>Unspecified</pose>
		<truncated>0</truncated>
		<difficult>0</difficult>
		<bndbox>
			<xmin>302.505</xmin>
			<ymin>402.038</ymin>
			<xmax>334.505</xmax>
			<ymax>434.038</ymax>
		</bndbox>
	</object>
	<object>
		<name>b7</name>
		<pose>Unspecified</pose>
		<truncated>0</truncated>
		<difficult>0</difficult>
		<bndbox>
			<xmin>314.947</xmin>
			<ymin>409.503</ymin>
			<xmax>346.947</xmax>
			<ymax>441.503</ymax>
		</bndbox>
	</object>
	<object>
		<name>b7</name>
		<pose>Unspecified</pose>
		<truncated>0</truncated>
		<difficult>0</difficult>
		<bndbox>
			<xmin>76.0679</xmin>
			<ymin>319.923</ymin>
			<xmax>108.068</xmax>
			<ymax>351.923</ymax>
		</bndbox>
	</object>
	<object>
		<name>b8</name>
		<pose>Unspecified</pose>
		<truncated>0</truncated>
		<difficult>0</difficult>
		<bndbox>
			<xmin>442.647</xmin>
			<ymin>471.313</ymin>
			<xmax>474.647</xmax>
			<ymax>503.313</ymax>
		</bndbox>
	</object>
	<object>
		<name>b7</name>
		<pose>Unspecified</pose>
		<truncated>0</truncated>
		<difficult>0</difficult>
		<bndbox>
			<xmin>313.653</xmin>
			<ymin>410.399</ymin>
			<xmax>345.653</xmax>
			<ymax>442.399</ymax>
		</bndbox>
	</object>
	<object>
		<name>g1</name>
		<pose>Unspecified</pose>
		<truncated>0</truncated>
		<difficult>0</difficult>
		<bndbox>
			<xmin>127.327</xmin>
			<ymin>224.073</ymin>
			<xmax>159.327</xmax>
			<ymax>256.073</ymax>
		</bndbox>
	</object>
</annotation>
