<annotation>
	<folder>VOC2007</folder>
	<filename>000043.jpg</filename>
	<source>
		<database>My Database</database>
		<annotation>VOC2007</annotation>
		<image>flickr</image>
		<flickrid>NULL</flickrid>
	</source>
	<owner>
		<flickrid>NULL</flickrid>
		<name>shaochunyan</name>
	</owner>
	<size>
		<width>720</width>
		<height>1280</height>
		<depth>3</depth>
	</size>
	<segmented>0</segmented>
	<object>
		<name>g4</name>
		<pose>Unspecified</pose>
		<truncated>0</truncated>
		<difficult>0</difficult>
		<bndbox>
			<xmin>139</xmin>
			<ymin>366</ymin>
			<xmax>171</xmax>
			<ymax>398</ymax>
		</bndbox>
	</object>
	<object>
		<name>g4</name>
		<pose>Unspecified</pose>
		<truncated>0</truncated>
		<difficult>0</difficult>
		<bndbox>
			<xmin>201</xmin>
			<ymin>477</ymin>
			<xmax>233</xmax>
			<ymax>509</ymax>
		</bndbox>
	</object>
	<object>
		<name>g4</name>
		<pose>Unspecified</pose>
		<truncated>0</truncated>
		<difficult>0</difficult>
		<bndbox>
			<xmin>194.24</xmin>
			<ymin>477.92</ymin>
			<xmax>226.24</xmax>
			<ymax>509.92</ymax>
		</bndbox>
	</object>
	<object>
		<name>g10</name>
		<pose>Unspecified</pose>
		<truncated>0</truncated>
		<difficult>0</difficult>
		<bndbox>
			<xmin>408.8</xmin>
			<ymin>447.68</ymin>
			<xmax>440.8</xmax>
			<ymax>479.68</ymax>
		</bndbox>
	</object>
	<object>
		<name>g4</name>
		<pose>Unspecified</pose>
		<truncated>0</truncated>
		<difficult>0</difficult>
		<bndbox>
			<xmin>137.792</xmin>
			<ymin>367.616</ymin>
			<xmax>169.792</xmax>
			<ymax>399.616</ymax>
		</bndbox>
	</object>
	<object>
		<name>b5</name>
		<pose>Unspecified</pose>
		<truncated>0</truncated>
		<difficult>0</difficult>
		<bndbox>
			<xmin>301.952</xmin>
			<ymin>435.008</ymin>
			<xmax>333.952</xmax>
			<ymax>467.008</ymax>
		</bndbox>
	</object>
	<object>
		<name>g1</name>
		<pose>Unspecified</pose>
		<truncated>0</truncated>
		<difficult>0</difficult>
		<bndbox>
			<xmin>268.083</xmin>
			<ymin>680.73</ymin>
			<xmax>300.083</xmax>
			<ymax>712.73</ymax>
		</bndbox>
	</object>
	<object>
		<name>g10</name>
		<pose>Unspecified</pose>
		<truncated>0</truncated>
		<difficult>0</difficult>
		<bndbox>
			<xmin>216.243</xmin>
			<ymin>321.997</ymin>
			<xmax>248.243</xmax>
			<ymax>353.997</ymax>
		</bndbox>
	</object>
	<object>
		<name>g1</name>
		<pose>Unspecified</pose>
		<truncated>0</truncated>
		<difficult>0</difficult>
		<bndbox>
			<xmin>270.655</xmin>
			<ymin>682.72</ymin>
			<xmax>302.655</xmax>
			<ymax>714.72</ymax>
		</bndbox>
	</object>
	<object>
		<name>b4</name>
		<pose>Unspecified</pose>
		<truncated>0</truncated>
		<difficult>0</difficult>
		<bndbox>
			<xmin>139</xmin>
			<ymin>366</ymin>
			<xmax>171</xmax>
			<ymax>398</ymax>
		</bndbox>
	</object>
	<object>
		<name>g10</name>
		<pose>Unspecified</pose>
		<truncated>0</truncated>
		<difficult>0</difficult>
		<bndbox>
			<xmin>332</xmin>
			<ymin>503</ymin>
			<xmax>364</xmax>
			<ymax>535</ymax>
		</bndbox>
	</object>
	<object>
		<name>g1</name>
		<pose>Unspecified</pose>
		<truncated>0</truncated>
		<difficult>0</difficult>
		<bndbox>
			<xmin>300.8</xmin>
			<ymin>434.72</ymin>
			<xmax>332.8</xmax>
			<ymax>466.72</ymax>
		</bndbox>
	</object>
	<object>
		<name>g1</name>
		<pose>Unspecified</pose>
		<truncated>0</truncated>
		<difficult>0</difficult>
		<bndbox>
			<xmin>184.448</xmin>
			<ymin>383.168</ymin>
			<xmax>216.448</xmax>
			<ymax>415.168</ymax>
		</bndbox>
	</object>
	<object>
		<name>g1</name>
		<pose>Unspecified</pose>
		<truncated>0</truncated>
		<difficult>0</difficult>
		<bndbox>
			<xmin>433.28</xmin>
			<ymin>486.848</ymin>
			<xmax>465.28</xmax>
			<ymax>518.848</ymax>
		</bndbox>
	</object>
	<object>
		<name>b5</name>
		<pose>Unspecified</pose>
		<truncated>0</truncated>
		<difficult>0</difficult>
		<bndbox>
			<xmin>268.083</xmin>
			<ymin>680.73</ymin>
			<xmax>300.083</xmax>
			<ymax>712.73</ymax>
		</bndbox>
	</object>
	<object>
		<name>b5</name>
		<pose>Unspecified</pose>
		<truncated>0</truncated>
		<difficult>0</difficult>
		<bndbox>
			<xmin>145.741</xmin>
			<ymin>446.828</ymin>
			<xmax>177.741</xmax>
			<ymax>478.828</ymax>
		</bndbox>
	</object>
	<object>
		<name>g1</name>
		<pose>Unspecified</pose>
		<truncated>0</truncated>
		<difficult>0</difficult>
		<bndbox>
			<xmin>302.505</xmin>
			<ymin>426.921</ymin>
			<xmax>334.505</xmax>
			<ymax>458.921</ymax>
		</bndbox>
	</object>
	<object>
		<name>g1</name>
		<pose>Unspecified</pose>
		<truncated>0</truncated>
		<difficult>0</difficult>
		<bndbox>
			<xmin>94.4814</xmin>
			<ymin>464.744</ymin>
			<xmax>126.481</xmax>
			<ymax>496.744</ymax>
		</bndbox>
	</object>
	<object>
		<name>g1</name>
		<pose>Unspecified</pose>
		<truncated>0</truncated>
		<difficult>0</difficult>
		<bndbox>
			<xmin>428.315</xmin>
			<ymin>489.229</ymin>
			<xmax>460.315</xmax>
			<ymax>521.229</ymax>
		</bndbox>
	</object>
	<object>
		<name>g6</name>
		<pose>Unspecified</pose>
		<truncated>0</truncated>
		<difficult>0</difficult>
		<bndbox>
			<xmin>300.8</xmin>
			<ymin>434.72</ymin>
			<xmax>332.8</xmax>
			<ymax>466.72</ymax>
		</bndbox>
	</object>
	<object>
		<name>g1</name>
		<pose>Unspecified</pose>
		<truncated>0</truncated>
		<difficult>0</difficult>
		<bndbox>
			<xmin>115.328</xmin>
			<ymin>376.256</ymin>
			<xmax>147.328</xmax>
			<ymax>408.256</ymax>
		</bndbox>
	</object>
	<object>
		<name>g1</name>
		<pose>Unspecified</pose>
		<truncated>0</truncated>
		<difficult>0</difficult>
		<bndbox>
			<xmin>156.8</xmin>
			<ymin>433.28</ymin>
			<xmax>188.8</xmax>
			<ymax>465.28</ymax>
		</bndbox>
	</object>
	<object>
		<name>g6</name>
		<pose>Unspecified</pose>
		<truncated>0</truncated>
		<difficult>0</difficult>
		<bndbox>
			<xmin>301.952</xmin>
			<ymin>435.008</ymin>
			<xmax>333.952</xmax>
			<ymax>467.008</ymax>
		</bndbox>
	</object>
	<object>
		<name>g10</name>
		<pose>Unspecified</pose>
		<truncated>0</truncated>
		<difficult>0</difficult>
		<bndbox>
			<xmin>170.624</xmin>
			<ymin>215.552</ymin>
			<xmax>202.624</xmax>
			<ymax>247.552</ymax>
		</bndbox>
	</object>
	<object>
		<name>g6</name>
		<pose>Unspecified</pose>
		<truncated>0</truncated>
		<difficult>0</difficult>
		<bndbox>
			<xmin>288.819</xmin>
			<ymin>419.456</ymin>
			<xmax>320.819</xmax>
			<ymax>451.456</ymax>
		</bndbox>
	</object>
	<object>
		<name>g1</name>
		<pose>Unspecified</pose>
		<truncated>0</truncated>
		<difficult>0</difficult>
		<bndbox>
			<xmin>145.741</xmin>
			<ymin>446.828</ymin>
			<xmax>177.741</xmax>
			<ymax>478.828</ymax>
		</bndbox>
	</object>
	<object>
		<name>b4</name>
		<pose>Unspecified</pose>
		<truncated>0</truncated>
		<difficult>0</difficult>
		<bndbox>
			<xmin>66.1146</xmin>
			<ymin>337.342</ymin>
			<xmax>98.1146</xmax>
			<ymax>369.342</ymax>
		</bndbox>
	</object>
	<object>
		<name>g1</name>
		<pose>Unspecified</pose>
		<truncated>0</truncated>
		<difficult>0</difficult>
		<bndbox>
			<xmin>183.066</xmin>
			<ymin>382.131</ymin>
			<xmax>215.066</xmax>
			<ymax>414.131</ymax>
		</bndbox>
	</object>
	<object>
		<name>g10</name>
		<pose>Unspecified</pose>
		<truncated>0</truncated>
		<difficult>0</difficult>
		<bndbox>
			<xmin>441.851</xmin>
			<ymin>312.458</ymin>
			<xmax>473.851</xmax>
			<ymax>344.458</ymax>
		</bndbox>
	</object>
	<object>
		<name>b5</name>
		<pose>Unspecified</pose>
		<truncated>0</truncated>
		<difficult>0</difficult>
		<bndbox>
			<xmin>422.94</xmin>
			<ymin>482.659</ymin>
			<xmax>454.94</xmax>
			<ymax>514.659</ymax>
		</bndbox>
	</object>
</annotation>
