<annotation>
	<folder>VOC2007</folder>
	<filename>000156.jpg</filename>
	<source>
		<database>My Database</database>
		<annotation>VOC2007</annotation>
		<image>flickr</image>
		<flickrid>NULL</flickrid>
	</source>
	<owner>
		<flickrid>NULL</flickrid>
		<name>shaochunyan</name>
	</owner>
	<size>
		<width>720</width>
		<height>1280</height>
		<depth>3</depth>
	</size>
	<segmented>0</segmented>
	<object>
		<name>b2</name>
		<pose>Unspecified</pose>
		<truncated>0</truncated>
		<difficult>0</difficult>
		<bndbox>
			<xmin>565</xmin>
			<ymin>415</ymin>
			<xmax>597</xmax>
			<ymax>447</ymax>
		</bndbox>
	</object>
	<object>
		<name>b8</name>
		<pose>Unspecified</pose>
		<truncated>0</truncated>
		<difficult>0</difficult>
		<bndbox>
			<xmin>532</xmin>
			<ymin>645</ymin>
			<xmax>564</xmax>
			<ymax>677</ymax>
		</bndbox>
	</object>
	<object>
		<name>g10</name>
		<pose>Unspecified</pose>
		<truncated>0</truncated>
		<difficult>0</difficult>
		<bndbox>
			<xmin>502</xmin>
			<ymin>93</ymin>
			<xmax>534</xmax>
			<ymax>125</ymax>
		</bndbox>
	</object>
	<object>
		<name>b7</name>
		<pose>Unspecified</pose>
		<truncated>0</truncated>
		<difficult>0</difficult>
		<bndbox>
			<xmin>552.8</xmin>
			<ymin>638</ymin>
			<xmax>584.8</xmax>
			<ymax>670</ymax>
		</bndbox>
	</object>
	<object>
		<name>b6</name>
		<pose>Unspecified</pose>
		<truncated>0</truncated>
		<difficult>0</difficult>
		<bndbox>
			<xmin>558.8</xmin>
			<ymin>623.6</ymin>
			<xmax>590.8</xmax>
			<ymax>655.6</ymax>
		</bndbox>
	</object>
	<object>
		<name>b2</name>
		<pose>Unspecified</pose>
		<truncated>0</truncated>
		<difficult>0</difficult>
		<bndbox>
			<xmin>551.36</xmin>
			<ymin>490.88</ymin>
			<xmax>583.36</xmax>
			<ymax>522.88</ymax>
		</bndbox>
	</object>
	<object>
		<name>g1</name>
		<pose>Unspecified</pose>
		<truncated>0</truncated>
		<difficult>0</difficult>
		<bndbox>
			<xmin>522.56</xmin>
			<ymin>500.96</ymin>
			<xmax>554.56</xmax>
			<ymax>532.96</ymax>
		</bndbox>
	</object>
	<object>
		<name>b2</name>
		<pose>Unspecified</pose>
		<truncated>0</truncated>
		<difficult>0</difficult>
		<bndbox>
			<xmin>549.056</xmin>
			<ymin>476.48</ymin>
			<xmax>581.056</xmax>
			<ymax>508.48</ymax>
		</bndbox>
	</object>
	<object>
		<name>g1</name>
		<pose>Unspecified</pose>
		<truncated>0</truncated>
		<difficult>0</difficult>
		<bndbox>
			<xmin>548.019</xmin>
			<ymin>475.443</ymin>
			<xmax>580.019</xmax>
			<ymax>507.443</ymax>
		</bndbox>
	</object>
	<object>
		<name>b2</name>
		<pose>Unspecified</pose>
		<truncated>0</truncated>
		<difficult>0</difficult>
		<bndbox>
			<xmin>546.36</xmin>
			<ymin>476.687</ymin>
			<xmax>578.36</xmax>
			<ymax>508.687</ymax>
		</bndbox>
	</object>
	<object>
		<name>b6</name>
		<pose>Unspecified</pose>
		<truncated>0</truncated>
		<difficult>0</difficult>
		<bndbox>
			<xmin>561.29</xmin>
			<ymin>633.452</ymin>
			<xmax>593.29</xmax>
			<ymax>665.452</ymax>
		</bndbox>
	</object>
	<object>
		<name>b7</name>
		<pose>Unspecified</pose>
		<truncated>0</truncated>
		<difficult>0</difficult>
		<bndbox>
			<xmin>566.267</xmin>
			<ymin>342.318</ymin>
			<xmax>598.267</xmax>
			<ymax>374.318</ymax>
		</bndbox>
	</object>
	<object>
		<name>b6</name>
		<pose>Unspecified</pose>
		<truncated>0</truncated>
		<difficult>0</difficult>
		<bndbox>
			<xmin>548.351</xmin>
			<ymin>634.945</ymin>
			<xmax>580.351</xmax>
			<ymax>666.945</ymax>
		</bndbox>
	</object>
	<object>
		<name>b9</name>
		<pose>Unspecified</pose>
		<truncated>0</truncated>
		<difficult>0</difficult>
		<bndbox>
			<xmin>535.81</xmin>
			<ymin>356.651</ymin>
			<xmax>567.81</xmax>
			<ymax>388.651</ymax>
		</bndbox>
	</object>
	<object>
		<name>b8</name>
		<pose>Unspecified</pose>
		<truncated>0</truncated>
		<difficult>0</difficult>
		<bndbox>
			<xmin>424.731</xmin>
			<ymin>396.066</ymin>
			<xmax>456.731</xmax>
			<ymax>428.066</ymax>
		</bndbox>
	</object>
	<object>
		<name>b2</name>
		<pose>Unspecified</pose>
		<truncated>0</truncated>
		<difficult>0</difficult>
		<bndbox>
			<xmin>557.309</xmin>
			<ymin>424.731</ymin>
			<xmax>589.309</xmax>
			<ymax>456.731</ymax>
		</bndbox>
	</object>
	<object>
		<name>g1</name>
		<pose>Unspecified</pose>
		<truncated>0</truncated>
		<difficult>0</difficult>
		<bndbox>
			<xmin>510.728</xmin>
			<ymin>396.066</ymin>
			<xmax>542.728</xmax>
			<ymax>428.066</ymax>
		</bndbox>
	</object>
	<object>
		<name>b2</name>
		<pose>Unspecified</pose>
		<truncated>0</truncated>
		<difficult>0</difficult>
		<bndbox>
			<xmin>565</xmin>
			<ymin>415</ymin>
			<xmax>597</xmax>
			<ymax>447</ymax>
		</bndbox>
	</object>
	<object>
		<name>b8</name>
		<pose>Unspecified</pose>
		<truncated>0</truncated>
		<difficult>0</difficult>
		<bndbox>
			<xmin>532</xmin>
			<ymin>645</ymin>
			<xmax>564</xmax>
			<ymax>677</ymax>
		</bndbox>
	</object>
	<object>
		<name>g10</name>
		<pose>Unspecified</pose>
		<truncated>0</truncated>
		<difficult>0</difficult>
		<bndbox>
			<xmin>502</xmin>
			<ymin>93</ymin>
			<xmax>534</xmax>
			<ymax>125</ymax>
		</bndbox>
	</object>
	<object>
		<name>b7</name>
		<pose>Unspecified</pose>
		<truncated>0</truncated>
		<difficult>0</difficult>
		<bndbox>
			<xmin>552.8</xmin>
			<ymin>638</ymin>
			<xmax>584.8</xmax>
			<ymax>670</ymax>
		</bndbox>
	</object>
	<object>
		<name>b6</name>
		<pose>Unspecified</pose>
		<truncated>0</truncated>
		<difficult>0</difficult>
		<bndbox>
			<xmin>558.8</xmin>
			<ymin>623.6</ymin>
			<xmax>590.8</xmax>
			<ymax>655.6</ymax>
		</bndbox>
	</object>
	<object>
		<name>b2</name>
		<pose>Unspecified</pose>
		<truncated>0</truncated>
		<difficult>0</difficult>
		<bndbox>
			<xmin>551.36</xmin>
			<ymin>490.88</ymin>
			<xmax>583.36</xmax>
			<ymax>522.88</ymax>
		</bndbox>
	</object>
	<object>
		<name>g1</name>
		<pose>Unspecified</pose>
		<truncated>0</truncated>
		<difficult>0</difficult>
		<bndbox>
			<xmin>522.56</xmin>
			<ymin>500.96</ymin>
			<xmax>554.56</xmax>
			<ymax>532.96</ymax>
		</bndbox>
	</object>
	<object>
		<name>b2</name>
		<pose>Unspecified</pose>
		<truncated>0</truncated>
		<difficult>0</difficult>
		<bndbox>
			<xmin>549.056</xmin>
			<ymin>476.48</ymin>
			<xmax>581.056</xmax>
			<ymax>508.48</ymax>
		</bndbox>
	</object>
	<object>
		<name>g1</name>
		<pose>Unspecified</pose>
		<truncated>0</truncated>
		<difficult>0</difficult>
		<bndbox>
			<xmin>548.019</xmin>
			<ymin>475.443</ymin>
			<xmax>580.019</xmax>
			<ymax>507.443</ymax>
		</bndbox>
	</object>
	<object>
		<name>b2</name>
		<pose>Unspecified</pose>
		<truncated>0</truncated>
		<difficult>0</difficult>
		<bndbox>
			<xmin>546.36</xmin>
			<ymin>476.687</ymin>
			<xmax>578.36</xmax>
			<ymax>508.687</ymax>
		</bndbox>
	</object>
	<object>
		<name>b6</name>
		<pose>Unspecified</pose>
		<truncated>0</truncated>
		<difficult>0</difficult>
		<bndbox>
			<xmin>561.29</xmin>
			<ymin>633.452</ymin>
			<xmax>593.29</xmax>
			<ymax>665.452</ymax>
		</bndbox>
	</object>
	<object>
		<name>b7</name>
		<pose>Unspecified</pose>
		<truncated>0</truncated>
		<difficult>0</difficult>
		<bndbox>
			<xmin>566.267</xmin>
			<ymin>342.318</ymin>
			<xmax>598.267</xmax>
			<ymax>374.318</ymax>
		</bndbox>
	</object>
	<object>
		<name>b6</name>
		<pose>Unspecified</pose>
		<truncated>0</truncated>
		<difficult>0</difficult>
		<bndbox>
			<xmin>548.351</xmin>
			<ymin>634.945</ymin>
			<xmax>580.351</xmax>
			<ymax>666.945</ymax>
		</bndbox>
	</object>
	<object>
		<name>b9</name>
		<pose>Unspecified</pose>
		<truncated>0</truncated>
		<difficult>0</difficult>
		<bndbox>
			<xmin>535.81</xmin>
			<ymin>356.651</ymin>
			<xmax>567.81</xmax>
			<ymax>388.651</ymax>
		</bndbox>
	</object>
	<object>
		<name>b8</name>
		<pose>Unspecified</pose>
		<truncated>0</truncated>
		<difficult>0</difficult>
		<bndbox>
			<xmin>424.731</xmin>
			<ymin>396.066</ymin>
			<xmax>456.731</xmax>
			<ymax>428.066</ymax>
		</bndbox>
	</object>
	<object>
		<name>b2</name>
		<pose>Unspecified</pose>
		<truncated>0</truncated>
		<difficult>0</difficult>
		<bndbox>
			<xmin>557.309</xmin>
			<ymin>424.731</ymin>
			<xmax>589.309</xmax>
			<ymax>456.731</ymax>
		</bndbox>
	</object>
	<object>
		<name>g1</name>
		<pose>Unspecified</pose>
		<truncated>0</truncated>
		<difficult>0</difficult>
		<bndbox>
			<xmin>510.728</xmin>
			<ymin>396.066</ymin>
			<xmax>542.728</xmax>
			<ymax>428.066</ymax>
		</bndbox>
	</object>
	<object>
		<name>b2</name>
		<pose>Unspecified</pose>
		<truncated>0</truncated>
		<difficult>0</difficult>
		<bndbox>
			<xmin>565</xmin>
			<ymin>415</ymin>
			<xmax>597</xmax>
			<ymax>447</ymax>
		</bndbox>
	</object>
	<object>
		<name>b8</name>
		<pose>Unspecified</pose>
		<truncated>0</truncated>
		<difficult>0</difficult>
		<bndbox>
			<xmin>532</xmin>
			<ymin>645</ymin>
			<xmax>564</xmax>
			<ymax>677</ymax>
		</bndbox>
	</object>
	<object>
		<name>g10</name>
		<pose>Unspecified</pose>
		<truncated>0</truncated>
		<difficult>0</difficult>
		<bndbox>
			<xmin>502</xmin>
			<ymin>93</ymin>
			<xmax>534</xmax>
			<ymax>125</ymax>
		</bndbox>
	</object>
	<object>
		<name>b7</name>
		<pose>Unspecified</pose>
		<truncated>0</truncated>
		<difficult>0</difficult>
		<bndbox>
			<xmin>552.8</xmin>
			<ymin>638</ymin>
			<xmax>584.8</xmax>
			<ymax>670</ymax>
		</bndbox>
	</object>
	<object>
		<name>b6</name>
		<pose>Unspecified</pose>
		<truncated>0</truncated>
		<difficult>0</difficult>
		<bndbox>
			<xmin>558.8</xmin>
			<ymin>623.6</ymin>
			<xmax>590.8</xmax>
			<ymax>655.6</ymax>
		</bndbox>
	</object>
	<object>
		<name>b2</name>
		<pose>Unspecified</pose>
		<truncated>0</truncated>
		<difficult>0</difficult>
		<bndbox>
			<xmin>551.36</xmin>
			<ymin>490.88</ymin>
			<xmax>583.36</xmax>
			<ymax>522.88</ymax>
		</bndbox>
	</object>
	<object>
		<name>g1</name>
		<pose>Unspecified</pose>
		<truncated>0</truncated>
		<difficult>0</difficult>
		<bndbox>
			<xmin>522.56</xmin>
			<ymin>500.96</ymin>
			<xmax>554.56</xmax>
			<ymax>532.96</ymax>
		</bndbox>
	</object>
	<object>
		<name>b2</name>
		<pose>Unspecified</pose>
		<truncated>0</truncated>
		<difficult>0</difficult>
		<bndbox>
			<xmin>549.056</xmin>
			<ymin>476.48</ymin>
			<xmax>581.056</xmax>
			<ymax>508.48</ymax>
		</bndbox>
	</object>
	<object>
		<name>g1</name>
		<pose>Unspecified</pose>
		<truncated>0</truncated>
		<difficult>0</difficult>
		<bndbox>
			<xmin>548.019</xmin>
			<ymin>475.443</ymin>
			<xmax>580.019</xmax>
			<ymax>507.443</ymax>
		</bndbox>
	</object>
	<object>
		<name>b2</name>
		<pose>Unspecified</pose>
		<truncated>0</truncated>
		<difficult>0</difficult>
		<bndbox>
			<xmin>546.36</xmin>
			<ymin>476.687</ymin>
			<xmax>578.36</xmax>
			<ymax>508.687</ymax>
		</bndbox>
	</object>
	<object>
		<name>b6</name>
		<pose>Unspecified</pose>
		<truncated>0</truncated>
		<difficult>0</difficult>
		<bndbox>
			<xmin>561.29</xmin>
			<ymin>633.452</ymin>
			<xmax>593.29</xmax>
			<ymax>665.452</ymax>
		</bndbox>
	</object>
	<object>
		<name>b7</name>
		<pose>Unspecified</pose>
		<truncated>0</truncated>
		<difficult>0</difficult>
		<bndbox>
			<xmin>566.267</xmin>
			<ymin>342.318</ymin>
			<xmax>598.267</xmax>
			<ymax>374.318</ymax>
		</bndbox>
	</object>
	<object>
		<name>b6</name>
		<pose>Unspecified</pose>
		<truncated>0</truncated>
		<difficult>0</difficult>
		<bndbox>
			<xmin>548.351</xmin>
			<ymin>634.945</ymin>
			<xmax>580.351</xmax>
			<ymax>666.945</ymax>
		</bndbox>
	</object>
	<object>
		<name>b9</name>
		<pose>Unspecified</pose>
		<truncated>0</truncated>
		<difficult>0</difficult>
		<bndbox>
			<xmin>535.81</xmin>
			<ymin>356.651</ymin>
			<xmax>567.81</xmax>
			<ymax>388.651</ymax>
		</bndbox>
	</object>
	<object>
		<name>b8</name>
		<pose>Unspecified</pose>
		<truncated>0</truncated>
		<difficult>0</difficult>
		<bndbox>
			<xmin>424.731</xmin>
			<ymin>396.066</ymin>
			<xmax>456.731</xmax>
			<ymax>428.066</ymax>
		</bndbox>
	</object>
	<object>
		<name>b2</name>
		<pose>Unspecified</pose>
		<truncated>0</truncated>
		<difficult>0</difficult>
		<bndbox>
			<xmin>557.309</xmin>
			<ymin>424.731</ymin>
			<xmax>589.309</xmax>
			<ymax>456.731</ymax>
		</bndbox>
	</object>
	<object>
		<name>g1</name>
		<pose>Unspecified</pose>
		<truncated>0</truncated>
		<difficult>0</difficult>
		<bndbox>
			<xmin>510.728</xmin>
			<ymin>396.066</ymin>
			<xmax>542.728</xmax>
			<ymax>428.066</ymax>
		</bndbox>
	</object>
</annotation>
