<annotation>
	<folder>VOC2007</folder>
	<filename>000180.jpg</filename>
	<source>
		<database>My Database</database>
		<annotation>VOC2007</annotation>
		<image>flickr</image>
		<flickrid>NULL</flickrid>
	</source>
	<owner>
		<flickrid>NULL</flickrid>
		<name>shaochunyan</name>
	</owner>
	<size>
		<width>720</width>
		<height>1280</height>
		<depth>3</depth>
	</size>
	<segmented>0</segmented>
	<object>
		<name>b9</name>
		<pose>Unspecified</pose>
		<truncated>0</truncated>
		<difficult>0</difficult>
		<bndbox>
			<xmin>609.2</xmin>
			<ymin>551.6</ymin>
			<xmax>641.2</xmax>
			<ymax>583.6</ymax>
		</bndbox>
	</object>
	<object>
		<name>b8</name>
		<pose>Unspecified</pose>
		<truncated>0</truncated>
		<difficult>0</difficult>
		<bndbox>
			<xmin>264.8</xmin>
			<ymin>174.8</ymin>
			<xmax>296.8</xmax>
			<ymax>206.8</ymax>
		</bndbox>
	</object>
	<object>
		<name>g1</name>
		<pose>Unspecified</pose>
		<truncated>0</truncated>
		<difficult>0</difficult>
		<bndbox>
			<xmin>566</xmin>
			<ymin>454.4</ymin>
			<xmax>598</xmax>
			<ymax>486.4</ymax>
		</bndbox>
	</object>
	<object>
		<name>b8</name>
		<pose>Unspecified</pose>
		<truncated>0</truncated>
		<difficult>0</difficult>
		<bndbox>
			<xmin>642.08</xmin>
			<ymin>439.04</ymin>
			<xmax>674.08</xmax>
			<ymax>471.04</ymax>
		</bndbox>
	</object>
	<object>
		<name>b9</name>
		<pose>Unspecified</pose>
		<truncated>0</truncated>
		<difficult>0</difficult>
		<bndbox>
			<xmin>590.528</xmin>
			<ymin>555.968</ymin>
			<xmax>622.528</xmax>
			<ymax>587.968</ymax>
		</bndbox>
	</object>
	<object>
		<name>b6</name>
		<pose>Unspecified</pose>
		<truncated>0</truncated>
		<difficult>0</difficult>
		<bndbox>
			<xmin>462.656</xmin>
			<ymin>163.712</ymin>
			<xmax>494.656</xmax>
			<ymax>195.712</ymax>
		</bndbox>
	</object>
	<object>
		<name>b8</name>
		<pose>Unspecified</pose>
		<truncated>0</truncated>
		<difficult>0</difficult>
		<bndbox>
			<xmin>647.552</xmin>
			<ymin>448.832</ymin>
			<xmax>679.552</xmax>
			<ymax>480.832</ymax>
		</bndbox>
	</object>
	<object>
		<name>b8</name>
		<pose>Unspecified</pose>
		<truncated>0</truncated>
		<difficult>0</difficult>
		<bndbox>
			<xmin>609.536</xmin>
			<ymin>533.504</ymin>
			<xmax>641.536</xmax>
			<ymax>565.504</ymax>
		</bndbox>
	</object>
	<object>
		<name>b7</name>
		<pose>Unspecified</pose>
		<truncated>0</truncated>
		<difficult>0</difficult>
		<bndbox>
			<xmin>606.08</xmin>
			<ymin>529.357</ymin>
			<xmax>638.08</xmax>
			<ymax>561.357</ymax>
		</bndbox>
	</object>
	<object>
		<name>b7</name>
		<pose>Unspecified</pose>
		<truncated>0</truncated>
		<difficult>0</difficult>
		<bndbox>
			<xmin>155.694</xmin>
			<ymin>280.11</ymin>
			<xmax>187.694</xmax>
			<ymax>312.11</ymax>
		</bndbox>
	</object>
	<object>
		<name>b7</name>
		<pose>Unspecified</pose>
		<truncated>0</truncated>
		<difficult>0</difficult>
		<bndbox>
			<xmin>606.08</xmin>
			<ymin>528.942</ymin>
			<xmax>638.08</xmax>
			<ymax>560.942</ymax>
		</bndbox>
	</object>
	<object>
		<name>b8</name>
		<pose>Unspecified</pose>
		<truncated>0</truncated>
		<difficult>0</difficult>
		<bndbox>
			<xmin>140.764</xmin>
			<ymin>277.622</ymin>
			<xmax>172.764</xmax>
			<ymax>309.622</ymax>
		</bndbox>
	</object>
	<object>
		<name>b8</name>
		<pose>Unspecified</pose>
		<truncated>0</truncated>
		<difficult>0</difficult>
		<bndbox>
			<xmin>372.178</xmin>
			<ymin>637.931</ymin>
			<xmax>404.178</xmax>
			<ymax>669.931</ymax>
		</bndbox>
	</object>
	<object>
		<name>b8</name>
		<pose>Unspecified</pose>
		<truncated>0</truncated>
		<difficult>0</difficult>
		<bndbox>
			<xmin>342.318</xmin>
			<ymin>100.453</ymin>
			<xmax>374.318</xmax>
			<ymax>132.453</ymax>
		</bndbox>
	</object>
	<object>
		<name>b8</name>
		<pose>Unspecified</pose>
		<truncated>0</truncated>
		<difficult>0</difficult>
		<bndbox>
			<xmin>356.651</xmin>
			<ymin>668.388</ymin>
			<xmax>388.651</xmax>
			<ymax>700.388</ymax>
		</bndbox>
	</object>
	<object>
		<name>b5</name>
		<pose>Unspecified</pose>
		<truncated>0</truncated>
		<difficult>0</difficult>
		<bndbox>
			<xmin>356.651</xmin>
			<ymin>697.053</ymin>
			<xmax>388.651</xmax>
			<ymax>729.053</ymax>
		</bndbox>
	</object>
	<object>
		<name>b6</name>
		<pose>Unspecified</pose>
		<truncated>0</truncated>
		<difficult>0</difficult>
		<bndbox>
			<xmin>241.989</xmin>
			<ymin>159.576</ymin>
			<xmax>273.989</xmax>
			<ymax>191.576</ymax>
		</bndbox>
	</object>
	<object>
		<name>b9</name>
		<pose>Unspecified</pose>
		<truncated>0</truncated>
		<difficult>0</difficult>
		<bndbox>
			<xmin>116.578</xmin>
			<ymin>331.569</ymin>
			<xmax>148.578</xmax>
			<ymax>363.569</ymax>
		</bndbox>
	</object>
	<object>
		<name>b9</name>
		<pose>Unspecified</pose>
		<truncated>0</truncated>
		<difficult>0</difficult>
		<bndbox>
			<xmin>609.2</xmin>
			<ymin>551.6</ymin>
			<xmax>641.2</xmax>
			<ymax>583.6</ymax>
		</bndbox>
	</object>
	<object>
		<name>b8</name>
		<pose>Unspecified</pose>
		<truncated>0</truncated>
		<difficult>0</difficult>
		<bndbox>
			<xmin>264.8</xmin>
			<ymin>174.8</ymin>
			<xmax>296.8</xmax>
			<ymax>206.8</ymax>
		</bndbox>
	</object>
	<object>
		<name>g1</name>
		<pose>Unspecified</pose>
		<truncated>0</truncated>
		<difficult>0</difficult>
		<bndbox>
			<xmin>566</xmin>
			<ymin>454.4</ymin>
			<xmax>598</xmax>
			<ymax>486.4</ymax>
		</bndbox>
	</object>
	<object>
		<name>b8</name>
		<pose>Unspecified</pose>
		<truncated>0</truncated>
		<difficult>0</difficult>
		<bndbox>
			<xmin>642.08</xmin>
			<ymin>439.04</ymin>
			<xmax>674.08</xmax>
			<ymax>471.04</ymax>
		</bndbox>
	</object>
	<object>
		<name>b9</name>
		<pose>Unspecified</pose>
		<truncated>0</truncated>
		<difficult>0</difficult>
		<bndbox>
			<xmin>590.528</xmin>
			<ymin>555.968</ymin>
			<xmax>622.528</xmax>
			<ymax>587.968</ymax>
		</bndbox>
	</object>
	<object>
		<name>b6</name>
		<pose>Unspecified</pose>
		<truncated>0</truncated>
		<difficult>0</difficult>
		<bndbox>
			<xmin>462.656</xmin>
			<ymin>163.712</ymin>
			<xmax>494.656</xmax>
			<ymax>195.712</ymax>
		</bndbox>
	</object>
	<object>
		<name>b8</name>
		<pose>Unspecified</pose>
		<truncated>0</truncated>
		<difficult>0</difficult>
		<bndbox>
			<xmin>647.552</xmin>
			<ymin>448.832</ymin>
			<xmax>679.552</xmax>
			<ymax>480.832</ymax>
		</bndbox>
	</object>
	<object>
		<name>b8</name>
		<pose>Unspecified</pose>
		<truncated>0</truncated>
		<difficult>0</difficult>
		<bndbox>
			<xmin>609.536</xmin>
			<ymin>533.504</ymin>
			<xmax>641.536</xmax>
			<ymax>565.504</ymax>
		</bndbox>
	</object>
	<object>
		<name>b7</name>
		<pose>Unspecified</pose>
		<truncated>0</truncated>
		<difficult>0</difficult>
		<bndbox>
			<xmin>606.08</xmin>
			<ymin>529.357</ymin>
			<xmax>638.08</xmax>
			<ymax>561.357</ymax>
		</bndbox>
	</object>
	<object>
		<name>b7</name>
		<pose>Unspecified</pose>
		<truncated>0</truncated>
		<difficult>0</difficult>
		<bndbox>
			<xmin>155.694</xmin>
			<ymin>280.11</ymin>
			<xmax>187.694</xmax>
			<ymax>312.11</ymax>
		</bndbox>
	</object>
	<object>
		<name>b7</name>
		<pose>Unspecified</pose>
		<truncated>0</truncated>
		<difficult>0</difficult>
		<bndbox>
			<xmin>606.08</xmin>
			<ymin>528.942</ymin>
			<xmax>638.08</xmax>
			<ymax>560.942</ymax>
		</bndbox>
	</object>
	<object>
		<name>b8</name>
		<pose>Unspecified</pose>
		<truncated>0</truncated>
		<difficult>0</difficult>
		<bndbox>
			<xmin>140.764</xmin>
			<ymin>277.622</ymin>
			<xmax>172.764</xmax>
			<ymax>309.622</ymax>
		</bndbox>
	</object>
	<object>
		<name>b8</name>
		<pose>Unspecified</pose>
		<truncated>0</truncated>
		<difficult>0</difficult>
		<bndbox>
			<xmin>372.178</xmin>
			<ymin>637.931</ymin>
			<xmax>404.178</xmax>
			<ymax>669.931</ymax>
		</bndbox>
	</object>
	<object>
		<name>b8</name>
		<pose>Unspecified</pose>
		<truncated>0</truncated>
		<difficult>0</difficult>
		<bndbox>
			<xmin>342.318</xmin>
			<ymin>100.453</ymin>
			<xmax>374.318</xmax>
			<ymax>132.453</ymax>
		</bndbox>
	</object>
	<object>
		<name>b8</name>
		<pose>Unspecified</pose>
		<truncated>0</truncated>
		<difficult>0</difficult>
		<bndbox>
			<xmin>356.651</xmin>
			<ymin>668.388</ymin>
			<xmax>388.651</xmax>
			<ymax>700.388</ymax>
		</bndbox>
	</object>
	<object>
		<name>b5</name>
		<pose>Unspecified</pose>
		<truncated>0</truncated>
		<difficult>0</difficult>
		<bndbox>
			<xmin>356.651</xmin>
			<ymin>697.053</ymin>
			<xmax>388.651</xmax>
			<ymax>729.053</ymax>
		</bndbox>
	</object>
	<object>
		<name>b6</name>
		<pose>Unspecified</pose>
		<truncated>0</truncated>
		<difficult>0</difficult>
		<bndbox>
			<xmin>241.989</xmin>
			<ymin>159.576</ymin>
			<xmax>273.989</xmax>
			<ymax>191.576</ymax>
		</bndbox>
	</object>
	<object>
		<name>b9</name>
		<pose>Unspecified</pose>
		<truncated>0</truncated>
		<difficult>0</difficult>
		<bndbox>
			<xmin>116.578</xmin>
			<ymin>331.569</ymin>
			<xmax>148.578</xmax>
			<ymax>363.569</ymax>
		</bndbox>
	</object>
	<object>
		<name>b9</name>
		<pose>Unspecified</pose>
		<truncated>0</truncated>
		<difficult>0</difficult>
		<bndbox>
			<xmin>609.2</xmin>
			<ymin>551.6</ymin>
			<xmax>641.2</xmax>
			<ymax>583.6</ymax>
		</bndbox>
	</object>
	<object>
		<name>b8</name>
		<pose>Unspecified</pose>
		<truncated>0</truncated>
		<difficult>0</difficult>
		<bndbox>
			<xmin>264.8</xmin>
			<ymin>174.8</ymin>
			<xmax>296.8</xmax>
			<ymax>206.8</ymax>
		</bndbox>
	</object>
	<object>
		<name>g1</name>
		<pose>Unspecified</pose>
		<truncated>0</truncated>
		<difficult>0</difficult>
		<bndbox>
			<xmin>566</xmin>
			<ymin>454.4</ymin>
			<xmax>598</xmax>
			<ymax>486.4</ymax>
		</bndbox>
	</object>
	<object>
		<name>b8</name>
		<pose>Unspecified</pose>
		<truncated>0</truncated>
		<difficult>0</difficult>
		<bndbox>
			<xmin>642.08</xmin>
			<ymin>439.04</ymin>
			<xmax>674.08</xmax>
			<ymax>471.04</ymax>
		</bndbox>
	</object>
	<object>
		<name>b9</name>
		<pose>Unspecified</pose>
		<truncated>0</truncated>
		<difficult>0</difficult>
		<bndbox>
			<xmin>590.528</xmin>
			<ymin>555.968</ymin>
			<xmax>622.528</xmax>
			<ymax>587.968</ymax>
		</bndbox>
	</object>
	<object>
		<name>b6</name>
		<pose>Unspecified</pose>
		<truncated>0</truncated>
		<difficult>0</difficult>
		<bndbox>
			<xmin>462.656</xmin>
			<ymin>163.712</ymin>
			<xmax>494.656</xmax>
			<ymax>195.712</ymax>
		</bndbox>
	</object>
	<object>
		<name>b8</name>
		<pose>Unspecified</pose>
		<truncated>0</truncated>
		<difficult>0</difficult>
		<bndbox>
			<xmin>647.552</xmin>
			<ymin>448.832</ymin>
			<xmax>679.552</xmax>
			<ymax>480.832</ymax>
		</bndbox>
	</object>
	<object>
		<name>b8</name>
		<pose>Unspecified</pose>
		<truncated>0</truncated>
		<difficult>0</difficult>
		<bndbox>
			<xmin>609.536</xmin>
			<ymin>533.504</ymin>
			<xmax>641.536</xmax>
			<ymax>565.504</ymax>
		</bndbox>
	</object>
	<object>
		<name>b7</name>
		<pose>Unspecified</pose>
		<truncated>0</truncated>
		<difficult>0</difficult>
		<bndbox>
			<xmin>606.08</xmin>
			<ymin>529.357</ymin>
			<xmax>638.08</xmax>
			<ymax>561.357</ymax>
		</bndbox>
	</object>
	<object>
		<name>b7</name>
		<pose>Unspecified</pose>
		<truncated>0</truncated>
		<difficult>0</difficult>
		<bndbox>
			<xmin>155.694</xmin>
			<ymin>280.11</ymin>
			<xmax>187.694</xmax>
			<ymax>312.11</ymax>
		</bndbox>
	</object>
	<object>
		<name>b7</name>
		<pose>Unspecified</pose>
		<truncated>0</truncated>
		<difficult>0</difficult>
		<bndbox>
			<xmin>606.08</xmin>
			<ymin>528.942</ymin>
			<xmax>638.08</xmax>
			<ymax>560.942</ymax>
		</bndbox>
	</object>
	<object>
		<name>b8</name>
		<pose>Unspecified</pose>
		<truncated>0</truncated>
		<difficult>0</difficult>
		<bndbox>
			<xmin>140.764</xmin>
			<ymin>277.622</ymin>
			<xmax>172.764</xmax>
			<ymax>309.622</ymax>
		</bndbox>
	</object>
	<object>
		<name>b8</name>
		<pose>Unspecified</pose>
		<truncated>0</truncated>
		<difficult>0</difficult>
		<bndbox>
			<xmin>372.178</xmin>
			<ymin>637.931</ymin>
			<xmax>404.178</xmax>
			<ymax>669.931</ymax>
		</bndbox>
	</object>
	<object>
		<name>b8</name>
		<pose>Unspecified</pose>
		<truncated>0</truncated>
		<difficult>0</difficult>
		<bndbox>
			<xmin>342.318</xmin>
			<ymin>100.453</ymin>
			<xmax>374.318</xmax>
			<ymax>132.453</ymax>
		</bndbox>
	</object>
	<object>
		<name>b8</name>
		<pose>Unspecified</pose>
		<truncated>0</truncated>
		<difficult>0</difficult>
		<bndbox>
			<xmin>356.651</xmin>
			<ymin>668.388</ymin>
			<xmax>388.651</xmax>
			<ymax>700.388</ymax>
		</bndbox>
	</object>
	<object>
		<name>b5</name>
		<pose>Unspecified</pose>
		<truncated>0</truncated>
		<difficult>0</difficult>
		<bndbox>
			<xmin>356.651</xmin>
			<ymin>697.053</ymin>
			<xmax>388.651</xmax>
			<ymax>729.053</ymax>
		</bndbox>
	</object>
	<object>
		<name>b6</name>
		<pose>Unspecified</pose>
		<truncated>0</truncated>
		<difficult>0</difficult>
		<bndbox>
			<xmin>241.989</xmin>
			<ymin>159.576</ymin>
			<xmax>273.989</xmax>
			<ymax>191.576</ymax>
		</bndbox>
	</object>
	<object>
		<name>b9</name>
		<pose>Unspecified</pose>
		<truncated>0</truncated>
		<difficult>0</difficult>
		<bndbox>
			<xmin>116.578</xmin>
			<ymin>331.569</ymin>
			<xmax>148.578</xmax>
			<ymax>363.569</ymax>
		</bndbox>
	</object>
</annotation>
