<annotation>
	<folder>VOC2007</folder>
	<filename>000146.jpg</filename>
	<source>
		<database>My Database</database>
		<annotation>VOC2007</annotation>
		<image>flickr</image>
		<flickrid>NULL</flickrid>
	</source>
	<owner>
		<flickrid>NULL</flickrid>
		<name>shaochunyan</name>
	</owner>
	<size>
		<width>720</width>
		<height>1280</height>
		<depth>3</depth>
	</size>
	<segmented>0</segmented>
	<object>
		<name>b7</name>
		<pose>Unspecified</pose>
		<truncated>0</truncated>
		<difficult>0</difficult>
		<bndbox>
			<xmin>111</xmin>
			<ymin>157</ymin>
			<xmax>143</xmax>
			<ymax>189</ymax>
		</bndbox>
	</object>
	<object>
		<name>b6</name>
		<pose>Unspecified</pose>
		<truncated>0</truncated>
		<difficult>0</difficult>
		<bndbox>
			<xmin>67</xmin>
			<ymin>321</ymin>
			<xmax>99</xmax>
			<ymax>353</ymax>
		</bndbox>
	</object>
	<object>
		<name>b8</name>
		<pose>Unspecified</pose>
		<truncated>0</truncated>
		<difficult>0</difficult>
		<bndbox>
			<xmin>88</xmin>
			<ymin>292</ymin>
			<xmax>120</xmax>
			<ymax>324</ymax>
		</bndbox>
	</object>
	<object>
		<name>b5</name>
		<pose>Unspecified</pose>
		<truncated>0</truncated>
		<difficult>0</difficult>
		<bndbox>
			<xmin>62</xmin>
			<ymin>281</ymin>
			<xmax>94</xmax>
			<ymax>313</ymax>
		</bndbox>
	</object>
	<object>
		<name>b9</name>
		<pose>Unspecified</pose>
		<truncated>0</truncated>
		<difficult>0</difficult>
		<bndbox>
			<xmin>100.4</xmin>
			<ymin>123.2</ymin>
			<xmax>132.4</xmax>
			<ymax>155.2</ymax>
		</bndbox>
	</object>
	<object>
		<name>b5</name>
		<pose>Unspecified</pose>
		<truncated>0</truncated>
		<difficult>0</difficult>
		<bndbox>
			<xmin>66.8</xmin>
			<ymin>321.2</ymin>
			<xmax>98.8</xmax>
			<ymax>353.2</ymax>
		</bndbox>
	</object>
	<object>
		<name>b9</name>
		<pose>Unspecified</pose>
		<truncated>0</truncated>
		<difficult>0</difficult>
		<bndbox>
			<xmin>84.8</xmin>
			<ymin>318.08</ymin>
			<xmax>116.8</xmax>
			<ymax>350.08</ymax>
		</bndbox>
	</object>
	<object>
		<name>b2</name>
		<pose>Unspecified</pose>
		<truncated>0</truncated>
		<difficult>0</difficult>
		<bndbox>
			<xmin>100.64</xmin>
			<ymin>650.72</ymin>
			<xmax>132.64</xmax>
			<ymax>682.72</ymax>
		</bndbox>
	</object>
	<object>
		<name>b2</name>
		<pose>Unspecified</pose>
		<truncated>0</truncated>
		<difficult>0</difficult>
		<bndbox>
			<xmin>103.232</xmin>
			<ymin>651.008</ymin>
			<xmax>135.232</xmax>
			<ymax>683.008</ymax>
		</bndbox>
	</object>
	<object>
		<name>b8</name>
		<pose>Unspecified</pose>
		<truncated>0</truncated>
		<difficult>0</difficult>
		<bndbox>
			<xmin>96.32</xmin>
			<ymin>291.584</ymin>
			<xmax>128.32</xmax>
			<ymax>323.584</ymax>
		</bndbox>
	</object>
	<object>
		<name>b5</name>
		<pose>Unspecified</pose>
		<truncated>0</truncated>
		<difficult>0</difficult>
		<bndbox>
			<xmin>118.784</xmin>
			<ymin>161.984</ymin>
			<xmax>150.784</xmax>
			<ymax>193.984</ymax>
		</bndbox>
	</object>
	<object>
		<name>b8</name>
		<pose>Unspecified</pose>
		<truncated>0</truncated>
		<difficult>0</difficult>
		<bndbox>
			<xmin>118.784</xmin>
			<ymin>193.434</ymin>
			<xmax>150.784</xmax>
			<ymax>225.434</ymax>
		</bndbox>
	</object>
	<object>
		<name>b9</name>
		<pose>Unspecified</pose>
		<truncated>0</truncated>
		<difficult>0</difficult>
		<bndbox>
			<xmin>143.667</xmin>
			<ymin>156.109</ymin>
			<xmax>175.667</xmax>
			<ymax>188.109</ymax>
		</bndbox>
	</object>
	<object>
		<name>b6</name>
		<pose>Unspecified</pose>
		<truncated>0</truncated>
		<difficult>0</difficult>
		<bndbox>
			<xmin>172.698</xmin>
			<ymin>77.312</ymin>
			<xmax>204.698</xmax>
			<ymax>109.312</ymax>
		</bndbox>
	</object>
	<object>
		<name>b6</name>
		<pose>Unspecified</pose>
		<truncated>0</truncated>
		<difficult>0</difficult>
		<bndbox>
			<xmin>118.369</xmin>
			<ymin>158.182</ymin>
			<xmax>150.369</xmax>
			<ymax>190.182</ymax>
		</bndbox>
	</object>
	<object>
		<name>b6</name>
		<pose>Unspecified</pose>
		<truncated>0</truncated>
		<difficult>0</difficult>
		<bndbox>
			<xmin>128.323</xmin>
			<ymin>317.435</ymin>
			<xmax>160.323</xmax>
			<ymax>349.435</ymax>
		</bndbox>
	</object>
	<object>
		<name>b4</name>
		<pose>Unspecified</pose>
		<truncated>0</truncated>
		<difficult>0</difficult>
		<bndbox>
			<xmin>557.309</xmin>
			<ymin>116.578</ymin>
			<xmax>589.309</xmax>
			<ymax>148.578</ymax>
		</bndbox>
	</object>
	<object>
		<name>b8</name>
		<pose>Unspecified</pose>
		<truncated>0</truncated>
		<difficult>0</difficult>
		<bndbox>
			<xmin>507.145</xmin>
			<ymin>621.806</ymin>
			<xmax>539.145</xmax>
			<ymax>653.806</ymax>
		</bndbox>
	</object>
	<object>
		<name>b7</name>
		<pose>Unspecified</pose>
		<truncated>0</truncated>
		<difficult>0</difficult>
		<bndbox>
			<xmin>111</xmin>
			<ymin>157</ymin>
			<xmax>143</xmax>
			<ymax>189</ymax>
		</bndbox>
	</object>
	<object>
		<name>b6</name>
		<pose>Unspecified</pose>
		<truncated>0</truncated>
		<difficult>0</difficult>
		<bndbox>
			<xmin>67</xmin>
			<ymin>321</ymin>
			<xmax>99</xmax>
			<ymax>353</ymax>
		</bndbox>
	</object>
	<object>
		<name>b8</name>
		<pose>Unspecified</pose>
		<truncated>0</truncated>
		<difficult>0</difficult>
		<bndbox>
			<xmin>88</xmin>
			<ymin>292</ymin>
			<xmax>120</xmax>
			<ymax>324</ymax>
		</bndbox>
	</object>
	<object>
		<name>b5</name>
		<pose>Unspecified</pose>
		<truncated>0</truncated>
		<difficult>0</difficult>
		<bndbox>
			<xmin>62</xmin>
			<ymin>281</ymin>
			<xmax>94</xmax>
			<ymax>313</ymax>
		</bndbox>
	</object>
	<object>
		<name>b9</name>
		<pose>Unspecified</pose>
		<truncated>0</truncated>
		<difficult>0</difficult>
		<bndbox>
			<xmin>100.4</xmin>
			<ymin>123.2</ymin>
			<xmax>132.4</xmax>
			<ymax>155.2</ymax>
		</bndbox>
	</object>
	<object>
		<name>b5</name>
		<pose>Unspecified</pose>
		<truncated>0</truncated>
		<difficult>0</difficult>
		<bndbox>
			<xmin>66.8</xmin>
			<ymin>321.2</ymin>
			<xmax>98.8</xmax>
			<ymax>353.2</ymax>
		</bndbox>
	</object>
	<object>
		<name>b9</name>
		<pose>Unspecified</pose>
		<truncated>0</truncated>
		<difficult>0</difficult>
		<bndbox>
			<xmin>84.8</xmin>
			<ymin>318.08</ymin>
			<xmax>116.8</xmax>
			<ymax>350.08</ymax>
		</bndbox>
	</object>
	<object>
		<name>b2</name>
		<pose>Unspecified</pose>
		<truncated>0</truncated>
		<difficult>0</difficult>
		<bndbox>
			<xmin>100.64</xmin>
			<ymin>650.72</ymin>
			<xmax>132.64</xmax>
			<ymax>682.72</ymax>
		</bndbox>
	</object>
	<object>
		<name>b2</name>
		<pose>Unspecified</pose>
		<truncated>0</truncated>
		<difficult>0</difficult>
		<bndbox>
			<xmin>103.232</xmin>
			<ymin>651.008</ymin>
			<xmax>135.232</xmax>
			<ymax>683.008</ymax>
		</bndbox>
	</object>
	<object>
		<name>b8</name>
		<pose>Unspecified</pose>
		<truncated>0</truncated>
		<difficult>0</difficult>
		<bndbox>
			<xmin>96.32</xmin>
			<ymin>291.584</ymin>
			<xmax>128.32</xmax>
			<ymax>323.584</ymax>
		</bndbox>
	</object>
	<object>
		<name>b5</name>
		<pose>Unspecified</pose>
		<truncated>0</truncated>
		<difficult>0</difficult>
		<bndbox>
			<xmin>118.784</xmin>
			<ymin>161.984</ymin>
			<xmax>150.784</xmax>
			<ymax>193.984</ymax>
		</bndbox>
	</object>
	<object>
		<name>b8</name>
		<pose>Unspecified</pose>
		<truncated>0</truncated>
		<difficult>0</difficult>
		<bndbox>
			<xmin>118.784</xmin>
			<ymin>193.434</ymin>
			<xmax>150.784</xmax>
			<ymax>225.434</ymax>
		</bndbox>
	</object>
	<object>
		<name>b9</name>
		<pose>Unspecified</pose>
		<truncated>0</truncated>
		<difficult>0</difficult>
		<bndbox>
			<xmin>143.667</xmin>
			<ymin>156.109</ymin>
			<xmax>175.667</xmax>
			<ymax>188.109</ymax>
		</bndbox>
	</object>
	<object>
		<name>b6</name>
		<pose>Unspecified</pose>
		<truncated>0</truncated>
		<difficult>0</difficult>
		<bndbox>
			<xmin>172.698</xmin>
			<ymin>77.312</ymin>
			<xmax>204.698</xmax>
			<ymax>109.312</ymax>
		</bndbox>
	</object>
	<object>
		<name>b6</name>
		<pose>Unspecified</pose>
		<truncated>0</truncated>
		<difficult>0</difficult>
		<bndbox>
			<xmin>118.369</xmin>
			<ymin>158.182</ymin>
			<xmax>150.369</xmax>
			<ymax>190.182</ymax>
		</bndbox>
	</object>
	<object>
		<name>b6</name>
		<pose>Unspecified</pose>
		<truncated>0</truncated>
		<difficult>0</difficult>
		<bndbox>
			<xmin>128.323</xmin>
			<ymin>317.435</ymin>
			<xmax>160.323</xmax>
			<ymax>349.435</ymax>
		</bndbox>
	</object>
	<object>
		<name>b4</name>
		<pose>Unspecified</pose>
		<truncated>0</truncated>
		<difficult>0</difficult>
		<bndbox>
			<xmin>557.309</xmin>
			<ymin>116.578</ymin>
			<xmax>589.309</xmax>
			<ymax>148.578</ymax>
		</bndbox>
	</object>
	<object>
		<name>b8</name>
		<pose>Unspecified</pose>
		<truncated>0</truncated>
		<difficult>0</difficult>
		<bndbox>
			<xmin>507.145</xmin>
			<ymin>621.806</ymin>
			<xmax>539.145</xmax>
			<ymax>653.806</ymax>
		</bndbox>
	</object>
	<object>
		<name>b7</name>
		<pose>Unspecified</pose>
		<truncated>0</truncated>
		<difficult>0</difficult>
		<bndbox>
			<xmin>111</xmin>
			<ymin>157</ymin>
			<xmax>143</xmax>
			<ymax>189</ymax>
		</bndbox>
	</object>
	<object>
		<name>b6</name>
		<pose>Unspecified</pose>
		<truncated>0</truncated>
		<difficult>0</difficult>
		<bndbox>
			<xmin>67</xmin>
			<ymin>321</ymin>
			<xmax>99</xmax>
			<ymax>353</ymax>
		</bndbox>
	</object>
	<object>
		<name>b8</name>
		<pose>Unspecified</pose>
		<truncated>0</truncated>
		<difficult>0</difficult>
		<bndbox>
			<xmin>88</xmin>
			<ymin>292</ymin>
			<xmax>120</xmax>
			<ymax>324</ymax>
		</bndbox>
	</object>
	<object>
		<name>b5</name>
		<pose>Unspecified</pose>
		<truncated>0</truncated>
		<difficult>0</difficult>
		<bndbox>
			<xmin>62</xmin>
			<ymin>281</ymin>
			<xmax>94</xmax>
			<ymax>313</ymax>
		</bndbox>
	</object>
	<object>
		<name>b9</name>
		<pose>Unspecified</pose>
		<truncated>0</truncated>
		<difficult>0</difficult>
		<bndbox>
			<xmin>100.4</xmin>
			<ymin>123.2</ymin>
			<xmax>132.4</xmax>
			<ymax>155.2</ymax>
		</bndbox>
	</object>
	<object>
		<name>b5</name>
		<pose>Unspecified</pose>
		<truncated>0</truncated>
		<difficult>0</difficult>
		<bndbox>
			<xmin>66.8</xmin>
			<ymin>321.2</ymin>
			<xmax>98.8</xmax>
			<ymax>353.2</ymax>
		</bndbox>
	</object>
	<object>
		<name>b9</name>
		<pose>Unspecified</pose>
		<truncated>0</truncated>
		<difficult>0</difficult>
		<bndbox>
			<xmin>84.8</xmin>
			<ymin>318.08</ymin>
			<xmax>116.8</xmax>
			<ymax>350.08</ymax>
		</bndbox>
	</object>
	<object>
		<name>b2</name>
		<pose>Unspecified</pose>
		<truncated>0</truncated>
		<difficult>0</difficult>
		<bndbox>
			<xmin>100.64</xmin>
			<ymin>650.72</ymin>
			<xmax>132.64</xmax>
			<ymax>682.72</ymax>
		</bndbox>
	</object>
	<object>
		<name>b2</name>
		<pose>Unspecified</pose>
		<truncated>0</truncated>
		<difficult>0</difficult>
		<bndbox>
			<xmin>103.232</xmin>
			<ymin>651.008</ymin>
			<xmax>135.232</xmax>
			<ymax>683.008</ymax>
		</bndbox>
	</object>
	<object>
		<name>b8</name>
		<pose>Unspecified</pose>
		<truncated>0</truncated>
		<difficult>0</difficult>
		<bndbox>
			<xmin>96.32</xmin>
			<ymin>291.584</ymin>
			<xmax>128.32</xmax>
			<ymax>323.584</ymax>
		</bndbox>
	</object>
	<object>
		<name>b5</name>
		<pose>Unspecified</pose>
		<truncated>0</truncated>
		<difficult>0</difficult>
		<bndbox>
			<xmin>118.784</xmin>
			<ymin>161.984</ymin>
			<xmax>150.784</xmax>
			<ymax>193.984</ymax>
		</bndbox>
	</object>
	<object>
		<name>b8</name>
		<pose>Unspecified</pose>
		<truncated>0</truncated>
		<difficult>0</difficult>
		<bndbox>
			<xmin>118.784</xmin>
			<ymin>193.434</ymin>
			<xmax>150.784</xmax>
			<ymax>225.434</ymax>
		</bndbox>
	</object>
	<object>
		<name>b9</name>
		<pose>Unspecified</pose>
		<truncated>0</truncated>
		<difficult>0</difficult>
		<bndbox>
			<xmin>143.667</xmin>
			<ymin>156.109</ymin>
			<xmax>175.667</xmax>
			<ymax>188.109</ymax>
		</bndbox>
	</object>
	<object>
		<name>b6</name>
		<pose>Unspecified</pose>
		<truncated>0</truncated>
		<difficult>0</difficult>
		<bndbox>
			<xmin>172.698</xmin>
			<ymin>77.312</ymin>
			<xmax>204.698</xmax>
			<ymax>109.312</ymax>
		</bndbox>
	</object>
	<object>
		<name>b6</name>
		<pose>Unspecified</pose>
		<truncated>0</truncated>
		<difficult>0</difficult>
		<bndbox>
			<xmin>118.369</xmin>
			<ymin>158.182</ymin>
			<xmax>150.369</xmax>
			<ymax>190.182</ymax>
		</bndbox>
	</object>
	<object>
		<name>b6</name>
		<pose>Unspecified</pose>
		<truncated>0</truncated>
		<difficult>0</difficult>
		<bndbox>
			<xmin>128.323</xmin>
			<ymin>317.435</ymin>
			<xmax>160.323</xmax>
			<ymax>349.435</ymax>
		</bndbox>
	</object>
	<object>
		<name>b4</name>
		<pose>Unspecified</pose>
		<truncated>0</truncated>
		<difficult>0</difficult>
		<bndbox>
			<xmin>557.309</xmin>
			<ymin>116.578</ymin>
			<xmax>589.309</xmax>
			<ymax>148.578</ymax>
		</bndbox>
	</object>
	<object>
		<name>b8</name>
		<pose>Unspecified</pose>
		<truncated>0</truncated>
		<difficult>0</difficult>
		<bndbox>
			<xmin>507.145</xmin>
			<ymin>621.806</ymin>
			<xmax>539.145</xmax>
			<ymax>653.806</ymax>
		</bndbox>
	</object>
</annotation>
