<annotation>
	<folder>VOC2007</folder>
	<filename>000122.jpg</filename>
	<source>
		<database>My Database</database>
		<annotation>VOC2007</annotation>
		<image>flickr</image>
		<flickrid>NULL</flickrid>
	</source>
	<owner>
		<flickrid>NULL</flickrid>
		<name>shaochunyan</name>
	</owner>
	<size>
		<width>720</width>
		<height>1280</height>
		<depth>3</depth>
	</size>
	<segmented>0</segmented>
	<object>
		<name>b7</name>
		<pose>Unspecified</pose>
		<truncated>0</truncated>
		<difficult>0</difficult>
		<bndbox>
			<xmin>338</xmin>
			<ymin>461</ymin>
			<xmax>370</xmax>
			<ymax>493</ymax>
		</bndbox>
	</object>
	<object>
		<name>b8</name>
		<pose>Unspecified</pose>
		<truncated>0</truncated>
		<difficult>0</difficult>
		<bndbox>
			<xmin>426</xmin>
			<ymin>376</ymin>
			<xmax>458</xmax>
			<ymax>408</ymax>
		</bndbox>
	</object>
	<object>
		<name>b9</name>
		<pose>Unspecified</pose>
		<truncated>0</truncated>
		<difficult>0</difficult>
		<bndbox>
			<xmin>436</xmin>
			<ymin>396</ymin>
			<xmax>468</xmax>
			<ymax>428</ymax>
		</bndbox>
	</object>
	<object>
		<name>b8</name>
		<pose>Unspecified</pose>
		<truncated>0</truncated>
		<difficult>0</difficult>
		<bndbox>
			<xmin>294.8</xmin>
			<ymin>432.8</ymin>
			<xmax>326.8</xmax>
			<ymax>464.8</ymax>
		</bndbox>
	</object>
	<object>
		<name>b9</name>
		<pose>Unspecified</pose>
		<truncated>0</truncated>
		<difficult>0</difficult>
		<bndbox>
			<xmin>525.2</xmin>
			<ymin>218</ymin>
			<xmax>557.2</xmax>
			<ymax>250</ymax>
		</bndbox>
	</object>
	<object>
		<name>b10</name>
		<pose>Unspecified</pose>
		<truncated>0</truncated>
		<difficult>0</difficult>
		<bndbox>
			<xmin>471.2</xmin>
			<ymin>237.2</ymin>
			<xmax>503.2</xmax>
			<ymax>269.2</ymax>
		</bndbox>
	</object>
	<object>
		<name>b4</name>
		<pose>Unspecified</pose>
		<truncated>0</truncated>
		<difficult>0</difficult>
		<bndbox>
			<xmin>243.2</xmin>
			<ymin>393.2</ymin>
			<xmax>275.2</xmax>
			<ymax>425.2</ymax>
		</bndbox>
	</object>
	<object>
		<name>b6</name>
		<pose>Unspecified</pose>
		<truncated>0</truncated>
		<difficult>0</difficult>
		<bndbox>
			<xmin>314</xmin>
			<ymin>423.2</ymin>
			<xmax>346</xmax>
			<ymax>455.2</ymax>
		</bndbox>
	</object>
	<object>
		<name>b4</name>
		<pose>Unspecified</pose>
		<truncated>0</truncated>
		<difficult>0</difficult>
		<bndbox>
			<xmin>646.4</xmin>
			<ymin>126.56</ymin>
			<xmax>678.4</xmax>
			<ymax>158.56</ymax>
		</bndbox>
	</object>
	<object>
		<name>b7</name>
		<pose>Unspecified</pose>
		<truncated>0</truncated>
		<difficult>0</difficult>
		<bndbox>
			<xmin>336.8</xmin>
			<ymin>460.64</ymin>
			<xmax>368.8</xmax>
			<ymax>492.64</ymax>
		</bndbox>
	</object>
	<object>
		<name>b4</name>
		<pose>Unspecified</pose>
		<truncated>0</truncated>
		<difficult>0</difficult>
		<bndbox>
			<xmin>41.024</xmin>
			<ymin>77.312</ymin>
			<xmax>73.024</xmax>
			<ymax>109.312</ymax>
		</bndbox>
	</object>
	<object>
		<name>g10</name>
		<pose>Unspecified</pose>
		<truncated>0</truncated>
		<difficult>0</difficult>
		<bndbox>
			<xmin>148.16</xmin>
			<ymin>182.72</ymin>
			<xmax>180.16</xmax>
			<ymax>214.72</ymax>
		</bndbox>
	</object>
	<object>
		<name>b8</name>
		<pose>Unspecified</pose>
		<truncated>0</truncated>
		<difficult>0</difficult>
		<bndbox>
			<xmin>297.114</xmin>
			<ymin>475.443</ymin>
			<xmax>329.114</xmax>
			<ymax>507.443</ymax>
		</bndbox>
	</object>
	<object>
		<name>b9</name>
		<pose>Unspecified</pose>
		<truncated>0</truncated>
		<difficult>0</difficult>
		<bndbox>
			<xmin>285.087</xmin>
			<ymin>449.316</ymin>
			<xmax>317.087</xmax>
			<ymax>481.316</ymax>
		</bndbox>
	</object>
	<object>
		<name>b8</name>
		<pose>Unspecified</pose>
		<truncated>0</truncated>
		<difficult>0</difficult>
		<bndbox>
			<xmin>394.573</xmin>
			<ymin>436.874</ymin>
			<xmax>426.573</xmax>
			<ymax>468.874</ymax>
		</bndbox>
	</object>
	<object>
		<name>b6</name>
		<pose>Unspecified</pose>
		<truncated>0</truncated>
		<difficult>0</difficult>
		<bndbox>
			<xmin>324.402</xmin>
			<ymin>479.673</ymin>
			<xmax>356.402</xmax>
			<ymax>511.673</ymax>
		</bndbox>
	</object>
	<object>
		<name>b8</name>
		<pose>Unspecified</pose>
		<truncated>0</truncated>
		<difficult>0</difficult>
		<bndbox>
			<xmin>419.954</xmin>
			<ymin>578.211</ymin>
			<xmax>451.954</xmax>
			<ymax>610.211</ymax>
		</bndbox>
	</object>
	<object>
		<name>b9</name>
		<pose>Unspecified</pose>
		<truncated>0</truncated>
		<difficult>0</difficult>
		<bndbox>
			<xmin>324.402</xmin>
			<ymin>443.842</ymin>
			<xmax>356.402</xmax>
			<ymax>475.842</ymax>
		</bndbox>
	</object>
	<object>
		<name>b7</name>
		<pose>Unspecified</pose>
		<truncated>0</truncated>
		<difficult>0</difficult>
		<bndbox>
			<xmin>338</xmin>
			<ymin>461</ymin>
			<xmax>370</xmax>
			<ymax>493</ymax>
		</bndbox>
	</object>
	<object>
		<name>b8</name>
		<pose>Unspecified</pose>
		<truncated>0</truncated>
		<difficult>0</difficult>
		<bndbox>
			<xmin>426</xmin>
			<ymin>376</ymin>
			<xmax>458</xmax>
			<ymax>408</ymax>
		</bndbox>
	</object>
	<object>
		<name>b9</name>
		<pose>Unspecified</pose>
		<truncated>0</truncated>
		<difficult>0</difficult>
		<bndbox>
			<xmin>436</xmin>
			<ymin>396</ymin>
			<xmax>468</xmax>
			<ymax>428</ymax>
		</bndbox>
	</object>
	<object>
		<name>b8</name>
		<pose>Unspecified</pose>
		<truncated>0</truncated>
		<difficult>0</difficult>
		<bndbox>
			<xmin>294.8</xmin>
			<ymin>432.8</ymin>
			<xmax>326.8</xmax>
			<ymax>464.8</ymax>
		</bndbox>
	</object>
	<object>
		<name>b9</name>
		<pose>Unspecified</pose>
		<truncated>0</truncated>
		<difficult>0</difficult>
		<bndbox>
			<xmin>525.2</xmin>
			<ymin>218</ymin>
			<xmax>557.2</xmax>
			<ymax>250</ymax>
		</bndbox>
	</object>
	<object>
		<name>b10</name>
		<pose>Unspecified</pose>
		<truncated>0</truncated>
		<difficult>0</difficult>
		<bndbox>
			<xmin>471.2</xmin>
			<ymin>237.2</ymin>
			<xmax>503.2</xmax>
			<ymax>269.2</ymax>
		</bndbox>
	</object>
	<object>
		<name>b4</name>
		<pose>Unspecified</pose>
		<truncated>0</truncated>
		<difficult>0</difficult>
		<bndbox>
			<xmin>243.2</xmin>
			<ymin>393.2</ymin>
			<xmax>275.2</xmax>
			<ymax>425.2</ymax>
		</bndbox>
	</object>
	<object>
		<name>b6</name>
		<pose>Unspecified</pose>
		<truncated>0</truncated>
		<difficult>0</difficult>
		<bndbox>
			<xmin>314</xmin>
			<ymin>423.2</ymin>
			<xmax>346</xmax>
			<ymax>455.2</ymax>
		</bndbox>
	</object>
	<object>
		<name>b4</name>
		<pose>Unspecified</pose>
		<truncated>0</truncated>
		<difficult>0</difficult>
		<bndbox>
			<xmin>646.4</xmin>
			<ymin>126.56</ymin>
			<xmax>678.4</xmax>
			<ymax>158.56</ymax>
		</bndbox>
	</object>
	<object>
		<name>b7</name>
		<pose>Unspecified</pose>
		<truncated>0</truncated>
		<difficult>0</difficult>
		<bndbox>
			<xmin>336.8</xmin>
			<ymin>460.64</ymin>
			<xmax>368.8</xmax>
			<ymax>492.64</ymax>
		</bndbox>
	</object>
	<object>
		<name>b4</name>
		<pose>Unspecified</pose>
		<truncated>0</truncated>
		<difficult>0</difficult>
		<bndbox>
			<xmin>41.024</xmin>
			<ymin>77.312</ymin>
			<xmax>73.024</xmax>
			<ymax>109.312</ymax>
		</bndbox>
	</object>
	<object>
		<name>g10</name>
		<pose>Unspecified</pose>
		<truncated>0</truncated>
		<difficult>0</difficult>
		<bndbox>
			<xmin>148.16</xmin>
			<ymin>182.72</ymin>
			<xmax>180.16</xmax>
			<ymax>214.72</ymax>
		</bndbox>
	</object>
	<object>
		<name>b8</name>
		<pose>Unspecified</pose>
		<truncated>0</truncated>
		<difficult>0</difficult>
		<bndbox>
			<xmin>297.114</xmin>
			<ymin>475.443</ymin>
			<xmax>329.114</xmax>
			<ymax>507.443</ymax>
		</bndbox>
	</object>
	<object>
		<name>b9</name>
		<pose>Unspecified</pose>
		<truncated>0</truncated>
		<difficult>0</difficult>
		<bndbox>
			<xmin>285.087</xmin>
			<ymin>449.316</ymin>
			<xmax>317.087</xmax>
			<ymax>481.316</ymax>
		</bndbox>
	</object>
	<object>
		<name>b8</name>
		<pose>Unspecified</pose>
		<truncated>0</truncated>
		<difficult>0</difficult>
		<bndbox>
			<xmin>394.573</xmin>
			<ymin>436.874</ymin>
			<xmax>426.573</xmax>
			<ymax>468.874</ymax>
		</bndbox>
	</object>
	<object>
		<name>b6</name>
		<pose>Unspecified</pose>
		<truncated>0</truncated>
		<difficult>0</difficult>
		<bndbox>
			<xmin>324.402</xmin>
			<ymin>479.673</ymin>
			<xmax>356.402</xmax>
			<ymax>511.673</ymax>
		</bndbox>
	</object>
	<object>
		<name>b8</name>
		<pose>Unspecified</pose>
		<truncated>0</truncated>
		<difficult>0</difficult>
		<bndbox>
			<xmin>419.954</xmin>
			<ymin>578.211</ymin>
			<xmax>451.954</xmax>
			<ymax>610.211</ymax>
		</bndbox>
	</object>
	<object>
		<name>b9</name>
		<pose>Unspecified</pose>
		<truncated>0</truncated>
		<difficult>0</difficult>
		<bndbox>
			<xmin>324.402</xmin>
			<ymin>443.842</ymin>
			<xmax>356.402</xmax>
			<ymax>475.842</ymax>
		</bndbox>
	</object>
	<object>
		<name>b7</name>
		<pose>Unspecified</pose>
		<truncated>0</truncated>
		<difficult>0</difficult>
		<bndbox>
			<xmin>338</xmin>
			<ymin>461</ymin>
			<xmax>370</xmax>
			<ymax>493</ymax>
		</bndbox>
	</object>
	<object>
		<name>b8</name>
		<pose>Unspecified</pose>
		<truncated>0</truncated>
		<difficult>0</difficult>
		<bndbox>
			<xmin>426</xmin>
			<ymin>376</ymin>
			<xmax>458</xmax>
			<ymax>408</ymax>
		</bndbox>
	</object>
	<object>
		<name>b9</name>
		<pose>Unspecified</pose>
		<truncated>0</truncated>
		<difficult>0</difficult>
		<bndbox>
			<xmin>436</xmin>
			<ymin>396</ymin>
			<xmax>468</xmax>
			<ymax>428</ymax>
		</bndbox>
	</object>
	<object>
		<name>b8</name>
		<pose>Unspecified</pose>
		<truncated>0</truncated>
		<difficult>0</difficult>
		<bndbox>
			<xmin>294.8</xmin>
			<ymin>432.8</ymin>
			<xmax>326.8</xmax>
			<ymax>464.8</ymax>
		</bndbox>
	</object>
	<object>
		<name>b9</name>
		<pose>Unspecified</pose>
		<truncated>0</truncated>
		<difficult>0</difficult>
		<bndbox>
			<xmin>525.2</xmin>
			<ymin>218</ymin>
			<xmax>557.2</xmax>
			<ymax>250</ymax>
		</bndbox>
	</object>
	<object>
		<name>b10</name>
		<pose>Unspecified</pose>
		<truncated>0</truncated>
		<difficult>0</difficult>
		<bndbox>
			<xmin>471.2</xmin>
			<ymin>237.2</ymin>
			<xmax>503.2</xmax>
			<ymax>269.2</ymax>
		</bndbox>
	</object>
	<object>
		<name>b4</name>
		<pose>Unspecified</pose>
		<truncated>0</truncated>
		<difficult>0</difficult>
		<bndbox>
			<xmin>243.2</xmin>
			<ymin>393.2</ymin>
			<xmax>275.2</xmax>
			<ymax>425.2</ymax>
		</bndbox>
	</object>
	<object>
		<name>b6</name>
		<pose>Unspecified</pose>
		<truncated>0</truncated>
		<difficult>0</difficult>
		<bndbox>
			<xmin>314</xmin>
			<ymin>423.2</ymin>
			<xmax>346</xmax>
			<ymax>455.2</ymax>
		</bndbox>
	</object>
	<object>
		<name>b4</name>
		<pose>Unspecified</pose>
		<truncated>0</truncated>
		<difficult>0</difficult>
		<bndbox>
			<xmin>646.4</xmin>
			<ymin>126.56</ymin>
			<xmax>678.4</xmax>
			<ymax>158.56</ymax>
		</bndbox>
	</object>
	<object>
		<name>b7</name>
		<pose>Unspecified</pose>
		<truncated>0</truncated>
		<difficult>0</difficult>
		<bndbox>
			<xmin>336.8</xmin>
			<ymin>460.64</ymin>
			<xmax>368.8</xmax>
			<ymax>492.64</ymax>
		</bndbox>
	</object>
	<object>
		<name>b4</name>
		<pose>Unspecified</pose>
		<truncated>0</truncated>
		<difficult>0</difficult>
		<bndbox>
			<xmin>41.024</xmin>
			<ymin>77.312</ymin>
			<xmax>73.024</xmax>
			<ymax>109.312</ymax>
		</bndbox>
	</object>
	<object>
		<name>g10</name>
		<pose>Unspecified</pose>
		<truncated>0</truncated>
		<difficult>0</difficult>
		<bndbox>
			<xmin>148.16</xmin>
			<ymin>182.72</ymin>
			<xmax>180.16</xmax>
			<ymax>214.72</ymax>
		</bndbox>
	</object>
	<object>
		<name>b8</name>
		<pose>Unspecified</pose>
		<truncated>0</truncated>
		<difficult>0</difficult>
		<bndbox>
			<xmin>297.114</xmin>
			<ymin>475.443</ymin>
			<xmax>329.114</xmax>
			<ymax>507.443</ymax>
		</bndbox>
	</object>
	<object>
		<name>b9</name>
		<pose>Unspecified</pose>
		<truncated>0</truncated>
		<difficult>0</difficult>
		<bndbox>
			<xmin>285.087</xmin>
			<ymin>449.316</ymin>
			<xmax>317.087</xmax>
			<ymax>481.316</ymax>
		</bndbox>
	</object>
	<object>
		<name>b8</name>
		<pose>Unspecified</pose>
		<truncated>0</truncated>
		<difficult>0</difficult>
		<bndbox>
			<xmin>394.573</xmin>
			<ymin>436.874</ymin>
			<xmax>426.573</xmax>
			<ymax>468.874</ymax>
		</bndbox>
	</object>
	<object>
		<name>b6</name>
		<pose>Unspecified</pose>
		<truncated>0</truncated>
		<difficult>0</difficult>
		<bndbox>
			<xmin>324.402</xmin>
			<ymin>479.673</ymin>
			<xmax>356.402</xmax>
			<ymax>511.673</ymax>
		</bndbox>
	</object>
	<object>
		<name>b8</name>
		<pose>Unspecified</pose>
		<truncated>0</truncated>
		<difficult>0</difficult>
		<bndbox>
			<xmin>419.954</xmin>
			<ymin>578.211</ymin>
			<xmax>451.954</xmax>
			<ymax>610.211</ymax>
		</bndbox>
	</object>
	<object>
		<name>b9</name>
		<pose>Unspecified</pose>
		<truncated>0</truncated>
		<difficult>0</difficult>
		<bndbox>
			<xmin>324.402</xmin>
			<ymin>443.842</ymin>
			<xmax>356.402</xmax>
			<ymax>475.842</ymax>
		</bndbox>
	</object>
</annotation>
