<annotation>
	<folder>VOC2007</folder>
	<filename>000117.jpg</filename>
	<source>
		<database>My Database</database>
		<annotation>VOC2007</annotation>
		<image>flickr</image>
		<flickrid>NULL</flickrid>
	</source>
	<owner>
		<flickrid>NULL</flickrid>
		<name>shaochunyan</name>
	</owner>
	<size>
		<width>720</width>
		<height>1280</height>
		<depth>3</depth>
	</size>
	<segmented>0</segmented>
	<object>
		<name>g10</name>
		<pose>Unspecified</pose>
		<truncated>0</truncated>
		<difficult>0</difficult>
		<bndbox>
			<xmin>672</xmin>
			<ymin>37</ymin>
			<xmax>704</xmax>
			<ymax>69</ymax>
		</bndbox>
	</object>
	<object>
		<name>b8</name>
		<pose>Unspecified</pose>
		<truncated>0</truncated>
		<difficult>0</difficult>
		<bndbox>
			<xmin>551.6</xmin>
			<ymin>413.6</ymin>
			<xmax>583.6</xmax>
			<ymax>445.6</ymax>
		</bndbox>
	</object>
	<object>
		<name>g1</name>
		<pose>Unspecified</pose>
		<truncated>0</truncated>
		<difficult>0</difficult>
		<bndbox>
			<xmin>521.12</xmin>
			<ymin>41.6</ymin>
			<xmax>553.12</xmax>
			<ymax>73.6</ymax>
		</bndbox>
	</object>
	<object>
		<name>b8</name>
		<pose>Unspecified</pose>
		<truncated>0</truncated>
		<difficult>0</difficult>
		<bndbox>
			<xmin>626.816</xmin>
			<ymin>255.296</ymin>
			<xmax>658.816</xmax>
			<ymax>287.296</ymax>
		</bndbox>
	</object>
	<object>
		<name>b5</name>
		<pose>Unspecified</pose>
		<truncated>0</truncated>
		<difficult>0</difficult>
		<bndbox>
			<xmin>535.578</xmin>
			<ymin>404.941</ymin>
			<xmax>567.578</xmax>
			<ymax>436.941</ymax>
		</bndbox>
	</object>
	<object>
		<name>b7</name>
		<pose>Unspecified</pose>
		<truncated>0</truncated>
		<difficult>0</difficult>
		<bndbox>
			<xmin>593.639</xmin>
			<ymin>63.6263</ymin>
			<xmax>625.639</xmax>
			<ymax>95.6263</ymax>
		</bndbox>
	</object>
	<object>
		<name>g10</name>
		<pose>Unspecified</pose>
		<truncated>0</truncated>
		<difficult>0</difficult>
		<bndbox>
			<xmin>347.295</xmin>
			<ymin>175.601</ymin>
			<xmax>379.295</xmax>
			<ymax>207.601</ymax>
		</bndbox>
	</object>
	<object>
		<name>b8</name>
		<pose>Unspecified</pose>
		<truncated>0</truncated>
		<difficult>0</difficult>
		<bndbox>
			<xmin>554.323</xmin>
			<ymin>685.706</ymin>
			<xmax>586.323</xmax>
			<ymax>717.706</ymax>
		</bndbox>
	</object>
	<object>
		<name>b2</name>
		<pose>Unspecified</pose>
		<truncated>0</truncated>
		<difficult>0</difficult>
		<bndbox>
			<xmin>530.435</xmin>
			<ymin>408.01</ymin>
			<xmax>562.435</xmax>
			<ymax>440.01</ymax>
		</bndbox>
	</object>
	<object>
		<name>b9</name>
		<pose>Unspecified</pose>
		<truncated>0</truncated>
		<difficult>0</difficult>
		<bndbox>
			<xmin>503.561</xmin>
			<ymin>422.94</ymin>
			<xmax>535.561</xmax>
			<ymax>454.94</ymax>
		</bndbox>
	</object>
	<object>
		<name>g10</name>
		<pose>Unspecified</pose>
		<truncated>0</truncated>
		<difficult>0</difficult>
		<bndbox>
			<xmin>348.29</xmin>
			<ymin>175.103</ymin>
			<xmax>380.29</xmax>
			<ymax>207.103</ymax>
		</bndbox>
	</object>
	<object>
		<name>b5</name>
		<pose>Unspecified</pose>
		<truncated>0</truncated>
		<difficult>0</difficult>
		<bndbox>
			<xmin>421.148</xmin>
			<ymin>170.325</ymin>
			<xmax>453.148</xmax>
			<ymax>202.325</ymax>
		</bndbox>
	</object>
	<object>
		<name>b4</name>
		<pose>Unspecified</pose>
		<truncated>0</truncated>
		<difficult>0</difficult>
		<bndbox>
			<xmin>560.892</xmin>
			<ymin>446.23</ymin>
			<xmax>592.892</xmax>
			<ymax>478.23</ymax>
		</bndbox>
	</object>
	<object>
		<name>b4</name>
		<pose>Unspecified</pose>
		<truncated>0</truncated>
		<difficult>0</difficult>
		<bndbox>
			<xmin>459.2</xmin>
			<ymin>292.4</ymin>
			<xmax>491.2</xmax>
			<ymax>324.4</ymax>
		</bndbox>
	</object>
	<object>
		<name>b5</name>
		<pose>Unspecified</pose>
		<truncated>0</truncated>
		<difficult>0</difficult>
		<bndbox>
			<xmin>593.6</xmin>
			<ymin>218</ymin>
			<xmax>625.6</xmax>
			<ymax>250</ymax>
		</bndbox>
	</object>
	<object>
		<name>b4</name>
		<pose>Unspecified</pose>
		<truncated>0</truncated>
		<difficult>0</difficult>
		<bndbox>
			<xmin>531.2</xmin>
			<ymin>587.6</ymin>
			<xmax>563.2</xmax>
			<ymax>619.6</ymax>
		</bndbox>
	</object>
	<object>
		<name>b6</name>
		<pose>Unspecified</pose>
		<truncated>0</truncated>
		<difficult>0</difficult>
		<bndbox>
			<xmin>519.68</xmin>
			<ymin>346.88</ymin>
			<xmax>551.68</xmax>
			<ymax>378.88</ymax>
		</bndbox>
	</object>
	<object>
		<name>g1</name>
		<pose>Unspecified</pose>
		<truncated>0</truncated>
		<difficult>0</difficult>
		<bndbox>
			<xmin>535.578</xmin>
			<ymin>64.8704</ymin>
			<xmax>567.578</xmax>
			<ymax>96.8704</ymax>
		</bndbox>
	</object>
	<object>
		<name>b7</name>
		<pose>Unspecified</pose>
		<truncated>0</truncated>
		<difficult>0</difficult>
		<bndbox>
			<xmin>593.639</xmin>
			<ymin>63.6263</ymin>
			<xmax>625.639</xmax>
			<ymax>95.6263</ymax>
		</bndbox>
	</object>
	<object>
		<name>g1</name>
		<pose>Unspecified</pose>
		<truncated>0</truncated>
		<difficult>0</difficult>
		<bndbox>
			<xmin>530.435</xmin>
			<ymin>661.819</ymin>
			<xmax>562.435</xmax>
			<ymax>693.819</ymax>
		</bndbox>
	</object>
	<object>
		<name>b8</name>
		<pose>Unspecified</pose>
		<truncated>0</truncated>
		<difficult>0</difficult>
		<bndbox>
			<xmin>551.337</xmin>
			<ymin>679.734</ymin>
			<xmax>583.337</xmax>
			<ymax>711.734</ymax>
		</bndbox>
	</object>
	<object>
		<name>b2</name>
		<pose>Unspecified</pose>
		<truncated>0</truncated>
		<difficult>0</difficult>
		<bndbox>
			<xmin>539.393</xmin>
			<ymin>655.847</ymin>
			<xmax>571.393</xmax>
			<ymax>687.847</ymax>
		</bndbox>
	</object>
	<object>
		<name>b4</name>
		<pose>Unspecified</pose>
		<truncated>0</truncated>
		<difficult>0</difficult>
		<bndbox>
			<xmin>560.295</xmin>
			<ymin>449.814</ymin>
			<xmax>592.295</xmax>
			<ymax>481.814</ymax>
		</bndbox>
	</object>
	<object>
		<name>b8</name>
		<pose>Unspecified</pose>
		<truncated>0</truncated>
		<difficult>0</difficult>
		<bndbox>
			<xmin>548.351</xmin>
			<ymin>413.982</ymin>
			<xmax>580.351</xmax>
			<ymax>445.982</ymax>
		</bndbox>
	</object>
	<object>
		<name>b2</name>
		<pose>Unspecified</pose>
		<truncated>0</truncated>
		<difficult>0</difficult>
		<bndbox>
			<xmin>539.393</xmin>
			<ymin>654.055</ymin>
			<xmax>571.393</xmax>
			<ymax>686.055</ymax>
		</bndbox>
	</object>
	<object>
		<name>b4</name>
		<pose>Unspecified</pose>
		<truncated>0</truncated>
		<difficult>0</difficult>
		<bndbox>
			<xmin>528.644</xmin>
			<ymin>671.971</ymin>
			<xmax>560.644</xmax>
			<ymax>703.971</ymax>
		</bndbox>
	</object>
	<object>
		<name>b8</name>
		<pose>Unspecified</pose>
		<truncated>0</truncated>
		<difficult>0</difficult>
		<bndbox>
			<xmin>499.978</xmin>
			<ymin>428.315</ymin>
			<xmax>531.978</xmax>
			<ymax>460.315</ymax>
		</bndbox>
	</object>
	<object>
		<name>g10</name>
		<pose>Unspecified</pose>
		<truncated>0</truncated>
		<difficult>0</difficult>
		<bndbox>
			<xmin>620</xmin>
			<ymin>341</ymin>
			<xmax>652</xmax>
			<ymax>373</ymax>
		</bndbox>
	</object>
	<object>
		<name>g1</name>
		<pose>Unspecified</pose>
		<truncated>0</truncated>
		<difficult>0</difficult>
		<bndbox>
			<xmin>636.32</xmin>
			<ymin>430.4</ymin>
			<xmax>668.32</xmax>
			<ymax>462.4</ymax>
		</bndbox>
	</object>
	<object>
		<name>b5</name>
		<pose>Unspecified</pose>
		<truncated>0</truncated>
		<difficult>0</difficult>
		<bndbox>
			<xmin>634.88</xmin>
			<ymin>277.76</ymin>
			<xmax>666.88</xmax>
			<ymax>309.76</ymax>
		</bndbox>
	</object>
	<object>
		<name>b5</name>
		<pose>Unspecified</pose>
		<truncated>0</truncated>
		<difficult>0</difficult>
		<bndbox>
			<xmin>572.96</xmin>
			<ymin>220.16</ymin>
			<xmax>604.96</xmax>
			<ymax>252.16</ymax>
		</bndbox>
	</object>
	<object>
		<name>b4</name>
		<pose>Unspecified</pose>
		<truncated>0</truncated>
		<difficult>0</difficult>
		<bndbox>
			<xmin>638.912</xmin>
			<ymin>77.312</ymin>
			<xmax>670.912</xmax>
			<ymax>109.312</ymax>
		</bndbox>
	</object>
	<object>
		<name>b5</name>
		<pose>Unspecified</pose>
		<truncated>0</truncated>
		<difficult>0</difficult>
		<bndbox>
			<xmin>625.088</xmin>
			<ymin>279.488</ymin>
			<xmax>657.088</xmax>
			<ymax>311.488</ymax>
		</bndbox>
	</object>
	<object>
		<name>b8</name>
		<pose>Unspecified</pose>
		<truncated>0</truncated>
		<difficult>0</difficult>
		<bndbox>
			<xmin>614.72</xmin>
			<ymin>243.2</ymin>
			<xmax>646.72</xmax>
			<ymax>275.2</ymax>
		</bndbox>
	</object>
	<object>
		<name>g1</name>
		<pose>Unspecified</pose>
		<truncated>0</truncated>
		<difficult>0</difficult>
		<bndbox>
			<xmin>360.704</xmin>
			<ymin>75.584</ymin>
			<xmax>392.704</xmax>
			<ymax>107.584</ymax>
		</bndbox>
	</object>
	<object>
		<name>b5</name>
		<pose>Unspecified</pose>
		<truncated>0</truncated>
		<difficult>0</difficult>
		<bndbox>
			<xmin>589.491</xmin>
			<ymin>178.918</ymin>
			<xmax>621.491</xmax>
			<ymax>210.918</ymax>
		</bndbox>
	</object>
	<object>
		<name>b2</name>
		<pose>Unspecified</pose>
		<truncated>0</truncated>
		<difficult>0</difficult>
		<bndbox>
			<xmin>537.651</xmin>
			<ymin>653.773</ymin>
			<xmax>569.651</xmax>
			<ymax>685.773</ymax>
		</bndbox>
	</object>
	<object>
		<name>b9</name>
		<pose>Unspecified</pose>
		<truncated>0</truncated>
		<difficult>0</difficult>
		<bndbox>
			<xmin>489.129</xmin>
			<ymin>407.014</ymin>
			<xmax>521.129</xmax>
			<ymax>439.014</ymax>
		</bndbox>
	</object>
	<object>
		<name>b8</name>
		<pose>Unspecified</pose>
		<truncated>0</truncated>
		<difficult>0</difficult>
		<bndbox>
			<xmin>548.849</xmin>
			<ymin>414.479</ymin>
			<xmax>580.849</xmax>
			<ymax>446.479</ymax>
		</bndbox>
	</object>
	<object>
		<name>b8</name>
		<pose>Unspecified</pose>
		<truncated>0</truncated>
		<difficult>0</difficult>
		<bndbox>
			<xmin>551.337</xmin>
			<ymin>679.734</ymin>
			<xmax>583.337</xmax>
			<ymax>711.734</ymax>
		</bndbox>
	</object>
	<object>
		<name>b5</name>
		<pose>Unspecified</pose>
		<truncated>0</truncated>
		<difficult>0</difficult>
		<bndbox>
			<xmin>482.659</xmin>
			<ymin>631.959</ymin>
			<xmax>514.659</xmax>
			<ymax>663.959</ymax>
		</bndbox>
	</object>
	<object>
		<name>b2</name>
		<pose>Unspecified</pose>
		<truncated>0</truncated>
		<difficult>0</difficult>
		<bndbox>
			<xmin>539.393</xmin>
			<ymin>655.847</ymin>
			<xmax>571.393</xmax>
			<ymax>687.847</ymax>
		</bndbox>
	</object>
	<object>
		<name>b4</name>
		<pose>Unspecified</pose>
		<truncated>0</truncated>
		<difficult>0</difficult>
		<bndbox>
			<xmin>575.225</xmin>
			<ymin>655.847</ymin>
			<xmax>607.225</xmax>
			<ymax>687.847</ymax>
		</bndbox>
	</object>
	<object>
		<name>b2</name>
		<pose>Unspecified</pose>
		<truncated>0</truncated>
		<difficult>0</difficult>
		<bndbox>
			<xmin>539.393</xmin>
			<ymin>654.055</ymin>
			<xmax>571.393</xmax>
			<ymax>686.055</ymax>
		</bndbox>
	</object>
	<object>
		<name>b7</name>
		<pose>Unspecified</pose>
		<truncated>0</truncated>
		<difficult>0</difficult>
		<bndbox>
			<xmin>528.644</xmin>
			<ymin>671.971</ymin>
			<xmax>560.644</xmax>
			<ymax>703.971</ymax>
		</bndbox>
	</object>
</annotation>
