<annotation>
	<folder>VOC2007</folder>
	<filename>000198.jpg</filename>
	<source>
		<database>My Database</database>
		<annotation>VOC2007</annotation>
		<image>flickr</image>
		<flickrid>NULL</flickrid>
	</source>
	<owner>
		<flickrid>NULL</flickrid>
		<name>shaochunyan</name>
	</owner>
	<size>
		<width>720</width>
		<height>1280</height>
		<depth>3</depth>
	</size>
	<segmented>0</segmented>
	<object>
		<name>b7</name>
		<pose>Unspecified</pose>
		<truncated>0</truncated>
		<difficult>0</difficult>
		<bndbox>
			<xmin>407</xmin>
			<ymin>97</ymin>
			<xmax>439</xmax>
			<ymax>129</ymax>
		</bndbox>
	</object>
	<object>
		<name>b4</name>
		<pose>Unspecified</pose>
		<truncated>0</truncated>
		<difficult>0</difficult>
		<bndbox>
			<xmin>367</xmin>
			<ymin>330</ymin>
			<xmax>399</xmax>
			<ymax>362</ymax>
		</bndbox>
	</object>
	<object>
		<name>b8</name>
		<pose>Unspecified</pose>
		<truncated>0</truncated>
		<difficult>0</difficult>
		<bndbox>
			<xmin>410</xmin>
			<ymin>90.8</ymin>
			<xmax>442</xmax>
			<ymax>122.8</ymax>
		</bndbox>
	</object>
	<object>
		<name>b8</name>
		<pose>Unspecified</pose>
		<truncated>0</truncated>
		<difficult>0</difficult>
		<bndbox>
			<xmin>408.8</xmin>
			<ymin>110</ymin>
			<xmax>440.8</xmax>
			<ymax>142</ymax>
		</bndbox>
	</object>
	<object>
		<name>b8</name>
		<pose>Unspecified</pose>
		<truncated>0</truncated>
		<difficult>0</difficult>
		<bndbox>
			<xmin>479.6</xmin>
			<ymin>580.4</ymin>
			<xmax>511.6</xmax>
			<ymax>612.4</ymax>
		</bndbox>
	</object>
	<object>
		<name>b7</name>
		<pose>Unspecified</pose>
		<truncated>0</truncated>
		<difficult>0</difficult>
		<bndbox>
			<xmin>454.4</xmin>
			<ymin>132.8</ymin>
			<xmax>486.4</xmax>
			<ymax>164.8</ymax>
		</bndbox>
	</object>
	<object>
		<name>b5</name>
		<pose>Unspecified</pose>
		<truncated>0</truncated>
		<difficult>0</difficult>
		<bndbox>
			<xmin>465.2</xmin>
			<ymin>112.4</ymin>
			<xmax>497.2</xmax>
			<ymax>144.4</ymax>
		</bndbox>
	</object>
	<object>
		<name>b10</name>
		<pose>Unspecified</pose>
		<truncated>0</truncated>
		<difficult>0</difficult>
		<bndbox>
			<xmin>490.88</xmin>
			<ymin>87.68</ymin>
			<xmax>522.88</xmax>
			<ymax>119.68</ymax>
		</bndbox>
	</object>
	<object>
		<name>b10</name>
		<pose>Unspecified</pose>
		<truncated>0</truncated>
		<difficult>0</difficult>
		<bndbox>
			<xmin>397.28</xmin>
			<ymin>64.64</ymin>
			<xmax>429.28</xmax>
			<ymax>96.64</ymax>
		</bndbox>
	</object>
	<object>
		<name>b8</name>
		<pose>Unspecified</pose>
		<truncated>0</truncated>
		<difficult>0</difficult>
		<bndbox>
			<xmin>184.448</xmin>
			<ymin>623.36</ymin>
			<xmax>216.448</xmax>
			<ymax>655.36</ymax>
		</bndbox>
	</object>
	<object>
		<name>b8</name>
		<pose>Unspecified</pose>
		<truncated>0</truncated>
		<difficult>0</difficult>
		<bndbox>
			<xmin>490.304</xmin>
			<ymin>56.576</ymin>
			<xmax>522.304</xmax>
			<ymax>88.576</ymax>
		</bndbox>
	</object>
	<object>
		<name>b7</name>
		<pose>Unspecified</pose>
		<truncated>0</truncated>
		<difficult>0</difficult>
		<bndbox>
			<xmin>410.816</xmin>
			<ymin>272.576</ymin>
			<xmax>442.816</xmax>
			<ymax>304.576</ymax>
		</bndbox>
	</object>
	<object>
		<name>b6</name>
		<pose>Unspecified</pose>
		<truncated>0</truncated>
		<difficult>0</difficult>
		<bndbox>
			<xmin>454.016</xmin>
			<ymin>122.24</ymin>
			<xmax>486.016</xmax>
			<ymax>154.24</ymax>
		</bndbox>
	</object>
	<object>
		<name>b6</name>
		<pose>Unspecified</pose>
		<truncated>0</truncated>
		<difficult>0</difficult>
		<bndbox>
			<xmin>456.781</xmin>
			<ymin>110.49</ymin>
			<xmax>488.781</xmax>
			<ymax>142.49</ymax>
		</bndbox>
	</object>
	<object>
		<name>b5</name>
		<pose>Unspecified</pose>
		<truncated>0</truncated>
		<difficult>0</difficult>
		<bndbox>
			<xmin>290.063</xmin>
			<ymin>658.335</ymin>
			<xmax>322.063</xmax>
			<ymax>690.335</ymax>
		</bndbox>
	</object>
	<object>
		<name>b7</name>
		<pose>Unspecified</pose>
		<truncated>0</truncated>
		<difficult>0</difficult>
		<bndbox>
			<xmin>454.293</xmin>
			<ymin>130.811</ymin>
			<xmax>486.293</xmax>
			<ymax>162.811</ymax>
		</bndbox>
	</object>
	<object>
		<name>b6</name>
		<pose>Unspecified</pose>
		<truncated>0</truncated>
		<difficult>0</difficult>
		<bndbox>
			<xmin>444.339</xmin>
			<ymin>125.834</ymin>
			<xmax>476.339</xmax>
			<ymax>157.834</ymax>
		</bndbox>
	</object>
	<object>
		<name>b10</name>
		<pose>Unspecified</pose>
		<truncated>0</truncated>
		<difficult>0</difficult>
		<bndbox>
			<xmin>471.711</xmin>
			<ymin>73.5795</ymin>
			<xmax>503.711</xmax>
			<ymax>105.58</ymax>
		</bndbox>
	</object>
	<object>
		<name>b4</name>
		<pose>Unspecified</pose>
		<truncated>0</truncated>
		<difficult>0</difficult>
		<bndbox>
			<xmin>357.248</xmin>
			<ymin>330.374</ymin>
			<xmax>389.248</xmax>
			<ymax>362.374</ymax>
		</bndbox>
	</object>
	<object>
		<name>b5</name>
		<pose>Unspecified</pose>
		<truncated>0</truncated>
		<difficult>0</difficult>
		<bndbox>
			<xmin>458.772</xmin>
			<ymin>106.425</ymin>
			<xmax>490.772</xmax>
			<ymax>138.425</ymax>
		</bndbox>
	</object>
	<object>
		<name>b9</name>
		<pose>Unspecified</pose>
		<truncated>0</truncated>
		<difficult>0</difficult>
		<bndbox>
			<xmin>437.87</xmin>
			<ymin>94.4814</ymin>
			<xmax>469.87</xmax>
			<ymax>126.481</ymax>
		</bndbox>
	</object>
	<object>
		<name>b7</name>
		<pose>Unspecified</pose>
		<truncated>0</truncated>
		<difficult>0</difficult>
		<bndbox>
			<xmin>485.645</xmin>
			<ymin>566.267</ymin>
			<xmax>517.645</xmax>
			<ymax>598.267</ymax>
		</bndbox>
	</object>
	<object>
		<name>b9</name>
		<pose>Unspecified</pose>
		<truncated>0</truncated>
		<difficult>0</difficult>
		<bndbox>
			<xmin>378.15</xmin>
			<ymin>100.453</ymin>
			<xmax>410.15</xmax>
			<ymax>132.453</ymax>
		</bndbox>
	</object>
	<object>
		<name>b7</name>
		<pose>Unspecified</pose>
		<truncated>0</truncated>
		<difficult>0</difficult>
		<bndbox>
			<xmin>407</xmin>
			<ymin>97</ymin>
			<xmax>439</xmax>
			<ymax>129</ymax>
		</bndbox>
	</object>
	<object>
		<name>b4</name>
		<pose>Unspecified</pose>
		<truncated>0</truncated>
		<difficult>0</difficult>
		<bndbox>
			<xmin>367</xmin>
			<ymin>330</ymin>
			<xmax>399</xmax>
			<ymax>362</ymax>
		</bndbox>
	</object>
	<object>
		<name>b8</name>
		<pose>Unspecified</pose>
		<truncated>0</truncated>
		<difficult>0</difficult>
		<bndbox>
			<xmin>410</xmin>
			<ymin>90.8</ymin>
			<xmax>442</xmax>
			<ymax>122.8</ymax>
		</bndbox>
	</object>
	<object>
		<name>b8</name>
		<pose>Unspecified</pose>
		<truncated>0</truncated>
		<difficult>0</difficult>
		<bndbox>
			<xmin>408.8</xmin>
			<ymin>110</ymin>
			<xmax>440.8</xmax>
			<ymax>142</ymax>
		</bndbox>
	</object>
	<object>
		<name>b8</name>
		<pose>Unspecified</pose>
		<truncated>0</truncated>
		<difficult>0</difficult>
		<bndbox>
			<xmin>479.6</xmin>
			<ymin>580.4</ymin>
			<xmax>511.6</xmax>
			<ymax>612.4</ymax>
		</bndbox>
	</object>
	<object>
		<name>b7</name>
		<pose>Unspecified</pose>
		<truncated>0</truncated>
		<difficult>0</difficult>
		<bndbox>
			<xmin>454.4</xmin>
			<ymin>132.8</ymin>
			<xmax>486.4</xmax>
			<ymax>164.8</ymax>
		</bndbox>
	</object>
	<object>
		<name>b5</name>
		<pose>Unspecified</pose>
		<truncated>0</truncated>
		<difficult>0</difficult>
		<bndbox>
			<xmin>465.2</xmin>
			<ymin>112.4</ymin>
			<xmax>497.2</xmax>
			<ymax>144.4</ymax>
		</bndbox>
	</object>
	<object>
		<name>b10</name>
		<pose>Unspecified</pose>
		<truncated>0</truncated>
		<difficult>0</difficult>
		<bndbox>
			<xmin>490.88</xmin>
			<ymin>87.68</ymin>
			<xmax>522.88</xmax>
			<ymax>119.68</ymax>
		</bndbox>
	</object>
	<object>
		<name>b10</name>
		<pose>Unspecified</pose>
		<truncated>0</truncated>
		<difficult>0</difficult>
		<bndbox>
			<xmin>397.28</xmin>
			<ymin>64.64</ymin>
			<xmax>429.28</xmax>
			<ymax>96.64</ymax>
		</bndbox>
	</object>
	<object>
		<name>b8</name>
		<pose>Unspecified</pose>
		<truncated>0</truncated>
		<difficult>0</difficult>
		<bndbox>
			<xmin>184.448</xmin>
			<ymin>623.36</ymin>
			<xmax>216.448</xmax>
			<ymax>655.36</ymax>
		</bndbox>
	</object>
	<object>
		<name>b8</name>
		<pose>Unspecified</pose>
		<truncated>0</truncated>
		<difficult>0</difficult>
		<bndbox>
			<xmin>490.304</xmin>
			<ymin>56.576</ymin>
			<xmax>522.304</xmax>
			<ymax>88.576</ymax>
		</bndbox>
	</object>
	<object>
		<name>b7</name>
		<pose>Unspecified</pose>
		<truncated>0</truncated>
		<difficult>0</difficult>
		<bndbox>
			<xmin>410.816</xmin>
			<ymin>272.576</ymin>
			<xmax>442.816</xmax>
			<ymax>304.576</ymax>
		</bndbox>
	</object>
	<object>
		<name>b6</name>
		<pose>Unspecified</pose>
		<truncated>0</truncated>
		<difficult>0</difficult>
		<bndbox>
			<xmin>454.016</xmin>
			<ymin>122.24</ymin>
			<xmax>486.016</xmax>
			<ymax>154.24</ymax>
		</bndbox>
	</object>
	<object>
		<name>b6</name>
		<pose>Unspecified</pose>
		<truncated>0</truncated>
		<difficult>0</difficult>
		<bndbox>
			<xmin>456.781</xmin>
			<ymin>110.49</ymin>
			<xmax>488.781</xmax>
			<ymax>142.49</ymax>
		</bndbox>
	</object>
	<object>
		<name>b5</name>
		<pose>Unspecified</pose>
		<truncated>0</truncated>
		<difficult>0</difficult>
		<bndbox>
			<xmin>290.063</xmin>
			<ymin>658.335</ymin>
			<xmax>322.063</xmax>
			<ymax>690.335</ymax>
		</bndbox>
	</object>
	<object>
		<name>b7</name>
		<pose>Unspecified</pose>
		<truncated>0</truncated>
		<difficult>0</difficult>
		<bndbox>
			<xmin>454.293</xmin>
			<ymin>130.811</ymin>
			<xmax>486.293</xmax>
			<ymax>162.811</ymax>
		</bndbox>
	</object>
	<object>
		<name>b6</name>
		<pose>Unspecified</pose>
		<truncated>0</truncated>
		<difficult>0</difficult>
		<bndbox>
			<xmin>444.339</xmin>
			<ymin>125.834</ymin>
			<xmax>476.339</xmax>
			<ymax>157.834</ymax>
		</bndbox>
	</object>
	<object>
		<name>b10</name>
		<pose>Unspecified</pose>
		<truncated>0</truncated>
		<difficult>0</difficult>
		<bndbox>
			<xmin>471.711</xmin>
			<ymin>73.5795</ymin>
			<xmax>503.711</xmax>
			<ymax>105.58</ymax>
		</bndbox>
	</object>
	<object>
		<name>b4</name>
		<pose>Unspecified</pose>
		<truncated>0</truncated>
		<difficult>0</difficult>
		<bndbox>
			<xmin>357.248</xmin>
			<ymin>330.374</ymin>
			<xmax>389.248</xmax>
			<ymax>362.374</ymax>
		</bndbox>
	</object>
	<object>
		<name>b5</name>
		<pose>Unspecified</pose>
		<truncated>0</truncated>
		<difficult>0</difficult>
		<bndbox>
			<xmin>458.772</xmin>
			<ymin>106.425</ymin>
			<xmax>490.772</xmax>
			<ymax>138.425</ymax>
		</bndbox>
	</object>
	<object>
		<name>b9</name>
		<pose>Unspecified</pose>
		<truncated>0</truncated>
		<difficult>0</difficult>
		<bndbox>
			<xmin>437.87</xmin>
			<ymin>94.4814</ymin>
			<xmax>469.87</xmax>
			<ymax>126.481</ymax>
		</bndbox>
	</object>
	<object>
		<name>b7</name>
		<pose>Unspecified</pose>
		<truncated>0</truncated>
		<difficult>0</difficult>
		<bndbox>
			<xmin>485.645</xmin>
			<ymin>566.267</ymin>
			<xmax>517.645</xmax>
			<ymax>598.267</ymax>
		</bndbox>
	</object>
	<object>
		<name>b9</name>
		<pose>Unspecified</pose>
		<truncated>0</truncated>
		<difficult>0</difficult>
		<bndbox>
			<xmin>378.15</xmin>
			<ymin>100.453</ymin>
			<xmax>410.15</xmax>
			<ymax>132.453</ymax>
		</bndbox>
	</object>
	<object>
		<name>b7</name>
		<pose>Unspecified</pose>
		<truncated>0</truncated>
		<difficult>0</difficult>
		<bndbox>
			<xmin>407</xmin>
			<ymin>97</ymin>
			<xmax>439</xmax>
			<ymax>129</ymax>
		</bndbox>
	</object>
	<object>
		<name>b4</name>
		<pose>Unspecified</pose>
		<truncated>0</truncated>
		<difficult>0</difficult>
		<bndbox>
			<xmin>367</xmin>
			<ymin>330</ymin>
			<xmax>399</xmax>
			<ymax>362</ymax>
		</bndbox>
	</object>
	<object>
		<name>b8</name>
		<pose>Unspecified</pose>
		<truncated>0</truncated>
		<difficult>0</difficult>
		<bndbox>
			<xmin>410</xmin>
			<ymin>90.8</ymin>
			<xmax>442</xmax>
			<ymax>122.8</ymax>
		</bndbox>
	</object>
	<object>
		<name>b8</name>
		<pose>Unspecified</pose>
		<truncated>0</truncated>
		<difficult>0</difficult>
		<bndbox>
			<xmin>408.8</xmin>
			<ymin>110</ymin>
			<xmax>440.8</xmax>
			<ymax>142</ymax>
		</bndbox>
	</object>
	<object>
		<name>b8</name>
		<pose>Unspecified</pose>
		<truncated>0</truncated>
		<difficult>0</difficult>
		<bndbox>
			<xmin>479.6</xmin>
			<ymin>580.4</ymin>
			<xmax>511.6</xmax>
			<ymax>612.4</ymax>
		</bndbox>
	</object>
	<object>
		<name>b7</name>
		<pose>Unspecified</pose>
		<truncated>0</truncated>
		<difficult>0</difficult>
		<bndbox>
			<xmin>454.4</xmin>
			<ymin>132.8</ymin>
			<xmax>486.4</xmax>
			<ymax>164.8</ymax>
		</bndbox>
	</object>
	<object>
		<name>b5</name>
		<pose>Unspecified</pose>
		<truncated>0</truncated>
		<difficult>0</difficult>
		<bndbox>
			<xmin>465.2</xmin>
			<ymin>112.4</ymin>
			<xmax>497.2</xmax>
			<ymax>144.4</ymax>
		</bndbox>
	</object>
	<object>
		<name>b10</name>
		<pose>Unspecified</pose>
		<truncated>0</truncated>
		<difficult>0</difficult>
		<bndbox>
			<xmin>490.88</xmin>
			<ymin>87.68</ymin>
			<xmax>522.88</xmax>
			<ymax>119.68</ymax>
		</bndbox>
	</object>
	<object>
		<name>b10</name>
		<pose>Unspecified</pose>
		<truncated>0</truncated>
		<difficult>0</difficult>
		<bndbox>
			<xmin>397.28</xmin>
			<ymin>64.64</ymin>
			<xmax>429.28</xmax>
			<ymax>96.64</ymax>
		</bndbox>
	</object>
	<object>
		<name>b8</name>
		<pose>Unspecified</pose>
		<truncated>0</truncated>
		<difficult>0</difficult>
		<bndbox>
			<xmin>184.448</xmin>
			<ymin>623.36</ymin>
			<xmax>216.448</xmax>
			<ymax>655.36</ymax>
		</bndbox>
	</object>
	<object>
		<name>b8</name>
		<pose>Unspecified</pose>
		<truncated>0</truncated>
		<difficult>0</difficult>
		<bndbox>
			<xmin>490.304</xmin>
			<ymin>56.576</ymin>
			<xmax>522.304</xmax>
			<ymax>88.576</ymax>
		</bndbox>
	</object>
	<object>
		<name>b7</name>
		<pose>Unspecified</pose>
		<truncated>0</truncated>
		<difficult>0</difficult>
		<bndbox>
			<xmin>410.816</xmin>
			<ymin>272.576</ymin>
			<xmax>442.816</xmax>
			<ymax>304.576</ymax>
		</bndbox>
	</object>
	<object>
		<name>b6</name>
		<pose>Unspecified</pose>
		<truncated>0</truncated>
		<difficult>0</difficult>
		<bndbox>
			<xmin>454.016</xmin>
			<ymin>122.24</ymin>
			<xmax>486.016</xmax>
			<ymax>154.24</ymax>
		</bndbox>
	</object>
	<object>
		<name>b6</name>
		<pose>Unspecified</pose>
		<truncated>0</truncated>
		<difficult>0</difficult>
		<bndbox>
			<xmin>456.781</xmin>
			<ymin>110.49</ymin>
			<xmax>488.781</xmax>
			<ymax>142.49</ymax>
		</bndbox>
	</object>
	<object>
		<name>b5</name>
		<pose>Unspecified</pose>
		<truncated>0</truncated>
		<difficult>0</difficult>
		<bndbox>
			<xmin>290.063</xmin>
			<ymin>658.335</ymin>
			<xmax>322.063</xmax>
			<ymax>690.335</ymax>
		</bndbox>
	</object>
	<object>
		<name>b7</name>
		<pose>Unspecified</pose>
		<truncated>0</truncated>
		<difficult>0</difficult>
		<bndbox>
			<xmin>454.293</xmin>
			<ymin>130.811</ymin>
			<xmax>486.293</xmax>
			<ymax>162.811</ymax>
		</bndbox>
	</object>
	<object>
		<name>b6</name>
		<pose>Unspecified</pose>
		<truncated>0</truncated>
		<difficult>0</difficult>
		<bndbox>
			<xmin>444.339</xmin>
			<ymin>125.834</ymin>
			<xmax>476.339</xmax>
			<ymax>157.834</ymax>
		</bndbox>
	</object>
	<object>
		<name>b10</name>
		<pose>Unspecified</pose>
		<truncated>0</truncated>
		<difficult>0</difficult>
		<bndbox>
			<xmin>471.711</xmin>
			<ymin>73.5795</ymin>
			<xmax>503.711</xmax>
			<ymax>105.58</ymax>
		</bndbox>
	</object>
	<object>
		<name>b4</name>
		<pose>Unspecified</pose>
		<truncated>0</truncated>
		<difficult>0</difficult>
		<bndbox>
			<xmin>357.248</xmin>
			<ymin>330.374</ymin>
			<xmax>389.248</xmax>
			<ymax>362.374</ymax>
		</bndbox>
	</object>
	<object>
		<name>b5</name>
		<pose>Unspecified</pose>
		<truncated>0</truncated>
		<difficult>0</difficult>
		<bndbox>
			<xmin>458.772</xmin>
			<ymin>106.425</ymin>
			<xmax>490.772</xmax>
			<ymax>138.425</ymax>
		</bndbox>
	</object>
	<object>
		<name>b9</name>
		<pose>Unspecified</pose>
		<truncated>0</truncated>
		<difficult>0</difficult>
		<bndbox>
			<xmin>437.87</xmin>
			<ymin>94.4814</ymin>
			<xmax>469.87</xmax>
			<ymax>126.481</ymax>
		</bndbox>
	</object>
	<object>
		<name>b7</name>
		<pose>Unspecified</pose>
		<truncated>0</truncated>
		<difficult>0</difficult>
		<bndbox>
			<xmin>485.645</xmin>
			<ymin>566.267</ymin>
			<xmax>517.645</xmax>
			<ymax>598.267</ymax>
		</bndbox>
	</object>
	<object>
		<name>b9</name>
		<pose>Unspecified</pose>
		<truncated>0</truncated>
		<difficult>0</difficult>
		<bndbox>
			<xmin>378.15</xmin>
			<ymin>100.453</ymin>
			<xmax>410.15</xmax>
			<ymax>132.453</ymax>
		</bndbox>
	</object>
</annotation>
