<annotation>
	<folder>VOC2007</folder>
	<filename>000120.jpg</filename>
	<source>
		<database>My Database</database>
		<annotation>VOC2007</annotation>
		<image>flickr</image>
		<flickrid>NULL</flickrid>
	</source>
	<owner>
		<flickrid>NULL</flickrid>
		<name>shaochunyan</name>
	</owner>
	<size>
		<width>720</width>
		<height>1280</height>
		<depth>3</depth>
	</size>
	<segmented>0</segmented>
	<object>
		<name>g1</name>
		<pose>Unspecified</pose>
		<truncated>0</truncated>
		<difficult>0</difficult>
		<bndbox>
			<xmin>320</xmin>
			<ymin>465.2</ymin>
			<xmax>352</xmax>
			<ymax>497.2</ymax>
		</bndbox>
	</object>
	<object>
		<name>b4</name>
		<pose>Unspecified</pose>
		<truncated>0</truncated>
		<difficult>0</difficult>
		<bndbox>
			<xmin>452</xmin>
			<ymin>324.8</ymin>
			<xmax>484</xmax>
			<ymax>356.8</ymax>
		</bndbox>
	</object>
	<object>
		<name>g10</name>
		<pose>Unspecified</pose>
		<truncated>0</truncated>
		<difficult>0</difficult>
		<bndbox>
			<xmin>68.96</xmin>
			<ymin>204.32</ymin>
			<xmax>100.96</xmax>
			<ymax>236.32</ymax>
		</bndbox>
	</object>
	<object>
		<name>g10</name>
		<pose>Unspecified</pose>
		<truncated>0</truncated>
		<difficult>0</difficult>
		<bndbox>
			<xmin>371.072</xmin>
			<ymin>400.448</ymin>
			<xmax>403.072</xmax>
			<ymax>432.448</ymax>
		</bndbox>
	</object>
	<object>
		<name>g10</name>
		<pose>Unspecified</pose>
		<truncated>0</truncated>
		<difficult>0</difficult>
		<bndbox>
			<xmin>60.7232</xmin>
			<ymin>170.624</ymin>
			<xmax>92.7232</xmax>
			<ymax>202.624</ymax>
		</bndbox>
	</object>
	<object>
		<name>b2</name>
		<pose>Unspecified</pose>
		<truncated>0</truncated>
		<difficult>0</difficult>
		<bndbox>
			<xmin>528.942</xmin>
			<ymin>640.917</ymin>
			<xmax>560.942</xmax>
			<ymax>672.917</ymax>
		</bndbox>
	</object>
	<object>
		<name>g4</name>
		<pose>Unspecified</pose>
		<truncated>0</truncated>
		<difficult>0</difficult>
		<bndbox>
			<xmin>481.664</xmin>
			<ymin>623.498</ymin>
			<xmax>513.664</xmax>
			<ymax>655.498</ymax>
		</bndbox>
	</object>
	<object>
		<name>g4</name>
		<pose>Unspecified</pose>
		<truncated>0</truncated>
		<difficult>0</difficult>
		<bndbox>
			<xmin>464.246</xmin>
			<ymin>630.963</ymin>
			<xmax>496.246</xmax>
			<ymax>662.963</ymax>
		</bndbox>
	</object>
	<object>
		<name>g6</name>
		<pose>Unspecified</pose>
		<truncated>0</truncated>
		<difficult>0</difficult>
		<bndbox>
			<xmin>474.199</xmin>
			<ymin>638.428</ymin>
			<xmax>506.199</xmax>
			<ymax>670.428</ymax>
		</bndbox>
	</object>
	<object>
		<name>g10</name>
		<pose>Unspecified</pose>
		<truncated>0</truncated>
		<difficult>0</difficult>
		<bndbox>
			<xmin>292.154</xmin>
			<ymin>467.73</ymin>
			<xmax>324.154</xmax>
			<ymax>499.73</ymax>
		</bndbox>
	</object>
	<object>
		<name>b2</name>
		<pose>Unspecified</pose>
		<truncated>0</truncated>
		<difficult>0</difficult>
		<bndbox>
			<xmin>528.644</xmin>
			<ymin>639.722</ymin>
			<xmax>560.644</xmax>
			<ymax>671.722</ymax>
		</bndbox>
	</object>
	<object>
		<name>g1</name>
		<pose>Unspecified</pose>
		<truncated>0</truncated>
		<difficult>0</difficult>
		<bndbox>
			<xmin>320</xmin>
			<ymin>465.2</ymin>
			<xmax>352</xmax>
			<ymax>497.2</ymax>
		</bndbox>
	</object>
	<object>
		<name>b4</name>
		<pose>Unspecified</pose>
		<truncated>0</truncated>
		<difficult>0</difficult>
		<bndbox>
			<xmin>452</xmin>
			<ymin>324.8</ymin>
			<xmax>484</xmax>
			<ymax>356.8</ymax>
		</bndbox>
	</object>
	<object>
		<name>g10</name>
		<pose>Unspecified</pose>
		<truncated>0</truncated>
		<difficult>0</difficult>
		<bndbox>
			<xmin>68.96</xmin>
			<ymin>204.32</ymin>
			<xmax>100.96</xmax>
			<ymax>236.32</ymax>
		</bndbox>
	</object>
	<object>
		<name>g10</name>
		<pose>Unspecified</pose>
		<truncated>0</truncated>
		<difficult>0</difficult>
		<bndbox>
			<xmin>371.072</xmin>
			<ymin>400.448</ymin>
			<xmax>403.072</xmax>
			<ymax>432.448</ymax>
		</bndbox>
	</object>
	<object>
		<name>g10</name>
		<pose>Unspecified</pose>
		<truncated>0</truncated>
		<difficult>0</difficult>
		<bndbox>
			<xmin>60.7232</xmin>
			<ymin>170.624</ymin>
			<xmax>92.7232</xmax>
			<ymax>202.624</ymax>
		</bndbox>
	</object>
	<object>
		<name>b2</name>
		<pose>Unspecified</pose>
		<truncated>0</truncated>
		<difficult>0</difficult>
		<bndbox>
			<xmin>528.942</xmin>
			<ymin>640.917</ymin>
			<xmax>560.942</xmax>
			<ymax>672.917</ymax>
		</bndbox>
	</object>
	<object>
		<name>g4</name>
		<pose>Unspecified</pose>
		<truncated>0</truncated>
		<difficult>0</difficult>
		<bndbox>
			<xmin>481.664</xmin>
			<ymin>623.498</ymin>
			<xmax>513.664</xmax>
			<ymax>655.498</ymax>
		</bndbox>
	</object>
	<object>
		<name>g4</name>
		<pose>Unspecified</pose>
		<truncated>0</truncated>
		<difficult>0</difficult>
		<bndbox>
			<xmin>464.246</xmin>
			<ymin>630.963</ymin>
			<xmax>496.246</xmax>
			<ymax>662.963</ymax>
		</bndbox>
	</object>
	<object>
		<name>g6</name>
		<pose>Unspecified</pose>
		<truncated>0</truncated>
		<difficult>0</difficult>
		<bndbox>
			<xmin>474.199</xmin>
			<ymin>638.428</ymin>
			<xmax>506.199</xmax>
			<ymax>670.428</ymax>
		</bndbox>
	</object>
	<object>
		<name>g10</name>
		<pose>Unspecified</pose>
		<truncated>0</truncated>
		<difficult>0</difficult>
		<bndbox>
			<xmin>292.154</xmin>
			<ymin>467.73</ymin>
			<xmax>324.154</xmax>
			<ymax>499.73</ymax>
		</bndbox>
	</object>
	<object>
		<name>b2</name>
		<pose>Unspecified</pose>
		<truncated>0</truncated>
		<difficult>0</difficult>
		<bndbox>
			<xmin>528.644</xmin>
			<ymin>639.722</ymin>
			<xmax>560.644</xmax>
			<ymax>671.722</ymax>
		</bndbox>
	</object>
	<object>
		<name>g1</name>
		<pose>Unspecified</pose>
		<truncated>0</truncated>
		<difficult>0</difficult>
		<bndbox>
			<xmin>320</xmin>
			<ymin>465.2</ymin>
			<xmax>352</xmax>
			<ymax>497.2</ymax>
		</bndbox>
	</object>
	<object>
		<name>b4</name>
		<pose>Unspecified</pose>
		<truncated>0</truncated>
		<difficult>0</difficult>
		<bndbox>
			<xmin>452</xmin>
			<ymin>324.8</ymin>
			<xmax>484</xmax>
			<ymax>356.8</ymax>
		</bndbox>
	</object>
	<object>
		<name>g10</name>
		<pose>Unspecified</pose>
		<truncated>0</truncated>
		<difficult>0</difficult>
		<bndbox>
			<xmin>68.96</xmin>
			<ymin>204.32</ymin>
			<xmax>100.96</xmax>
			<ymax>236.32</ymax>
		</bndbox>
	</object>
	<object>
		<name>g10</name>
		<pose>Unspecified</pose>
		<truncated>0</truncated>
		<difficult>0</difficult>
		<bndbox>
			<xmin>371.072</xmin>
			<ymin>400.448</ymin>
			<xmax>403.072</xmax>
			<ymax>432.448</ymax>
		</bndbox>
	</object>
	<object>
		<name>g10</name>
		<pose>Unspecified</pose>
		<truncated>0</truncated>
		<difficult>0</difficult>
		<bndbox>
			<xmin>60.7232</xmin>
			<ymin>170.624</ymin>
			<xmax>92.7232</xmax>
			<ymax>202.624</ymax>
		</bndbox>
	</object>
	<object>
		<name>b2</name>
		<pose>Unspecified</pose>
		<truncated>0</truncated>
		<difficult>0</difficult>
		<bndbox>
			<xmin>528.942</xmin>
			<ymin>640.917</ymin>
			<xmax>560.942</xmax>
			<ymax>672.917</ymax>
		</bndbox>
	</object>
	<object>
		<name>g4</name>
		<pose>Unspecified</pose>
		<truncated>0</truncated>
		<difficult>0</difficult>
		<bndbox>
			<xmin>481.664</xmin>
			<ymin>623.498</ymin>
			<xmax>513.664</xmax>
			<ymax>655.498</ymax>
		</bndbox>
	</object>
	<object>
		<name>g4</name>
		<pose>Unspecified</pose>
		<truncated>0</truncated>
		<difficult>0</difficult>
		<bndbox>
			<xmin>464.246</xmin>
			<ymin>630.963</ymin>
			<xmax>496.246</xmax>
			<ymax>662.963</ymax>
		</bndbox>
	</object>
	<object>
		<name>g6</name>
		<pose>Unspecified</pose>
		<truncated>0</truncated>
		<difficult>0</difficult>
		<bndbox>
			<xmin>474.199</xmin>
			<ymin>638.428</ymin>
			<xmax>506.199</xmax>
			<ymax>670.428</ymax>
		</bndbox>
	</object>
	<object>
		<name>g10</name>
		<pose>Unspecified</pose>
		<truncated>0</truncated>
		<difficult>0</difficult>
		<bndbox>
			<xmin>292.154</xmin>
			<ymin>467.73</ymin>
			<xmax>324.154</xmax>
			<ymax>499.73</ymax>
		</bndbox>
	</object>
	<object>
		<name>b2</name>
		<pose>Unspecified</pose>
		<truncated>0</truncated>
		<difficult>0</difficult>
		<bndbox>
			<xmin>528.644</xmin>
			<ymin>639.722</ymin>
			<xmax>560.644</xmax>
			<ymax>671.722</ymax>
		</bndbox>
	</object>
</annotation>
