<annotation>
	<folder>VOC2007</folder>
	<filename>000191.jpg</filename>
	<source>
		<database>My Database</database>
		<annotation>VOC2007</annotation>
		<image>flickr</image>
		<flickrid>NULL</flickrid>
	</source>
	<owner>
		<flickrid>NULL</flickrid>
		<name>shaochunyan</name>
	</owner>
	<size>
		<width>720</width>
		<height>1280</height>
		<depth>3</depth>
	</size>
	<segmented>0</segmented>
	<object>
		<name>b5</name>
		<pose>Unspecified</pose>
		<truncated>0</truncated>
		<difficult>0</difficult>
		<bndbox>
			<xmin>384</xmin>
			<ymin>121</ymin>
			<xmax>416</xmax>
			<ymax>153</ymax>
		</bndbox>
	</object>
	<object>
		<name>b5</name>
		<pose>Unspecified</pose>
		<truncated>0</truncated>
		<difficult>0</difficult>
		<bndbox>
			<xmin>195.68</xmin>
			<ymin>145.28</ymin>
			<xmax>227.68</xmax>
			<ymax>177.28</ymax>
		</bndbox>
	</object>
	<object>
		<name>b5</name>
		<pose>Unspecified</pose>
		<truncated>0</truncated>
		<difficult>0</difficult>
		<bndbox>
			<xmin>56.576</xmin>
			<ymin>222.464</ymin>
			<xmax>88.576</xmax>
			<ymax>254.464</ymax>
		</bndbox>
	</object>
	<object>
		<name>b4</name>
		<pose>Unspecified</pose>
		<truncated>0</truncated>
		<difficult>0</difficult>
		<bndbox>
			<xmin>58.304</xmin>
			<ymin>232.832</ymin>
			<xmax>90.304</xmax>
			<ymax>264.832</ymax>
		</bndbox>
	</object>
	<object>
		<name>b9</name>
		<pose>Unspecified</pose>
		<truncated>0</truncated>
		<difficult>0</difficult>
		<bndbox>
			<xmin>104.269</xmin>
			<ymin>106.342</ymin>
			<xmax>136.269</xmax>
			<ymax>138.342</ymax>
		</bndbox>
	</object>
	<object>
		<name>b6</name>
		<pose>Unspecified</pose>
		<truncated>0</truncated>
		<difficult>0</difficult>
		<bndbox>
			<xmin>197.581</xmin>
			<ymin>147.814</ymin>
			<xmax>229.581</xmax>
			<ymax>179.814</ymax>
		</bndbox>
	</object>
	<object>
		<name>g1</name>
		<pose>Unspecified</pose>
		<truncated>0</truncated>
		<difficult>0</difficult>
		<bndbox>
			<xmin>374.666</xmin>
			<ymin>197.996</ymin>
			<xmax>406.666</xmax>
			<ymax>229.996</ymax>
		</bndbox>
	</object>
	<object>
		<name>b5</name>
		<pose>Unspecified</pose>
		<truncated>0</truncated>
		<difficult>0</difficult>
		<bndbox>
			<xmin>222.879</xmin>
			<ymin>73.5795</ymin>
			<xmax>254.879</xmax>
			<ymax>105.58</ymax>
		</bndbox>
	</object>
	<object>
		<name>b8</name>
		<pose>Unspecified</pose>
		<truncated>0</truncated>
		<difficult>0</difficult>
		<bndbox>
			<xmin>342.318</xmin>
			<ymin>234.823</ymin>
			<xmax>374.318</xmax>
			<ymax>266.823</ymax>
		</bndbox>
	</object>
	<object>
		<name>b5</name>
		<pose>Unspecified</pose>
		<truncated>0</truncated>
		<difficult>0</difficult>
		<bndbox>
			<xmin>157.187</xmin>
			<ymin>252.739</ymin>
			<xmax>189.187</xmax>
			<ymax>284.739</ymax>
		</bndbox>
	</object>
	<object>
		<name>g1</name>
		<pose>Unspecified</pose>
		<truncated>0</truncated>
		<difficult>0</difficult>
		<bndbox>
			<xmin>375.164</xmin>
			<ymin>196.005</ymin>
			<xmax>407.164</xmax>
			<ymax>228.005</ymax>
		</bndbox>
	</object>
	<object>
		<name>b8</name>
		<pose>Unspecified</pose>
		<truncated>0</truncated>
		<difficult>0</difficult>
		<bndbox>
			<xmin>98.6618</xmin>
			<ymin>263.488</ymin>
			<xmax>130.662</xmax>
			<ymax>295.488</ymax>
		</bndbox>
	</object>
	<object>
		<name>b8</name>
		<pose>Unspecified</pose>
		<truncated>0</truncated>
		<difficult>0</difficult>
		<bndbox>
			<xmin>70</xmin>
			<ymin>157</ymin>
			<xmax>102</xmax>
			<ymax>189</ymax>
		</bndbox>
	</object>
	<object>
		<name>b2</name>
		<pose>Unspecified</pose>
		<truncated>0</truncated>
		<difficult>0</difficult>
		<bndbox>
			<xmin>90.8</xmin>
			<ymin>184.4</ymin>
			<xmax>122.8</xmax>
			<ymax>216.4</ymax>
		</bndbox>
	</object>
	<object>
		<name>b7</name>
		<pose>Unspecified</pose>
		<truncated>0</truncated>
		<difficult>0</difficult>
		<bndbox>
			<xmin>306.8</xmin>
			<ymin>270.8</ymin>
			<xmax>338.8</xmax>
			<ymax>302.8</ymax>
		</bndbox>
	</object>
	<object>
		<name>b5</name>
		<pose>Unspecified</pose>
		<truncated>0</truncated>
		<difficult>0</difficult>
		<bndbox>
			<xmin>90.8</xmin>
			<ymin>280.4</ymin>
			<xmax>122.8</xmax>
			<ymax>312.4</ymax>
		</bndbox>
	</object>
	<object>
		<name>b7</name>
		<pose>Unspecified</pose>
		<truncated>0</truncated>
		<difficult>0</difficult>
		<bndbox>
			<xmin>58.88</xmin>
			<ymin>233.12</ymin>
			<xmax>90.88</xmax>
			<ymax>265.12</ymax>
		</bndbox>
	</object>
	<object>
		<name>b9</name>
		<pose>Unspecified</pose>
		<truncated>0</truncated>
		<difficult>0</difficult>
		<bndbox>
			<xmin>104.96</xmin>
			<ymin>115.04</ymin>
			<xmax>136.96</xmax>
			<ymax>147.04</ymax>
		</bndbox>
	</object>
	<object>
		<name>b4</name>
		<pose>Unspecified</pose>
		<truncated>0</truncated>
		<difficult>0</difficult>
		<bndbox>
			<xmin>79.04</xmin>
			<ymin>196.544</ymin>
			<xmax>111.04</xmax>
			<ymax>228.544</ymax>
		</bndbox>
	</object>
	<object>
		<name>b8</name>
		<pose>Unspecified</pose>
		<truncated>0</truncated>
		<difficult>0</difficult>
		<bndbox>
			<xmin>142.976</xmin>
			<ymin>161.984</ymin>
			<xmax>174.976</xmax>
			<ymax>193.984</ymax>
		</bndbox>
	</object>
	<object>
		<name>b5</name>
		<pose>Unspecified</pose>
		<truncated>0</truncated>
		<difficult>0</difficult>
		<bndbox>
			<xmin>63.6263</xmin>
			<ymin>197.996</ymin>
			<xmax>95.6263</xmax>
			<ymax>229.996</ymax>
		</bndbox>
	</object>
	<object>
		<name>g10</name>
		<pose>Unspecified</pose>
		<truncated>0</truncated>
		<difficult>0</difficult>
		<bndbox>
			<xmin>262.692</xmin>
			<ymin>543.872</ymin>
			<xmax>294.692</xmax>
			<ymax>575.872</ymax>
		</bndbox>
	</object>
	<object>
		<name>b8</name>
		<pose>Unspecified</pose>
		<truncated>0</truncated>
		<difficult>0</difficult>
		<bndbox>
			<xmin>145.243</xmin>
			<ymin>76.5655</ymin>
			<xmax>177.243</xmax>
			<ymax>108.566</ymax>
		</bndbox>
	</object>
	<object>
		<name>b6</name>
		<pose>Unspecified</pose>
		<truncated>0</truncated>
		<difficult>0</difficult>
		<bndbox>
			<xmin>118.369</xmin>
			<ymin>166.145</ymin>
			<xmax>150.369</xmax>
			<ymax>198.145</ymax>
		</bndbox>
	</object>
	<object>
		<name>g10</name>
		<pose>Unspecified</pose>
		<truncated>0</truncated>
		<difficult>0</difficult>
		<bndbox>
			<xmin>261.697</xmin>
			<ymin>545.365</ymin>
			<xmax>293.697</xmax>
			<ymax>577.365</ymax>
		</bndbox>
	</object>
	<object>
		<name>b4</name>
		<pose>Unspecified</pose>
		<truncated>0</truncated>
		<difficult>0</difficult>
		<bndbox>
			<xmin>178.089</xmin>
			<ymin>694.664</ymin>
			<xmax>210.089</xmax>
			<ymax>726.664</ymax>
		</bndbox>
	</object>
	<object>
		<name>b9</name>
		<pose>Unspecified</pose>
		<truncated>0</truncated>
		<difficult>0</difficult>
		<bndbox>
			<xmin>163.159</xmin>
			<ymin>148.826</ymin>
			<xmax>195.159</xmax>
			<ymax>180.826</ymax>
		</bndbox>
	</object>
	<object>
		<name>b8</name>
		<pose>Unspecified</pose>
		<truncated>0</truncated>
		<difficult>0</difficult>
		<bndbox>
			<xmin>286</xmin>
			<ymin>301</ymin>
			<xmax>318</xmax>
			<ymax>333</ymax>
		</bndbox>
	</object>
	<object>
		<name>g4</name>
		<pose>Unspecified</pose>
		<truncated>0</truncated>
		<difficult>0</difficult>
		<bndbox>
			<xmin>450</xmin>
			<ymin>102</ymin>
			<xmax>482</xmax>
			<ymax>134</ymax>
		</bndbox>
	</object>
	<object>
		<name>g1</name>
		<pose>Unspecified</pose>
		<truncated>0</truncated>
		<difficult>0</difficult>
		<bndbox>
			<xmin>233.6</xmin>
			<ymin>114.8</ymin>
			<xmax>265.6</xmax>
			<ymax>146.8</ymax>
		</bndbox>
	</object>
	<object>
		<name>g4</name>
		<pose>Unspecified</pose>
		<truncated>0</truncated>
		<difficult>0</difficult>
		<bndbox>
			<xmin>449.12</xmin>
			<ymin>102.08</ymin>
			<xmax>481.12</xmax>
			<ymax>134.08</ymax>
		</bndbox>
	</object>
	<object>
		<name>g6</name>
		<pose>Unspecified</pose>
		<truncated>0</truncated>
		<difficult>0</difficult>
		<bndbox>
			<xmin>220.16</xmin>
			<ymin>116.48</ymin>
			<xmax>252.16</xmax>
			<ymax>148.48</ymax>
		</bndbox>
	</object>
	<object>
		<name>g1</name>
		<pose>Unspecified</pose>
		<truncated>0</truncated>
		<difficult>0</difficult>
		<bndbox>
			<xmin>233.12</xmin>
			<ymin>115.04</ymin>
			<xmax>265.12</xmax>
			<ymax>147.04</ymax>
		</bndbox>
	</object>
	<object>
		<name>g10</name>
		<pose>Unspecified</pose>
		<truncated>0</truncated>
		<difficult>0</difficult>
		<bndbox>
			<xmin>129.152</xmin>
			<ymin>46.208</ymin>
			<xmax>161.152</xmax>
			<ymax>78.208</ymax>
		</bndbox>
	</object>
	<object>
		<name>b5</name>
		<pose>Unspecified</pose>
		<truncated>0</truncated>
		<difficult>0</difficult>
		<bndbox>
			<xmin>66.944</xmin>
			<ymin>160.256</ymin>
			<xmax>98.944</xmax>
			<ymax>192.256</ymax>
		</bndbox>
	</object>
	<object>
		<name>b8</name>
		<pose>Unspecified</pose>
		<truncated>0</truncated>
		<difficult>0</difficult>
		<bndbox>
			<xmin>164.403</xmin>
			<ymin>147.814</ymin>
			<xmax>196.403</xmax>
			<ymax>179.814</ymax>
		</bndbox>
	</object>
	<object>
		<name>b8</name>
		<pose>Unspecified</pose>
		<truncated>0</truncated>
		<difficult>0</difficult>
		<bndbox>
			<xmin>145.741</xmin>
			<ymin>78.5562</ymin>
			<xmax>177.741</xmax>
			<ymax>110.556</ymax>
		</bndbox>
	</object>
	<object>
		<name>g1</name>
		<pose>Unspecified</pose>
		<truncated>0</truncated>
		<difficult>0</difficult>
		<bndbox>
			<xmin>193.019</xmin>
			<ymin>98.4627</ymin>
			<xmax>225.019</xmax>
			<ymax>130.463</ymax>
		</bndbox>
	</object>
	<object>
		<name>g1</name>
		<pose>Unspecified</pose>
		<truncated>0</truncated>
		<difficult>0</difficult>
		<bndbox>
			<xmin>83.5328</xmin>
			<ymin>66.1146</ymin>
			<xmax>115.533</xmax>
			<ymax>98.1146</ymax>
		</bndbox>
	</object>
	<object>
		<name>b5</name>
		<pose>Unspecified</pose>
		<truncated>0</truncated>
		<difficult>0</difficult>
		<bndbox>
			<xmin>66.1146</xmin>
			<ymin>160.671</ymin>
			<xmax>98.1146</xmax>
			<ymax>192.671</ymax>
		</bndbox>
	</object>
	<object>
		<name>b9</name>
		<pose>Unspecified</pose>
		<truncated>0</truncated>
		<difficult>0</difficult>
		<bndbox>
			<xmin>103.439</xmin>
			<ymin>109.411</ymin>
			<xmax>135.439</xmax>
			<ymax>141.411</ymax>
		</bndbox>
	</object>
	<object>
		<name>g10</name>
		<pose>Unspecified</pose>
		<truncated>0</truncated>
		<difficult>0</difficult>
		<bndbox>
			<xmin>259.905</xmin>
			<ymin>184.658</ymin>
			<xmax>291.905</xmax>
			<ymax>216.658</ymax>
		</bndbox>
	</object>
</annotation>
