<annotation>
	<folder>VOC2007</folder>
	<filename>000175.jpg</filename>
	<source>
		<database>My Database</database>
		<annotation>VOC2007</annotation>
		<image>flickr</image>
		<flickrid>NULL</flickrid>
	</source>
	<owner>
		<flickrid>NULL</flickrid>
		<name>shaochunyan</name>
	</owner>
	<size>
		<width>720</width>
		<height>1280</height>
		<depth>3</depth>
	</size>
	<segmented>0</segmented>
	<object>
		<name>b8</name>
		<pose>Unspecified</pose>
		<truncated>0</truncated>
		<difficult>0</difficult>
		<bndbox>
			<xmin>108.8</xmin>
			<ymin>316.4</ymin>
			<xmax>140.8</xmax>
			<ymax>348.4</ymax>
		</bndbox>
	</object>
	<object>
		<name>b8</name>
		<pose>Unspecified</pose>
		<truncated>0</truncated>
		<difficult>0</difficult>
		<bndbox>
			<xmin>624.8</xmin>
			<ymin>310.4</ymin>
			<xmax>656.8</xmax>
			<ymax>342.4</ymax>
		</bndbox>
	</object>
	<object>
		<name>b7</name>
		<pose>Unspecified</pose>
		<truncated>0</truncated>
		<difficult>0</difficult>
		<bndbox>
			<xmin>664.4</xmin>
			<ymin>510.8</ymin>
			<xmax>696.4</xmax>
			<ymax>542.8</ymax>
		</bndbox>
	</object>
	<object>
		<name>b6</name>
		<pose>Unspecified</pose>
		<truncated>0</truncated>
		<difficult>0</difficult>
		<bndbox>
			<xmin>633.44</xmin>
			<ymin>502.4</ymin>
			<xmax>665.44</xmax>
			<ymax>534.4</ymax>
		</bndbox>
	</object>
	<object>
		<name>b4</name>
		<pose>Unspecified</pose>
		<truncated>0</truncated>
		<difficult>0</difficult>
		<bndbox>
			<xmin>630.272</xmin>
			<ymin>511.04</ymin>
			<xmax>662.272</xmax>
			<ymax>543.04</ymax>
		</bndbox>
	</object>
	<object>
		<name>b9</name>
		<pose>Unspecified</pose>
		<truncated>0</truncated>
		<difficult>0</difficult>
		<bndbox>
			<xmin>581.888</xmin>
			<ymin>528.32</ymin>
			<xmax>613.888</xmax>
			<ymax>560.32</ymax>
		</bndbox>
	</object>
	<object>
		<name>b6</name>
		<pose>Unspecified</pose>
		<truncated>0</truncated>
		<difficult>0</difficult>
		<bndbox>
			<xmin>633.037</xmin>
			<ymin>500.326</ymin>
			<xmax>665.037</xmax>
			<ymax>532.326</ymax>
		</bndbox>
	</object>
	<object>
		<name>b8</name>
		<pose>Unspecified</pose>
		<truncated>0</truncated>
		<difficult>0</difficult>
		<bndbox>
			<xmin>454.293</xmin>
			<ymin>145.741</ymin>
			<xmax>486.293</xmax>
			<ymax>177.741</ymax>
		</bndbox>
	</object>
	<object>
		<name>b8</name>
		<pose>Unspecified</pose>
		<truncated>0</truncated>
		<difficult>0</difficult>
		<bndbox>
			<xmin>83.5328</xmin>
			<ymin>105.928</ymin>
			<xmax>115.533</xmax>
			<ymax>137.928</ymax>
		</bndbox>
	</object>
	<object>
		<name>b9</name>
		<pose>Unspecified</pose>
		<truncated>0</truncated>
		<difficult>0</difficult>
		<bndbox>
			<xmin>616.033</xmin>
			<ymin>387.108</ymin>
			<xmax>648.033</xmax>
			<ymax>419.108</ymax>
		</bndbox>
	</object>
	<object>
		<name>b8</name>
		<pose>Unspecified</pose>
		<truncated>0</truncated>
		<difficult>0</difficult>
		<bndbox>
			<xmin>449.814</xmin>
			<ymin>133.299</ymin>
			<xmax>481.814</xmax>
			<ymax>165.299</ymax>
		</bndbox>
	</object>
	<object>
		<name>b5</name>
		<pose>Unspecified</pose>
		<truncated>0</truncated>
		<difficult>0</difficult>
		<bndbox>
			<xmin>106.425</xmin>
			<ymin>521.477</ymin>
			<xmax>138.425</xmax>
			<ymax>553.477</ymax>
		</bndbox>
	</object>
	<object>
		<name>b4</name>
		<pose>Unspecified</pose>
		<truncated>0</truncated>
		<difficult>0</difficult>
		<bndbox>
			<xmin>331.569</xmin>
			<ymin>618.223</ymin>
			<xmax>363.569</xmax>
			<ymax>650.223</ymax>
		</bndbox>
	</object>
	<object>
		<name>b2</name>
		<pose>Unspecified</pose>
		<truncated>0</truncated>
		<difficult>0</difficult>
		<bndbox>
			<xmin>325</xmin>
			<ymin>83</ymin>
			<xmax>357</xmax>
			<ymax>115</ymax>
		</bndbox>
	</object>
	<object>
		<name>b8</name>
		<pose>Unspecified</pose>
		<truncated>0</truncated>
		<difficult>0</difficult>
		<bndbox>
			<xmin>232.4</xmin>
			<ymin>142.4</ymin>
			<xmax>264.4</xmax>
			<ymax>174.4</ymax>
		</bndbox>
	</object>
	<object>
		<name>b9</name>
		<pose>Unspecified</pose>
		<truncated>0</truncated>
		<difficult>0</difficult>
		<bndbox>
			<xmin>627.2</xmin>
			<ymin>388.4</ymin>
			<xmax>659.2</xmax>
			<ymax>420.4</ymax>
		</bndbox>
	</object>
	<object>
		<name>b2</name>
		<pose>Unspecified</pose>
		<truncated>0</truncated>
		<difficult>0</difficult>
		<bndbox>
			<xmin>324.8</xmin>
			<ymin>83.6</ymin>
			<xmax>356.8</xmax>
			<ymax>115.6</ymax>
		</bndbox>
	</object>
	<object>
		<name>b4</name>
		<pose>Unspecified</pose>
		<truncated>0</truncated>
		<difficult>0</difficult>
		<bndbox>
			<xmin>346.4</xmin>
			<ymin>87.2</ymin>
			<xmax>378.4</xmax>
			<ymax>119.2</ymax>
		</bndbox>
	</object>
	<object>
		<name>g10</name>
		<pose>Unspecified</pose>
		<truncated>0</truncated>
		<difficult>0</difficult>
		<bndbox>
			<xmin>338.24</xmin>
			<ymin>110.72</ymin>
			<xmax>370.24</xmax>
			<ymax>142.72</ymax>
		</bndbox>
	</object>
	<object>
		<name>b8</name>
		<pose>Unspecified</pose>
		<truncated>0</truncated>
		<difficult>0</difficult>
		<bndbox>
			<xmin>541.28</xmin>
			<ymin>368.48</ymin>
			<xmax>573.28</xmax>
			<ymax>400.48</ymax>
		</bndbox>
	</object>
	<object>
		<name>b8</name>
		<pose>Unspecified</pose>
		<truncated>0</truncated>
		<difficult>0</difficult>
		<bndbox>
			<xmin>587.36</xmin>
			<ymin>511.04</ymin>
			<xmax>619.36</xmax>
			<ymax>543.04</ymax>
		</bndbox>
	</object>
	<object>
		<name>b2</name>
		<pose>Unspecified</pose>
		<truncated>0</truncated>
		<difficult>0</difficult>
		<bndbox>
			<xmin>323.84</xmin>
			<ymin>83.36</ymin>
			<xmax>355.84</xmax>
			<ymax>115.36</ymax>
		</bndbox>
	</object>
	<object>
		<name>b8</name>
		<pose>Unspecified</pose>
		<truncated>0</truncated>
		<difficult>0</difficult>
		<bndbox>
			<xmin>232.832</xmin>
			<ymin>151.616</ymin>
			<xmax>264.832</xmax>
			<ymax>183.616</ymax>
		</bndbox>
	</object>
	<object>
		<name>b2</name>
		<pose>Unspecified</pose>
		<truncated>0</truncated>
		<difficult>0</difficult>
		<bndbox>
			<xmin>324.416</xmin>
			<ymin>84.224</ymin>
			<xmax>356.416</xmax>
			<ymax>116.224</ymax>
		</bndbox>
	</object>
	<object>
		<name>b9</name>
		<pose>Unspecified</pose>
		<truncated>0</truncated>
		<difficult>0</difficult>
		<bndbox>
			<xmin>405.632</xmin>
			<ymin>66.944</ymin>
			<xmax>437.632</xmax>
			<ymax>98.944</ymax>
		</bndbox>
	</object>
	<object>
		<name>b9</name>
		<pose>Unspecified</pose>
		<truncated>0</truncated>
		<difficult>0</difficult>
		<bndbox>
			<xmin>127.078</xmin>
			<ymin>286.746</ymin>
			<xmax>159.078</xmax>
			<ymax>318.746</ymax>
		</bndbox>
	</object>
	<object>
		<name>b5</name>
		<pose>Unspecified</pose>
		<truncated>0</truncated>
		<difficult>0</difficult>
		<bndbox>
			<xmin>105.928</xmin>
			<ymin>518.989</ymin>
			<xmax>137.928</xmax>
			<ymax>550.989</ymax>
		</bndbox>
	</object>
	<object>
		<name>b5</name>
		<pose>Unspecified</pose>
		<truncated>0</truncated>
		<difficult>0</difficult>
		<bndbox>
			<xmin>581.197</xmin>
			<ymin>581.197</ymin>
			<xmax>613.197</xmax>
			<ymax>613.197</ymax>
		</bndbox>
	</object>
	<object>
		<name>b8</name>
		<pose>Unspecified</pose>
		<truncated>0</truncated>
		<difficult>0</difficult>
		<bndbox>
			<xmin>397</xmin>
			<ymin>70</ymin>
			<xmax>429</xmax>
			<ymax>102</ymax>
		</bndbox>
	</object>
	<object>
		<name>b4</name>
		<pose>Unspecified</pose>
		<truncated>0</truncated>
		<difficult>0</difficult>
		<bndbox>
			<xmin>324.8</xmin>
			<ymin>83.6</ymin>
			<xmax>356.8</xmax>
			<ymax>115.6</ymax>
		</bndbox>
	</object>
	<object>
		<name>b9</name>
		<pose>Unspecified</pose>
		<truncated>0</truncated>
		<difficult>0</difficult>
		<bndbox>
			<xmin>633.44</xmin>
			<ymin>502.4</ymin>
			<xmax>665.44</xmax>
			<ymax>534.4</ymax>
		</bndbox>
	</object>
	<object>
		<name>b3</name>
		<pose>Unspecified</pose>
		<truncated>0</truncated>
		<difficult>0</difficult>
		<bndbox>
			<xmin>624.8</xmin>
			<ymin>313.76</ymin>
			<xmax>656.8</xmax>
			<ymax>345.76</ymax>
		</bndbox>
	</object>
	<object>
		<name>b9</name>
		<pose>Unspecified</pose>
		<truncated>0</truncated>
		<difficult>0</difficult>
		<bndbox>
			<xmin>650.72</xmin>
			<ymin>508.16</ymin>
			<xmax>682.72</xmax>
			<ymax>540.16</ymax>
		</bndbox>
	</object>
	<object>
		<name>b4</name>
		<pose>Unspecified</pose>
		<truncated>0</truncated>
		<difficult>0</difficult>
		<bndbox>
			<xmin>323.84</xmin>
			<ymin>83.36</ymin>
			<xmax>355.84</xmax>
			<ymax>115.36</ymax>
		</bndbox>
	</object>
	<object>
		<name>b6</name>
		<pose>Unspecified</pose>
		<truncated>0</truncated>
		<difficult>0</difficult>
		<bndbox>
			<xmin>344</xmin>
			<ymin>80.48</ymin>
			<xmax>376</xmax>
			<ymax>112.48</ymax>
		</bndbox>
	</object>
	<object>
		<name>b8</name>
		<pose>Unspecified</pose>
		<truncated>0</truncated>
		<difficult>0</difficult>
		<bndbox>
			<xmin>51.392</xmin>
			<ymin>187.904</ymin>
			<xmax>83.392</xmax>
			<ymax>219.904</ymax>
		</bndbox>
	</object>
	<object>
		<name>b4</name>
		<pose>Unspecified</pose>
		<truncated>0</truncated>
		<difficult>0</difficult>
		<bndbox>
			<xmin>324.416</xmin>
			<ymin>84.224</ymin>
			<xmax>356.416</xmax>
			<ymax>116.224</ymax>
		</bndbox>
	</object>
	<object>
		<name>b3</name>
		<pose>Unspecified</pose>
		<truncated>0</truncated>
		<difficult>0</difficult>
		<bndbox>
			<xmin>625.088</xmin>
			<ymin>312.32</ymin>
			<xmax>657.088</xmax>
			<ymax>344.32</ymax>
		</bndbox>
	</object>
	<object>
		<name>g10</name>
		<pose>Unspecified</pose>
		<truncated>0</truncated>
		<difficult>0</difficult>
		<bndbox>
			<xmin>498.944</xmin>
			<ymin>562.88</ymin>
			<xmax>530.944</xmax>
			<ymax>594.88</ymax>
		</bndbox>
	</object>
	<object>
		<name>g1</name>
		<pose>Unspecified</pose>
		<truncated>0</truncated>
		<difficult>0</difficult>
		<bndbox>
			<xmin>104.96</xmin>
			<ymin>348.608</ymin>
			<xmax>136.96</xmax>
			<ymax>380.608</ymax>
		</bndbox>
	</object>
	<object>
		<name>b8</name>
		<pose>Unspecified</pose>
		<truncated>0</truncated>
		<difficult>0</difficult>
		<bndbox>
			<xmin>543.872</xmin>
			<ymin>371.763</ymin>
			<xmax>575.872</xmax>
			<ymax>403.763</ymax>
		</bndbox>
	</object>
	<object>
		<name>b3</name>
		<pose>Unspecified</pose>
		<truncated>0</truncated>
		<difficult>0</difficult>
		<bndbox>
			<xmin>623.498</xmin>
			<ymin>312.458</ymin>
			<xmax>655.498</xmax>
			<ymax>344.458</ymax>
		</bndbox>
	</object>
	<object>
		<name>b8</name>
		<pose>Unspecified</pose>
		<truncated>0</truncated>
		<difficult>0</difficult>
		<bndbox>
			<xmin>83.5328</xmin>
			<ymin>105.928</ymin>
			<xmax>115.533</xmax>
			<ymax>137.928</ymax>
		</bndbox>
	</object>
	<object>
		<name>b9</name>
		<pose>Unspecified</pose>
		<truncated>0</truncated>
		<difficult>0</difficult>
		<bndbox>
			<xmin>453.397</xmin>
			<ymin>145.243</ymin>
			<xmax>485.397</xmax>
			<ymax>177.243</ymax>
		</bndbox>
	</object>
	<object>
		<name>b7</name>
		<pose>Unspecified</pose>
		<truncated>0</truncated>
		<difficult>0</difficult>
		<bndbox>
			<xmin>564.475</xmin>
			<ymin>478.479</ymin>
			<xmax>596.475</xmax>
			<ymax>510.479</ymax>
		</bndbox>
	</object>
</annotation>
