<annotation>
	<folder>VOC2007</folder>
	<filename>000113.jpg</filename>
	<source>
		<database>My Database</database>
		<annotation>VOC2007</annotation>
		<image>flickr</image>
		<flickrid>NULL</flickrid>
	</source>
	<owner>
		<flickrid>NULL</flickrid>
		<name>shaochunyan</name>
	</owner>
	<size>
		<width>720</width>
		<height>1280</height>
		<depth>3</depth>
	</size>
	<segmented>0</segmented>
	<object>
		<name>g1</name>
		<pose>Unspecified</pose>
		<truncated>0</truncated>
		<difficult>0</difficult>
		<bndbox>
			<xmin>533.6</xmin>
			<ymin>449.6</ymin>
			<xmax>565.6</xmax>
			<ymax>481.6</ymax>
		</bndbox>
	</object>
	<object>
		<name>g10</name>
		<pose>Unspecified</pose>
		<truncated>0</truncated>
		<difficult>0</difficult>
		<bndbox>
			<xmin>640.4</xmin>
			<ymin>680</ymin>
			<xmax>672.4</xmax>
			<ymax>712</ymax>
		</bndbox>
	</object>
	<object>
		<name>b4</name>
		<pose>Unspecified</pose>
		<truncated>0</truncated>
		<difficult>0</difficult>
		<bndbox>
			<xmin>603.2</xmin>
			<ymin>204.8</ymin>
			<xmax>635.2</xmax>
			<ymax>236.8</ymax>
		</bndbox>
	</object>
	<object>
		<name>g1</name>
		<pose>Unspecified</pose>
		<truncated>0</truncated>
		<difficult>0</difficult>
		<bndbox>
			<xmin>569.6</xmin>
			<ymin>21.2</ymin>
			<xmax>601.6</xmax>
			<ymax>53.2</ymax>
		</bndbox>
	</object>
	<object>
		<name>b5</name>
		<pose>Unspecified</pose>
		<truncated>0</truncated>
		<difficult>0</difficult>
		<bndbox>
			<xmin>551.36</xmin>
			<ymin>48.8</ymin>
			<xmax>583.36</xmax>
			<ymax>80.8</ymax>
		</bndbox>
	</object>
	<object>
		<name>b5</name>
		<pose>Unspecified</pose>
		<truncated>0</truncated>
		<difficult>0</difficult>
		<bndbox>
			<xmin>606.08</xmin>
			<ymin>87.68</ymin>
			<xmax>638.08</xmax>
			<ymax>119.68</ymax>
		</bndbox>
	</object>
	<object>
		<name>b8</name>
		<pose>Unspecified</pose>
		<truncated>0</truncated>
		<difficult>0</difficult>
		<bndbox>
			<xmin>516.224</xmin>
			<ymin>424.64</ymin>
			<xmax>548.224</xmax>
			<ymax>456.64</ymax>
		</bndbox>
	</object>
	<object>
		<name>b5</name>
		<pose>Unspecified</pose>
		<truncated>0</truncated>
		<difficult>0</difficult>
		<bndbox>
			<xmin>604.352</xmin>
			<ymin>187.904</ymin>
			<xmax>636.352</xmax>
			<ymax>219.904</ymax>
		</bndbox>
	</object>
	<object>
		<name>b6</name>
		<pose>Unspecified</pose>
		<truncated>0</truncated>
		<difficult>0</difficult>
		<bndbox>
			<xmin>628.544</xmin>
			<ymin>333.056</ymin>
			<xmax>660.544</xmax>
			<ymax>365.056</ymax>
		</bndbox>
	</object>
	<object>
		<name>b6</name>
		<pose>Unspecified</pose>
		<truncated>0</truncated>
		<difficult>0</difficult>
		<bndbox>
			<xmin>545.946</xmin>
			<ymin>680.73</ymin>
			<xmax>577.946</xmax>
			<ymax>712.73</ymax>
		</bndbox>
	</object>
	<object>
		<name>b5</name>
		<pose>Unspecified</pose>
		<truncated>0</truncated>
		<difficult>0</difficult>
		<bndbox>
			<xmin>550.093</xmin>
			<ymin>50.3552</ymin>
			<xmax>582.093</xmax>
			<ymax>82.3552</ymax>
		</bndbox>
	</object>
	<object>
		<name>g1</name>
		<pose>Unspecified</pose>
		<truncated>0</truncated>
		<difficult>0</difficult>
		<bndbox>
			<xmin>456.781</xmin>
			<ymin>628.475</ymin>
			<xmax>488.781</xmax>
			<ymax>660.475</ymax>
		</bndbox>
	</object>
	<object>
		<name>b7</name>
		<pose>Unspecified</pose>
		<truncated>0</truncated>
		<difficult>0</difficult>
		<bndbox>
			<xmin>608.071</xmin>
			<ymin>366.206</ymin>
			<xmax>640.071</xmax>
			<ymax>398.206</ymax>
		</bndbox>
	</object>
	<object>
		<name>g1</name>
		<pose>Unspecified</pose>
		<truncated>0</truncated>
		<difficult>0</difficult>
		<bndbox>
			<xmin>455.786</xmin>
			<ymin>628.973</ymin>
			<xmax>487.786</xmax>
			<ymax>660.973</ymax>
		</bndbox>
	</object>
	<object>
		<name>g10</name>
		<pose>Unspecified</pose>
		<truncated>0</truncated>
		<difficult>0</difficult>
		<bndbox>
			<xmin>505.28</xmin>
			<ymin>326.72</ymin>
			<xmax>537.28</xmax>
			<ymax>358.72</ymax>
		</bndbox>
	</object>
	<object>
		<name>b7</name>
		<pose>Unspecified</pose>
		<truncated>0</truncated>
		<difficult>0</difficult>
		<bndbox>
			<xmin>572.96</xmin>
			<ymin>205.76</ymin>
			<xmax>604.96</xmax>
			<ymax>237.76</ymax>
		</bndbox>
	</object>
	<object>
		<name>g10</name>
		<pose>Unspecified</pose>
		<truncated>0</truncated>
		<difficult>0</difficult>
		<bndbox>
			<xmin>603.2</xmin>
			<ymin>434.72</ymin>
			<xmax>635.2</xmax>
			<ymax>466.72</ymax>
		</bndbox>
	</object>
	<object>
		<name>b2</name>
		<pose>Unspecified</pose>
		<truncated>0</truncated>
		<difficult>0</difficult>
		<bndbox>
			<xmin>493.76</xmin>
			<ymin>481.664</ymin>
			<xmax>525.76</xmax>
			<ymax>513.664</ymax>
		</bndbox>
	</object>
	<object>
		<name>b6</name>
		<pose>Unspecified</pose>
		<truncated>0</truncated>
		<difficult>0</difficult>
		<bndbox>
			<xmin>604.352</xmin>
			<ymin>357.248</ymin>
			<xmax>636.352</xmax>
			<ymax>389.248</ymax>
		</bndbox>
	</object>
	<object>
		<name>b5</name>
		<pose>Unspecified</pose>
		<truncated>0</truncated>
		<difficult>0</difficult>
		<bndbox>
			<xmin>568.755</xmin>
			<ymin>230.758</ymin>
			<xmax>600.755</xmax>
			<ymax>262.758</ymax>
		</bndbox>
	</object>
	<object>
		<name>b4</name>
		<pose>Unspecified</pose>
		<truncated>0</truncated>
		<difficult>0</difficult>
		<bndbox>
			<xmin>456.781</xmin>
			<ymin>220.39</ymin>
			<xmax>488.781</xmax>
			<ymax>252.39</ymax>
		</bndbox>
	</object>
	<object>
		<name>b5</name>
		<pose>Unspecified</pose>
		<truncated>0</truncated>
		<difficult>0</difficult>
		<bndbox>
			<xmin>510.694</xmin>
			<ymin>417.382</ymin>
			<xmax>542.694</xmax>
			<ymax>449.382</ymax>
		</bndbox>
	</object>
	<object>
		<name>b9</name>
		<pose>Unspecified</pose>
		<truncated>0</truncated>
		<difficult>0</difficult>
		<bndbox>
			<xmin>604.006</xmin>
			<ymin>261.862</ymin>
			<xmax>636.006</xmax>
			<ymax>293.862</ymax>
		</bndbox>
	</object>
	<object>
		<name>b8</name>
		<pose>Unspecified</pose>
		<truncated>0</truncated>
		<difficult>0</difficult>
		<bndbox>
			<xmin>546.36</xmin>
			<ymin>312.458</ymin>
			<xmax>578.36</xmax>
			<ymax>344.458</ymax>
		</bndbox>
	</object>
	<object>
		<name>b2</name>
		<pose>Unspecified</pose>
		<truncated>0</truncated>
		<difficult>0</difficult>
		<bndbox>
			<xmin>491.617</xmin>
			<ymin>479.176</ymin>
			<xmax>523.617</xmax>
			<ymax>511.176</ymax>
		</bndbox>
	</object>
	<object>
		<name>b8</name>
		<pose>Unspecified</pose>
		<truncated>0</truncated>
		<difficult>0</difficult>
		<bndbox>
			<xmin>491.617</xmin>
			<ymin>390.094</ymin>
			<xmax>523.617</xmax>
			<ymax>422.094</ymax>
		</bndbox>
	</object>
	<object>
		<name>b6</name>
		<pose>Unspecified</pose>
		<truncated>0</truncated>
		<difficult>0</difficult>
		<bndbox>
			<xmin>599.113</xmin>
			<ymin>181.075</ymin>
			<xmax>631.113</xmax>
			<ymax>213.075</ymax>
		</bndbox>
	</object>
	<object>
		<name>b8</name>
		<pose>Unspecified</pose>
		<truncated>0</truncated>
		<difficult>0</difficult>
		<bndbox>
			<xmin>564.475</xmin>
			<ymin>654.055</ymin>
			<xmax>596.475</xmax>
			<ymax>686.055</ymax>
		</bndbox>
	</object>
	<object>
		<name>b5</name>
		<pose>Unspecified</pose>
		<truncated>0</truncated>
		<difficult>0</difficult>
		<bndbox>
			<xmin>514.311</xmin>
			<ymin>421.148</ymin>
			<xmax>546.311</xmax>
			<ymax>453.148</ymax>
		</bndbox>
	</object>
	<object>
		<name>b5</name>
		<pose>Unspecified</pose>
		<truncated>0</truncated>
		<difficult>0</difficult>
		<bndbox>
			<xmin>478.479</xmin>
			<ymin>406.815</ymin>
			<xmax>510.479</xmax>
			<ymax>438.815</ymax>
		</bndbox>
	</object>
	<object>
		<name>b7</name>
		<pose>Unspecified</pose>
		<truncated>0</truncated>
		<difficult>0</difficult>
		<bndbox>
			<xmin>628</xmin>
			<ymin>308</ymin>
			<xmax>660</xmax>
			<ymax>340</ymax>
		</bndbox>
	</object>
	<object>
		<name>g1</name>
		<pose>Unspecified</pose>
		<truncated>0</truncated>
		<difficult>0</difficult>
		<bndbox>
			<xmin>610</xmin>
			<ymin>136</ymin>
			<xmax>642</xmax>
			<ymax>168</ymax>
		</bndbox>
	</object>
	<object>
		<name>g1</name>
		<pose>Unspecified</pose>
		<truncated>0</truncated>
		<difficult>0</difficult>
		<bndbox>
			<xmin>514</xmin>
			<ymin>454</ymin>
			<xmax>546</xmax>
			<ymax>486</ymax>
		</bndbox>
	</object>
	<object>
		<name>b4</name>
		<pose>Unspecified</pose>
		<truncated>0</truncated>
		<difficult>0</difficult>
		<bndbox>
			<xmin>596</xmin>
			<ymin>243.2</ymin>
			<xmax>628</xmax>
			<ymax>275.2</ymax>
		</bndbox>
	</object>
	<object>
		<name>b2</name>
		<pose>Unspecified</pose>
		<truncated>0</truncated>
		<difficult>0</difficult>
		<bndbox>
			<xmin>608</xmin>
			<ymin>255.2</ymin>
			<xmax>640</xmax>
			<ymax>287.2</ymax>
		</bndbox>
	</object>
	<object>
		<name>g10</name>
		<pose>Unspecified</pose>
		<truncated>0</truncated>
		<difficult>0</difficult>
		<bndbox>
			<xmin>472.4</xmin>
			<ymin>516.8</ymin>
			<xmax>504.4</xmax>
			<ymax>548.8</ymax>
		</bndbox>
	</object>
	<object>
		<name>b6</name>
		<pose>Unspecified</pose>
		<truncated>0</truncated>
		<difficult>0</difficult>
		<bndbox>
			<xmin>570.08</xmin>
			<ymin>277.76</ymin>
			<xmax>602.08</xmax>
			<ymax>309.76</ymax>
		</bndbox>
	</object>
	<object>
		<name>b5</name>
		<pose>Unspecified</pose>
		<truncated>0</truncated>
		<difficult>0</difficult>
		<bndbox>
			<xmin>590.24</xmin>
			<ymin>264.8</ymin>
			<xmax>622.24</xmax>
			<ymax>296.8</ymax>
		</bndbox>
	</object>
	<object>
		<name>b2</name>
		<pose>Unspecified</pose>
		<truncated>0</truncated>
		<difficult>0</difficult>
		<bndbox>
			<xmin>607.52</xmin>
			<ymin>256.16</ymin>
			<xmax>639.52</xmax>
			<ymax>288.16</ymax>
		</bndbox>
	</object>
	<object>
		<name>b6</name>
		<pose>Unspecified</pose>
		<truncated>0</truncated>
		<difficult>0</difficult>
		<bndbox>
			<xmin>632</xmin>
			<ymin>327.872</ymin>
			<xmax>664</xmax>
			<ymax>359.872</ymax>
		</bndbox>
	</object>
	<object>
		<name>b5</name>
		<pose>Unspecified</pose>
		<truncated>0</truncated>
		<difficult>0</difficult>
		<bndbox>
			<xmin>590.528</xmin>
			<ymin>265.664</ymin>
			<xmax>622.528</xmax>
			<ymax>297.664</ymax>
		</bndbox>
	</object>
	<object>
		<name>b5</name>
		<pose>Unspecified</pose>
		<truncated>0</truncated>
		<difficult>0</difficult>
		<bndbox>
			<xmin>604.352</xmin>
			<ymin>187.904</ymin>
			<xmax>636.352</xmax>
			<ymax>219.904</ymax>
		</bndbox>
	</object>
	<object>
		<name>b4</name>
		<pose>Unspecified</pose>
		<truncated>0</truncated>
		<difficult>0</difficult>
		<bndbox>
			<xmin>633.728</xmin>
			<ymin>409.088</ymin>
			<xmax>665.728</xmax>
			<ymax>441.088</ymax>
		</bndbox>
	</object>
	<object>
		<name>b6</name>
		<pose>Unspecified</pose>
		<truncated>0</truncated>
		<difficult>0</difficult>
		<bndbox>
			<xmin>588.662</xmin>
			<ymin>653.358</ymin>
			<xmax>620.662</xmax>
			<ymax>685.358</ymax>
		</bndbox>
	</object>
	<object>
		<name>b5</name>
		<pose>Unspecified</pose>
		<truncated>0</truncated>
		<difficult>0</difficult>
		<bndbox>
			<xmin>618.522</xmin>
			<ymin>260.204</ymin>
			<xmax>650.522</xmax>
			<ymax>292.204</ymax>
		</bndbox>
	</object>
	<object>
		<name>b8</name>
		<pose>Unspecified</pose>
		<truncated>0</truncated>
		<difficult>0</difficult>
		<bndbox>
			<xmin>484.152</xmin>
			<ymin>357.248</ymin>
			<xmax>516.152</xmax>
			<ymax>389.248</ymax>
		</bndbox>
	</object>
	<object>
		<name>b6</name>
		<pose>Unspecified</pose>
		<truncated>0</truncated>
		<difficult>0</difficult>
		<bndbox>
			<xmin>589.558</xmin>
			<ymin>657.638</ymin>
			<xmax>621.558</xmax>
			<ymax>689.638</ymax>
		</bndbox>
	</object>
</annotation>
