<annotation>
	<folder>VOC2007</folder>
	<filename>000115.jpg</filename>
	<source>
		<database>My Database</database>
		<annotation>VOC2007</annotation>
		<image>flickr</image>
		<flickrid>NULL</flickrid>
	</source>
	<owner>
		<flickrid>NULL</flickrid>
		<name>shaochunyan</name>
	</owner>
	<size>
		<width>720</width>
		<height>1280</height>
		<depth>3</depth>
	</size>
	<segmented>0</segmented>
	<object>
		<name>g1</name>
		<pose>Unspecified</pose>
		<truncated>0</truncated>
		<difficult>0</difficult>
		<bndbox>
			<xmin>480</xmin>
			<ymin>435</ymin>
			<xmax>512</xmax>
			<ymax>467</ymax>
		</bndbox>
	</object>
	<object>
		<name>b7</name>
		<pose>Unspecified</pose>
		<truncated>0</truncated>
		<difficult>0</difficult>
		<bndbox>
			<xmin>606</xmin>
			<ymin>71</ymin>
			<xmax>638</xmax>
			<ymax>103</ymax>
		</bndbox>
	</object>
	<object>
		<name>b7</name>
		<pose>Unspecified</pose>
		<truncated>0</truncated>
		<difficult>0</difficult>
		<bndbox>
			<xmin>605.6</xmin>
			<ymin>71.6</ymin>
			<xmax>637.6</xmax>
			<ymax>103.6</ymax>
		</bndbox>
	</object>
	<object>
		<name>b8</name>
		<pose>Unspecified</pose>
		<truncated>0</truncated>
		<difficult>0</difficult>
		<bndbox>
			<xmin>586.4</xmin>
			<ymin>266</ymin>
			<xmax>618.4</xmax>
			<ymax>298</ymax>
		</bndbox>
	</object>
	<object>
		<name>b6</name>
		<pose>Unspecified</pose>
		<truncated>0</truncated>
		<difficult>0</difficult>
		<bndbox>
			<xmin>486.8</xmin>
			<ymin>510.8</ymin>
			<xmax>518.8</xmax>
			<ymax>542.8</ymax>
		</bndbox>
	</object>
	<object>
		<name>b4</name>
		<pose>Unspecified</pose>
		<truncated>0</truncated>
		<difficult>0</difficult>
		<bndbox>
			<xmin>616.16</xmin>
			<ymin>56</ymin>
			<xmax>648.16</xmax>
			<ymax>88</ymax>
		</bndbox>
	</object>
	<object>
		<name>b8</name>
		<pose>Unspecified</pose>
		<truncated>0</truncated>
		<difficult>0</difficult>
		<bndbox>
			<xmin>595.712</xmin>
			<ymin>241.472</ymin>
			<xmax>627.712</xmax>
			<ymax>273.472</ymax>
		</bndbox>
	</object>
	<object>
		<name>b7</name>
		<pose>Unspecified</pose>
		<truncated>0</truncated>
		<difficult>0</difficult>
		<bndbox>
			<xmin>587.418</xmin>
			<ymin>48.2816</ymin>
			<xmax>619.418</xmax>
			<ymax>80.2816</ymax>
		</bndbox>
	</object>
	<object>
		<name>b6</name>
		<pose>Unspecified</pose>
		<truncated>0</truncated>
		<difficult>0</difficult>
		<bndbox>
			<xmin>599.859</xmin>
			<ymin>479.59</ymin>
			<xmax>631.859</xmax>
			<ymax>511.59</ymax>
		</bndbox>
	</object>
	<object>
		<name>b7</name>
		<pose>Unspecified</pose>
		<truncated>0</truncated>
		<difficult>0</difficult>
		<bndbox>
			<xmin>500.326</xmin>
			<ymin>367.616</ymin>
			<xmax>532.326</xmax>
			<ymax>399.616</ymax>
		</bndbox>
	</object>
	<object>
		<name>b6</name>
		<pose>Unspecified</pose>
		<truncated>0</truncated>
		<difficult>0</difficult>
		<bndbox>
			<xmin>576.22</xmin>
			<ymin>63.6263</ymin>
			<xmax>608.22</xmax>
			<ymax>95.6263</ymax>
		</bndbox>
	</object>
	<object>
		<name>b8</name>
		<pose>Unspecified</pose>
		<truncated>0</truncated>
		<difficult>0</difficult>
		<bndbox>
			<xmin>506.547</xmin>
			<ymin>357.248</ymin>
			<xmax>538.547</xmax>
			<ymax>389.248</ymax>
		</bndbox>
	</object>
	<object>
		<name>b8</name>
		<pose>Unspecified</pose>
		<truncated>0</truncated>
		<difficult>0</difficult>
		<bndbox>
			<xmin>575.225</xmin>
			<ymin>178.089</ymin>
			<xmax>607.225</xmax>
			<ymax>210.089</ymax>
		</bndbox>
	</object>
	<object>
		<name>b9</name>
		<pose>Unspecified</pose>
		<truncated>0</truncated>
		<difficult>0</difficult>
		<bndbox>
			<xmin>614</xmin>
			<ymin>74</ymin>
			<xmax>646</xmax>
			<ymax>106</ymax>
		</bndbox>
	</object>
	<object>
		<name>b8</name>
		<pose>Unspecified</pose>
		<truncated>0</truncated>
		<difficult>0</difficult>
		<bndbox>
			<xmin>616</xmin>
			<ymin>56</ymin>
			<xmax>648</xmax>
			<ymax>88</ymax>
		</bndbox>
	</object>
	<object>
		<name>b7</name>
		<pose>Unspecified</pose>
		<truncated>0</truncated>
		<difficult>0</difficult>
		<bndbox>
			<xmin>536</xmin>
			<ymin>408.8</ymin>
			<xmax>568</xmax>
			<ymax>440.8</ymax>
		</bndbox>
	</object>
	<object>
		<name>g10</name>
		<pose>Unspecified</pose>
		<truncated>0</truncated>
		<difficult>0</difficult>
		<bndbox>
			<xmin>578</xmin>
			<ymin>237.2</ymin>
			<xmax>610</xmax>
			<ymax>269.2</ymax>
		</bndbox>
	</object>
	<object>
		<name>b3</name>
		<pose>Unspecified</pose>
		<truncated>0</truncated>
		<difficult>0</difficult>
		<bndbox>
			<xmin>496.64</xmin>
			<ymin>382.88</ymin>
			<xmax>528.64</xmax>
			<ymax>414.88</ymax>
		</bndbox>
	</object>
	<object>
		<name>b8</name>
		<pose>Unspecified</pose>
		<truncated>0</truncated>
		<difficult>0</difficult>
		<bndbox>
			<xmin>585.92</xmin>
			<ymin>289.28</ymin>
			<xmax>617.92</xmax>
			<ymax>321.28</ymax>
		</bndbox>
	</object>
	<object>
		<name>b8</name>
		<pose>Unspecified</pose>
		<truncated>0</truncated>
		<difficult>0</difficult>
		<bndbox>
			<xmin>643.52</xmin>
			<ymin>247.52</ymin>
			<xmax>675.52</xmax>
			<ymax>279.52</ymax>
		</bndbox>
	</object>
	<object>
		<name>g1</name>
		<pose>Unspecified</pose>
		<truncated>0</truncated>
		<difficult>0</difficult>
		<bndbox>
			<xmin>580.16</xmin>
			<ymin>238.016</ymin>
			<xmax>612.16</xmax>
			<ymax>270.016</ymax>
		</bndbox>
	</object>
	<object>
		<name>b7</name>
		<pose>Unspecified</pose>
		<truncated>0</truncated>
		<difficult>0</difficult>
		<bndbox>
			<xmin>526.592</xmin>
			<ymin>410.816</ymin>
			<xmax>558.592</xmax>
			<ymax>442.816</ymax>
		</bndbox>
	</object>
	<object>
		<name>b4</name>
		<pose>Unspecified</pose>
		<truncated>0</truncated>
		<difficult>0</difficult>
		<bndbox>
			<xmin>376.256</xmin>
			<ymin>42.752</ymin>
			<xmax>408.256</xmax>
			<ymax>74.752</ymax>
		</bndbox>
	</object>
	<object>
		<name>b5</name>
		<pose>Unspecified</pose>
		<truncated>0</truncated>
		<difficult>0</difficult>
		<bndbox>
			<xmin>622.669</xmin>
			<ymin>205.875</ymin>
			<xmax>654.669</xmax>
			<ymax>237.875</ymax>
		</bndbox>
	</object>
	<object>
		<name>b8</name>
		<pose>Unspecified</pose>
		<truncated>0</truncated>
		<difficult>0</difficult>
		<bndbox>
			<xmin>597.786</xmin>
			<ymin>241.126</ymin>
			<xmax>629.786</xmax>
			<ymax>273.126</ymax>
		</bndbox>
	</object>
	<object>
		<name>b8</name>
		<pose>Unspecified</pose>
		<truncated>0</truncated>
		<difficult>0</difficult>
		<bndbox>
			<xmin>584.183</xmin>
			<ymin>166.145</ymin>
			<xmax>616.183</xmax>
			<ymax>198.145</ymax>
		</bndbox>
	</object>
	<object>
		<name>b4</name>
		<pose>Unspecified</pose>
		<truncated>0</truncated>
		<difficult>0</difficult>
		<bndbox>
			<xmin>509.533</xmin>
			<ymin>670.776</ymin>
			<xmax>541.533</xmax>
			<ymax>702.776</ymax>
		</bndbox>
	</object>
	<object>
		<name>g1</name>
		<pose>Unspecified</pose>
		<truncated>0</truncated>
		<difficult>0</difficult>
		<bndbox>
			<xmin>497.589</xmin>
			<ymin>384.122</ymin>
			<xmax>529.589</xmax>
			<ymax>416.122</ymax>
		</bndbox>
	</object>
	<object>
		<name>b6</name>
		<pose>Unspecified</pose>
		<truncated>0</truncated>
		<difficult>0</difficult>
		<bndbox>
			<xmin>500.575</xmin>
			<ymin>372.178</ymin>
			<xmax>532.575</xmax>
			<ymax>404.178</ymax>
		</bndbox>
	</object>
	<object>
		<name>b8</name>
		<pose>Unspecified</pose>
		<truncated>0</truncated>
		<difficult>0</difficult>
		<bndbox>
			<xmin>546.56</xmin>
			<ymin>342.318</ymin>
			<xmax>578.56</xmax>
			<ymax>374.318</ymax>
		</bndbox>
	</object>
	<object>
		<name>b7</name>
		<pose>Unspecified</pose>
		<truncated>0</truncated>
		<difficult>0</difficult>
		<bndbox>
			<xmin>614</xmin>
			<ymin>74</ymin>
			<xmax>646</xmax>
			<ymax>106</ymax>
		</bndbox>
	</object>
	<object>
		<name>b5</name>
		<pose>Unspecified</pose>
		<truncated>0</truncated>
		<difficult>0</difficult>
		<bndbox>
			<xmin>498</xmin>
			<ymin>424</ymin>
			<xmax>530</xmax>
			<ymax>456</ymax>
		</bndbox>
	</object>
	<object>
		<name>b7</name>
		<pose>Unspecified</pose>
		<truncated>0</truncated>
		<difficult>0</difficult>
		<bndbox>
			<xmin>615</xmin>
			<ymin>68</ymin>
			<xmax>647</xmax>
			<ymax>100</ymax>
		</bndbox>
	</object>
	<object>
		<name>b2</name>
		<pose>Unspecified</pose>
		<truncated>0</truncated>
		<difficult>0</difficult>
		<bndbox>
			<xmin>500</xmin>
			<ymin>519</ymin>
			<xmax>532</xmax>
			<ymax>551</ymax>
		</bndbox>
	</object>
	<object>
		<name>b2</name>
		<pose>Unspecified</pose>
		<truncated>0</truncated>
		<difficult>0</difficult>
		<bndbox>
			<xmin>498</xmin>
			<ymin>517</ymin>
			<xmax>530</xmax>
			<ymax>549</ymax>
		</bndbox>
	</object>
	<object>
		<name>g1</name>
		<pose>Unspecified</pose>
		<truncated>0</truncated>
		<difficult>0</difficult>
		<bndbox>
			<xmin>578</xmin>
			<ymin>237.2</ymin>
			<xmax>610</xmax>
			<ymax>269.2</ymax>
		</bndbox>
	</object>
	<object>
		<name>g1</name>
		<pose>Unspecified</pose>
		<truncated>0</truncated>
		<difficult>0</difficult>
		<bndbox>
			<xmin>449.6</xmin>
			<ymin>216.8</ymin>
			<xmax>481.6</xmax>
			<ymax>248.8</ymax>
		</bndbox>
	</object>
	<object>
		<name>b6</name>
		<pose>Unspecified</pose>
		<truncated>0</truncated>
		<difficult>0</difficult>
		<bndbox>
			<xmin>513.2</xmin>
			<ymin>490.4</ymin>
			<xmax>545.2</xmax>
			<ymax>522.4</ymax>
		</bndbox>
	</object>
	<object>
		<name>g1</name>
		<pose>Unspecified</pose>
		<truncated>0</truncated>
		<difficult>0</difficult>
		<bndbox>
			<xmin>647.84</xmin>
			<ymin>289.28</ymin>
			<xmax>679.84</xmax>
			<ymax>321.28</ymax>
		</bndbox>
	</object>
	<object>
		<name>b4</name>
		<pose>Unspecified</pose>
		<truncated>0</truncated>
		<difficult>0</difficult>
		<bndbox>
			<xmin>617.6</xmin>
			<ymin>427.52</ymin>
			<xmax>649.6</xmax>
			<ymax>459.52</ymax>
		</bndbox>
	</object>
	<object>
		<name>b7</name>
		<pose>Unspecified</pose>
		<truncated>0</truncated>
		<difficult>0</difficult>
		<bndbox>
			<xmin>611.84</xmin>
			<ymin>80.48</ymin>
			<xmax>643.84</xmax>
			<ymax>112.48</ymax>
		</bndbox>
	</object>
	<object>
		<name>b9</name>
		<pose>Unspecified</pose>
		<truncated>0</truncated>
		<difficult>0</difficult>
		<bndbox>
			<xmin>578.72</xmin>
			<ymin>47.36</ymin>
			<xmax>610.72</xmax>
			<ymax>79.36</ymax>
		</bndbox>
	</object>
	<object>
		<name>g1</name>
		<pose>Unspecified</pose>
		<truncated>0</truncated>
		<difficult>0</difficult>
		<bndbox>
			<xmin>649.28</xmin>
			<ymin>289.856</ymin>
			<xmax>681.28</xmax>
			<ymax>321.856</ymax>
		</bndbox>
	</object>
	<object>
		<name>b5</name>
		<pose>Unspecified</pose>
		<truncated>0</truncated>
		<difficult>0</difficult>
		<bndbox>
			<xmin>573.248</xmin>
			<ymin>175.808</ymin>
			<xmax>605.248</xmax>
			<ymax>207.808</ymax>
		</bndbox>
	</object>
	<object>
		<name>b7</name>
		<pose>Unspecified</pose>
		<truncated>0</truncated>
		<difficult>0</difficult>
		<bndbox>
			<xmin>606.08</xmin>
			<ymin>649.626</ymin>
			<xmax>638.08</xmax>
			<ymax>681.626</ymax>
		</bndbox>
	</object>
	<object>
		<name>b7</name>
		<pose>Unspecified</pose>
		<truncated>0</truncated>
		<difficult>0</difficult>
		<bndbox>
			<xmin>496.179</xmin>
			<ymin>384.205</ymin>
			<xmax>528.179</xmax>
			<ymax>416.205</ymax>
		</bndbox>
	</object>
	<object>
		<name>b8</name>
		<pose>Unspecified</pose>
		<truncated>0</truncated>
		<difficult>0</difficult>
		<bndbox>
			<xmin>621.01</xmin>
			<ymin>245.274</ymin>
			<xmax>653.01</xmax>
			<ymax>277.274</ymax>
		</bndbox>
	</object>
	<object>
		<name>b4</name>
		<pose>Unspecified</pose>
		<truncated>0</truncated>
		<difficult>0</difficult>
		<bndbox>
			<xmin>411.991</xmin>
			<ymin>165.647</ymin>
			<xmax>443.991</xmax>
			<ymax>197.647</ymax>
		</bndbox>
	</object>
	<object>
		<name>b4</name>
		<pose>Unspecified</pose>
		<truncated>0</truncated>
		<difficult>0</difficult>
		<bndbox>
			<xmin>509.533</xmin>
			<ymin>670.776</ymin>
			<xmax>541.533</xmax>
			<ymax>702.776</ymax>
		</bndbox>
	</object>
	<object>
		<name>b6</name>
		<pose>Unspecified</pose>
		<truncated>0</truncated>
		<difficult>0</difficult>
		<bndbox>
			<xmin>521.477</xmin>
			<ymin>649.875</ymin>
			<xmax>553.477</xmax>
			<ymax>681.875</ymax>
		</bndbox>
	</object>
	<object>
		<name>b5</name>
		<pose>Unspecified</pose>
		<truncated>0</truncated>
		<difficult>0</difficult>
		<bndbox>
			<xmin>575.225</xmin>
			<ymin>177.492</ymin>
			<xmax>607.225</xmax>
			<ymax>209.492</ymax>
		</bndbox>
	</object>
</annotation>
