<annotation>
	<folder>VOC2007</folder>
	<filename>000107.jpg</filename>
	<source>
		<database>My Database</database>
		<annotation>VOC2007</annotation>
		<image>flickr</image>
		<flickrid>NULL</flickrid>
	</source>
	<owner>
		<flickrid>NULL</flickrid>
		<name>shaochunyan</name>
	</owner>
	<size>
		<width>720</width>
		<height>1280</height>
		<depth>3</depth>
	</size>
	<segmented>0</segmented>
	<object>
		<name>b7</name>
		<pose>Unspecified</pose>
		<truncated>0</truncated>
		<difficult>0</difficult>
		<bndbox>
			<xmin>429.2</xmin>
			<ymin>346.4</ymin>
			<xmax>461.2</xmax>
			<ymax>378.4</ymax>
		</bndbox>
	</object>
	<object>
		<name>b6</name>
		<pose>Unspecified</pose>
		<truncated>0</truncated>
		<difficult>0</difficult>
		<bndbox>
			<xmin>440.48</xmin>
			<ymin>390.08</ymin>
			<xmax>472.48</xmax>
			<ymax>422.08</ymax>
		</bndbox>
	</object>
	<object>
		<name>b5</name>
		<pose>Unspecified</pose>
		<truncated>0</truncated>
		<difficult>0</difficult>
		<bndbox>
			<xmin>437.6</xmin>
			<ymin>201.44</ymin>
			<xmax>469.6</xmax>
			<ymax>233.44</ymax>
		</bndbox>
	</object>
	<object>
		<name>b5</name>
		<pose>Unspecified</pose>
		<truncated>0</truncated>
		<difficult>0</difficult>
		<bndbox>
			<xmin>402.176</xmin>
			<ymin>360.704</ymin>
			<xmax>434.176</xmax>
			<ymax>392.704</ymax>
		</bndbox>
	</object>
	<object>
		<name>b5</name>
		<pose>Unspecified</pose>
		<truncated>0</truncated>
		<difficult>0</difficult>
		<bndbox>
			<xmin>440.192</xmin>
			<ymin>327.872</ymin>
			<xmax>472.192</xmax>
			<ymax>359.872</ymax>
		</bndbox>
	</object>
	<object>
		<name>b6</name>
		<pose>Unspecified</pose>
		<truncated>0</truncated>
		<difficult>0</difficult>
		<bndbox>
			<xmin>384.205</xmin>
			<ymin>183.066</ymin>
			<xmax>416.205</xmax>
			<ymax>215.066</ymax>
		</bndbox>
	</object>
	<object>
		<name>b7</name>
		<pose>Unspecified</pose>
		<truncated>0</truncated>
		<difficult>0</difficult>
		<bndbox>
			<xmin>339.83</xmin>
			<ymin>120.858</ymin>
			<xmax>371.83</xmax>
			<ymax>152.858</ymax>
		</bndbox>
	</object>
	<object>
		<name>b2</name>
		<pose>Unspecified</pose>
		<truncated>0</truncated>
		<difficult>0</difficult>
		<bndbox>
			<xmin>431.898</xmin>
			<ymin>382.131</ymin>
			<xmax>463.898</xmax>
			<ymax>414.131</ymax>
		</bndbox>
	</object>
	<object>
		<name>b8</name>
		<pose>Unspecified</pose>
		<truncated>0</truncated>
		<difficult>0</difficult>
		<bndbox>
			<xmin>392.085</xmin>
			<ymin>392.085</ymin>
			<xmax>424.085</xmax>
			<ymax>424.085</ymax>
		</bndbox>
	</object>
	<object>
		<name>b6</name>
		<pose>Unspecified</pose>
		<truncated>0</truncated>
		<difficult>0</difficult>
		<bndbox>
			<xmin>441.851</xmin>
			<ymin>479.176</ymin>
			<xmax>473.851</xmax>
			<ymax>511.176</ymax>
		</bndbox>
	</object>
	<object>
		<name>b7</name>
		<pose>Unspecified</pose>
		<truncated>0</truncated>
		<difficult>0</difficult>
		<bndbox>
			<xmin>393.08</xmin>
			<ymin>372.178</ymin>
			<xmax>425.08</xmax>
			<ymax>404.178</ymax>
		</bndbox>
	</object>
	<object>
		<name>b5</name>
		<pose>Unspecified</pose>
		<truncated>0</truncated>
		<difficult>0</difficult>
		<bndbox>
			<xmin>435.481</xmin>
			<ymin>320.819</ymin>
			<xmax>467.481</xmax>
			<ymax>352.819</ymax>
		</bndbox>
	</object>
	<object>
		<name>g10</name>
		<pose>Unspecified</pose>
		<truncated>0</truncated>
		<difficult>0</difficult>
		<bndbox>
			<xmin>447</xmin>
			<ymin>105</ymin>
			<xmax>479</xmax>
			<ymax>137</ymax>
		</bndbox>
	</object>
	<object>
		<name>b4</name>
		<pose>Unspecified</pose>
		<truncated>0</truncated>
		<difficult>0</difficult>
		<bndbox>
			<xmin>361</xmin>
			<ymin>168</ymin>
			<xmax>393</xmax>
			<ymax>200</ymax>
		</bndbox>
	</object>
	<object>
		<name>g1</name>
		<pose>Unspecified</pose>
		<truncated>0</truncated>
		<difficult>0</difficult>
		<bndbox>
			<xmin>419.6</xmin>
			<ymin>88.4</ymin>
			<xmax>451.6</xmax>
			<ymax>120.4</ymax>
		</bndbox>
	</object>
	<object>
		<name>g10</name>
		<pose>Unspecified</pose>
		<truncated>0</truncated>
		<difficult>0</difficult>
		<bndbox>
			<xmin>434.72</xmin>
			<ymin>133.76</ymin>
			<xmax>466.72</xmax>
			<ymax>165.76</ymax>
		</bndbox>
	</object>
	<object>
		<name>b7</name>
		<pose>Unspecified</pose>
		<truncated>0</truncated>
		<difficult>0</difficult>
		<bndbox>
			<xmin>407.36</xmin>
			<ymin>96.32</ymin>
			<xmax>439.36</xmax>
			<ymax>128.32</ymax>
		</bndbox>
	</object>
	<object>
		<name>b9</name>
		<pose>Unspecified</pose>
		<truncated>0</truncated>
		<difficult>0</difficult>
		<bndbox>
			<xmin>499.52</xmin>
			<ymin>56</ymin>
			<xmax>531.52</xmax>
			<ymax>88</ymax>
		</bndbox>
	</object>
	<object>
		<name>b5</name>
		<pose>Unspecified</pose>
		<truncated>0</truncated>
		<difficult>0</difficult>
		<bndbox>
			<xmin>374.528</xmin>
			<ymin>79.04</ymin>
			<xmax>406.528</xmax>
			<ymax>111.04</ymax>
		</bndbox>
	</object>
	<object>
		<name>b4</name>
		<pose>Unspecified</pose>
		<truncated>0</truncated>
		<difficult>0</difficult>
		<bndbox>
			<xmin>336.512</xmin>
			<ymin>123.968</ymin>
			<xmax>368.512</xmax>
			<ymax>155.968</ymax>
		</bndbox>
	</object>
	<object>
		<name>g1</name>
		<pose>Unspecified</pose>
		<truncated>0</truncated>
		<difficult>0</difficult>
		<bndbox>
			<xmin>493.76</xmin>
			<ymin>103.232</ymin>
			<xmax>525.76</xmax>
			<ymax>135.232</ymax>
		</bndbox>
	</object>
	<object>
		<name>g10</name>
		<pose>Unspecified</pose>
		<truncated>0</truncated>
		<difficult>0</difficult>
		<bndbox>
			<xmin>435.008</xmin>
			<ymin>123.968</ymin>
			<xmax>467.008</xmax>
			<ymax>155.968</ymax>
		</bndbox>
	</object>
	<object>
		<name>b4</name>
		<pose>Unspecified</pose>
		<truncated>0</truncated>
		<difficult>0</difficult>
		<bndbox>
			<xmin>340.659</xmin>
			<ymin>118.784</ymin>
			<xmax>372.659</xmax>
			<ymax>150.784</ymax>
		</bndbox>
	</object>
	<object>
		<name>b4</name>
		<pose>Unspecified</pose>
		<truncated>0</truncated>
		<difficult>0</difficult>
		<bndbox>
			<xmin>459.269</xmin>
			<ymin>61.1379</ymin>
			<xmax>491.269</xmax>
			<ymax>93.1379</ymax>
		</bndbox>
	</object>
	<object>
		<name>b5</name>
		<pose>Unspecified</pose>
		<truncated>0</truncated>
		<difficult>0</difficult>
		<bndbox>
			<xmin>345.901</xmin>
			<ymin>188.241</ymin>
			<xmax>377.901</xmax>
			<ymax>220.241</ymax>
		</bndbox>
	</object>
	<object>
		<name>b8</name>
		<pose>Unspecified</pose>
		<truncated>0</truncated>
		<difficult>0</difficult>
		<bndbox>
			<xmin>589.558</xmin>
			<ymin>267.071</ymin>
			<xmax>621.558</xmax>
			<ymax>299.071</ymax>
		</bndbox>
	</object>
	<object>
		<name>b4</name>
		<pose>Unspecified</pose>
		<truncated>0</truncated>
		<difficult>0</difficult>
		<bndbox>
			<xmin>557.309</xmin>
			<ymin>102.245</ymin>
			<xmax>589.309</xmax>
			<ymax>134.245</ymax>
		</bndbox>
	</object>
	<object>
		<name>b5</name>
		<pose>Unspecified</pose>
		<truncated>0</truncated>
		<difficult>0</difficult>
		<bndbox>
			<xmin>397</xmin>
			<ymin>308</ymin>
			<xmax>429</xmax>
			<ymax>340</ymax>
		</bndbox>
	</object>
	<object>
		<name>b4</name>
		<pose>Unspecified</pose>
		<truncated>0</truncated>
		<difficult>0</difficult>
		<bndbox>
			<xmin>362</xmin>
			<ymin>168.8</ymin>
			<xmax>394</xmax>
			<ymax>200.8</ymax>
		</bndbox>
	</object>
	<object>
		<name>b6</name>
		<pose>Unspecified</pose>
		<truncated>0</truncated>
		<difficult>0</difficult>
		<bndbox>
			<xmin>452</xmin>
			<ymin>306.8</ymin>
			<xmax>484</xmax>
			<ymax>338.8</ymax>
		</bndbox>
	</object>
	<object>
		<name>b5</name>
		<pose>Unspecified</pose>
		<truncated>0</truncated>
		<difficult>0</difficult>
		<bndbox>
			<xmin>472.4</xmin>
			<ymin>314</ymin>
			<xmax>504.4</xmax>
			<ymax>346</ymax>
		</bndbox>
	</object>
	<object>
		<name>g10</name>
		<pose>Unspecified</pose>
		<truncated>0</truncated>
		<difficult>0</difficult>
		<bndbox>
			<xmin>372.8</xmin>
			<ymin>473.6</ymin>
			<xmax>404.8</xmax>
			<ymax>505.6</ymax>
		</bndbox>
	</object>
	<object>
		<name>b4</name>
		<pose>Unspecified</pose>
		<truncated>0</truncated>
		<difficult>0</difficult>
		<bndbox>
			<xmin>547.04</xmin>
			<ymin>63.2</ymin>
			<xmax>579.04</xmax>
			<ymax>95.2</ymax>
		</bndbox>
	</object>
	<object>
		<name>b2</name>
		<pose>Unspecified</pose>
		<truncated>0</truncated>
		<difficult>0</difficult>
		<bndbox>
			<xmin>538.4</xmin>
			<ymin>541.28</ymin>
			<xmax>570.4</xmax>
			<ymax>573.28</ymax>
		</bndbox>
	</object>
	<object>
		<name>b5</name>
		<pose>Unspecified</pose>
		<truncated>0</truncated>
		<difficult>0</difficult>
		<bndbox>
			<xmin>403.04</xmin>
			<ymin>107.84</ymin>
			<xmax>435.04</xmax>
			<ymax>139.84</ymax>
		</bndbox>
	</object>
	<object>
		<name>b8</name>
		<pose>Unspecified</pose>
		<truncated>0</truncated>
		<difficult>0</difficult>
		<bndbox>
			<xmin>402.176</xmin>
			<ymin>360.704</ymin>
			<xmax>434.176</xmax>
			<ymax>392.704</ymax>
		</bndbox>
	</object>
	<object>
		<name>b4</name>
		<pose>Unspecified</pose>
		<truncated>0</truncated>
		<difficult>0</difficult>
		<bndbox>
			<xmin>471.296</xmin>
			<ymin>85.952</ymin>
			<xmax>503.296</xmax>
			<ymax>117.952</ymax>
		</bndbox>
	</object>
	<object>
		<name>b6</name>
		<pose>Unspecified</pose>
		<truncated>0</truncated>
		<difficult>0</difficult>
		<bndbox>
			<xmin>402.176</xmin>
			<ymin>103.232</ymin>
			<xmax>434.176</xmax>
			<ymax>135.232</ymax>
		</bndbox>
	</object>
	<object>
		<name>b5</name>
		<pose>Unspecified</pose>
		<truncated>0</truncated>
		<difficult>0</difficult>
		<bndbox>
			<xmin>547.328</xmin>
			<ymin>554.24</ymin>
			<xmax>579.328</xmax>
			<ymax>586.24</ymax>
		</bndbox>
	</object>
	<object>
		<name>b4</name>
		<pose>Unspecified</pose>
		<truncated>0</truncated>
		<difficult>0</difficult>
		<bndbox>
			<xmin>342.733</xmin>
			<ymin>487.885</ymin>
			<xmax>374.733</xmax>
			<ymax>519.885</ymax>
		</bndbox>
	</object>
	<object>
		<name>b5</name>
		<pose>Unspecified</pose>
		<truncated>0</truncated>
		<difficult>0</difficult>
		<bndbox>
			<xmin>433.971</xmin>
			<ymin>319.923</ymin>
			<xmax>465.971</xmax>
			<ymax>351.923</ymax>
		</bndbox>
	</object>
	<object>
		<name>b5</name>
		<pose>Unspecified</pose>
		<truncated>0</truncated>
		<difficult>0</difficult>
		<bndbox>
			<xmin>402.038</xmin>
			<ymin>389.596</ymin>
			<xmax>434.038</xmax>
			<ymax>421.596</ymax>
		</bndbox>
	</object>
	<object>
		<name>g10</name>
		<pose>Unspecified</pose>
		<truncated>0</truncated>
		<difficult>0</difficult>
		<bndbox>
			<xmin>444.339</xmin>
			<ymin>499.082</ymin>
			<xmax>476.339</xmax>
			<ymax>531.082</ymax>
		</bndbox>
	</object>
	<object>
		<name>b7</name>
		<pose>Unspecified</pose>
		<truncated>0</truncated>
		<difficult>0</difficult>
		<bndbox>
			<xmin>390.094</xmin>
			<ymin>381.136</ymin>
			<xmax>422.094</xmax>
			<ymax>413.136</ymax>
		</bndbox>
	</object>
	<object>
		<name>b5</name>
		<pose>Unspecified</pose>
		<truncated>0</truncated>
		<difficult>0</difficult>
		<bndbox>
			<xmin>434.884</xmin>
			<ymin>321.416</ymin>
			<xmax>466.884</xmax>
			<ymax>353.416</ymax>
		</bndbox>
	</object>
</annotation>
