<annotation>
	<folder>VOC2007</folder>
	<filename>000187.jpg</filename>
	<source>
		<database>My Database</database>
		<annotation>VOC2007</annotation>
		<image>flickr</image>
		<flickrid>NULL</flickrid>
	</source>
	<owner>
		<flickrid>NULL</flickrid>
		<name>shaochunyan</name>
	</owner>
	<size>
		<width>720</width>
		<height>1280</height>
		<depth>3</depth>
	</size>
	<segmented>0</segmented>
	<object>
		<name>b9</name>
		<pose>Unspecified</pose>
		<truncated>0</truncated>
		<difficult>0</difficult>
		<bndbox>
			<xmin>238.4</xmin>
			<ymin>140</ymin>
			<xmax>270.4</xmax>
			<ymax>172</ymax>
		</bndbox>
	</object>
	<object>
		<name>b2</name>
		<pose>Unspecified</pose>
		<truncated>0</truncated>
		<difficult>0</difficult>
		<bndbox>
			<xmin>184.4</xmin>
			<ymin>309.2</ymin>
			<xmax>216.4</xmax>
			<ymax>341.2</ymax>
		</bndbox>
	</object>
	<object>
		<name>b7</name>
		<pose>Unspecified</pose>
		<truncated>0</truncated>
		<difficult>0</difficult>
		<bndbox>
			<xmin>140</xmin>
			<ymin>204.8</ymin>
			<xmax>172</xmax>
			<ymax>236.8</ymax>
		</bndbox>
	</object>
	<object>
		<name>b5</name>
		<pose>Unspecified</pose>
		<truncated>0</truncated>
		<difficult>0</difficult>
		<bndbox>
			<xmin>258.8</xmin>
			<ymin>63.2</ymin>
			<xmax>290.8</xmax>
			<ymax>95.2</ymax>
		</bndbox>
	</object>
	<object>
		<name>b8</name>
		<pose>Unspecified</pose>
		<truncated>0</truncated>
		<difficult>0</difficult>
		<bndbox>
			<xmin>90.56</xmin>
			<ymin>201.44</ymin>
			<xmax>122.56</xmax>
			<ymax>233.44</ymax>
		</bndbox>
	</object>
	<object>
		<name>b6</name>
		<pose>Unspecified</pose>
		<truncated>0</truncated>
		<difficult>0</difficult>
		<bndbox>
			<xmin>103.52</xmin>
			<ymin>243.2</ymin>
			<xmax>135.52</xmax>
			<ymax>275.2</ymax>
		</bndbox>
	</object>
	<object>
		<name>b2</name>
		<pose>Unspecified</pose>
		<truncated>0</truncated>
		<difficult>0</difficult>
		<bndbox>
			<xmin>184.448</xmin>
			<ymin>308.864</ymin>
			<xmax>216.448</xmax>
			<ymax>340.864</ymax>
		</bndbox>
	</object>
	<object>
		<name>b4</name>
		<pose>Unspecified</pose>
		<truncated>0</truncated>
		<difficult>0</difficult>
		<bndbox>
			<xmin>485.811</xmin>
			<ymin>158.182</ymin>
			<xmax>517.811</xmax>
			<ymax>190.182</ymax>
		</bndbox>
	</object>
	<object>
		<name>b5</name>
		<pose>Unspecified</pose>
		<truncated>0</truncated>
		<difficult>0</difficult>
		<bndbox>
			<xmin>255.642</xmin>
			<ymin>52.4288</ymin>
			<xmax>287.642</xmax>
			<ymax>84.4288</ymax>
		</bndbox>
	</object>
	<object>
		<name>b4</name>
		<pose>Unspecified</pose>
		<truncated>0</truncated>
		<difficult>0</difficult>
		<bndbox>
			<xmin>170.624</xmin>
			<ymin>302.505</ymin>
			<xmax>202.624</xmax>
			<ymax>334.505</ymax>
		</bndbox>
	</object>
	<object>
		<name>b2</name>
		<pose>Unspecified</pose>
		<truncated>0</truncated>
		<difficult>0</difficult>
		<bndbox>
			<xmin>180.577</xmin>
			<ymin>304.993</ymin>
			<xmax>212.577</xmax>
			<ymax>336.993</ymax>
		</bndbox>
	</object>
	<object>
		<name>b7</name>
		<pose>Unspecified</pose>
		<truncated>0</truncated>
		<difficult>0</difficult>
		<bndbox>
			<xmin>136.285</xmin>
			<ymin>207.949</ymin>
			<xmax>168.285</xmax>
			<ymax>239.949</ymax>
		</bndbox>
	</object>
	<object>
		<name>b8</name>
		<pose>Unspecified</pose>
		<truncated>0</truncated>
		<difficult>0</difficult>
		<bndbox>
			<xmin>297.528</xmin>
			<ymin>339.332</ymin>
			<xmax>329.528</xmax>
			<ymax>371.332</ymax>
		</bndbox>
	</object>
	<object>
		<name>g10</name>
		<pose>Unspecified</pose>
		<truncated>0</truncated>
		<difficult>0</difficult>
		<bndbox>
			<xmin>91.4955</xmin>
			<ymin>130.313</ymin>
			<xmax>123.495</xmax>
			<ymax>162.313</ymax>
		</bndbox>
	</object>
	<object>
		<name>g1</name>
		<pose>Unspecified</pose>
		<truncated>0</truncated>
		<difficult>0</difficult>
		<bndbox>
			<xmin>300.8</xmin>
			<ymin>357.2</ymin>
			<xmax>332.8</xmax>
			<ymax>389.2</ymax>
		</bndbox>
	</object>
	<object>
		<name>g10</name>
		<pose>Unspecified</pose>
		<truncated>0</truncated>
		<difficult>0</difficult>
		<bndbox>
			<xmin>34.4</xmin>
			<ymin>180.8</ymin>
			<xmax>66.4</xmax>
			<ymax>212.8</ymax>
		</bndbox>
	</object>
	<object>
		<name>b6</name>
		<pose>Unspecified</pose>
		<truncated>0</truncated>
		<difficult>0</difficult>
		<bndbox>
			<xmin>89.12</xmin>
			<ymin>227.36</ymin>
			<xmax>121.12</xmax>
			<ymax>259.36</ymax>
		</bndbox>
	</object>
	<object>
		<name>b8</name>
		<pose>Unspecified</pose>
		<truncated>0</truncated>
		<difficult>0</difficult>
		<bndbox>
			<xmin>260.48</xmin>
			<ymin>64.64</ymin>
			<xmax>292.48</xmax>
			<ymax>96.64</ymax>
		</bndbox>
	</object>
	<object>
		<name>b5</name>
		<pose>Unspecified</pose>
		<truncated>0</truncated>
		<difficult>0</difficult>
		<bndbox>
			<xmin>99.2</xmin>
			<ymin>223.04</ymin>
			<xmax>131.2</xmax>
			<ymax>255.04</ymax>
		</bndbox>
	</object>
	<object>
		<name>b5</name>
		<pose>Unspecified</pose>
		<truncated>0</truncated>
		<difficult>0</difficult>
		<bndbox>
			<xmin>479.936</xmin>
			<ymin>120.512</ymin>
			<xmax>511.936</xmax>
			<ymax>152.512</ymax>
		</bndbox>
	</object>
	<object>
		<name>b2</name>
		<pose>Unspecified</pose>
		<truncated>0</truncated>
		<difficult>0</difficult>
		<bndbox>
			<xmin>104.269</xmin>
			<ymin>243.2</ymin>
			<xmax>136.269</xmax>
			<ymax>275.2</ymax>
		</bndbox>
	</object>
	<object>
		<name>b7</name>
		<pose>Unspecified</pose>
		<truncated>0</truncated>
		<difficult>0</difficult>
		<bndbox>
			<xmin>137.446</xmin>
			<ymin>207.949</ymin>
			<xmax>169.446</xmax>
			<ymax>239.949</ymax>
		</bndbox>
	</object>
	<object>
		<name>b9</name>
		<pose>Unspecified</pose>
		<truncated>0</truncated>
		<difficult>0</difficult>
		<bndbox>
			<xmin>232.832</xmin>
			<ymin>155.694</ymin>
			<xmax>264.832</xmax>
			<ymax>187.694</ymax>
		</bndbox>
	</object>
	<object>
		<name>b7</name>
		<pose>Unspecified</pose>
		<truncated>0</truncated>
		<difficult>0</difficult>
		<bndbox>
			<xmin>135.788</xmin>
			<ymin>207.949</ymin>
			<xmax>167.788</xmax>
			<ymax>239.949</ymax>
		</bndbox>
	</object>
	<object>
		<name>g1</name>
		<pose>Unspecified</pose>
		<truncated>0</truncated>
		<difficult>0</difficult>
		<bndbox>
			<xmin>180.577</xmin>
			<ymin>220.39</ymin>
			<xmax>212.577</xmax>
			<ymax>252.39</ymax>
		</bndbox>
	</object>
	<object>
		<name>b9</name>
		<pose>Unspecified</pose>
		<truncated>0</truncated>
		<difficult>0</difficult>
		<bndbox>
			<xmin>357.248</xmin>
			<ymin>270.655</ymin>
			<xmax>389.248</xmax>
			<ymax>302.655</ymax>
		</bndbox>
	</object>
	<object>
		<name>b8</name>
		<pose>Unspecified</pose>
		<truncated>0</truncated>
		<difficult>0</difficult>
		<bndbox>
			<xmin>237.809</xmin>
			<ymin>118.369</ymin>
			<xmax>269.809</xmax>
			<ymax>150.369</ymax>
		</bndbox>
	</object>
	<object>
		<name>b7</name>
		<pose>Unspecified</pose>
		<truncated>0</truncated>
		<difficult>0</difficult>
		<bndbox>
			<xmin>163.159</xmin>
			<ymin>103.439</ymin>
			<xmax>195.159</xmax>
			<ymax>135.439</ymax>
		</bndbox>
	</object>
	<object>
		<name>b6</name>
		<pose>Unspecified</pose>
		<truncated>0</truncated>
		<difficult>0</difficult>
		<bndbox>
			<xmin>456.98</xmin>
			<ymin>170.325</ymin>
			<xmax>488.98</xmax>
			<ymax>202.325</ymax>
		</bndbox>
	</object>
	<object>
		<name>g2</name>
		<pose>Unspecified</pose>
		<truncated>0</truncated>
		<difficult>0</difficult>
		<bndbox>
			<xmin>184</xmin>
			<ymin>309</ymin>
			<xmax>216</xmax>
			<ymax>341</ymax>
		</bndbox>
	</object>
	<object>
		<name>b4</name>
		<pose>Unspecified</pose>
		<truncated>0</truncated>
		<difficult>0</difficult>
		<bndbox>
			<xmin>651</xmin>
			<ymin>51</ymin>
			<xmax>683</xmax>
			<ymax>83</ymax>
		</bndbox>
	</object>
	<object>
		<name>b9</name>
		<pose>Unspecified</pose>
		<truncated>0</truncated>
		<difficult>0</difficult>
		<bndbox>
			<xmin>348</xmin>
			<ymin>267</ymin>
			<xmax>380</xmax>
			<ymax>299</ymax>
		</bndbox>
	</object>
	<object>
		<name>b9</name>
		<pose>Unspecified</pose>
		<truncated>0</truncated>
		<difficult>0</difficult>
		<bndbox>
			<xmin>138.8</xmin>
			<ymin>209.6</ymin>
			<xmax>170.8</xmax>
			<ymax>241.6</ymax>
		</bndbox>
	</object>
	<object>
		<name>g2</name>
		<pose>Unspecified</pose>
		<truncated>0</truncated>
		<difficult>0</difficult>
		<bndbox>
			<xmin>184.4</xmin>
			<ymin>309.2</ymin>
			<xmax>216.4</xmax>
			<ymax>341.2</ymax>
		</bndbox>
	</object>
	<object>
		<name>g1</name>
		<pose>Unspecified</pose>
		<truncated>0</truncated>
		<difficult>0</difficult>
		<bndbox>
			<xmin>51.2</xmin>
			<ymin>267.2</ymin>
			<xmax>83.2</xmax>
			<ymax>299.2</ymax>
		</bndbox>
	</object>
	<object>
		<name>g2</name>
		<pose>Unspecified</pose>
		<truncated>0</truncated>
		<difficult>0</difficult>
		<bndbox>
			<xmin>184.16</xmin>
			<ymin>308</ymin>
			<xmax>216.16</xmax>
			<ymax>340</ymax>
		</bndbox>
	</object>
	<object>
		<name>g1</name>
		<pose>Unspecified</pose>
		<truncated>0</truncated>
		<difficult>0</difficult>
		<bndbox>
			<xmin>169.76</xmin>
			<ymin>308</ymin>
			<xmax>201.76</xmax>
			<ymax>340</ymax>
		</bndbox>
	</object>
	<object>
		<name>b8</name>
		<pose>Unspecified</pose>
		<truncated>0</truncated>
		<difficult>0</difficult>
		<bndbox>
			<xmin>234.56</xmin>
			<ymin>76.16</ymin>
			<xmax>266.56</xmax>
			<ymax>108.16</ymax>
		</bndbox>
	</object>
	<object>
		<name>b7</name>
		<pose>Unspecified</pose>
		<truncated>0</truncated>
		<difficult>0</difficult>
		<bndbox>
			<xmin>123.968</xmin>
			<ymin>149.888</ymin>
			<xmax>155.968</xmax>
			<ymax>181.888</ymax>
		</bndbox>
	</object>
	<object>
		<name>b4</name>
		<pose>Unspecified</pose>
		<truncated>0</truncated>
		<difficult>0</difficult>
		<bndbox>
			<xmin>162.33</xmin>
			<ymin>104.269</ymin>
			<xmax>194.33</xmax>
			<ymax>136.269</ymax>
		</bndbox>
	</object>
	<object>
		<name>g10</name>
		<pose>Unspecified</pose>
		<truncated>0</truncated>
		<difficult>0</difficult>
		<bndbox>
			<xmin>170.624</xmin>
			<ymin>129.152</ymin>
			<xmax>202.624</xmax>
			<ymax>161.152</ymax>
		</bndbox>
	</object>
	<object>
		<name>b7</name>
		<pose>Unspecified</pose>
		<truncated>0</truncated>
		<difficult>0</difficult>
		<bndbox>
			<xmin>123.346</xmin>
			<ymin>153.206</ymin>
			<xmax>155.346</xmax>
			<ymax>185.206</ymax>
		</bndbox>
	</object>
	<object>
		<name>g1</name>
		<pose>Unspecified</pose>
		<truncated>0</truncated>
		<difficult>0</difficult>
		<bndbox>
			<xmin>180.577</xmin>
			<ymin>304.993</ymin>
			<xmax>212.577</xmax>
			<ymax>336.993</ymax>
		</bndbox>
	</object>
	<object>
		<name>b8</name>
		<pose>Unspecified</pose>
		<truncated>0</truncated>
		<difficult>0</difficult>
		<bndbox>
			<xmin>76.0679</xmin>
			<ymin>190.531</ymin>
			<xmax>108.068</xmax>
			<ymax>222.531</ymax>
		</bndbox>
	</object>
	<object>
		<name>b4</name>
		<pose>Unspecified</pose>
		<truncated>0</truncated>
		<difficult>0</difficult>
		<bndbox>
			<xmin>170.624</xmin>
			<ymin>108.416</ymin>
			<xmax>202.624</xmax>
			<ymax>140.416</ymax>
		</bndbox>
	</object>
</annotation>
