<annotation>
	<folder>VOC2007</folder>
	<filename>000116.jpg</filename>
	<source>
		<database>My Database</database>
		<annotation>VOC2007</annotation>
		<image>flickr</image>
		<flickrid>NULL</flickrid>
	</source>
	<owner>
		<flickrid>NULL</flickrid>
		<name>shaochunyan</name>
	</owner>
	<size>
		<width>720</width>
		<height>1280</height>
		<depth>3</depth>
	</size>
	<segmented>0</segmented>
	<object>
		<name>b4</name>
		<pose>Unspecified</pose>
		<truncated>0</truncated>
		<difficult>0</difficult>
		<bndbox>
			<xmin>618</xmin>
			<ymin>97</ymin>
			<xmax>650</xmax>
			<ymax>129</ymax>
		</bndbox>
	</object>
	<object>
		<name>b9</name>
		<pose>Unspecified</pose>
		<truncated>0</truncated>
		<difficult>0</difficult>
		<bndbox>
			<xmin>544</xmin>
			<ymin>409</ymin>
			<xmax>576</xmax>
			<ymax>441</ymax>
		</bndbox>
	</object>
	<object>
		<name>b7</name>
		<pose>Unspecified</pose>
		<truncated>0</truncated>
		<difficult>0</difficult>
		<bndbox>
			<xmin>615</xmin>
			<ymin>309</ymin>
			<xmax>647</xmax>
			<ymax>341</ymax>
		</bndbox>
	</object>
	<object>
		<name>g4</name>
		<pose>Unspecified</pose>
		<truncated>0</truncated>
		<difficult>0</difficult>
		<bndbox>
			<xmin>643</xmin>
			<ymin>147</ymin>
			<xmax>675</xmax>
			<ymax>179</ymax>
		</bndbox>
	</object>
	<object>
		<name>g1</name>
		<pose>Unspecified</pose>
		<truncated>0</truncated>
		<difficult>0</difficult>
		<bndbox>
			<xmin>549</xmin>
			<ymin>443</ymin>
			<xmax>581</xmax>
			<ymax>475</ymax>
		</bndbox>
	</object>
	<object>
		<name>b8</name>
		<pose>Unspecified</pose>
		<truncated>0</truncated>
		<difficult>0</difficult>
		<bndbox>
			<xmin>597.2</xmin>
			<ymin>290</ymin>
			<xmax>629.2</xmax>
			<ymax>322</ymax>
		</bndbox>
	</object>
	<object>
		<name>b8</name>
		<pose>Unspecified</pose>
		<truncated>0</truncated>
		<difficult>0</difficult>
		<bndbox>
			<xmin>623.6</xmin>
			<ymin>232.4</ymin>
			<xmax>655.6</xmax>
			<ymax>264.4</ymax>
		</bndbox>
	</object>
	<object>
		<name>g4</name>
		<pose>Unspecified</pose>
		<truncated>0</truncated>
		<difficult>0</difficult>
		<bndbox>
			<xmin>642.8</xmin>
			<ymin>147.2</ymin>
			<xmax>674.8</xmax>
			<ymax>179.2</ymax>
		</bndbox>
	</object>
	<object>
		<name>b8</name>
		<pose>Unspecified</pose>
		<truncated>0</truncated>
		<difficult>0</difficult>
		<bndbox>
			<xmin>596</xmin>
			<ymin>40.16</ymin>
			<xmax>628</xmax>
			<ymax>72.16</ymax>
		</bndbox>
	</object>
	<object>
		<name>b8</name>
		<pose>Unspecified</pose>
		<truncated>0</truncated>
		<difficult>0</difficult>
		<bndbox>
			<xmin>607.52</xmin>
			<ymin>483.68</ymin>
			<xmax>639.52</xmax>
			<ymax>515.68</ymax>
		</bndbox>
	</object>
	<object>
		<name>b6</name>
		<pose>Unspecified</pose>
		<truncated>0</truncated>
		<difficult>0</difficult>
		<bndbox>
			<xmin>617.6</xmin>
			<ymin>253.28</ymin>
			<xmax>649.6</xmax>
			<ymax>285.28</ymax>
		</bndbox>
	</object>
	<object>
		<name>b9</name>
		<pose>Unspecified</pose>
		<truncated>0</truncated>
		<difficult>0</difficult>
		<bndbox>
			<xmin>536.96</xmin>
			<ymin>38.72</ymin>
			<xmax>568.96</xmax>
			<ymax>70.72</ymax>
		</bndbox>
	</object>
	<object>
		<name>b6</name>
		<pose>Unspecified</pose>
		<truncated>0</truncated>
		<difficult>0</difficult>
		<bndbox>
			<xmin>618.176</xmin>
			<ymin>253.568</ymin>
			<xmax>650.176</xmax>
			<ymax>285.568</ymax>
		</bndbox>
	</object>
	<object>
		<name>b6</name>
		<pose>Unspecified</pose>
		<truncated>0</truncated>
		<difficult>0</difficult>
		<bndbox>
			<xmin>505.856</xmin>
			<ymin>384.896</ymin>
			<xmax>537.856</xmax>
			<ymax>416.896</ymax>
		</bndbox>
	</object>
	<object>
		<name>b7</name>
		<pose>Unspecified</pose>
		<truncated>0</truncated>
		<difficult>0</difficult>
		<bndbox>
			<xmin>612.301</xmin>
			<ymin>307.482</ymin>
			<xmax>644.301</xmax>
			<ymax>339.482</ymax>
		</bndbox>
	</object>
	<object>
		<name>b5</name>
		<pose>Unspecified</pose>
		<truncated>0</truncated>
		<difficult>0</difficult>
		<bndbox>
			<xmin>562.534</xmin>
			<ymin>342.733</ymin>
			<xmax>594.534</xmax>
			<ymax>374.733</ymax>
		</bndbox>
	</object>
	<object>
		<name>b6</name>
		<pose>Unspecified</pose>
		<truncated>0</truncated>
		<difficult>0</difficult>
		<bndbox>
			<xmin>616.033</xmin>
			<ymin>252.739</ymin>
			<xmax>648.033</xmax>
			<ymax>284.739</ymax>
		</bndbox>
	</object>
	<object>
		<name>b8</name>
		<pose>Unspecified</pose>
		<truncated>0</truncated>
		<difficult>0</difficult>
		<bndbox>
			<xmin>476.687</xmin>
			<ymin>215.414</ymin>
			<xmax>508.687</xmax>
			<ymax>247.414</ymax>
		</bndbox>
	</object>
	<object>
		<name>b5</name>
		<pose>Unspecified</pose>
		<truncated>0</truncated>
		<difficult>0</difficult>
		<bndbox>
			<xmin>521.477</xmin>
			<ymin>673.763</ymin>
			<xmax>553.477</xmax>
			<ymax>705.763</ymax>
		</bndbox>
	</object>
	<object>
		<name>b9</name>
		<pose>Unspecified</pose>
		<truncated>0</truncated>
		<difficult>0</difficult>
		<bndbox>
			<xmin>533.421</xmin>
			<ymin>652.861</ymin>
			<xmax>565.421</xmax>
			<ymax>684.861</ymax>
		</bndbox>
	</object>
	<object>
		<name>b8</name>
		<pose>Unspecified</pose>
		<truncated>0</truncated>
		<difficult>0</difficult>
		<bndbox>
			<xmin>496.395</xmin>
			<ymin>417.565</ymin>
			<xmax>528.395</xmax>
			<ymax>449.565</ymax>
		</bndbox>
	</object>
	<object>
		<name>b4</name>
		<pose>Unspecified</pose>
		<truncated>0</truncated>
		<difficult>0</difficult>
		<bndbox>
			<xmin>618</xmin>
			<ymin>97</ymin>
			<xmax>650</xmax>
			<ymax>129</ymax>
		</bndbox>
	</object>
	<object>
		<name>b9</name>
		<pose>Unspecified</pose>
		<truncated>0</truncated>
		<difficult>0</difficult>
		<bndbox>
			<xmin>544</xmin>
			<ymin>409</ymin>
			<xmax>576</xmax>
			<ymax>441</ymax>
		</bndbox>
	</object>
	<object>
		<name>b7</name>
		<pose>Unspecified</pose>
		<truncated>0</truncated>
		<difficult>0</difficult>
		<bndbox>
			<xmin>615</xmin>
			<ymin>309</ymin>
			<xmax>647</xmax>
			<ymax>341</ymax>
		</bndbox>
	</object>
	<object>
		<name>g4</name>
		<pose>Unspecified</pose>
		<truncated>0</truncated>
		<difficult>0</difficult>
		<bndbox>
			<xmin>643</xmin>
			<ymin>147</ymin>
			<xmax>675</xmax>
			<ymax>179</ymax>
		</bndbox>
	</object>
	<object>
		<name>g1</name>
		<pose>Unspecified</pose>
		<truncated>0</truncated>
		<difficult>0</difficult>
		<bndbox>
			<xmin>549</xmin>
			<ymin>443</ymin>
			<xmax>581</xmax>
			<ymax>475</ymax>
		</bndbox>
	</object>
	<object>
		<name>b8</name>
		<pose>Unspecified</pose>
		<truncated>0</truncated>
		<difficult>0</difficult>
		<bndbox>
			<xmin>597.2</xmin>
			<ymin>290</ymin>
			<xmax>629.2</xmax>
			<ymax>322</ymax>
		</bndbox>
	</object>
	<object>
		<name>b8</name>
		<pose>Unspecified</pose>
		<truncated>0</truncated>
		<difficult>0</difficult>
		<bndbox>
			<xmin>623.6</xmin>
			<ymin>232.4</ymin>
			<xmax>655.6</xmax>
			<ymax>264.4</ymax>
		</bndbox>
	</object>
	<object>
		<name>g4</name>
		<pose>Unspecified</pose>
		<truncated>0</truncated>
		<difficult>0</difficult>
		<bndbox>
			<xmin>642.8</xmin>
			<ymin>147.2</ymin>
			<xmax>674.8</xmax>
			<ymax>179.2</ymax>
		</bndbox>
	</object>
	<object>
		<name>b8</name>
		<pose>Unspecified</pose>
		<truncated>0</truncated>
		<difficult>0</difficult>
		<bndbox>
			<xmin>596</xmin>
			<ymin>40.16</ymin>
			<xmax>628</xmax>
			<ymax>72.16</ymax>
		</bndbox>
	</object>
	<object>
		<name>b8</name>
		<pose>Unspecified</pose>
		<truncated>0</truncated>
		<difficult>0</difficult>
		<bndbox>
			<xmin>607.52</xmin>
			<ymin>483.68</ymin>
			<xmax>639.52</xmax>
			<ymax>515.68</ymax>
		</bndbox>
	</object>
	<object>
		<name>b6</name>
		<pose>Unspecified</pose>
		<truncated>0</truncated>
		<difficult>0</difficult>
		<bndbox>
			<xmin>617.6</xmin>
			<ymin>253.28</ymin>
			<xmax>649.6</xmax>
			<ymax>285.28</ymax>
		</bndbox>
	</object>
	<object>
		<name>b9</name>
		<pose>Unspecified</pose>
		<truncated>0</truncated>
		<difficult>0</difficult>
		<bndbox>
			<xmin>536.96</xmin>
			<ymin>38.72</ymin>
			<xmax>568.96</xmax>
			<ymax>70.72</ymax>
		</bndbox>
	</object>
	<object>
		<name>b6</name>
		<pose>Unspecified</pose>
		<truncated>0</truncated>
		<difficult>0</difficult>
		<bndbox>
			<xmin>618.176</xmin>
			<ymin>253.568</ymin>
			<xmax>650.176</xmax>
			<ymax>285.568</ymax>
		</bndbox>
	</object>
	<object>
		<name>b6</name>
		<pose>Unspecified</pose>
		<truncated>0</truncated>
		<difficult>0</difficult>
		<bndbox>
			<xmin>505.856</xmin>
			<ymin>384.896</ymin>
			<xmax>537.856</xmax>
			<ymax>416.896</ymax>
		</bndbox>
	</object>
	<object>
		<name>b7</name>
		<pose>Unspecified</pose>
		<truncated>0</truncated>
		<difficult>0</difficult>
		<bndbox>
			<xmin>612.301</xmin>
			<ymin>307.482</ymin>
			<xmax>644.301</xmax>
			<ymax>339.482</ymax>
		</bndbox>
	</object>
	<object>
		<name>b5</name>
		<pose>Unspecified</pose>
		<truncated>0</truncated>
		<difficult>0</difficult>
		<bndbox>
			<xmin>562.534</xmin>
			<ymin>342.733</ymin>
			<xmax>594.534</xmax>
			<ymax>374.733</ymax>
		</bndbox>
	</object>
	<object>
		<name>b6</name>
		<pose>Unspecified</pose>
		<truncated>0</truncated>
		<difficult>0</difficult>
		<bndbox>
			<xmin>616.033</xmin>
			<ymin>252.739</ymin>
			<xmax>648.033</xmax>
			<ymax>284.739</ymax>
		</bndbox>
	</object>
	<object>
		<name>b8</name>
		<pose>Unspecified</pose>
		<truncated>0</truncated>
		<difficult>0</difficult>
		<bndbox>
			<xmin>476.687</xmin>
			<ymin>215.414</ymin>
			<xmax>508.687</xmax>
			<ymax>247.414</ymax>
		</bndbox>
	</object>
	<object>
		<name>b5</name>
		<pose>Unspecified</pose>
		<truncated>0</truncated>
		<difficult>0</difficult>
		<bndbox>
			<xmin>521.477</xmin>
			<ymin>673.763</ymin>
			<xmax>553.477</xmax>
			<ymax>705.763</ymax>
		</bndbox>
	</object>
	<object>
		<name>b9</name>
		<pose>Unspecified</pose>
		<truncated>0</truncated>
		<difficult>0</difficult>
		<bndbox>
			<xmin>533.421</xmin>
			<ymin>652.861</ymin>
			<xmax>565.421</xmax>
			<ymax>684.861</ymax>
		</bndbox>
	</object>
	<object>
		<name>b8</name>
		<pose>Unspecified</pose>
		<truncated>0</truncated>
		<difficult>0</difficult>
		<bndbox>
			<xmin>496.395</xmin>
			<ymin>417.565</ymin>
			<xmax>528.395</xmax>
			<ymax>449.565</ymax>
		</bndbox>
	</object>
	<object>
		<name>b4</name>
		<pose>Unspecified</pose>
		<truncated>0</truncated>
		<difficult>0</difficult>
		<bndbox>
			<xmin>618</xmin>
			<ymin>97</ymin>
			<xmax>650</xmax>
			<ymax>129</ymax>
		</bndbox>
	</object>
	<object>
		<name>b9</name>
		<pose>Unspecified</pose>
		<truncated>0</truncated>
		<difficult>0</difficult>
		<bndbox>
			<xmin>544</xmin>
			<ymin>409</ymin>
			<xmax>576</xmax>
			<ymax>441</ymax>
		</bndbox>
	</object>
	<object>
		<name>b7</name>
		<pose>Unspecified</pose>
		<truncated>0</truncated>
		<difficult>0</difficult>
		<bndbox>
			<xmin>615</xmin>
			<ymin>309</ymin>
			<xmax>647</xmax>
			<ymax>341</ymax>
		</bndbox>
	</object>
	<object>
		<name>g4</name>
		<pose>Unspecified</pose>
		<truncated>0</truncated>
		<difficult>0</difficult>
		<bndbox>
			<xmin>643</xmin>
			<ymin>147</ymin>
			<xmax>675</xmax>
			<ymax>179</ymax>
		</bndbox>
	</object>
	<object>
		<name>g1</name>
		<pose>Unspecified</pose>
		<truncated>0</truncated>
		<difficult>0</difficult>
		<bndbox>
			<xmin>549</xmin>
			<ymin>443</ymin>
			<xmax>581</xmax>
			<ymax>475</ymax>
		</bndbox>
	</object>
	<object>
		<name>b8</name>
		<pose>Unspecified</pose>
		<truncated>0</truncated>
		<difficult>0</difficult>
		<bndbox>
			<xmin>597.2</xmin>
			<ymin>290</ymin>
			<xmax>629.2</xmax>
			<ymax>322</ymax>
		</bndbox>
	</object>
	<object>
		<name>b8</name>
		<pose>Unspecified</pose>
		<truncated>0</truncated>
		<difficult>0</difficult>
		<bndbox>
			<xmin>623.6</xmin>
			<ymin>232.4</ymin>
			<xmax>655.6</xmax>
			<ymax>264.4</ymax>
		</bndbox>
	</object>
	<object>
		<name>g4</name>
		<pose>Unspecified</pose>
		<truncated>0</truncated>
		<difficult>0</difficult>
		<bndbox>
			<xmin>642.8</xmin>
			<ymin>147.2</ymin>
			<xmax>674.8</xmax>
			<ymax>179.2</ymax>
		</bndbox>
	</object>
	<object>
		<name>b8</name>
		<pose>Unspecified</pose>
		<truncated>0</truncated>
		<difficult>0</difficult>
		<bndbox>
			<xmin>596</xmin>
			<ymin>40.16</ymin>
			<xmax>628</xmax>
			<ymax>72.16</ymax>
		</bndbox>
	</object>
	<object>
		<name>b8</name>
		<pose>Unspecified</pose>
		<truncated>0</truncated>
		<difficult>0</difficult>
		<bndbox>
			<xmin>607.52</xmin>
			<ymin>483.68</ymin>
			<xmax>639.52</xmax>
			<ymax>515.68</ymax>
		</bndbox>
	</object>
	<object>
		<name>b6</name>
		<pose>Unspecified</pose>
		<truncated>0</truncated>
		<difficult>0</difficult>
		<bndbox>
			<xmin>617.6</xmin>
			<ymin>253.28</ymin>
			<xmax>649.6</xmax>
			<ymax>285.28</ymax>
		</bndbox>
	</object>
	<object>
		<name>b9</name>
		<pose>Unspecified</pose>
		<truncated>0</truncated>
		<difficult>0</difficult>
		<bndbox>
			<xmin>536.96</xmin>
			<ymin>38.72</ymin>
			<xmax>568.96</xmax>
			<ymax>70.72</ymax>
		</bndbox>
	</object>
	<object>
		<name>b6</name>
		<pose>Unspecified</pose>
		<truncated>0</truncated>
		<difficult>0</difficult>
		<bndbox>
			<xmin>618.176</xmin>
			<ymin>253.568</ymin>
			<xmax>650.176</xmax>
			<ymax>285.568</ymax>
		</bndbox>
	</object>
	<object>
		<name>b6</name>
		<pose>Unspecified</pose>
		<truncated>0</truncated>
		<difficult>0</difficult>
		<bndbox>
			<xmin>505.856</xmin>
			<ymin>384.896</ymin>
			<xmax>537.856</xmax>
			<ymax>416.896</ymax>
		</bndbox>
	</object>
	<object>
		<name>b7</name>
		<pose>Unspecified</pose>
		<truncated>0</truncated>
		<difficult>0</difficult>
		<bndbox>
			<xmin>612.301</xmin>
			<ymin>307.482</ymin>
			<xmax>644.301</xmax>
			<ymax>339.482</ymax>
		</bndbox>
	</object>
	<object>
		<name>b5</name>
		<pose>Unspecified</pose>
		<truncated>0</truncated>
		<difficult>0</difficult>
		<bndbox>
			<xmin>562.534</xmin>
			<ymin>342.733</ymin>
			<xmax>594.534</xmax>
			<ymax>374.733</ymax>
		</bndbox>
	</object>
	<object>
		<name>b6</name>
		<pose>Unspecified</pose>
		<truncated>0</truncated>
		<difficult>0</difficult>
		<bndbox>
			<xmin>616.033</xmin>
			<ymin>252.739</ymin>
			<xmax>648.033</xmax>
			<ymax>284.739</ymax>
		</bndbox>
	</object>
	<object>
		<name>b8</name>
		<pose>Unspecified</pose>
		<truncated>0</truncated>
		<difficult>0</difficult>
		<bndbox>
			<xmin>476.687</xmin>
			<ymin>215.414</ymin>
			<xmax>508.687</xmax>
			<ymax>247.414</ymax>
		</bndbox>
	</object>
	<object>
		<name>b5</name>
		<pose>Unspecified</pose>
		<truncated>0</truncated>
		<difficult>0</difficult>
		<bndbox>
			<xmin>521.477</xmin>
			<ymin>673.763</ymin>
			<xmax>553.477</xmax>
			<ymax>705.763</ymax>
		</bndbox>
	</object>
	<object>
		<name>b9</name>
		<pose>Unspecified</pose>
		<truncated>0</truncated>
		<difficult>0</difficult>
		<bndbox>
			<xmin>533.421</xmin>
			<ymin>652.861</ymin>
			<xmax>565.421</xmax>
			<ymax>684.861</ymax>
		</bndbox>
	</object>
	<object>
		<name>b8</name>
		<pose>Unspecified</pose>
		<truncated>0</truncated>
		<difficult>0</difficult>
		<bndbox>
			<xmin>496.395</xmin>
			<ymin>417.565</ymin>
			<xmax>528.395</xmax>
			<ymax>449.565</ymax>
		</bndbox>
	</object>
</annotation>
