<annotation>
	<folder>VOC2007</folder>
	<filename>000144.jpg</filename>
	<source>
		<database>My Database</database>
		<annotation>VOC2007</annotation>
		<image>flickr</image>
		<flickrid>NULL</flickrid>
	</source>
	<owner>
		<flickrid>NULL</flickrid>
		<name>shaochunyan</name>
	</owner>
	<size>
		<width>720</width>
		<height>1280</height>
		<depth>3</depth>
	</size>
	<segmented>0</segmented>
	<object>
		<name>b8</name>
		<pose>Unspecified</pose>
		<truncated>0</truncated>
		<difficult>0</difficult>
		<bndbox>
			<xmin>103</xmin>
			<ymin>34</ymin>
			<xmax>135</xmax>
			<ymax>66</ymax>
		</bndbox>
	</object>
	<object>
		<name>g1</name>
		<pose>Unspecified</pose>
		<truncated>0</truncated>
		<difficult>0</difficult>
		<bndbox>
			<xmin>269</xmin>
			<ymin>629</ymin>
			<xmax>301</xmax>
			<ymax>661</ymax>
		</bndbox>
	</object>
	<object>
		<name>b7</name>
		<pose>Unspecified</pose>
		<truncated>0</truncated>
		<difficult>0</difficult>
		<bndbox>
			<xmin>63</xmin>
			<ymin>313</ymin>
			<xmax>95</xmax>
			<ymax>345</ymax>
		</bndbox>
	</object>
	<object>
		<name>b8</name>
		<pose>Unspecified</pose>
		<truncated>0</truncated>
		<difficult>0</difficult>
		<bndbox>
			<xmin>121</xmin>
			<ymin>144</ymin>
			<xmax>153</xmax>
			<ymax>176</ymax>
		</bndbox>
	</object>
	<object>
		<name>b6</name>
		<pose>Unspecified</pose>
		<truncated>0</truncated>
		<difficult>0</difficult>
		<bndbox>
			<xmin>495</xmin>
			<ymin>121</ymin>
			<xmax>527</xmax>
			<ymax>153</ymax>
		</bndbox>
	</object>
	<object>
		<name>b7</name>
		<pose>Unspecified</pose>
		<truncated>0</truncated>
		<difficult>0</difficult>
		<bndbox>
			<xmin>65.6</xmin>
			<ymin>320</ymin>
			<xmax>97.6</xmax>
			<ymax>352</ymax>
		</bndbox>
	</object>
	<object>
		<name>b8</name>
		<pose>Unspecified</pose>
		<truncated>0</truncated>
		<difficult>0</difficult>
		<bndbox>
			<xmin>136.064</xmin>
			<ymin>37.568</ymin>
			<xmax>168.064</xmax>
			<ymax>69.568</ymax>
		</bndbox>
	</object>
	<object>
		<name>b9</name>
		<pose>Unspecified</pose>
		<truncated>0</truncated>
		<difficult>0</difficult>
		<bndbox>
			<xmin>94.592</xmin>
			<ymin>120.512</ymin>
			<xmax>126.592</xmax>
			<ymax>152.512</ymax>
		</bndbox>
	</object>
	<object>
		<name>g1</name>
		<pose>Unspecified</pose>
		<truncated>0</truncated>
		<difficult>0</difficult>
		<bndbox>
			<xmin>267.392</xmin>
			<ymin>628.544</ymin>
			<xmax>299.392</xmax>
			<ymax>660.544</ymax>
		</bndbox>
	</object>
	<object>
		<name>g10</name>
		<pose>Unspecified</pose>
		<truncated>0</truncated>
		<difficult>0</difficult>
		<bndbox>
			<xmin>538.688</xmin>
			<ymin>47.936</ymin>
			<xmax>570.688</xmax>
			<ymax>79.936</ymax>
		</bndbox>
	</object>
	<object>
		<name>b7</name>
		<pose>Unspecified</pose>
		<truncated>0</truncated>
		<difficult>0</difficult>
		<bndbox>
			<xmin>71.0912</xmin>
			<ymin>311.629</ymin>
			<xmax>103.091</xmax>
			<ymax>343.629</ymax>
		</bndbox>
	</object>
	<object>
		<name>b5</name>
		<pose>Unspecified</pose>
		<truncated>0</truncated>
		<difficult>0</difficult>
		<bndbox>
			<xmin>62.7968</xmin>
			<ymin>85.6064</ymin>
			<xmax>94.7968</xmax>
			<ymax>117.606</ymax>
		</bndbox>
	</object>
	<object>
		<name>b8</name>
		<pose>Unspecified</pose>
		<truncated>0</truncated>
		<difficult>0</difficult>
		<bndbox>
			<xmin>86.0211</xmin>
			<ymin>292.552</ymin>
			<xmax>118.021</xmax>
			<ymax>324.552</ymax>
		</bndbox>
	</object>
	<object>
		<name>b4</name>
		<pose>Unspecified</pose>
		<truncated>0</truncated>
		<difficult>0</difficult>
		<bndbox>
			<xmin>434.884</xmin>
			<ymin>620.015</ymin>
			<xmax>466.884</xmax>
			<ymax>652.015</ymax>
		</bndbox>
	</object>
	<object>
		<name>b4</name>
		<pose>Unspecified</pose>
		<truncated>0</truncated>
		<difficult>0</difficult>
		<bndbox>
			<xmin>467.73</xmin>
			<ymin>603.89</ymin>
			<xmax>499.73</xmax>
			<ymax>635.89</ymax>
		</bndbox>
	</object>
	<object>
		<name>b4</name>
		<pose>Unspecified</pose>
		<truncated>0</truncated>
		<difficult>0</difficult>
		<bndbox>
			<xmin>435.481</xmin>
			<ymin>618.223</ymin>
			<xmax>467.481</xmax>
			<ymax>650.223</ymax>
		</bndbox>
	</object>
	<object>
		<name>b8</name>
		<pose>Unspecified</pose>
		<truncated>0</truncated>
		<difficult>0</difficult>
		<bndbox>
			<xmin>103</xmin>
			<ymin>34</ymin>
			<xmax>135</xmax>
			<ymax>66</ymax>
		</bndbox>
	</object>
	<object>
		<name>g1</name>
		<pose>Unspecified</pose>
		<truncated>0</truncated>
		<difficult>0</difficult>
		<bndbox>
			<xmin>269</xmin>
			<ymin>629</ymin>
			<xmax>301</xmax>
			<ymax>661</ymax>
		</bndbox>
	</object>
	<object>
		<name>b7</name>
		<pose>Unspecified</pose>
		<truncated>0</truncated>
		<difficult>0</difficult>
		<bndbox>
			<xmin>63</xmin>
			<ymin>313</ymin>
			<xmax>95</xmax>
			<ymax>345</ymax>
		</bndbox>
	</object>
	<object>
		<name>b8</name>
		<pose>Unspecified</pose>
		<truncated>0</truncated>
		<difficult>0</difficult>
		<bndbox>
			<xmin>121</xmin>
			<ymin>144</ymin>
			<xmax>153</xmax>
			<ymax>176</ymax>
		</bndbox>
	</object>
	<object>
		<name>b6</name>
		<pose>Unspecified</pose>
		<truncated>0</truncated>
		<difficult>0</difficult>
		<bndbox>
			<xmin>495</xmin>
			<ymin>121</ymin>
			<xmax>527</xmax>
			<ymax>153</ymax>
		</bndbox>
	</object>
	<object>
		<name>b7</name>
		<pose>Unspecified</pose>
		<truncated>0</truncated>
		<difficult>0</difficult>
		<bndbox>
			<xmin>65.6</xmin>
			<ymin>320</ymin>
			<xmax>97.6</xmax>
			<ymax>352</ymax>
		</bndbox>
	</object>
	<object>
		<name>b8</name>
		<pose>Unspecified</pose>
		<truncated>0</truncated>
		<difficult>0</difficult>
		<bndbox>
			<xmin>136.064</xmin>
			<ymin>37.568</ymin>
			<xmax>168.064</xmax>
			<ymax>69.568</ymax>
		</bndbox>
	</object>
	<object>
		<name>b9</name>
		<pose>Unspecified</pose>
		<truncated>0</truncated>
		<difficult>0</difficult>
		<bndbox>
			<xmin>94.592</xmin>
			<ymin>120.512</ymin>
			<xmax>126.592</xmax>
			<ymax>152.512</ymax>
		</bndbox>
	</object>
	<object>
		<name>g1</name>
		<pose>Unspecified</pose>
		<truncated>0</truncated>
		<difficult>0</difficult>
		<bndbox>
			<xmin>267.392</xmin>
			<ymin>628.544</ymin>
			<xmax>299.392</xmax>
			<ymax>660.544</ymax>
		</bndbox>
	</object>
	<object>
		<name>g10</name>
		<pose>Unspecified</pose>
		<truncated>0</truncated>
		<difficult>0</difficult>
		<bndbox>
			<xmin>538.688</xmin>
			<ymin>47.936</ymin>
			<xmax>570.688</xmax>
			<ymax>79.936</ymax>
		</bndbox>
	</object>
	<object>
		<name>b7</name>
		<pose>Unspecified</pose>
		<truncated>0</truncated>
		<difficult>0</difficult>
		<bndbox>
			<xmin>71.0912</xmin>
			<ymin>311.629</ymin>
			<xmax>103.091</xmax>
			<ymax>343.629</ymax>
		</bndbox>
	</object>
	<object>
		<name>b5</name>
		<pose>Unspecified</pose>
		<truncated>0</truncated>
		<difficult>0</difficult>
		<bndbox>
			<xmin>62.7968</xmin>
			<ymin>85.6064</ymin>
			<xmax>94.7968</xmax>
			<ymax>117.606</ymax>
		</bndbox>
	</object>
	<object>
		<name>b8</name>
		<pose>Unspecified</pose>
		<truncated>0</truncated>
		<difficult>0</difficult>
		<bndbox>
			<xmin>86.0211</xmin>
			<ymin>292.552</ymin>
			<xmax>118.021</xmax>
			<ymax>324.552</ymax>
		</bndbox>
	</object>
	<object>
		<name>b4</name>
		<pose>Unspecified</pose>
		<truncated>0</truncated>
		<difficult>0</difficult>
		<bndbox>
			<xmin>434.884</xmin>
			<ymin>620.015</ymin>
			<xmax>466.884</xmax>
			<ymax>652.015</ymax>
		</bndbox>
	</object>
	<object>
		<name>b4</name>
		<pose>Unspecified</pose>
		<truncated>0</truncated>
		<difficult>0</difficult>
		<bndbox>
			<xmin>467.73</xmin>
			<ymin>603.89</ymin>
			<xmax>499.73</xmax>
			<ymax>635.89</ymax>
		</bndbox>
	</object>
	<object>
		<name>b4</name>
		<pose>Unspecified</pose>
		<truncated>0</truncated>
		<difficult>0</difficult>
		<bndbox>
			<xmin>435.481</xmin>
			<ymin>618.223</ymin>
			<xmax>467.481</xmax>
			<ymax>650.223</ymax>
		</bndbox>
	</object>
	<object>
		<name>b8</name>
		<pose>Unspecified</pose>
		<truncated>0</truncated>
		<difficult>0</difficult>
		<bndbox>
			<xmin>103</xmin>
			<ymin>34</ymin>
			<xmax>135</xmax>
			<ymax>66</ymax>
		</bndbox>
	</object>
	<object>
		<name>g1</name>
		<pose>Unspecified</pose>
		<truncated>0</truncated>
		<difficult>0</difficult>
		<bndbox>
			<xmin>269</xmin>
			<ymin>629</ymin>
			<xmax>301</xmax>
			<ymax>661</ymax>
		</bndbox>
	</object>
	<object>
		<name>b7</name>
		<pose>Unspecified</pose>
		<truncated>0</truncated>
		<difficult>0</difficult>
		<bndbox>
			<xmin>63</xmin>
			<ymin>313</ymin>
			<xmax>95</xmax>
			<ymax>345</ymax>
		</bndbox>
	</object>
	<object>
		<name>b8</name>
		<pose>Unspecified</pose>
		<truncated>0</truncated>
		<difficult>0</difficult>
		<bndbox>
			<xmin>121</xmin>
			<ymin>144</ymin>
			<xmax>153</xmax>
			<ymax>176</ymax>
		</bndbox>
	</object>
	<object>
		<name>b6</name>
		<pose>Unspecified</pose>
		<truncated>0</truncated>
		<difficult>0</difficult>
		<bndbox>
			<xmin>495</xmin>
			<ymin>121</ymin>
			<xmax>527</xmax>
			<ymax>153</ymax>
		</bndbox>
	</object>
	<object>
		<name>b7</name>
		<pose>Unspecified</pose>
		<truncated>0</truncated>
		<difficult>0</difficult>
		<bndbox>
			<xmin>65.6</xmin>
			<ymin>320</ymin>
			<xmax>97.6</xmax>
			<ymax>352</ymax>
		</bndbox>
	</object>
	<object>
		<name>b8</name>
		<pose>Unspecified</pose>
		<truncated>0</truncated>
		<difficult>0</difficult>
		<bndbox>
			<xmin>136.064</xmin>
			<ymin>37.568</ymin>
			<xmax>168.064</xmax>
			<ymax>69.568</ymax>
		</bndbox>
	</object>
	<object>
		<name>b9</name>
		<pose>Unspecified</pose>
		<truncated>0</truncated>
		<difficult>0</difficult>
		<bndbox>
			<xmin>94.592</xmin>
			<ymin>120.512</ymin>
			<xmax>126.592</xmax>
			<ymax>152.512</ymax>
		</bndbox>
	</object>
	<object>
		<name>g1</name>
		<pose>Unspecified</pose>
		<truncated>0</truncated>
		<difficult>0</difficult>
		<bndbox>
			<xmin>267.392</xmin>
			<ymin>628.544</ymin>
			<xmax>299.392</xmax>
			<ymax>660.544</ymax>
		</bndbox>
	</object>
	<object>
		<name>g10</name>
		<pose>Unspecified</pose>
		<truncated>0</truncated>
		<difficult>0</difficult>
		<bndbox>
			<xmin>538.688</xmin>
			<ymin>47.936</ymin>
			<xmax>570.688</xmax>
			<ymax>79.936</ymax>
		</bndbox>
	</object>
	<object>
		<name>b7</name>
		<pose>Unspecified</pose>
		<truncated>0</truncated>
		<difficult>0</difficult>
		<bndbox>
			<xmin>71.0912</xmin>
			<ymin>311.629</ymin>
			<xmax>103.091</xmax>
			<ymax>343.629</ymax>
		</bndbox>
	</object>
	<object>
		<name>b5</name>
		<pose>Unspecified</pose>
		<truncated>0</truncated>
		<difficult>0</difficult>
		<bndbox>
			<xmin>62.7968</xmin>
			<ymin>85.6064</ymin>
			<xmax>94.7968</xmax>
			<ymax>117.606</ymax>
		</bndbox>
	</object>
	<object>
		<name>b8</name>
		<pose>Unspecified</pose>
		<truncated>0</truncated>
		<difficult>0</difficult>
		<bndbox>
			<xmin>86.0211</xmin>
			<ymin>292.552</ymin>
			<xmax>118.021</xmax>
			<ymax>324.552</ymax>
		</bndbox>
	</object>
	<object>
		<name>b4</name>
		<pose>Unspecified</pose>
		<truncated>0</truncated>
		<difficult>0</difficult>
		<bndbox>
			<xmin>434.884</xmin>
			<ymin>620.015</ymin>
			<xmax>466.884</xmax>
			<ymax>652.015</ymax>
		</bndbox>
	</object>
	<object>
		<name>b4</name>
		<pose>Unspecified</pose>
		<truncated>0</truncated>
		<difficult>0</difficult>
		<bndbox>
			<xmin>467.73</xmin>
			<ymin>603.89</ymin>
			<xmax>499.73</xmax>
			<ymax>635.89</ymax>
		</bndbox>
	</object>
	<object>
		<name>b4</name>
		<pose>Unspecified</pose>
		<truncated>0</truncated>
		<difficult>0</difficult>
		<bndbox>
			<xmin>435.481</xmin>
			<ymin>618.223</ymin>
			<xmax>467.481</xmax>
			<ymax>650.223</ymax>
		</bndbox>
	</object>
</annotation>
