<annotation>
	<folder>VOC2007</folder>
	<filename>000166.jpg</filename>
	<source>
		<database>My Database</database>
		<annotation>VOC2007</annotation>
		<image>flickr</image>
		<flickrid>NULL</flickrid>
	</source>
	<owner>
		<flickrid>NULL</flickrid>
		<name>shaochunyan</name>
	</owner>
	<size>
		<width>720</width>
		<height>1280</height>
		<depth>3</depth>
	</size>
	<segmented>0</segmented>
	<object>
		<name>b4</name>
		<pose>Unspecified</pose>
		<truncated>0</truncated>
		<difficult>0</difficult>
		<bndbox>
			<xmin>371</xmin>
			<ymin>533</ymin>
			<xmax>403</xmax>
			<ymax>565</ymax>
		</bndbox>
	</object>
	<object>
		<name>b4</name>
		<pose>Unspecified</pose>
		<truncated>0</truncated>
		<difficult>0</difficult>
		<bndbox>
			<xmin>333</xmin>
			<ymin>548</ymin>
			<xmax>365</xmax>
			<ymax>580</ymax>
		</bndbox>
	</object>
	<object>
		<name>b5</name>
		<pose>Unspecified</pose>
		<truncated>0</truncated>
		<difficult>0</difficult>
		<bndbox>
			<xmin>371</xmin>
			<ymin>538</ymin>
			<xmax>403</xmax>
			<ymax>570</ymax>
		</bndbox>
	</object>
	<object>
		<name>b9</name>
		<pose>Unspecified</pose>
		<truncated>0</truncated>
		<difficult>0</difficult>
		<bndbox>
			<xmin>449.6</xmin>
			<ymin>508.4</ymin>
			<xmax>481.6</xmax>
			<ymax>540.4</ymax>
		</bndbox>
	</object>
	<object>
		<name>b6</name>
		<pose>Unspecified</pose>
		<truncated>0</truncated>
		<difficult>0</difficult>
		<bndbox>
			<xmin>342.56</xmin>
			<ymin>539.84</ymin>
			<xmax>374.56</xmax>
			<ymax>571.84</ymax>
		</bndbox>
	</object>
	<object>
		<name>b8</name>
		<pose>Unspecified</pose>
		<truncated>0</truncated>
		<difficult>0</difficult>
		<bndbox>
			<xmin>306.56</xmin>
			<ymin>557.12</ymin>
			<xmax>338.56</xmax>
			<ymax>589.12</ymax>
		</bndbox>
	</object>
	<object>
		<name>b4</name>
		<pose>Unspecified</pose>
		<truncated>0</truncated>
		<difficult>0</difficult>
		<bndbox>
			<xmin>367.04</xmin>
			<ymin>531.2</ymin>
			<xmax>399.04</xmax>
			<ymax>563.2</ymax>
		</bndbox>
	</object>
	<object>
		<name>b7</name>
		<pose>Unspecified</pose>
		<truncated>0</truncated>
		<difficult>0</difficult>
		<bndbox>
			<xmin>395.264</xmin>
			<ymin>37.568</ymin>
			<xmax>427.264</xmax>
			<ymax>69.568</ymax>
		</bndbox>
	</object>
	<object>
		<name>b9</name>
		<pose>Unspecified</pose>
		<truncated>0</truncated>
		<difficult>0</difficult>
		<bndbox>
			<xmin>386.624</xmin>
			<ymin>486.848</ymin>
			<xmax>418.624</xmax>
			<ymax>518.848</ymax>
		</bndbox>
	</object>
	<object>
		<name>b5</name>
		<pose>Unspecified</pose>
		<truncated>0</truncated>
		<difficult>0</difficult>
		<bndbox>
			<xmin>357.248</xmin>
			<ymin>529.357</ymin>
			<xmax>389.248</xmax>
			<ymax>561.357</ymax>
		</bndbox>
	</object>
	<object>
		<name>b5</name>
		<pose>Unspecified</pose>
		<truncated>0</truncated>
		<difficult>0</difficult>
		<bndbox>
			<xmin>270.157</xmin>
			<ymin>533.504</ymin>
			<xmax>302.157</xmax>
			<ymax>565.504</ymax>
		</bndbox>
	</object>
	<object>
		<name>b4</name>
		<pose>Unspecified</pose>
		<truncated>0</truncated>
		<difficult>0</difficult>
		<bndbox>
			<xmin>334.853</xmin>
			<ymin>546.36</ymin>
			<xmax>366.853</xmax>
			<ymax>578.36</ymax>
		</bndbox>
	</object>
	<object>
		<name>b7</name>
		<pose>Unspecified</pose>
		<truncated>0</truncated>
		<difficult>0</difficult>
		<bndbox>
			<xmin>237.809</xmin>
			<ymin>542.379</ymin>
			<xmax>269.809</xmax>
			<ymax>574.379</ymax>
		</bndbox>
	</object>
	<object>
		<name>b9</name>
		<pose>Unspecified</pose>
		<truncated>0</truncated>
		<difficult>0</difficult>
		<bndbox>
			<xmin>195.408</xmin>
			<ymin>503.561</ymin>
			<xmax>227.408</xmax>
			<ymax>535.561</ymax>
		</bndbox>
	</object>
	<object>
		<name>b6</name>
		<pose>Unspecified</pose>
		<truncated>0</truncated>
		<difficult>0</difficult>
		<bndbox>
			<xmin>270.655</xmin>
			<ymin>532.227</ymin>
			<xmax>302.655</xmax>
			<ymax>564.227</ymax>
		</bndbox>
	</object>
	<object>
		<name>b9</name>
		<pose>Unspecified</pose>
		<truncated>0</truncated>
		<difficult>0</difficult>
		<bndbox>
			<xmin>295.737</xmin>
			<ymin>539.393</ymin>
			<xmax>327.737</xmax>
			<ymax>571.393</ymax>
		</bndbox>
	</object>
	<object>
		<name>b4</name>
		<pose>Unspecified</pose>
		<truncated>0</truncated>
		<difficult>0</difficult>
		<bndbox>
			<xmin>371</xmin>
			<ymin>533</ymin>
			<xmax>403</xmax>
			<ymax>565</ymax>
		</bndbox>
	</object>
	<object>
		<name>b4</name>
		<pose>Unspecified</pose>
		<truncated>0</truncated>
		<difficult>0</difficult>
		<bndbox>
			<xmin>333</xmin>
			<ymin>548</ymin>
			<xmax>365</xmax>
			<ymax>580</ymax>
		</bndbox>
	</object>
	<object>
		<name>b5</name>
		<pose>Unspecified</pose>
		<truncated>0</truncated>
		<difficult>0</difficult>
		<bndbox>
			<xmin>371</xmin>
			<ymin>538</ymin>
			<xmax>403</xmax>
			<ymax>570</ymax>
		</bndbox>
	</object>
	<object>
		<name>b9</name>
		<pose>Unspecified</pose>
		<truncated>0</truncated>
		<difficult>0</difficult>
		<bndbox>
			<xmin>449.6</xmin>
			<ymin>508.4</ymin>
			<xmax>481.6</xmax>
			<ymax>540.4</ymax>
		</bndbox>
	</object>
	<object>
		<name>b6</name>
		<pose>Unspecified</pose>
		<truncated>0</truncated>
		<difficult>0</difficult>
		<bndbox>
			<xmin>342.56</xmin>
			<ymin>539.84</ymin>
			<xmax>374.56</xmax>
			<ymax>571.84</ymax>
		</bndbox>
	</object>
	<object>
		<name>b8</name>
		<pose>Unspecified</pose>
		<truncated>0</truncated>
		<difficult>0</difficult>
		<bndbox>
			<xmin>306.56</xmin>
			<ymin>557.12</ymin>
			<xmax>338.56</xmax>
			<ymax>589.12</ymax>
		</bndbox>
	</object>
	<object>
		<name>b4</name>
		<pose>Unspecified</pose>
		<truncated>0</truncated>
		<difficult>0</difficult>
		<bndbox>
			<xmin>367.04</xmin>
			<ymin>531.2</ymin>
			<xmax>399.04</xmax>
			<ymax>563.2</ymax>
		</bndbox>
	</object>
	<object>
		<name>b7</name>
		<pose>Unspecified</pose>
		<truncated>0</truncated>
		<difficult>0</difficult>
		<bndbox>
			<xmin>395.264</xmin>
			<ymin>37.568</ymin>
			<xmax>427.264</xmax>
			<ymax>69.568</ymax>
		</bndbox>
	</object>
	<object>
		<name>b9</name>
		<pose>Unspecified</pose>
		<truncated>0</truncated>
		<difficult>0</difficult>
		<bndbox>
			<xmin>386.624</xmin>
			<ymin>486.848</ymin>
			<xmax>418.624</xmax>
			<ymax>518.848</ymax>
		</bndbox>
	</object>
	<object>
		<name>b5</name>
		<pose>Unspecified</pose>
		<truncated>0</truncated>
		<difficult>0</difficult>
		<bndbox>
			<xmin>357.248</xmin>
			<ymin>529.357</ymin>
			<xmax>389.248</xmax>
			<ymax>561.357</ymax>
		</bndbox>
	</object>
	<object>
		<name>b5</name>
		<pose>Unspecified</pose>
		<truncated>0</truncated>
		<difficult>0</difficult>
		<bndbox>
			<xmin>270.157</xmin>
			<ymin>533.504</ymin>
			<xmax>302.157</xmax>
			<ymax>565.504</ymax>
		</bndbox>
	</object>
	<object>
		<name>b4</name>
		<pose>Unspecified</pose>
		<truncated>0</truncated>
		<difficult>0</difficult>
		<bndbox>
			<xmin>334.853</xmin>
			<ymin>546.36</ymin>
			<xmax>366.853</xmax>
			<ymax>578.36</ymax>
		</bndbox>
	</object>
	<object>
		<name>b7</name>
		<pose>Unspecified</pose>
		<truncated>0</truncated>
		<difficult>0</difficult>
		<bndbox>
			<xmin>237.809</xmin>
			<ymin>542.379</ymin>
			<xmax>269.809</xmax>
			<ymax>574.379</ymax>
		</bndbox>
	</object>
	<object>
		<name>b9</name>
		<pose>Unspecified</pose>
		<truncated>0</truncated>
		<difficult>0</difficult>
		<bndbox>
			<xmin>195.408</xmin>
			<ymin>503.561</ymin>
			<xmax>227.408</xmax>
			<ymax>535.561</ymax>
		</bndbox>
	</object>
	<object>
		<name>b6</name>
		<pose>Unspecified</pose>
		<truncated>0</truncated>
		<difficult>0</difficult>
		<bndbox>
			<xmin>270.655</xmin>
			<ymin>532.227</ymin>
			<xmax>302.655</xmax>
			<ymax>564.227</ymax>
		</bndbox>
	</object>
	<object>
		<name>b9</name>
		<pose>Unspecified</pose>
		<truncated>0</truncated>
		<difficult>0</difficult>
		<bndbox>
			<xmin>295.737</xmin>
			<ymin>539.393</ymin>
			<xmax>327.737</xmax>
			<ymax>571.393</ymax>
		</bndbox>
	</object>
	<object>
		<name>b4</name>
		<pose>Unspecified</pose>
		<truncated>0</truncated>
		<difficult>0</difficult>
		<bndbox>
			<xmin>371</xmin>
			<ymin>533</ymin>
			<xmax>403</xmax>
			<ymax>565</ymax>
		</bndbox>
	</object>
	<object>
		<name>b4</name>
		<pose>Unspecified</pose>
		<truncated>0</truncated>
		<difficult>0</difficult>
		<bndbox>
			<xmin>333</xmin>
			<ymin>548</ymin>
			<xmax>365</xmax>
			<ymax>580</ymax>
		</bndbox>
	</object>
	<object>
		<name>b5</name>
		<pose>Unspecified</pose>
		<truncated>0</truncated>
		<difficult>0</difficult>
		<bndbox>
			<xmin>371</xmin>
			<ymin>538</ymin>
			<xmax>403</xmax>
			<ymax>570</ymax>
		</bndbox>
	</object>
	<object>
		<name>b9</name>
		<pose>Unspecified</pose>
		<truncated>0</truncated>
		<difficult>0</difficult>
		<bndbox>
			<xmin>449.6</xmin>
			<ymin>508.4</ymin>
			<xmax>481.6</xmax>
			<ymax>540.4</ymax>
		</bndbox>
	</object>
	<object>
		<name>b6</name>
		<pose>Unspecified</pose>
		<truncated>0</truncated>
		<difficult>0</difficult>
		<bndbox>
			<xmin>342.56</xmin>
			<ymin>539.84</ymin>
			<xmax>374.56</xmax>
			<ymax>571.84</ymax>
		</bndbox>
	</object>
	<object>
		<name>b8</name>
		<pose>Unspecified</pose>
		<truncated>0</truncated>
		<difficult>0</difficult>
		<bndbox>
			<xmin>306.56</xmin>
			<ymin>557.12</ymin>
			<xmax>338.56</xmax>
			<ymax>589.12</ymax>
		</bndbox>
	</object>
	<object>
		<name>b4</name>
		<pose>Unspecified</pose>
		<truncated>0</truncated>
		<difficult>0</difficult>
		<bndbox>
			<xmin>367.04</xmin>
			<ymin>531.2</ymin>
			<xmax>399.04</xmax>
			<ymax>563.2</ymax>
		</bndbox>
	</object>
	<object>
		<name>b7</name>
		<pose>Unspecified</pose>
		<truncated>0</truncated>
		<difficult>0</difficult>
		<bndbox>
			<xmin>395.264</xmin>
			<ymin>37.568</ymin>
			<xmax>427.264</xmax>
			<ymax>69.568</ymax>
		</bndbox>
	</object>
	<object>
		<name>b9</name>
		<pose>Unspecified</pose>
		<truncated>0</truncated>
		<difficult>0</difficult>
		<bndbox>
			<xmin>386.624</xmin>
			<ymin>486.848</ymin>
			<xmax>418.624</xmax>
			<ymax>518.848</ymax>
		</bndbox>
	</object>
	<object>
		<name>b5</name>
		<pose>Unspecified</pose>
		<truncated>0</truncated>
		<difficult>0</difficult>
		<bndbox>
			<xmin>357.248</xmin>
			<ymin>529.357</ymin>
			<xmax>389.248</xmax>
			<ymax>561.357</ymax>
		</bndbox>
	</object>
	<object>
		<name>b5</name>
		<pose>Unspecified</pose>
		<truncated>0</truncated>
		<difficult>0</difficult>
		<bndbox>
			<xmin>270.157</xmin>
			<ymin>533.504</ymin>
			<xmax>302.157</xmax>
			<ymax>565.504</ymax>
		</bndbox>
	</object>
	<object>
		<name>b4</name>
		<pose>Unspecified</pose>
		<truncated>0</truncated>
		<difficult>0</difficult>
		<bndbox>
			<xmin>334.853</xmin>
			<ymin>546.36</ymin>
			<xmax>366.853</xmax>
			<ymax>578.36</ymax>
		</bndbox>
	</object>
	<object>
		<name>b7</name>
		<pose>Unspecified</pose>
		<truncated>0</truncated>
		<difficult>0</difficult>
		<bndbox>
			<xmin>237.809</xmin>
			<ymin>542.379</ymin>
			<xmax>269.809</xmax>
			<ymax>574.379</ymax>
		</bndbox>
	</object>
	<object>
		<name>b9</name>
		<pose>Unspecified</pose>
		<truncated>0</truncated>
		<difficult>0</difficult>
		<bndbox>
			<xmin>195.408</xmin>
			<ymin>503.561</ymin>
			<xmax>227.408</xmax>
			<ymax>535.561</ymax>
		</bndbox>
	</object>
	<object>
		<name>b6</name>
		<pose>Unspecified</pose>
		<truncated>0</truncated>
		<difficult>0</difficult>
		<bndbox>
			<xmin>270.655</xmin>
			<ymin>532.227</ymin>
			<xmax>302.655</xmax>
			<ymax>564.227</ymax>
		</bndbox>
	</object>
	<object>
		<name>b9</name>
		<pose>Unspecified</pose>
		<truncated>0</truncated>
		<difficult>0</difficult>
		<bndbox>
			<xmin>295.737</xmin>
			<ymin>539.393</ymin>
			<xmax>327.737</xmax>
			<ymax>571.393</ymax>
		</bndbox>
	</object>
</annotation>
