<annotation>
	<folder>VOC2007</folder>
	<filename>000185.jpg</filename>
	<source>
		<database>My Database</database>
		<annotation>VOC2007</annotation>
		<image>flickr</image>
		<flickrid>NULL</flickrid>
	</source>
	<owner>
		<flickrid>NULL</flickrid>
		<name>shaochunyan</name>
	</owner>
	<size>
		<width>720</width>
		<height>1280</height>
		<depth>3</depth>
	</size>
	<segmented>0</segmented>
	<object>
		<name>b5</name>
		<pose>Unspecified</pose>
		<truncated>0</truncated>
		<difficult>0</difficult>
		<bndbox>
			<xmin>282.8</xmin>
			<ymin>70.4</ymin>
			<xmax>314.8</xmax>
			<ymax>102.4</ymax>
		</bndbox>
	</object>
	<object>
		<name>b8</name>
		<pose>Unspecified</pose>
		<truncated>0</truncated>
		<difficult>0</difficult>
		<bndbox>
			<xmin>267.2</xmin>
			<ymin>116</ymin>
			<xmax>299.2</xmax>
			<ymax>148</ymax>
		</bndbox>
	</object>
	<object>
		<name>g1</name>
		<pose>Unspecified</pose>
		<truncated>0</truncated>
		<difficult>0</difficult>
		<bndbox>
			<xmin>75.2</xmin>
			<ymin>272</ymin>
			<xmax>107.2</xmax>
			<ymax>304</ymax>
		</bndbox>
	</object>
	<object>
		<name>g10</name>
		<pose>Unspecified</pose>
		<truncated>0</truncated>
		<difficult>0</difficult>
		<bndbox>
			<xmin>53.12</xmin>
			<ymin>115.04</ymin>
			<xmax>85.12</xmax>
			<ymax>147.04</ymax>
		</bndbox>
	</object>
	<object>
		<name>b8</name>
		<pose>Unspecified</pose>
		<truncated>0</truncated>
		<difficult>0</difficult>
		<bndbox>
			<xmin>467.84</xmin>
			<ymin>170.624</ymin>
			<xmax>499.84</xmax>
			<ymax>202.624</ymax>
		</bndbox>
	</object>
	<object>
		<name>g10</name>
		<pose>Unspecified</pose>
		<truncated>0</truncated>
		<difficult>0</difficult>
		<bndbox>
			<xmin>106.688</xmin>
			<ymin>241.472</ymin>
			<xmax>138.688</xmax>
			<ymax>273.472</ymax>
		</bndbox>
	</object>
	<object>
		<name>b4</name>
		<pose>Unspecified</pose>
		<truncated>0</truncated>
		<difficult>0</difficult>
		<bndbox>
			<xmin>137.446</xmin>
			<ymin>230.758</ymin>
			<xmax>169.446</xmax>
			<ymax>262.758</ymax>
		</bndbox>
	</object>
	<object>
		<name>b4</name>
		<pose>Unspecified</pose>
		<truncated>0</truncated>
		<difficult>0</difficult>
		<bndbox>
			<xmin>280.11</xmin>
			<ymin>83.5328</ymin>
			<xmax>312.11</xmax>
			<ymax>115.533</ymax>
		</bndbox>
	</object>
	<object>
		<name>b2</name>
		<pose>Unspecified</pose>
		<truncated>0</truncated>
		<difficult>0</difficult>
		<bndbox>
			<xmin>148.229</xmin>
			<ymin>193.019</ymin>
			<xmax>180.229</xmax>
			<ymax>225.019</ymax>
		</bndbox>
	</object>
	<object>
		<name>b5</name>
		<pose>Unspecified</pose>
		<truncated>0</truncated>
		<difficult>0</difficult>
		<bndbox>
			<xmin>163.159</xmin>
			<ymin>196.005</ymin>
			<xmax>195.159</xmax>
			<ymax>228.005</ymax>
		</bndbox>
	</object>
	<object>
		<name>g10</name>
		<pose>Unspecified</pose>
		<truncated>0</truncated>
		<difficult>0</difficult>
		<bndbox>
			<xmin>210.935</xmin>
			<ymin>715.566</ymin>
			<xmax>242.935</xmax>
			<ymax>747.566</ymax>
		</bndbox>
	</object>
	<object>
		<name>b8</name>
		<pose>Unspecified</pose>
		<truncated>0</truncated>
		<difficult>0</difficult>
		<bndbox>
			<xmin>241.989</xmin>
			<ymin>127.327</ymin>
			<xmax>273.989</xmax>
			<ymax>159.327</ymax>
		</bndbox>
	</object>
	<object>
		<name>b7</name>
		<pose>Unspecified</pose>
		<truncated>0</truncated>
		<difficult>0</difficult>
		<bndbox>
			<xmin>495.2</xmin>
			<ymin>106.4</ymin>
			<xmax>527.2</xmax>
			<ymax>138.4</ymax>
		</bndbox>
	</object>
	<object>
		<name>g10</name>
		<pose>Unspecified</pose>
		<truncated>0</truncated>
		<difficult>0</difficult>
		<bndbox>
			<xmin>272</xmin>
			<ymin>161.12</ymin>
			<xmax>304</xmax>
			<ymax>193.12</ymax>
		</bndbox>
	</object>
	<object>
		<name>b5</name>
		<pose>Unspecified</pose>
		<truncated>0</truncated>
		<difficult>0</difficult>
		<bndbox>
			<xmin>133.76</xmin>
			<ymin>117.92</ymin>
			<xmax>165.76</xmax>
			<ymax>149.92</ymax>
		</bndbox>
	</object>
	<object>
		<name>b5</name>
		<pose>Unspecified</pose>
		<truncated>0</truncated>
		<difficult>0</difficult>
		<bndbox>
			<xmin>83.36</xmin>
			<ymin>112.16</ymin>
			<xmax>115.36</xmax>
			<ymax>144.16</ymax>
		</bndbox>
	</object>
	<object>
		<name>b4</name>
		<pose>Unspecified</pose>
		<truncated>0</truncated>
		<difficult>0</difficult>
		<bndbox>
			<xmin>87.68</xmin>
			<ymin>184.448</ymin>
			<xmax>119.68</xmax>
			<ymax>216.448</ymax>
		</bndbox>
	</object>
	<object>
		<name>b6</name>
		<pose>Unspecified</pose>
		<truncated>0</truncated>
		<difficult>0</difficult>
		<bndbox>
			<xmin>486.848</xmin>
			<ymin>92.864</ymin>
			<xmax>518.848</xmax>
			<ymax>124.864</ymax>
		</bndbox>
	</object>
	<object>
		<name>g1</name>
		<pose>Unspecified</pose>
		<truncated>0</truncated>
		<difficult>0</difficult>
		<bndbox>
			<xmin>612.992</xmin>
			<ymin>54.848</ymin>
			<xmax>644.992</xmax>
			<ymax>86.848</ymax>
		</bndbox>
	</object>
	<object>
		<name>b6</name>
		<pose>Unspecified</pose>
		<truncated>0</truncated>
		<difficult>0</difficult>
		<bndbox>
			<xmin>228.685</xmin>
			<ymin>147.814</ymin>
			<xmax>260.685</xmax>
			<ymax>179.814</ymax>
		</bndbox>
	</object>
	<object>
		<name>b7</name>
		<pose>Unspecified</pose>
		<truncated>0</truncated>
		<difficult>0</difficult>
		<bndbox>
			<xmin>232.832</xmin>
			<ymin>193.019</ymin>
			<xmax>264.832</xmax>
			<ymax>225.019</ymax>
		</bndbox>
	</object>
	<object>
		<name>b5</name>
		<pose>Unspecified</pose>
		<truncated>0</truncated>
		<difficult>0</difficult>
		<bndbox>
			<xmin>170.624</xmin>
			<ymin>100.951</ymin>
			<xmax>202.624</xmax>
			<ymax>132.951</ymax>
		</bndbox>
	</object>
	<object>
		<name>b8</name>
		<pose>Unspecified</pose>
		<truncated>0</truncated>
		<difficult>0</difficult>
		<bndbox>
			<xmin>240.297</xmin>
			<ymin>130.811</ymin>
			<xmax>272.297</xmax>
			<ymax>162.811</ymax>
		</bndbox>
	</object>
	<object>
		<name>b7</name>
		<pose>Unspecified</pose>
		<truncated>0</truncated>
		<difficult>0</difficult>
		<bndbox>
			<xmin>282.598</xmin>
			<ymin>82.5375</ymin>
			<xmax>314.598</xmax>
			<ymax>114.537</ymax>
		</bndbox>
	</object>
	<object>
		<name>b5</name>
		<pose>Unspecified</pose>
		<truncated>0</truncated>
		<difficult>0</difficult>
		<bndbox>
			<xmin>145.243</xmin>
			<ymin>138.077</ymin>
			<xmax>177.243</xmax>
			<ymax>170.077</ymax>
		</bndbox>
	</object>
	<object>
		<name>b8</name>
		<pose>Unspecified</pose>
		<truncated>0</truncated>
		<difficult>0</difficult>
		<bndbox>
			<xmin>282.8</xmin>
			<ymin>70.4</ymin>
			<xmax>314.8</xmax>
			<ymax>102.4</ymax>
		</bndbox>
	</object>
	<object>
		<name>b5</name>
		<pose>Unspecified</pose>
		<truncated>0</truncated>
		<difficult>0</difficult>
		<bndbox>
			<xmin>267.2</xmin>
			<ymin>116</ymin>
			<xmax>299.2</xmax>
			<ymax>148</ymax>
		</bndbox>
	</object>
	<object>
		<name>b2</name>
		<pose>Unspecified</pose>
		<truncated>0</truncated>
		<difficult>0</difficult>
		<bndbox>
			<xmin>238.88</xmin>
			<ymin>179.84</ymin>
			<xmax>270.88</xmax>
			<ymax>211.84</ymax>
		</bndbox>
	</object>
	<object>
		<name>g10</name>
		<pose>Unspecified</pose>
		<truncated>0</truncated>
		<difficult>0</difficult>
		<bndbox>
			<xmin>299.36</xmin>
			<ymin>32.96</ymin>
			<xmax>331.36</xmax>
			<ymax>64.96</ymax>
		</bndbox>
	</object>
	<object>
		<name>b4</name>
		<pose>Unspecified</pose>
		<truncated>0</truncated>
		<difficult>0</difficult>
		<bndbox>
			<xmin>193.088</xmin>
			<ymin>295.04</ymin>
			<xmax>225.088</xmax>
			<ymax>327.04</ymax>
		</bndbox>
	</object>
	<object>
		<name>b4</name>
		<pose>Unspecified</pose>
		<truncated>0</truncated>
		<difficult>0</difficult>
		<bndbox>
			<xmin>232.832</xmin>
			<ymin>193.434</ymin>
			<xmax>264.832</xmax>
			<ymax>225.434</ymax>
		</bndbox>
	</object>
	<object>
		<name>b5</name>
		<pose>Unspecified</pose>
		<truncated>0</truncated>
		<difficult>0</difficult>
		<bndbox>
			<xmin>259.789</xmin>
			<ymin>125.005</ymin>
			<xmax>291.789</xmax>
			<ymax>157.005</ymax>
		</bndbox>
	</object>
	<object>
		<name>g10</name>
		<pose>Unspecified</pose>
		<truncated>0</truncated>
		<difficult>0</difficult>
		<bndbox>
			<xmin>402.867</xmin>
			<ymin>232.832</ymin>
			<xmax>434.867</xmax>
			<ymax>264.832</ymax>
		</bndbox>
	</object>
	<object>
		<name>b9</name>
		<pose>Unspecified</pose>
		<truncated>0</truncated>
		<difficult>0</difficult>
		<bndbox>
			<xmin>496.594</xmin>
			<ymin>108.416</ymin>
			<xmax>528.594</xmax>
			<ymax>140.416</ymax>
		</bndbox>
	</object>
	<object>
		<name>b5</name>
		<pose>Unspecified</pose>
		<truncated>0</truncated>
		<difficult>0</difficult>
		<bndbox>
			<xmin>154.201</xmin>
			<ymin>148.229</ymin>
			<xmax>186.201</xmax>
			<ymax>180.229</ymax>
		</bndbox>
	</object>
	<object>
		<name>g1</name>
		<pose>Unspecified</pose>
		<truncated>0</truncated>
		<difficult>0</difficult>
		<bndbox>
			<xmin>369.192</xmin>
			<ymin>315.444</ymin>
			<xmax>401.192</xmax>
			<ymax>347.444</ymax>
		</bndbox>
	</object>
	<object>
		<name>g10</name>
		<pose>Unspecified</pose>
		<truncated>0</truncated>
		<difficult>0</difficult>
		<bndbox>
			<xmin>363.22</xmin>
			<ymin>455.786</ymin>
			<xmax>395.22</xmax>
			<ymax>487.786</ymax>
		</bndbox>
	</object>
	<object>
		<name>b6</name>
		<pose>Unspecified</pose>
		<truncated>0</truncated>
		<difficult>0</difficult>
		<bndbox>
			<xmin>184.658</xmin>
			<ymin>112.995</ymin>
			<xmax>216.658</xmax>
			<ymax>144.995</ymax>
		</bndbox>
	</object>
	<object>
		<name>b2</name>
		<pose>Unspecified</pose>
		<truncated>0</truncated>
		<difficult>0</difficult>
		<bndbox>
			<xmin>202.574</xmin>
			<ymin>302.903</ymin>
			<xmax>234.574</xmax>
			<ymax>334.903</ymax>
		</bndbox>
	</object>
	<object>
		<name>g1</name>
		<pose>Unspecified</pose>
		<truncated>0</truncated>
		<difficult>0</difficult>
		<bndbox>
			<xmin>145.243</xmin>
			<ymin>138.077</ymin>
			<xmax>177.243</xmax>
			<ymax>170.077</ymax>
		</bndbox>
	</object>
</annotation>
