<annotation>
	<folder>VOC2007</folder>
	<filename>000162.jpg</filename>
	<source>
		<database>My Database</database>
		<annotation>VOC2007</annotation>
		<image>flickr</image>
		<flickrid>NULL</flickrid>
	</source>
	<owner>
		<flickrid>NULL</flickrid>
		<name>shaochunyan</name>
	</owner>
	<size>
		<width>720</width>
		<height>1280</height>
		<depth>3</depth>
	</size>
	<segmented>0</segmented>
	<object>
		<name>b8</name>
		<pose>Unspecified</pose>
		<truncated>0</truncated>
		<difficult>0</difficult>
		<bndbox>
			<xmin>543</xmin>
			<ymin>165</ymin>
			<xmax>575</xmax>
			<ymax>197</ymax>
		</bndbox>
	</object>
	<object>
		<name>b9</name>
		<pose>Unspecified</pose>
		<truncated>0</truncated>
		<difficult>0</difficult>
		<bndbox>
			<xmin>345</xmin>
			<ymin>513</ymin>
			<xmax>377</xmax>
			<ymax>545</ymax>
		</bndbox>
	</object>
	<object>
		<name>b7</name>
		<pose>Unspecified</pose>
		<truncated>0</truncated>
		<difficult>0</difficult>
		<bndbox>
			<xmin>351</xmin>
			<ymin>531</ymin>
			<xmax>383</xmax>
			<ymax>563</ymax>
		</bndbox>
	</object>
	<object>
		<name>b8</name>
		<pose>Unspecified</pose>
		<truncated>0</truncated>
		<difficult>0</difficult>
		<bndbox>
			<xmin>558.8</xmin>
			<ymin>488</ymin>
			<xmax>590.8</xmax>
			<ymax>520</ymax>
		</bndbox>
	</object>
	<object>
		<name>b8</name>
		<pose>Unspecified</pose>
		<truncated>0</truncated>
		<difficult>0</difficult>
		<bndbox>
			<xmin>498.8</xmin>
			<ymin>251.6</ymin>
			<xmax>530.8</xmax>
			<ymax>283.6</ymax>
		</bndbox>
	</object>
	<object>
		<name>g10</name>
		<pose>Unspecified</pose>
		<truncated>0</truncated>
		<difficult>0</difficult>
		<bndbox>
			<xmin>627.2</xmin>
			<ymin>393.2</ymin>
			<xmax>659.2</xmax>
			<ymax>425.2</ymax>
		</bndbox>
	</object>
	<object>
		<name>b9</name>
		<pose>Unspecified</pose>
		<truncated>0</truncated>
		<difficult>0</difficult>
		<bndbox>
			<xmin>303.68</xmin>
			<ymin>570.08</ymin>
			<xmax>335.68</xmax>
			<ymax>602.08</ymax>
		</bndbox>
	</object>
	<object>
		<name>b6</name>
		<pose>Unspecified</pose>
		<truncated>0</truncated>
		<difficult>0</difficult>
		<bndbox>
			<xmin>139.52</xmin>
			<ymin>431.84</ymin>
			<xmax>171.52</xmax>
			<ymax>463.84</ymax>
		</bndbox>
	</object>
	<object>
		<name>b6</name>
		<pose>Unspecified</pose>
		<truncated>0</truncated>
		<difficult>0</difficult>
		<bndbox>
			<xmin>139.52</xmin>
			<ymin>431.552</ymin>
			<xmax>171.52</xmax>
			<ymax>463.552</ymax>
		</bndbox>
	</object>
	<object>
		<name>g1</name>
		<pose>Unspecified</pose>
		<truncated>0</truncated>
		<difficult>0</difficult>
		<bndbox>
			<xmin>559.424</xmin>
			<ymin>193.088</ymin>
			<xmax>591.424</xmax>
			<ymax>225.088</ymax>
		</bndbox>
	</object>
	<object>
		<name>b5</name>
		<pose>Unspecified</pose>
		<truncated>0</truncated>
		<difficult>0</difficult>
		<bndbox>
			<xmin>574.976</xmin>
			<ymin>371.763</ymin>
			<xmax>606.976</xmax>
			<ymax>403.763</ymax>
		</bndbox>
	</object>
	<object>
		<name>b8</name>
		<pose>Unspecified</pose>
		<truncated>0</truncated>
		<difficult>0</difficult>
		<bndbox>
			<xmin>590.155</xmin>
			<ymin>201.977</ymin>
			<xmax>622.155</xmax>
			<ymax>233.977</ymax>
		</bndbox>
	</object>
	<object>
		<name>b5</name>
		<pose>Unspecified</pose>
		<truncated>0</truncated>
		<difficult>0</difficult>
		<bndbox>
			<xmin>578.211</xmin>
			<ymin>369.192</ymin>
			<xmax>610.211</xmax>
			<ymax>401.192</ymax>
		</bndbox>
	</object>
	<object>
		<name>b8</name>
		<pose>Unspecified</pose>
		<truncated>0</truncated>
		<difficult>0</difficult>
		<bndbox>
			<xmin>256.322</xmin>
			<ymin>560.892</ymin>
			<xmax>288.322</xmax>
			<ymax>592.892</ymax>
		</bndbox>
	</object>
	<object>
		<name>b8</name>
		<pose>Unspecified</pose>
		<truncated>0</truncated>
		<difficult>0</difficult>
		<bndbox>
			<xmin>571.642</xmin>
			<ymin>109.411</ymin>
			<xmax>603.642</xmax>
			<ymax>141.411</ymax>
		</bndbox>
	</object>
	<object>
		<name>g1</name>
		<pose>Unspecified</pose>
		<truncated>0</truncated>
		<difficult>0</difficult>
		<bndbox>
			<xmin>202.574</xmin>
			<ymin>550.143</ymin>
			<xmax>234.574</xmax>
			<ymax>582.143</ymax>
		</bndbox>
	</object>
	<object>
		<name>b8</name>
		<pose>Unspecified</pose>
		<truncated>0</truncated>
		<difficult>0</difficult>
		<bndbox>
			<xmin>543</xmin>
			<ymin>165</ymin>
			<xmax>575</xmax>
			<ymax>197</ymax>
		</bndbox>
	</object>
	<object>
		<name>b9</name>
		<pose>Unspecified</pose>
		<truncated>0</truncated>
		<difficult>0</difficult>
		<bndbox>
			<xmin>345</xmin>
			<ymin>513</ymin>
			<xmax>377</xmax>
			<ymax>545</ymax>
		</bndbox>
	</object>
	<object>
		<name>b7</name>
		<pose>Unspecified</pose>
		<truncated>0</truncated>
		<difficult>0</difficult>
		<bndbox>
			<xmin>351</xmin>
			<ymin>531</ymin>
			<xmax>383</xmax>
			<ymax>563</ymax>
		</bndbox>
	</object>
	<object>
		<name>b8</name>
		<pose>Unspecified</pose>
		<truncated>0</truncated>
		<difficult>0</difficult>
		<bndbox>
			<xmin>558.8</xmin>
			<ymin>488</ymin>
			<xmax>590.8</xmax>
			<ymax>520</ymax>
		</bndbox>
	</object>
	<object>
		<name>b8</name>
		<pose>Unspecified</pose>
		<truncated>0</truncated>
		<difficult>0</difficult>
		<bndbox>
			<xmin>498.8</xmin>
			<ymin>251.6</ymin>
			<xmax>530.8</xmax>
			<ymax>283.6</ymax>
		</bndbox>
	</object>
	<object>
		<name>g10</name>
		<pose>Unspecified</pose>
		<truncated>0</truncated>
		<difficult>0</difficult>
		<bndbox>
			<xmin>627.2</xmin>
			<ymin>393.2</ymin>
			<xmax>659.2</xmax>
			<ymax>425.2</ymax>
		</bndbox>
	</object>
	<object>
		<name>b9</name>
		<pose>Unspecified</pose>
		<truncated>0</truncated>
		<difficult>0</difficult>
		<bndbox>
			<xmin>303.68</xmin>
			<ymin>570.08</ymin>
			<xmax>335.68</xmax>
			<ymax>602.08</ymax>
		</bndbox>
	</object>
	<object>
		<name>b6</name>
		<pose>Unspecified</pose>
		<truncated>0</truncated>
		<difficult>0</difficult>
		<bndbox>
			<xmin>139.52</xmin>
			<ymin>431.84</ymin>
			<xmax>171.52</xmax>
			<ymax>463.84</ymax>
		</bndbox>
	</object>
	<object>
		<name>b6</name>
		<pose>Unspecified</pose>
		<truncated>0</truncated>
		<difficult>0</difficult>
		<bndbox>
			<xmin>139.52</xmin>
			<ymin>431.552</ymin>
			<xmax>171.52</xmax>
			<ymax>463.552</ymax>
		</bndbox>
	</object>
	<object>
		<name>g1</name>
		<pose>Unspecified</pose>
		<truncated>0</truncated>
		<difficult>0</difficult>
		<bndbox>
			<xmin>559.424</xmin>
			<ymin>193.088</ymin>
			<xmax>591.424</xmax>
			<ymax>225.088</ymax>
		</bndbox>
	</object>
	<object>
		<name>b5</name>
		<pose>Unspecified</pose>
		<truncated>0</truncated>
		<difficult>0</difficult>
		<bndbox>
			<xmin>574.976</xmin>
			<ymin>371.763</ymin>
			<xmax>606.976</xmax>
			<ymax>403.763</ymax>
		</bndbox>
	</object>
	<object>
		<name>b8</name>
		<pose>Unspecified</pose>
		<truncated>0</truncated>
		<difficult>0</difficult>
		<bndbox>
			<xmin>590.155</xmin>
			<ymin>201.977</ymin>
			<xmax>622.155</xmax>
			<ymax>233.977</ymax>
		</bndbox>
	</object>
	<object>
		<name>b5</name>
		<pose>Unspecified</pose>
		<truncated>0</truncated>
		<difficult>0</difficult>
		<bndbox>
			<xmin>578.211</xmin>
			<ymin>369.192</ymin>
			<xmax>610.211</xmax>
			<ymax>401.192</ymax>
		</bndbox>
	</object>
	<object>
		<name>b8</name>
		<pose>Unspecified</pose>
		<truncated>0</truncated>
		<difficult>0</difficult>
		<bndbox>
			<xmin>256.322</xmin>
			<ymin>560.892</ymin>
			<xmax>288.322</xmax>
			<ymax>592.892</ymax>
		</bndbox>
	</object>
	<object>
		<name>b8</name>
		<pose>Unspecified</pose>
		<truncated>0</truncated>
		<difficult>0</difficult>
		<bndbox>
			<xmin>571.642</xmin>
			<ymin>109.411</ymin>
			<xmax>603.642</xmax>
			<ymax>141.411</ymax>
		</bndbox>
	</object>
	<object>
		<name>g1</name>
		<pose>Unspecified</pose>
		<truncated>0</truncated>
		<difficult>0</difficult>
		<bndbox>
			<xmin>202.574</xmin>
			<ymin>550.143</ymin>
			<xmax>234.574</xmax>
			<ymax>582.143</ymax>
		</bndbox>
	</object>
	<object>
		<name>b8</name>
		<pose>Unspecified</pose>
		<truncated>0</truncated>
		<difficult>0</difficult>
		<bndbox>
			<xmin>543</xmin>
			<ymin>165</ymin>
			<xmax>575</xmax>
			<ymax>197</ymax>
		</bndbox>
	</object>
	<object>
		<name>b9</name>
		<pose>Unspecified</pose>
		<truncated>0</truncated>
		<difficult>0</difficult>
		<bndbox>
			<xmin>345</xmin>
			<ymin>513</ymin>
			<xmax>377</xmax>
			<ymax>545</ymax>
		</bndbox>
	</object>
	<object>
		<name>b7</name>
		<pose>Unspecified</pose>
		<truncated>0</truncated>
		<difficult>0</difficult>
		<bndbox>
			<xmin>351</xmin>
			<ymin>531</ymin>
			<xmax>383</xmax>
			<ymax>563</ymax>
		</bndbox>
	</object>
	<object>
		<name>b8</name>
		<pose>Unspecified</pose>
		<truncated>0</truncated>
		<difficult>0</difficult>
		<bndbox>
			<xmin>558.8</xmin>
			<ymin>488</ymin>
			<xmax>590.8</xmax>
			<ymax>520</ymax>
		</bndbox>
	</object>
	<object>
		<name>b8</name>
		<pose>Unspecified</pose>
		<truncated>0</truncated>
		<difficult>0</difficult>
		<bndbox>
			<xmin>498.8</xmin>
			<ymin>251.6</ymin>
			<xmax>530.8</xmax>
			<ymax>283.6</ymax>
		</bndbox>
	</object>
	<object>
		<name>g10</name>
		<pose>Unspecified</pose>
		<truncated>0</truncated>
		<difficult>0</difficult>
		<bndbox>
			<xmin>627.2</xmin>
			<ymin>393.2</ymin>
			<xmax>659.2</xmax>
			<ymax>425.2</ymax>
		</bndbox>
	</object>
	<object>
		<name>b9</name>
		<pose>Unspecified</pose>
		<truncated>0</truncated>
		<difficult>0</difficult>
		<bndbox>
			<xmin>303.68</xmin>
			<ymin>570.08</ymin>
			<xmax>335.68</xmax>
			<ymax>602.08</ymax>
		</bndbox>
	</object>
	<object>
		<name>b6</name>
		<pose>Unspecified</pose>
		<truncated>0</truncated>
		<difficult>0</difficult>
		<bndbox>
			<xmin>139.52</xmin>
			<ymin>431.84</ymin>
			<xmax>171.52</xmax>
			<ymax>463.84</ymax>
		</bndbox>
	</object>
	<object>
		<name>b6</name>
		<pose>Unspecified</pose>
		<truncated>0</truncated>
		<difficult>0</difficult>
		<bndbox>
			<xmin>139.52</xmin>
			<ymin>431.552</ymin>
			<xmax>171.52</xmax>
			<ymax>463.552</ymax>
		</bndbox>
	</object>
	<object>
		<name>g1</name>
		<pose>Unspecified</pose>
		<truncated>0</truncated>
		<difficult>0</difficult>
		<bndbox>
			<xmin>559.424</xmin>
			<ymin>193.088</ymin>
			<xmax>591.424</xmax>
			<ymax>225.088</ymax>
		</bndbox>
	</object>
	<object>
		<name>b5</name>
		<pose>Unspecified</pose>
		<truncated>0</truncated>
		<difficult>0</difficult>
		<bndbox>
			<xmin>574.976</xmin>
			<ymin>371.763</ymin>
			<xmax>606.976</xmax>
			<ymax>403.763</ymax>
		</bndbox>
	</object>
	<object>
		<name>b8</name>
		<pose>Unspecified</pose>
		<truncated>0</truncated>
		<difficult>0</difficult>
		<bndbox>
			<xmin>590.155</xmin>
			<ymin>201.977</ymin>
			<xmax>622.155</xmax>
			<ymax>233.977</ymax>
		</bndbox>
	</object>
	<object>
		<name>b5</name>
		<pose>Unspecified</pose>
		<truncated>0</truncated>
		<difficult>0</difficult>
		<bndbox>
			<xmin>578.211</xmin>
			<ymin>369.192</ymin>
			<xmax>610.211</xmax>
			<ymax>401.192</ymax>
		</bndbox>
	</object>
	<object>
		<name>b8</name>
		<pose>Unspecified</pose>
		<truncated>0</truncated>
		<difficult>0</difficult>
		<bndbox>
			<xmin>256.322</xmin>
			<ymin>560.892</ymin>
			<xmax>288.322</xmax>
			<ymax>592.892</ymax>
		</bndbox>
	</object>
	<object>
		<name>b8</name>
		<pose>Unspecified</pose>
		<truncated>0</truncated>
		<difficult>0</difficult>
		<bndbox>
			<xmin>571.642</xmin>
			<ymin>109.411</ymin>
			<xmax>603.642</xmax>
			<ymax>141.411</ymax>
		</bndbox>
	</object>
	<object>
		<name>g1</name>
		<pose>Unspecified</pose>
		<truncated>0</truncated>
		<difficult>0</difficult>
		<bndbox>
			<xmin>202.574</xmin>
			<ymin>550.143</ymin>
			<xmax>234.574</xmax>
			<ymax>582.143</ymax>
		</bndbox>
	</object>
</annotation>
