<annotation>
	<folder>VOC2007</folder>
	<filename>000110.jpg</filename>
	<source>
		<database>My Database</database>
		<annotation>VOC2007</annotation>
		<image>flickr</image>
		<flickrid>NULL</flickrid>
	</source>
	<owner>
		<flickrid>NULL</flickrid>
		<name>shaochunyan</name>
	</owner>
	<size>
		<width>720</width>
		<height>1280</height>
		<depth>3</depth>
	</size>
	<segmented>0</segmented>
	<object>
		<name>b5</name>
		<pose>Unspecified</pose>
		<truncated>0</truncated>
		<difficult>0</difficult>
		<bndbox>
			<xmin>613</xmin>
			<ymin>91</ymin>
			<xmax>645</xmax>
			<ymax>123</ymax>
		</bndbox>
	</object>
	<object>
		<name>b4</name>
		<pose>Unspecified</pose>
		<truncated>0</truncated>
		<difficult>0</difficult>
		<bndbox>
			<xmin>598.4</xmin>
			<ymin>70.4</ymin>
			<xmax>630.4</xmax>
			<ymax>102.4</ymax>
		</bndbox>
	</object>
	<object>
		<name>g1</name>
		<pose>Unspecified</pose>
		<truncated>0</truncated>
		<difficult>0</difficult>
		<bndbox>
			<xmin>632</xmin>
			<ymin>128</ymin>
			<xmax>664</xmax>
			<ymax>160</ymax>
		</bndbox>
	</object>
	<object>
		<name>g1</name>
		<pose>Unspecified</pose>
		<truncated>0</truncated>
		<difficult>0</difficult>
		<bndbox>
			<xmin>573.2</xmin>
			<ymin>299.6</ymin>
			<xmax>605.2</xmax>
			<ymax>331.6</ymax>
		</bndbox>
	</object>
	<object>
		<name>g10</name>
		<pose>Unspecified</pose>
		<truncated>0</truncated>
		<difficult>0</difficult>
		<bndbox>
			<xmin>542</xmin>
			<ymin>246.8</ymin>
			<xmax>574</xmax>
			<ymax>278.8</ymax>
		</bndbox>
	</object>
	<object>
		<name>b4</name>
		<pose>Unspecified</pose>
		<truncated>0</truncated>
		<difficult>0</difficult>
		<bndbox>
			<xmin>600.8</xmin>
			<ymin>68</ymin>
			<xmax>632.8</xmax>
			<ymax>100</ymax>
		</bndbox>
	</object>
	<object>
		<name>b3</name>
		<pose>Unspecified</pose>
		<truncated>0</truncated>
		<difficult>0</difficult>
		<bndbox>
			<xmin>603.2</xmin>
			<ymin>81.92</ymin>
			<xmax>635.2</xmax>
			<ymax>113.92</ymax>
		</bndbox>
	</object>
	<object>
		<name>b5</name>
		<pose>Unspecified</pose>
		<truncated>0</truncated>
		<difficult>0</difficult>
		<bndbox>
			<xmin>603.2</xmin>
			<ymin>310.88</ymin>
			<xmax>635.2</xmax>
			<ymax>342.88</ymax>
		</bndbox>
	</object>
	<object>
		<name>g10</name>
		<pose>Unspecified</pose>
		<truncated>0</truncated>
		<difficult>0</difficult>
		<bndbox>
			<xmin>473.024</xmin>
			<ymin>486.848</ymin>
			<xmax>505.024</xmax>
			<ymax>518.848</ymax>
		</bndbox>
	</object>
	<object>
		<name>b2</name>
		<pose>Unspecified</pose>
		<truncated>0</truncated>
		<difficult>0</difficult>
		<bndbox>
			<xmin>632</xmin>
			<ymin>129.152</ymin>
			<xmax>664</xmax>
			<ymax>161.152</ymax>
		</bndbox>
	</object>
	<object>
		<name>b6</name>
		<pose>Unspecified</pose>
		<truncated>0</truncated>
		<difficult>0</difficult>
		<bndbox>
			<xmin>593.638</xmin>
			<ymin>319.923</ymin>
			<xmax>625.638</xmax>
			<ymax>351.923</ymax>
		</bndbox>
	</object>
	<object>
		<name>b6</name>
		<pose>Unspecified</pose>
		<truncated>0</truncated>
		<difficult>0</difficult>
		<bndbox>
			<xmin>563.779</xmin>
			<ymin>105.928</ymin>
			<xmax>595.779</xmax>
			<ymax>137.928</ymax>
		</bndbox>
	</object>
	<object>
		<name>b5</name>
		<pose>Unspecified</pose>
		<truncated>0</truncated>
		<difficult>0</difficult>
		<bndbox>
			<xmin>471.313</xmin>
			<ymin>374.567</ymin>
			<xmax>503.313</xmax>
			<ymax>406.567</ymax>
		</bndbox>
	</object>
	<object>
		<name>b5</name>
		<pose>Unspecified</pose>
		<truncated>0</truncated>
		<difficult>0</difficult>
		<bndbox>
			<xmin>613</xmin>
			<ymin>91</ymin>
			<xmax>645</xmax>
			<ymax>123</ymax>
		</bndbox>
	</object>
	<object>
		<name>b4</name>
		<pose>Unspecified</pose>
		<truncated>0</truncated>
		<difficult>0</difficult>
		<bndbox>
			<xmin>598.4</xmin>
			<ymin>70.4</ymin>
			<xmax>630.4</xmax>
			<ymax>102.4</ymax>
		</bndbox>
	</object>
	<object>
		<name>g1</name>
		<pose>Unspecified</pose>
		<truncated>0</truncated>
		<difficult>0</difficult>
		<bndbox>
			<xmin>632</xmin>
			<ymin>128</ymin>
			<xmax>664</xmax>
			<ymax>160</ymax>
		</bndbox>
	</object>
	<object>
		<name>g1</name>
		<pose>Unspecified</pose>
		<truncated>0</truncated>
		<difficult>0</difficult>
		<bndbox>
			<xmin>573.2</xmin>
			<ymin>299.6</ymin>
			<xmax>605.2</xmax>
			<ymax>331.6</ymax>
		</bndbox>
	</object>
	<object>
		<name>g10</name>
		<pose>Unspecified</pose>
		<truncated>0</truncated>
		<difficult>0</difficult>
		<bndbox>
			<xmin>542</xmin>
			<ymin>246.8</ymin>
			<xmax>574</xmax>
			<ymax>278.8</ymax>
		</bndbox>
	</object>
	<object>
		<name>b4</name>
		<pose>Unspecified</pose>
		<truncated>0</truncated>
		<difficult>0</difficult>
		<bndbox>
			<xmin>600.8</xmin>
			<ymin>68</ymin>
			<xmax>632.8</xmax>
			<ymax>100</ymax>
		</bndbox>
	</object>
	<object>
		<name>b3</name>
		<pose>Unspecified</pose>
		<truncated>0</truncated>
		<difficult>0</difficult>
		<bndbox>
			<xmin>603.2</xmin>
			<ymin>81.92</ymin>
			<xmax>635.2</xmax>
			<ymax>113.92</ymax>
		</bndbox>
	</object>
	<object>
		<name>b5</name>
		<pose>Unspecified</pose>
		<truncated>0</truncated>
		<difficult>0</difficult>
		<bndbox>
			<xmin>603.2</xmin>
			<ymin>310.88</ymin>
			<xmax>635.2</xmax>
			<ymax>342.88</ymax>
		</bndbox>
	</object>
	<object>
		<name>g10</name>
		<pose>Unspecified</pose>
		<truncated>0</truncated>
		<difficult>0</difficult>
		<bndbox>
			<xmin>473.024</xmin>
			<ymin>486.848</ymin>
			<xmax>505.024</xmax>
			<ymax>518.848</ymax>
		</bndbox>
	</object>
	<object>
		<name>b2</name>
		<pose>Unspecified</pose>
		<truncated>0</truncated>
		<difficult>0</difficult>
		<bndbox>
			<xmin>632</xmin>
			<ymin>129.152</ymin>
			<xmax>664</xmax>
			<ymax>161.152</ymax>
		</bndbox>
	</object>
	<object>
		<name>b6</name>
		<pose>Unspecified</pose>
		<truncated>0</truncated>
		<difficult>0</difficult>
		<bndbox>
			<xmin>593.638</xmin>
			<ymin>319.923</ymin>
			<xmax>625.638</xmax>
			<ymax>351.923</ymax>
		</bndbox>
	</object>
	<object>
		<name>b6</name>
		<pose>Unspecified</pose>
		<truncated>0</truncated>
		<difficult>0</difficult>
		<bndbox>
			<xmin>563.779</xmin>
			<ymin>105.928</ymin>
			<xmax>595.779</xmax>
			<ymax>137.928</ymax>
		</bndbox>
	</object>
	<object>
		<name>b5</name>
		<pose>Unspecified</pose>
		<truncated>0</truncated>
		<difficult>0</difficult>
		<bndbox>
			<xmin>471.313</xmin>
			<ymin>374.567</ymin>
			<xmax>503.313</xmax>
			<ymax>406.567</ymax>
		</bndbox>
	</object>
	<object>
		<name>b5</name>
		<pose>Unspecified</pose>
		<truncated>0</truncated>
		<difficult>0</difficult>
		<bndbox>
			<xmin>613</xmin>
			<ymin>91</ymin>
			<xmax>645</xmax>
			<ymax>123</ymax>
		</bndbox>
	</object>
	<object>
		<name>b4</name>
		<pose>Unspecified</pose>
		<truncated>0</truncated>
		<difficult>0</difficult>
		<bndbox>
			<xmin>598.4</xmin>
			<ymin>70.4</ymin>
			<xmax>630.4</xmax>
			<ymax>102.4</ymax>
		</bndbox>
	</object>
	<object>
		<name>g1</name>
		<pose>Unspecified</pose>
		<truncated>0</truncated>
		<difficult>0</difficult>
		<bndbox>
			<xmin>632</xmin>
			<ymin>128</ymin>
			<xmax>664</xmax>
			<ymax>160</ymax>
		</bndbox>
	</object>
	<object>
		<name>g1</name>
		<pose>Unspecified</pose>
		<truncated>0</truncated>
		<difficult>0</difficult>
		<bndbox>
			<xmin>573.2</xmin>
			<ymin>299.6</ymin>
			<xmax>605.2</xmax>
			<ymax>331.6</ymax>
		</bndbox>
	</object>
	<object>
		<name>g10</name>
		<pose>Unspecified</pose>
		<truncated>0</truncated>
		<difficult>0</difficult>
		<bndbox>
			<xmin>542</xmin>
			<ymin>246.8</ymin>
			<xmax>574</xmax>
			<ymax>278.8</ymax>
		</bndbox>
	</object>
	<object>
		<name>b4</name>
		<pose>Unspecified</pose>
		<truncated>0</truncated>
		<difficult>0</difficult>
		<bndbox>
			<xmin>600.8</xmin>
			<ymin>68</ymin>
			<xmax>632.8</xmax>
			<ymax>100</ymax>
		</bndbox>
	</object>
	<object>
		<name>b3</name>
		<pose>Unspecified</pose>
		<truncated>0</truncated>
		<difficult>0</difficult>
		<bndbox>
			<xmin>603.2</xmin>
			<ymin>81.92</ymin>
			<xmax>635.2</xmax>
			<ymax>113.92</ymax>
		</bndbox>
	</object>
	<object>
		<name>b5</name>
		<pose>Unspecified</pose>
		<truncated>0</truncated>
		<difficult>0</difficult>
		<bndbox>
			<xmin>603.2</xmin>
			<ymin>310.88</ymin>
			<xmax>635.2</xmax>
			<ymax>342.88</ymax>
		</bndbox>
	</object>
	<object>
		<name>g10</name>
		<pose>Unspecified</pose>
		<truncated>0</truncated>
		<difficult>0</difficult>
		<bndbox>
			<xmin>473.024</xmin>
			<ymin>486.848</ymin>
			<xmax>505.024</xmax>
			<ymax>518.848</ymax>
		</bndbox>
	</object>
	<object>
		<name>b2</name>
		<pose>Unspecified</pose>
		<truncated>0</truncated>
		<difficult>0</difficult>
		<bndbox>
			<xmin>632</xmin>
			<ymin>129.152</ymin>
			<xmax>664</xmax>
			<ymax>161.152</ymax>
		</bndbox>
	</object>
	<object>
		<name>b6</name>
		<pose>Unspecified</pose>
		<truncated>0</truncated>
		<difficult>0</difficult>
		<bndbox>
			<xmin>593.638</xmin>
			<ymin>319.923</ymin>
			<xmax>625.638</xmax>
			<ymax>351.923</ymax>
		</bndbox>
	</object>
	<object>
		<name>b6</name>
		<pose>Unspecified</pose>
		<truncated>0</truncated>
		<difficult>0</difficult>
		<bndbox>
			<xmin>563.779</xmin>
			<ymin>105.928</ymin>
			<xmax>595.779</xmax>
			<ymax>137.928</ymax>
		</bndbox>
	</object>
	<object>
		<name>b5</name>
		<pose>Unspecified</pose>
		<truncated>0</truncated>
		<difficult>0</difficult>
		<bndbox>
			<xmin>471.313</xmin>
			<ymin>374.567</ymin>
			<xmax>503.313</xmax>
			<ymax>406.567</ymax>
		</bndbox>
	</object>
</annotation>
