<annotation>
	<folder>VOC2007</folder>
	<filename>000141.jpg</filename>
	<source>
		<database>My Database</database>
		<annotation>VOC2007</annotation>
		<image>flickr</image>
		<flickrid>NULL</flickrid>
	</source>
	<owner>
		<flickrid>NULL</flickrid>
		<name>shaochunyan</name>
	</owner>
	<size>
		<width>720</width>
		<height>1280</height>
		<depth>3</depth>
	</size>
	<segmented>0</segmented>
	<object>
		<name>b8</name>
		<pose>Unspecified</pose>
		<truncated>0</truncated>
		<difficult>0</difficult>
		<bndbox>
			<xmin>123</xmin>
			<ymin>27</ymin>
			<xmax>155</xmax>
			<ymax>59</ymax>
		</bndbox>
	</object>
	<object>
		<name>b8</name>
		<pose>Unspecified</pose>
		<truncated>0</truncated>
		<difficult>0</difficult>
		<bndbox>
			<xmin>633.2</xmin>
			<ymin>56</ymin>
			<xmax>665.2</xmax>
			<ymax>88</ymax>
		</bndbox>
	</object>
	<object>
		<name>b6</name>
		<pose>Unspecified</pose>
		<truncated>0</truncated>
		<difficult>0</difficult>
		<bndbox>
			<xmin>72.8</xmin>
			<ymin>291.2</ymin>
			<xmax>104.8</xmax>
			<ymax>323.2</ymax>
		</bndbox>
	</object>
	<object>
		<name>b9</name>
		<pose>Unspecified</pose>
		<truncated>0</truncated>
		<difficult>0</difficult>
		<bndbox>
			<xmin>97.76</xmin>
			<ymin>140.96</ymin>
			<xmax>129.76</xmax>
			<ymax>172.96</ymax>
		</bndbox>
	</object>
	<object>
		<name>b9</name>
		<pose>Unspecified</pose>
		<truncated>0</truncated>
		<difficult>0</difficult>
		<bndbox>
			<xmin>103.52</xmin>
			<ymin>115.04</ymin>
			<xmax>135.52</xmax>
			<ymax>147.04</ymax>
		</bndbox>
	</object>
	<object>
		<name>b5</name>
		<pose>Unspecified</pose>
		<truncated>0</truncated>
		<difficult>0</difficult>
		<bndbox>
			<xmin>82.496</xmin>
			<ymin>291.584</ymin>
			<xmax>114.496</xmax>
			<ymax>323.584</ymax>
		</bndbox>
	</object>
	<object>
		<name>b8</name>
		<pose>Unspecified</pose>
		<truncated>0</truncated>
		<difficult>0</difficult>
		<bndbox>
			<xmin>61.76</xmin>
			<ymin>269.12</ymin>
			<xmax>93.76</xmax>
			<ymax>301.12</ymax>
		</bndbox>
	</object>
	<object>
		<name>b7</name>
		<pose>Unspecified</pose>
		<truncated>0</truncated>
		<difficult>0</difficult>
		<bndbox>
			<xmin>70.4</xmin>
			<ymin>115.328</ymin>
			<xmax>102.4</xmax>
			<ymax>147.328</ymax>
		</bndbox>
	</object>
	<object>
		<name>g10</name>
		<pose>Unspecified</pose>
		<truncated>0</truncated>
		<difficult>0</difficult>
		<bndbox>
			<xmin>54.5024</xmin>
			<ymin>587.418</ymin>
			<xmax>86.5024</xmax>
			<ymax>619.418</ymax>
		</bndbox>
	</object>
	<object>
		<name>b5</name>
		<pose>Unspecified</pose>
		<truncated>0</truncated>
		<difficult>0</difficult>
		<bndbox>
			<xmin>533.919</xmin>
			<ymin>123.346</ymin>
			<xmax>565.919</xmax>
			<ymax>155.346</ymax>
		</bndbox>
	</object>
	<object>
		<name>b5</name>
		<pose>Unspecified</pose>
		<truncated>0</truncated>
		<difficult>0</difficult>
		<bndbox>
			<xmin>106.425</xmin>
			<ymin>294.542</ymin>
			<xmax>138.425</xmax>
			<ymax>326.542</ymax>
		</bndbox>
	</object>
	<object>
		<name>b6</name>
		<pose>Unspecified</pose>
		<truncated>0</truncated>
		<difficult>0</difficult>
		<bndbox>
			<xmin>461.758</xmin>
			<ymin>581.197</ymin>
			<xmax>493.758</xmax>
			<ymax>613.197</ymax>
		</bndbox>
	</object>
	<object>
		<name>b8</name>
		<pose>Unspecified</pose>
		<truncated>0</truncated>
		<difficult>0</difficult>
		<bndbox>
			<xmin>82</xmin>
			<ymin>141</ymin>
			<xmax>114</xmax>
			<ymax>173</ymax>
		</bndbox>
	</object>
	<object>
		<name>b9</name>
		<pose>Unspecified</pose>
		<truncated>0</truncated>
		<difficult>0</difficult>
		<bndbox>
			<xmin>101</xmin>
			<ymin>118</ymin>
			<xmax>133</xmax>
			<ymax>150</ymax>
		</bndbox>
	</object>
	<object>
		<name>b4</name>
		<pose>Unspecified</pose>
		<truncated>0</truncated>
		<difficult>0</difficult>
		<bndbox>
			<xmin>120</xmin>
			<ymin>110</ymin>
			<xmax>152</xmax>
			<ymax>142</ymax>
		</bndbox>
	</object>
	<object>
		<name>b2</name>
		<pose>Unspecified</pose>
		<truncated>0</truncated>
		<difficult>0</difficult>
		<bndbox>
			<xmin>627.2</xmin>
			<ymin>59.6</ymin>
			<xmax>659.2</xmax>
			<ymax>91.6</ymax>
		</bndbox>
	</object>
	<object>
		<name>b8</name>
		<pose>Unspecified</pose>
		<truncated>0</truncated>
		<difficult>0</difficult>
		<bndbox>
			<xmin>140.96</xmin>
			<ymin>143.84</ymin>
			<xmax>172.96</xmax>
			<ymax>175.84</ymax>
		</bndbox>
	</object>
	<object>
		<name>b8</name>
		<pose>Unspecified</pose>
		<truncated>0</truncated>
		<difficult>0</difficult>
		<bndbox>
			<xmin>443.36</xmin>
			<ymin>493.76</ymin>
			<xmax>475.36</xmax>
			<ymax>525.76</ymax>
		</bndbox>
	</object>
	<object>
		<name>b5</name>
		<pose>Unspecified</pose>
		<truncated>0</truncated>
		<difficult>0</difficult>
		<bndbox>
			<xmin>633.44</xmin>
			<ymin>56</ymin>
			<xmax>665.44</xmax>
			<ymax>88</ymax>
		</bndbox>
	</object>
	<object>
		<name>b8</name>
		<pose>Unspecified</pose>
		<truncated>0</truncated>
		<difficult>0</difficult>
		<bndbox>
			<xmin>331.328</xmin>
			<ymin>467.84</ymin>
			<xmax>363.328</xmax>
			<ymax>499.84</ymax>
		</bndbox>
	</object>
	<object>
		<name>b5</name>
		<pose>Unspecified</pose>
		<truncated>0</truncated>
		<difficult>0</difficult>
		<bndbox>
			<xmin>253.568</xmin>
			<ymin>611.264</ymin>
			<xmax>285.568</xmax>
			<ymax>643.264</ymax>
		</bndbox>
	</object>
	<object>
		<name>b7</name>
		<pose>Unspecified</pose>
		<truncated>0</truncated>
		<difficult>0</difficult>
		<bndbox>
			<xmin>114.637</xmin>
			<ymin>64.8704</ymin>
			<xmax>146.637</xmax>
			<ymax>96.8704</ymax>
		</bndbox>
	</object>
	<object>
		<name>b8</name>
		<pose>Unspecified</pose>
		<truncated>0</truncated>
		<difficult>0</difficult>
		<bndbox>
			<xmin>93.9008</xmin>
			<ymin>131.226</ymin>
			<xmax>125.901</xmax>
			<ymax>163.226</ymax>
		</bndbox>
	</object>
	<object>
		<name>b4</name>
		<pose>Unspecified</pose>
		<truncated>0</truncated>
		<difficult>0</difficult>
		<bndbox>
			<xmin>487.885</xmin>
			<ymin>62.7968</ymin>
			<xmax>519.885</xmax>
			<ymax>94.7968</ymax>
		</bndbox>
	</object>
	<object>
		<name>b7</name>
		<pose>Unspecified</pose>
		<truncated>0</truncated>
		<difficult>0</difficult>
		<bndbox>
			<xmin>73.1648</xmin>
			<ymin>197.581</ymin>
			<xmax>105.165</xmax>
			<ymax>229.581</ymax>
		</bndbox>
	</object>
	<object>
		<name>b7</name>
		<pose>Unspecified</pose>
		<truncated>0</truncated>
		<difficult>0</difficult>
		<bndbox>
			<xmin>98.048</xmin>
			<ymin>79.3856</ymin>
			<xmax>130.048</xmax>
			<ymax>111.386</ymax>
		</bndbox>
	</object>
	<object>
		<name>b8</name>
		<pose>Unspecified</pose>
		<truncated>0</truncated>
		<difficult>0</difficult>
		<bndbox>
			<xmin>131.226</xmin>
			<ymin>69.0176</ymin>
			<xmax>163.226</xmax>
			<ymax>101.018</ymax>
		</bndbox>
	</object>
	<object>
		<name>b4</name>
		<pose>Unspecified</pose>
		<truncated>0</truncated>
		<difficult>0</difficult>
		<bndbox>
			<xmin>486.641</xmin>
			<ymin>63.6263</ymin>
			<xmax>518.641</xmax>
			<ymax>95.6263</ymax>
		</bndbox>
	</object>
	<object>
		<name>b4</name>
		<pose>Unspecified</pose>
		<truncated>0</truncated>
		<difficult>0</difficult>
		<bndbox>
			<xmin>234.823</xmin>
			<ymin>636.139</ymin>
			<xmax>266.823</xmax>
			<ymax>668.139</ymax>
		</bndbox>
	</object>
	<object>
		<name>b8</name>
		<pose>Unspecified</pose>
		<truncated>0</truncated>
		<difficult>0</difficult>
		<bndbox>
			<xmin>71</xmin>
			<ymin>269</ymin>
			<xmax>103</xmax>
			<ymax>301</ymax>
		</bndbox>
	</object>
	<object>
		<name>b8</name>
		<pose>Unspecified</pose>
		<truncated>0</truncated>
		<difficult>0</difficult>
		<bndbox>
			<xmin>147</xmin>
			<ymin>54</ymin>
			<xmax>179</xmax>
			<ymax>86</ymax>
		</bndbox>
	</object>
	<object>
		<name>b7</name>
		<pose>Unspecified</pose>
		<truncated>0</truncated>
		<difficult>0</difficult>
		<bndbox>
			<xmin>114.8</xmin>
			<ymin>42.8</ymin>
			<xmax>146.8</xmax>
			<ymax>74.8</ymax>
		</bndbox>
	</object>
	<object>
		<name>b8</name>
		<pose>Unspecified</pose>
		<truncated>0</truncated>
		<difficult>0</difficult>
		<bndbox>
			<xmin>90.8</xmin>
			<ymin>134</ymin>
			<xmax>122.8</xmax>
			<ymax>166</ymax>
		</bndbox>
	</object>
	<object>
		<name>b6</name>
		<pose>Unspecified</pose>
		<truncated>0</truncated>
		<difficult>0</difficult>
		<bndbox>
			<xmin>97.76</xmin>
			<ymin>140.96</ymin>
			<xmax>129.76</xmax>
			<ymax>172.96</ymax>
		</bndbox>
	</object>
	<object>
		<name>b7</name>
		<pose>Unspecified</pose>
		<truncated>0</truncated>
		<difficult>0</difficult>
		<bndbox>
			<xmin>63.2</xmin>
			<ymin>191.36</ymin>
			<xmax>95.2</xmax>
			<ymax>223.36</ymax>
		</bndbox>
	</object>
	<object>
		<name>b6</name>
		<pose>Unspecified</pose>
		<truncated>0</truncated>
		<difficult>0</difficult>
		<bndbox>
			<xmin>87.68</xmin>
			<ymin>93.44</ymin>
			<xmax>119.68</xmax>
			<ymax>125.44</ymax>
		</bndbox>
	</object>
	<object>
		<name>b8</name>
		<pose>Unspecified</pose>
		<truncated>0</truncated>
		<difficult>0</difficult>
		<bndbox>
			<xmin>63.488</xmin>
			<ymin>132.608</ymin>
			<xmax>95.488</xmax>
			<ymax>164.608</ymax>
		</bndbox>
	</object>
	<object>
		<name>b6</name>
		<pose>Unspecified</pose>
		<truncated>0</truncated>
		<difficult>0</difficult>
		<bndbox>
			<xmin>129.152</xmin>
			<ymin>48.2816</ymin>
			<xmax>161.152</xmax>
			<ymax>80.2816</ymax>
		</bndbox>
	</object>
	<object>
		<name>b8</name>
		<pose>Unspecified</pose>
		<truncated>0</truncated>
		<difficult>0</difficult>
		<bndbox>
			<xmin>83.5328</xmin>
			<ymin>180.992</ymin>
			<xmax>115.533</xmax>
			<ymax>212.992</ymax>
		</bndbox>
	</object>
	<object>
		<name>b8</name>
		<pose>Unspecified</pose>
		<truncated>0</truncated>
		<difficult>0</difficult>
		<bndbox>
			<xmin>93.9008</xmin>
			<ymin>131.226</ymin>
			<xmax>125.901</xmax>
			<ymax>163.226</ymax>
		</bndbox>
	</object>
	<object>
		<name>g1</name>
		<pose>Unspecified</pose>
		<truncated>0</truncated>
		<difficult>0</difficult>
		<bndbox>
			<xmin>633.037</xmin>
			<ymin>444.339</ymin>
			<xmax>665.037</xmax>
			<ymax>476.339</ymax>
		</bndbox>
	</object>
	<object>
		<name>g1</name>
		<pose>Unspecified</pose>
		<truncated>0</truncated>
		<difficult>0</difficult>
		<bndbox>
			<xmin>98.048</xmin>
			<ymin>79.3856</ymin>
			<xmax>130.048</xmax>
			<ymax>111.386</ymax>
		</bndbox>
	</object>
	<object>
		<name>b8</name>
		<pose>Unspecified</pose>
		<truncated>0</truncated>
		<difficult>0</difficult>
		<bndbox>
			<xmin>83.5328</xmin>
			<ymin>150.717</ymin>
			<xmax>115.533</xmax>
			<ymax>182.717</ymax>
		</bndbox>
	</object>
	<object>
		<name>g1</name>
		<pose>Unspecified</pose>
		<truncated>0</truncated>
		<difficult>0</difficult>
		<bndbox>
			<xmin>98.4627</xmin>
			<ymin>78.5562</ymin>
			<xmax>130.463</xmax>
			<ymax>110.556</ymax>
		</bndbox>
	</object>
	<object>
		<name>b7</name>
		<pose>Unspecified</pose>
		<truncated>0</truncated>
		<difficult>0</difficult>
		<bndbox>
			<xmin>88.5095</xmin>
			<ymin>292.552</ymin>
			<xmax>120.509</xmax>
			<ymax>324.552</ymax>
		</bndbox>
	</object>
	<object>
		<name>b5</name>
		<pose>Unspecified</pose>
		<truncated>0</truncated>
		<difficult>0</difficult>
		<bndbox>
			<xmin>106.425</xmin>
			<ymin>294.542</ymin>
			<xmax>138.425</xmax>
			<ymax>326.542</ymax>
		</bndbox>
	</object>
	<object>
		<name>b5</name>
		<pose>Unspecified</pose>
		<truncated>0</truncated>
		<difficult>0</difficult>
		<bndbox>
			<xmin>539.393</xmin>
			<ymin>625.987</ymin>
			<xmax>571.393</xmax>
			<ymax>657.987</ymax>
		</bndbox>
	</object>
</annotation>
