<annotation>
	<folder>VOC2007</folder>
	<filename>000139.jpg</filename>
	<source>
		<database>My Database</database>
		<annotation>VOC2007</annotation>
		<image>flickr</image>
		<flickrid>NULL</flickrid>
	</source>
	<owner>
		<flickrid>NULL</flickrid>
		<name>shaochunyan</name>
	</owner>
	<size>
		<width>720</width>
		<height>1280</height>
		<depth>3</depth>
	</size>
	<segmented>0</segmented>
	<object>
		<name>b2</name>
		<pose>Unspecified</pose>
		<truncated>0</truncated>
		<difficult>0</difficult>
		<bndbox>
			<xmin>167</xmin>
			<ymin>258</ymin>
			<xmax>199</xmax>
			<ymax>290</ymax>
		</bndbox>
	</object>
	<object>
		<name>g10</name>
		<pose>Unspecified</pose>
		<truncated>0</truncated>
		<difficult>0</difficult>
		<bndbox>
			<xmin>352.4</xmin>
			<ymin>27.2</ymin>
			<xmax>384.4</xmax>
			<ymax>59.2</ymax>
		</bndbox>
	</object>
	<object>
		<name>g6</name>
		<pose>Unspecified</pose>
		<truncated>0</truncated>
		<difficult>0</difficult>
		<bndbox>
			<xmin>125.696</xmin>
			<ymin>400.448</ymin>
			<xmax>157.696</xmax>
			<ymax>432.448</ymax>
		</bndbox>
	</object>
	<object>
		<name>g10</name>
		<pose>Unspecified</pose>
		<truncated>0</truncated>
		<difficult>0</difficult>
		<bndbox>
			<xmin>129.152</xmin>
			<ymin>392.499</ymin>
			<xmax>161.152</xmax>
			<ymax>424.499</ymax>
		</bndbox>
	</object>
	<object>
		<name>b6</name>
		<pose>Unspecified</pose>
		<truncated>0</truncated>
		<difficult>0</difficult>
		<bndbox>
			<xmin>122.931</xmin>
			<ymin>417.382</ymin>
			<xmax>154.931</xmax>
			<ymax>449.382</ymax>
		</bndbox>
	</object>
	<object>
		<name>g1</name>
		<pose>Unspecified</pose>
		<truncated>0</truncated>
		<difficult>0</difficult>
		<bndbox>
			<xmin>262.692</xmin>
			<ymin>640.917</ymin>
			<xmax>294.692</xmax>
			<ymax>672.917</ymax>
		</bndbox>
	</object>
	<object>
		<name>g10</name>
		<pose>Unspecified</pose>
		<truncated>0</truncated>
		<difficult>0</difficult>
		<bndbox>
			<xmin>130.811</xmin>
			<ymin>384.62</ymin>
			<xmax>162.811</xmax>
			<ymax>416.62</ymax>
		</bndbox>
	</object>
	<object>
		<name>g1</name>
		<pose>Unspecified</pose>
		<truncated>0</truncated>
		<difficult>0</difficult>
		<bndbox>
			<xmin>93.4861</xmin>
			<ymin>409.503</ymin>
			<xmax>125.486</xmax>
			<ymax>441.503</ymax>
		</bndbox>
	</object>
	<object>
		<name>g10</name>
		<pose>Unspecified</pose>
		<truncated>0</truncated>
		<difficult>0</difficult>
		<bndbox>
			<xmin>201.977</xmin>
			<ymin>602.099</ymin>
			<xmax>233.977</xmax>
			<ymax>634.099</ymax>
		</bndbox>
	</object>
	<object>
		<name>b2</name>
		<pose>Unspecified</pose>
		<truncated>0</truncated>
		<difficult>0</difficult>
		<bndbox>
			<xmin>154.201</xmin>
			<ymin>249.753</ymin>
			<xmax>186.201</xmax>
			<ymax>281.753</ymax>
		</bndbox>
	</object>
	<object>
		<name>b2</name>
		<pose>Unspecified</pose>
		<truncated>0</truncated>
		<difficult>0</difficult>
		<bndbox>
			<xmin>92</xmin>
			<ymin>276</ymin>
			<xmax>124</xmax>
			<ymax>308</ymax>
		</bndbox>
	</object>
	<object>
		<name>g10</name>
		<pose>Unspecified</pose>
		<truncated>0</truncated>
		<difficult>0</difficult>
		<bndbox>
			<xmin>202.4</xmin>
			<ymin>185.6</ymin>
			<xmax>234.4</xmax>
			<ymax>217.6</ymax>
		</bndbox>
	</object>
	<object>
		<name>g10</name>
		<pose>Unspecified</pose>
		<truncated>0</truncated>
		<difficult>0</difficult>
		<bndbox>
			<xmin>165.44</xmin>
			<ymin>96.32</ymin>
			<xmax>197.44</xmax>
			<ymax>128.32</ymax>
		</bndbox>
	</object>
	<object>
		<name>b5</name>
		<pose>Unspecified</pose>
		<truncated>0</truncated>
		<difficult>0</difficult>
		<bndbox>
			<xmin>80.768</xmin>
			<ymin>68.672</ymin>
			<xmax>112.768</xmax>
			<ymax>100.672</ymax>
		</bndbox>
	</object>
	<object>
		<name>b4</name>
		<pose>Unspecified</pose>
		<truncated>0</truncated>
		<difficult>0</difficult>
		<bndbox>
			<xmin>129.152</xmin>
			<ymin>392.499</ymin>
			<xmax>161.152</xmax>
			<ymax>424.499</ymax>
		</bndbox>
	</object>
	<object>
		<name>b6</name>
		<pose>Unspecified</pose>
		<truncated>0</truncated>
		<difficult>0</difficult>
		<bndbox>
			<xmin>122.931</xmin>
			<ymin>417.382</ymin>
			<xmax>154.931</xmax>
			<ymax>449.382</ymax>
		</bndbox>
	</object>
	<object>
		<name>g10</name>
		<pose>Unspecified</pose>
		<truncated>0</truncated>
		<difficult>0</difficult>
		<bndbox>
			<xmin>61.1379</xmin>
			<ymin>332.365</ymin>
			<xmax>93.1379</xmax>
			<ymax>364.365</ymax>
		</bndbox>
	</object>
	<object>
		<name>g1</name>
		<pose>Unspecified</pose>
		<truncated>0</truncated>
		<difficult>0</difficult>
		<bndbox>
			<xmin>103.439</xmin>
			<ymin>267.669</ymin>
			<xmax>135.439</xmax>
			<ymax>299.669</ymax>
		</bndbox>
	</object>
	<object>
		<name>g10</name>
		<pose>Unspecified</pose>
		<truncated>0</truncated>
		<difficult>0</difficult>
		<bndbox>
			<xmin>127.327</xmin>
			<ymin>571.642</ymin>
			<xmax>159.327</xmax>
			<ymax>603.642</ymax>
		</bndbox>
	</object>
	<object>
		<name>b4</name>
		<pose>Unspecified</pose>
		<truncated>0</truncated>
		<difficult>0</difficult>
		<bndbox>
			<xmin>98.6618</xmin>
			<ymin>292.154</ymin>
			<xmax>130.662</xmax>
			<ymax>324.154</ymax>
		</bndbox>
	</object>
	<object>
		<name>g1</name>
		<pose>Unspecified</pose>
		<truncated>0</truncated>
		<difficult>0</difficult>
		<bndbox>
			<xmin>133.76</xmin>
			<ymin>320.96</ymin>
			<xmax>165.76</xmax>
			<ymax>352.96</ymax>
		</bndbox>
	</object>
	<object>
		<name>g4</name>
		<pose>Unspecified</pose>
		<truncated>0</truncated>
		<difficult>0</difficult>
		<bndbox>
			<xmin>129.152</xmin>
			<ymin>392.499</ymin>
			<xmax>161.152</xmax>
			<ymax>424.499</ymax>
		</bndbox>
	</object>
	<object>
		<name>g3</name>
		<pose>Unspecified</pose>
		<truncated>0</truncated>
		<difficult>0</difficult>
		<bndbox>
			<xmin>122.931</xmin>
			<ymin>417.382</ymin>
			<xmax>154.931</xmax>
			<ymax>449.382</ymax>
		</bndbox>
	</object>
	<object>
		<name>g1</name>
		<pose>Unspecified</pose>
		<truncated>0</truncated>
		<difficult>0</difficult>
		<bndbox>
			<xmin>125.834</xmin>
			<ymin>411.991</ymin>
			<xmax>157.834</xmax>
			<ymax>443.991</ymax>
		</bndbox>
	</object>
	<object>
		<name>g4</name>
		<pose>Unspecified</pose>
		<truncated>0</truncated>
		<difficult>0</difficult>
		<bndbox>
			<xmin>130.811</xmin>
			<ymin>384.62</ymin>
			<xmax>162.811</xmax>
			<ymax>416.62</ymax>
		</bndbox>
	</object>
	<object>
		<name>g1</name>
		<pose>Unspecified</pose>
		<truncated>0</truncated>
		<difficult>0</difficult>
		<bndbox>
			<xmin>93.4861</xmin>
			<ymin>409.503</ymin>
			<xmax>125.486</xmax>
			<ymax>441.503</ymax>
		</bndbox>
	</object>
	<object>
		<name>g10</name>
		<pose>Unspecified</pose>
		<truncated>0</truncated>
		<difficult>0</difficult>
		<bndbox>
			<xmin>61.1379</xmin>
			<ymin>332.365</ymin>
			<xmax>93.1379</xmax>
			<ymax>364.365</ymax>
		</bndbox>
	</object>
	<object>
		<name>b5</name>
		<pose>Unspecified</pose>
		<truncated>0</truncated>
		<difficult>0</difficult>
		<bndbox>
			<xmin>103.439</xmin>
			<ymin>267.669</ymin>
			<xmax>135.439</xmax>
			<ymax>299.669</ymax>
		</bndbox>
	</object>
	<object>
		<name>b6</name>
		<pose>Unspecified</pose>
		<truncated>0</truncated>
		<difficult>0</difficult>
		<bndbox>
			<xmin>154.201</xmin>
			<ymin>249.753</ymin>
			<xmax>186.201</xmax>
			<ymax>281.753</ymax>
		</bndbox>
	</object>
	<object>
		<name>g6</name>
		<pose>Unspecified</pose>
		<truncated>0</truncated>
		<difficult>0</difficult>
		<bndbox>
			<xmin>130.91</xmin>
			<ymin>417.565</ymin>
			<xmax>162.91</xmax>
			<ymax>449.565</ymax>
		</bndbox>
	</object>
	<object>
		<name>b4</name>
		<pose>Unspecified</pose>
		<truncated>0</truncated>
		<difficult>0</difficult>
		<bndbox>
			<xmin>98.6618</xmin>
			<ymin>292.154</ymin>
			<xmax>130.662</xmax>
			<ymax>324.154</ymax>
		</bndbox>
	</object>
</annotation>
