<annotation>
	<folder>VOC2007</folder>
	<filename>000230.jpg</filename>
	<source>
		<database>My Database</database>
		<annotation>VOC2007</annotation>
		<image>flickr</image>
		<flickrid>NULL</flickrid>
	</source>
	<owner>
		<flickrid>NULL</flickrid>
		<name>shaochunyan</name>
	</owner>
	<size>
		<width>720</width>
		<height>1280</height>
		<depth>3</depth>
	</size>
	<segmented>0</segmented>
	<object>
		<name>b9</name>
		<pose>Unspecified</pose>
		<truncated>0</truncated>
		<difficult>0</difficult>
		<bndbox>
			<xmin>301</xmin>
			<ymin>496</ymin>
			<xmax>333</xmax>
			<ymax>528</ymax>
		</bndbox>
	</object>
	<object>
		<name>b9</name>
		<pose>Unspecified</pose>
		<truncated>0</truncated>
		<difficult>0</difficult>
		<bndbox>
			<xmin>411</xmin>
			<ymin>459</ymin>
			<xmax>443</xmax>
			<ymax>491</ymax>
		</bndbox>
	</object>
	<object>
		<name>b6</name>
		<pose>Unspecified</pose>
		<truncated>0</truncated>
		<difficult>0</difficult>
		<bndbox>
			<xmin>574</xmin>
			<ymin>497</ymin>
			<xmax>606</xmax>
			<ymax>529</ymax>
		</bndbox>
	</object>
	<object>
		<name>b9</name>
		<pose>Unspecified</pose>
		<truncated>0</truncated>
		<difficult>0</difficult>
		<bndbox>
			<xmin>299.6</xmin>
			<ymin>489.2</ymin>
			<xmax>331.6</xmax>
			<ymax>521.2</ymax>
		</bndbox>
	</object>
	<object>
		<name>b9</name>
		<pose>Unspecified</pose>
		<truncated>0</truncated>
		<difficult>0</difficult>
		<bndbox>
			<xmin>56</xmin>
			<ymin>721.28</ymin>
			<xmax>88</xmax>
			<ymax>753.28</ymax>
		</bndbox>
	</object>
	<object>
		<name>b6</name>
		<pose>Unspecified</pose>
		<truncated>0</truncated>
		<difficult>0</difficult>
		<bndbox>
			<xmin>580.16</xmin>
			<ymin>752.96</ymin>
			<xmax>612.16</xmax>
			<ymax>784.96</ymax>
		</bndbox>
	</object>
	<object>
		<name>b5</name>
		<pose>Unspecified</pose>
		<truncated>0</truncated>
		<difficult>0</difficult>
		<bndbox>
			<xmin>627.68</xmin>
			<ymin>672.32</ymin>
			<xmax>659.68</xmax>
			<ymax>704.32</ymax>
		</bndbox>
	</object>
	<object>
		<name>b9</name>
		<pose>Unspecified</pose>
		<truncated>0</truncated>
		<difficult>0</difficult>
		<bndbox>
			<xmin>45.92</xmin>
			<ymin>620.48</ymin>
			<xmax>77.92</xmax>
			<ymax>652.48</ymax>
		</bndbox>
	</object>
	<object>
		<name>b8</name>
		<pose>Unspecified</pose>
		<truncated>0</truncated>
		<difficult>0</difficult>
		<bndbox>
			<xmin>263.936</xmin>
			<ymin>581.888</ymin>
			<xmax>295.936</xmax>
			<ymax>613.888</ymax>
		</bndbox>
	</object>
	<object>
		<name>b9</name>
		<pose>Unspecified</pose>
		<truncated>0</truncated>
		<difficult>0</difficult>
		<bndbox>
			<xmin>300.224</xmin>
			<ymin>486.848</ymin>
			<xmax>332.224</xmax>
			<ymax>518.848</ymax>
		</bndbox>
	</object>
	<object>
		<name>b6</name>
		<pose>Unspecified</pose>
		<truncated>0</truncated>
		<difficult>0</difficult>
		<bndbox>
			<xmin>578.432</xmin>
			<ymin>752.96</ymin>
			<xmax>610.432</xmax>
			<ymax>784.96</ymax>
		</bndbox>
	</object>
	<object>
		<name>b9</name>
		<pose>Unspecified</pose>
		<truncated>0</truncated>
		<difficult>0</difficult>
		<bndbox>
			<xmin>623.36</xmin>
			<ymin>640.64</ymin>
			<xmax>655.36</xmax>
			<ymax>672.64</ymax>
		</bndbox>
	</object>
	<object>
		<name>b9</name>
		<pose>Unspecified</pose>
		<truncated>0</truncated>
		<difficult>0</difficult>
		<bndbox>
			<xmin>170.624</xmin>
			<ymin>535.232</ymin>
			<xmax>202.624</xmax>
			<ymax>567.232</ymax>
		</bndbox>
	</object>
	<object>
		<name>b8</name>
		<pose>Unspecified</pose>
		<truncated>0</truncated>
		<difficult>0</difficult>
		<bndbox>
			<xmin>467.84</xmin>
			<ymin>467.84</ymin>
			<xmax>499.84</xmax>
			<ymax>499.84</ymax>
		</bndbox>
	</object>
	<object>
		<name>b9</name>
		<pose>Unspecified</pose>
		<truncated>0</truncated>
		<difficult>0</difficult>
		<bndbox>
			<xmin>456.781</xmin>
			<ymin>450.56</ymin>
			<xmax>488.781</xmax>
			<ymax>482.56</ymax>
		</bndbox>
	</object>
	<object>
		<name>b8</name>
		<pose>Unspecified</pose>
		<truncated>0</truncated>
		<difficult>0</difficult>
		<bndbox>
			<xmin>272.23</xmin>
			<ymin>574.976</ymin>
			<xmax>304.23</xmax>
			<ymax>606.976</ymax>
		</bndbox>
	</object>
	<object>
		<name>b7</name>
		<pose>Unspecified</pose>
		<truncated>0</truncated>
		<difficult>0</difficult>
		<bndbox>
			<xmin>355.174</xmin>
			<ymin>651.699</ymin>
			<xmax>387.174</xmax>
			<ymax>683.699</ymax>
		</bndbox>
	</object>
	<object>
		<name>b10</name>
		<pose>Unspecified</pose>
		<truncated>0</truncated>
		<difficult>0</difficult>
		<bndbox>
			<xmin>557.309</xmin>
			<ymin>670.776</ymin>
			<xmax>589.309</xmax>
			<ymax>702.776</ymax>
		</bndbox>
	</object>
	<object>
		<name>b7</name>
		<pose>Unspecified</pose>
		<truncated>0</truncated>
		<difficult>0</difficult>
		<bndbox>
			<xmin>313.653</xmin>
			<ymin>697.053</ymin>
			<xmax>345.653</xmax>
			<ymax>729.053</ymax>
		</bndbox>
	</object>
	<object>
		<name>b9</name>
		<pose>Unspecified</pose>
		<truncated>0</truncated>
		<difficult>0</difficult>
		<bndbox>
			<xmin>301</xmin>
			<ymin>496</ymin>
			<xmax>333</xmax>
			<ymax>528</ymax>
		</bndbox>
	</object>
	<object>
		<name>b9</name>
		<pose>Unspecified</pose>
		<truncated>0</truncated>
		<difficult>0</difficult>
		<bndbox>
			<xmin>411</xmin>
			<ymin>459</ymin>
			<xmax>443</xmax>
			<ymax>491</ymax>
		</bndbox>
	</object>
	<object>
		<name>b6</name>
		<pose>Unspecified</pose>
		<truncated>0</truncated>
		<difficult>0</difficult>
		<bndbox>
			<xmin>574</xmin>
			<ymin>497</ymin>
			<xmax>606</xmax>
			<ymax>529</ymax>
		</bndbox>
	</object>
	<object>
		<name>b9</name>
		<pose>Unspecified</pose>
		<truncated>0</truncated>
		<difficult>0</difficult>
		<bndbox>
			<xmin>299.6</xmin>
			<ymin>489.2</ymin>
			<xmax>331.6</xmax>
			<ymax>521.2</ymax>
		</bndbox>
	</object>
	<object>
		<name>b9</name>
		<pose>Unspecified</pose>
		<truncated>0</truncated>
		<difficult>0</difficult>
		<bndbox>
			<xmin>56</xmin>
			<ymin>721.28</ymin>
			<xmax>88</xmax>
			<ymax>753.28</ymax>
		</bndbox>
	</object>
	<object>
		<name>b6</name>
		<pose>Unspecified</pose>
		<truncated>0</truncated>
		<difficult>0</difficult>
		<bndbox>
			<xmin>580.16</xmin>
			<ymin>752.96</ymin>
			<xmax>612.16</xmax>
			<ymax>784.96</ymax>
		</bndbox>
	</object>
	<object>
		<name>b5</name>
		<pose>Unspecified</pose>
		<truncated>0</truncated>
		<difficult>0</difficult>
		<bndbox>
			<xmin>627.68</xmin>
			<ymin>672.32</ymin>
			<xmax>659.68</xmax>
			<ymax>704.32</ymax>
		</bndbox>
	</object>
	<object>
		<name>b9</name>
		<pose>Unspecified</pose>
		<truncated>0</truncated>
		<difficult>0</difficult>
		<bndbox>
			<xmin>45.92</xmin>
			<ymin>620.48</ymin>
			<xmax>77.92</xmax>
			<ymax>652.48</ymax>
		</bndbox>
	</object>
	<object>
		<name>b8</name>
		<pose>Unspecified</pose>
		<truncated>0</truncated>
		<difficult>0</difficult>
		<bndbox>
			<xmin>263.936</xmin>
			<ymin>581.888</ymin>
			<xmax>295.936</xmax>
			<ymax>613.888</ymax>
		</bndbox>
	</object>
	<object>
		<name>b9</name>
		<pose>Unspecified</pose>
		<truncated>0</truncated>
		<difficult>0</difficult>
		<bndbox>
			<xmin>300.224</xmin>
			<ymin>486.848</ymin>
			<xmax>332.224</xmax>
			<ymax>518.848</ymax>
		</bndbox>
	</object>
	<object>
		<name>b6</name>
		<pose>Unspecified</pose>
		<truncated>0</truncated>
		<difficult>0</difficult>
		<bndbox>
			<xmin>578.432</xmin>
			<ymin>752.96</ymin>
			<xmax>610.432</xmax>
			<ymax>784.96</ymax>
		</bndbox>
	</object>
	<object>
		<name>b9</name>
		<pose>Unspecified</pose>
		<truncated>0</truncated>
		<difficult>0</difficult>
		<bndbox>
			<xmin>623.36</xmin>
			<ymin>640.64</ymin>
			<xmax>655.36</xmax>
			<ymax>672.64</ymax>
		</bndbox>
	</object>
	<object>
		<name>b9</name>
		<pose>Unspecified</pose>
		<truncated>0</truncated>
		<difficult>0</difficult>
		<bndbox>
			<xmin>170.624</xmin>
			<ymin>535.232</ymin>
			<xmax>202.624</xmax>
			<ymax>567.232</ymax>
		</bndbox>
	</object>
	<object>
		<name>b8</name>
		<pose>Unspecified</pose>
		<truncated>0</truncated>
		<difficult>0</difficult>
		<bndbox>
			<xmin>467.84</xmin>
			<ymin>467.84</ymin>
			<xmax>499.84</xmax>
			<ymax>499.84</ymax>
		</bndbox>
	</object>
	<object>
		<name>b9</name>
		<pose>Unspecified</pose>
		<truncated>0</truncated>
		<difficult>0</difficult>
		<bndbox>
			<xmin>456.781</xmin>
			<ymin>450.56</ymin>
			<xmax>488.781</xmax>
			<ymax>482.56</ymax>
		</bndbox>
	</object>
	<object>
		<name>b8</name>
		<pose>Unspecified</pose>
		<truncated>0</truncated>
		<difficult>0</difficult>
		<bndbox>
			<xmin>272.23</xmin>
			<ymin>574.976</ymin>
			<xmax>304.23</xmax>
			<ymax>606.976</ymax>
		</bndbox>
	</object>
	<object>
		<name>b7</name>
		<pose>Unspecified</pose>
		<truncated>0</truncated>
		<difficult>0</difficult>
		<bndbox>
			<xmin>355.174</xmin>
			<ymin>651.699</ymin>
			<xmax>387.174</xmax>
			<ymax>683.699</ymax>
		</bndbox>
	</object>
	<object>
		<name>b10</name>
		<pose>Unspecified</pose>
		<truncated>0</truncated>
		<difficult>0</difficult>
		<bndbox>
			<xmin>557.309</xmin>
			<ymin>670.776</ymin>
			<xmax>589.309</xmax>
			<ymax>702.776</ymax>
		</bndbox>
	</object>
	<object>
		<name>b7</name>
		<pose>Unspecified</pose>
		<truncated>0</truncated>
		<difficult>0</difficult>
		<bndbox>
			<xmin>313.653</xmin>
			<ymin>697.053</ymin>
			<xmax>345.653</xmax>
			<ymax>729.053</ymax>
		</bndbox>
	</object>
	<object>
		<name>b9</name>
		<pose>Unspecified</pose>
		<truncated>0</truncated>
		<difficult>0</difficult>
		<bndbox>
			<xmin>301</xmin>
			<ymin>496</ymin>
			<xmax>333</xmax>
			<ymax>528</ymax>
		</bndbox>
	</object>
	<object>
		<name>b9</name>
		<pose>Unspecified</pose>
		<truncated>0</truncated>
		<difficult>0</difficult>
		<bndbox>
			<xmin>411</xmin>
			<ymin>459</ymin>
			<xmax>443</xmax>
			<ymax>491</ymax>
		</bndbox>
	</object>
	<object>
		<name>b6</name>
		<pose>Unspecified</pose>
		<truncated>0</truncated>
		<difficult>0</difficult>
		<bndbox>
			<xmin>574</xmin>
			<ymin>497</ymin>
			<xmax>606</xmax>
			<ymax>529</ymax>
		</bndbox>
	</object>
	<object>
		<name>b9</name>
		<pose>Unspecified</pose>
		<truncated>0</truncated>
		<difficult>0</difficult>
		<bndbox>
			<xmin>299.6</xmin>
			<ymin>489.2</ymin>
			<xmax>331.6</xmax>
			<ymax>521.2</ymax>
		</bndbox>
	</object>
	<object>
		<name>b9</name>
		<pose>Unspecified</pose>
		<truncated>0</truncated>
		<difficult>0</difficult>
		<bndbox>
			<xmin>56</xmin>
			<ymin>721.28</ymin>
			<xmax>88</xmax>
			<ymax>753.28</ymax>
		</bndbox>
	</object>
	<object>
		<name>b6</name>
		<pose>Unspecified</pose>
		<truncated>0</truncated>
		<difficult>0</difficult>
		<bndbox>
			<xmin>580.16</xmin>
			<ymin>752.96</ymin>
			<xmax>612.16</xmax>
			<ymax>784.96</ymax>
		</bndbox>
	</object>
	<object>
		<name>b5</name>
		<pose>Unspecified</pose>
		<truncated>0</truncated>
		<difficult>0</difficult>
		<bndbox>
			<xmin>627.68</xmin>
			<ymin>672.32</ymin>
			<xmax>659.68</xmax>
			<ymax>704.32</ymax>
		</bndbox>
	</object>
	<object>
		<name>b9</name>
		<pose>Unspecified</pose>
		<truncated>0</truncated>
		<difficult>0</difficult>
		<bndbox>
			<xmin>45.92</xmin>
			<ymin>620.48</ymin>
			<xmax>77.92</xmax>
			<ymax>652.48</ymax>
		</bndbox>
	</object>
	<object>
		<name>b8</name>
		<pose>Unspecified</pose>
		<truncated>0</truncated>
		<difficult>0</difficult>
		<bndbox>
			<xmin>263.936</xmin>
			<ymin>581.888</ymin>
			<xmax>295.936</xmax>
			<ymax>613.888</ymax>
		</bndbox>
	</object>
	<object>
		<name>b9</name>
		<pose>Unspecified</pose>
		<truncated>0</truncated>
		<difficult>0</difficult>
		<bndbox>
			<xmin>300.224</xmin>
			<ymin>486.848</ymin>
			<xmax>332.224</xmax>
			<ymax>518.848</ymax>
		</bndbox>
	</object>
	<object>
		<name>b6</name>
		<pose>Unspecified</pose>
		<truncated>0</truncated>
		<difficult>0</difficult>
		<bndbox>
			<xmin>578.432</xmin>
			<ymin>752.96</ymin>
			<xmax>610.432</xmax>
			<ymax>784.96</ymax>
		</bndbox>
	</object>
	<object>
		<name>b9</name>
		<pose>Unspecified</pose>
		<truncated>0</truncated>
		<difficult>0</difficult>
		<bndbox>
			<xmin>623.36</xmin>
			<ymin>640.64</ymin>
			<xmax>655.36</xmax>
			<ymax>672.64</ymax>
		</bndbox>
	</object>
	<object>
		<name>b9</name>
		<pose>Unspecified</pose>
		<truncated>0</truncated>
		<difficult>0</difficult>
		<bndbox>
			<xmin>170.624</xmin>
			<ymin>535.232</ymin>
			<xmax>202.624</xmax>
			<ymax>567.232</ymax>
		</bndbox>
	</object>
	<object>
		<name>b8</name>
		<pose>Unspecified</pose>
		<truncated>0</truncated>
		<difficult>0</difficult>
		<bndbox>
			<xmin>467.84</xmin>
			<ymin>467.84</ymin>
			<xmax>499.84</xmax>
			<ymax>499.84</ymax>
		</bndbox>
	</object>
	<object>
		<name>b9</name>
		<pose>Unspecified</pose>
		<truncated>0</truncated>
		<difficult>0</difficult>
		<bndbox>
			<xmin>456.781</xmin>
			<ymin>450.56</ymin>
			<xmax>488.781</xmax>
			<ymax>482.56</ymax>
		</bndbox>
	</object>
	<object>
		<name>b8</name>
		<pose>Unspecified</pose>
		<truncated>0</truncated>
		<difficult>0</difficult>
		<bndbox>
			<xmin>272.23</xmin>
			<ymin>574.976</ymin>
			<xmax>304.23</xmax>
			<ymax>606.976</ymax>
		</bndbox>
	</object>
	<object>
		<name>b7</name>
		<pose>Unspecified</pose>
		<truncated>0</truncated>
		<difficult>0</difficult>
		<bndbox>
			<xmin>355.174</xmin>
			<ymin>651.699</ymin>
			<xmax>387.174</xmax>
			<ymax>683.699</ymax>
		</bndbox>
	</object>
	<object>
		<name>b10</name>
		<pose>Unspecified</pose>
		<truncated>0</truncated>
		<difficult>0</difficult>
		<bndbox>
			<xmin>557.309</xmin>
			<ymin>670.776</ymin>
			<xmax>589.309</xmax>
			<ymax>702.776</ymax>
		</bndbox>
	</object>
	<object>
		<name>b7</name>
		<pose>Unspecified</pose>
		<truncated>0</truncated>
		<difficult>0</difficult>
		<bndbox>
			<xmin>313.653</xmin>
			<ymin>697.053</ymin>
			<xmax>345.653</xmax>
			<ymax>729.053</ymax>
		</bndbox>
	</object>
</annotation>
