<annotation>
	<folder>VOC2007</folder>
	<filename>000260.jpg</filename>
	<source>
		<database>My Database</database>
		<annotation>VOC2007</annotation>
		<image>flickr</image>
		<flickrid>NULL</flickrid>
	</source>
	<owner>
		<flickrid>NULL</flickrid>
		<name>shaochunyan</name>
	</owner>
	<size>
		<width>720</width>
		<height>1280</height>
		<depth>3</depth>
	</size>
	<segmented>0</segmented>
	<object>
		<name>b9</name>
		<pose>Unspecified</pose>
		<truncated>0</truncated>
		<difficult>0</difficult>
		<bndbox>
			<xmin>313</xmin>
			<ymin>395</ymin>
			<xmax>345</xmax>
			<ymax>427</ymax>
		</bndbox>
	</object>
	<object>
		<name>b8</name>
		<pose>Unspecified</pose>
		<truncated>0</truncated>
		<difficult>0</difficult>
		<bndbox>
			<xmin>172</xmin>
			<ymin>390</ymin>
			<xmax>204</xmax>
			<ymax>422</ymax>
		</bndbox>
	</object>
	<object>
		<name>b7</name>
		<pose>Unspecified</pose>
		<truncated>0</truncated>
		<difficult>0</difficult>
		<bndbox>
			<xmin>173</xmin>
			<ymin>514</ymin>
			<xmax>205</xmax>
			<ymax>546</ymax>
		</bndbox>
	</object>
	<object>
		<name>b8</name>
		<pose>Unspecified</pose>
		<truncated>0</truncated>
		<difficult>0</difficult>
		<bndbox>
			<xmin>176</xmin>
			<ymin>378.8</ymin>
			<xmax>208</xmax>
			<ymax>410.8</ymax>
		</bndbox>
	</object>
	<object>
		<name>b8</name>
		<pose>Unspecified</pose>
		<truncated>0</truncated>
		<difficult>0</difficult>
		<bndbox>
			<xmin>174.8</xmin>
			<ymin>410</ymin>
			<xmax>206.8</xmax>
			<ymax>442</ymax>
		</bndbox>
	</object>
	<object>
		<name>b9</name>
		<pose>Unspecified</pose>
		<truncated>0</truncated>
		<difficult>0</difficult>
		<bndbox>
			<xmin>417.2</xmin>
			<ymin>425.6</ymin>
			<xmax>449.2</xmax>
			<ymax>457.6</ymax>
		</bndbox>
	</object>
	<object>
		<name>b9</name>
		<pose>Unspecified</pose>
		<truncated>0</truncated>
		<difficult>0</difficult>
		<bndbox>
			<xmin>442.4</xmin>
			<ymin>404</ymin>
			<xmax>474.4</xmax>
			<ymax>436</ymax>
		</bndbox>
	</object>
	<object>
		<name>b7</name>
		<pose>Unspecified</pose>
		<truncated>0</truncated>
		<difficult>0</difficult>
		<bndbox>
			<xmin>231.68</xmin>
			<ymin>525.44</ymin>
			<xmax>263.68</xmax>
			<ymax>557.44</ymax>
		</bndbox>
	</object>
	<object>
		<name>b9</name>
		<pose>Unspecified</pose>
		<truncated>0</truncated>
		<difficult>0</difficult>
		<bndbox>
			<xmin>182.72</xmin>
			<ymin>368.48</ymin>
			<xmax>214.72</xmax>
			<ymax>400.48</ymax>
		</bndbox>
	</object>
	<object>
		<name>b8</name>
		<pose>Unspecified</pose>
		<truncated>0</truncated>
		<difficult>0</difficult>
		<bndbox>
			<xmin>516.8</xmin>
			<ymin>427.52</ymin>
			<xmax>548.8</xmax>
			<ymax>459.52</ymax>
		</bndbox>
	</object>
	<object>
		<name>b8</name>
		<pose>Unspecified</pose>
		<truncated>0</truncated>
		<difficult>0</difficult>
		<bndbox>
			<xmin>184.16</xmin>
			<ymin>528.32</ymin>
			<xmax>216.16</xmax>
			<ymax>560.32</ymax>
		</bndbox>
	</object>
	<object>
		<name>b8</name>
		<pose>Unspecified</pose>
		<truncated>0</truncated>
		<difficult>0</difficult>
		<bndbox>
			<xmin>175.808</xmin>
			<ymin>414.272</ymin>
			<xmax>207.808</xmax>
			<ymax>446.272</ymax>
		</bndbox>
	</object>
	<object>
		<name>b8</name>
		<pose>Unspecified</pose>
		<truncated>0</truncated>
		<difficult>0</difficult>
		<bndbox>
			<xmin>174.08</xmin>
			<ymin>409.088</ymin>
			<xmax>206.08</xmax>
			<ymax>441.088</ymax>
		</bndbox>
	</object>
	<object>
		<name>b9</name>
		<pose>Unspecified</pose>
		<truncated>0</truncated>
		<difficult>0</difficult>
		<bndbox>
			<xmin>384.896</xmin>
			<ymin>402.176</ymin>
			<xmax>416.896</xmax>
			<ymax>434.176</ymax>
		</bndbox>
	</object>
	<object>
		<name>b8</name>
		<pose>Unspecified</pose>
		<truncated>0</truncated>
		<difficult>0</difficult>
		<bndbox>
			<xmin>172.352</xmin>
			<ymin>391.808</ymin>
			<xmax>204.352</xmax>
			<ymax>423.808</ymax>
		</bndbox>
	</object>
	<object>
		<name>b9</name>
		<pose>Unspecified</pose>
		<truncated>0</truncated>
		<difficult>0</difficult>
		<bndbox>
			<xmin>317.504</xmin>
			<ymin>386.624</ymin>
			<xmax>349.504</xmax>
			<ymax>418.624</ymax>
		</bndbox>
	</object>
	<object>
		<name>b6</name>
		<pose>Unspecified</pose>
		<truncated>0</truncated>
		<difficult>0</difficult>
		<bndbox>
			<xmin>172.698</xmin>
			<ymin>512.768</ymin>
			<xmax>204.698</xmax>
			<ymax>544.768</ymax>
		</bndbox>
	</object>
	<object>
		<name>b7</name>
		<pose>Unspecified</pose>
		<truncated>0</truncated>
		<difficult>0</difficult>
		<bndbox>
			<xmin>528.942</xmin>
			<ymin>426.921</ymin>
			<xmax>560.942</xmax>
			<ymax>458.921</ymax>
		</bndbox>
	</object>
	<object>
		<name>b7</name>
		<pose>Unspecified</pose>
		<truncated>0</truncated>
		<difficult>0</difficult>
		<bndbox>
			<xmin>235.32</xmin>
			<ymin>528.942</ymin>
			<xmax>267.32</xmax>
			<ymax>560.942</ymax>
		</bndbox>
	</object>
	<object>
		<name>b9</name>
		<pose>Unspecified</pose>
		<truncated>0</truncated>
		<difficult>0</difficult>
		<bndbox>
			<xmin>313</xmin>
			<ymin>395</ymin>
			<xmax>345</xmax>
			<ymax>427</ymax>
		</bndbox>
	</object>
	<object>
		<name>b8</name>
		<pose>Unspecified</pose>
		<truncated>0</truncated>
		<difficult>0</difficult>
		<bndbox>
			<xmin>172</xmin>
			<ymin>390</ymin>
			<xmax>204</xmax>
			<ymax>422</ymax>
		</bndbox>
	</object>
	<object>
		<name>b7</name>
		<pose>Unspecified</pose>
		<truncated>0</truncated>
		<difficult>0</difficult>
		<bndbox>
			<xmin>173</xmin>
			<ymin>514</ymin>
			<xmax>205</xmax>
			<ymax>546</ymax>
		</bndbox>
	</object>
	<object>
		<name>b8</name>
		<pose>Unspecified</pose>
		<truncated>0</truncated>
		<difficult>0</difficult>
		<bndbox>
			<xmin>176</xmin>
			<ymin>378.8</ymin>
			<xmax>208</xmax>
			<ymax>410.8</ymax>
		</bndbox>
	</object>
	<object>
		<name>b8</name>
		<pose>Unspecified</pose>
		<truncated>0</truncated>
		<difficult>0</difficult>
		<bndbox>
			<xmin>174.8</xmin>
			<ymin>410</ymin>
			<xmax>206.8</xmax>
			<ymax>442</ymax>
		</bndbox>
	</object>
	<object>
		<name>b9</name>
		<pose>Unspecified</pose>
		<truncated>0</truncated>
		<difficult>0</difficult>
		<bndbox>
			<xmin>417.2</xmin>
			<ymin>425.6</ymin>
			<xmax>449.2</xmax>
			<ymax>457.6</ymax>
		</bndbox>
	</object>
	<object>
		<name>b9</name>
		<pose>Unspecified</pose>
		<truncated>0</truncated>
		<difficult>0</difficult>
		<bndbox>
			<xmin>442.4</xmin>
			<ymin>404</ymin>
			<xmax>474.4</xmax>
			<ymax>436</ymax>
		</bndbox>
	</object>
	<object>
		<name>b7</name>
		<pose>Unspecified</pose>
		<truncated>0</truncated>
		<difficult>0</difficult>
		<bndbox>
			<xmin>231.68</xmin>
			<ymin>525.44</ymin>
			<xmax>263.68</xmax>
			<ymax>557.44</ymax>
		</bndbox>
	</object>
	<object>
		<name>b9</name>
		<pose>Unspecified</pose>
		<truncated>0</truncated>
		<difficult>0</difficult>
		<bndbox>
			<xmin>182.72</xmin>
			<ymin>368.48</ymin>
			<xmax>214.72</xmax>
			<ymax>400.48</ymax>
		</bndbox>
	</object>
	<object>
		<name>b8</name>
		<pose>Unspecified</pose>
		<truncated>0</truncated>
		<difficult>0</difficult>
		<bndbox>
			<xmin>516.8</xmin>
			<ymin>427.52</ymin>
			<xmax>548.8</xmax>
			<ymax>459.52</ymax>
		</bndbox>
	</object>
	<object>
		<name>b8</name>
		<pose>Unspecified</pose>
		<truncated>0</truncated>
		<difficult>0</difficult>
		<bndbox>
			<xmin>184.16</xmin>
			<ymin>528.32</ymin>
			<xmax>216.16</xmax>
			<ymax>560.32</ymax>
		</bndbox>
	</object>
	<object>
		<name>b8</name>
		<pose>Unspecified</pose>
		<truncated>0</truncated>
		<difficult>0</difficult>
		<bndbox>
			<xmin>175.808</xmin>
			<ymin>414.272</ymin>
			<xmax>207.808</xmax>
			<ymax>446.272</ymax>
		</bndbox>
	</object>
	<object>
		<name>b8</name>
		<pose>Unspecified</pose>
		<truncated>0</truncated>
		<difficult>0</difficult>
		<bndbox>
			<xmin>174.08</xmin>
			<ymin>409.088</ymin>
			<xmax>206.08</xmax>
			<ymax>441.088</ymax>
		</bndbox>
	</object>
	<object>
		<name>b9</name>
		<pose>Unspecified</pose>
		<truncated>0</truncated>
		<difficult>0</difficult>
		<bndbox>
			<xmin>384.896</xmin>
			<ymin>402.176</ymin>
			<xmax>416.896</xmax>
			<ymax>434.176</ymax>
		</bndbox>
	</object>
	<object>
		<name>b8</name>
		<pose>Unspecified</pose>
		<truncated>0</truncated>
		<difficult>0</difficult>
		<bndbox>
			<xmin>172.352</xmin>
			<ymin>391.808</ymin>
			<xmax>204.352</xmax>
			<ymax>423.808</ymax>
		</bndbox>
	</object>
	<object>
		<name>b9</name>
		<pose>Unspecified</pose>
		<truncated>0</truncated>
		<difficult>0</difficult>
		<bndbox>
			<xmin>317.504</xmin>
			<ymin>386.624</ymin>
			<xmax>349.504</xmax>
			<ymax>418.624</ymax>
		</bndbox>
	</object>
	<object>
		<name>b6</name>
		<pose>Unspecified</pose>
		<truncated>0</truncated>
		<difficult>0</difficult>
		<bndbox>
			<xmin>172.698</xmin>
			<ymin>512.768</ymin>
			<xmax>204.698</xmax>
			<ymax>544.768</ymax>
		</bndbox>
	</object>
	<object>
		<name>b7</name>
		<pose>Unspecified</pose>
		<truncated>0</truncated>
		<difficult>0</difficult>
		<bndbox>
			<xmin>528.942</xmin>
			<ymin>426.921</ymin>
			<xmax>560.942</xmax>
			<ymax>458.921</ymax>
		</bndbox>
	</object>
	<object>
		<name>b7</name>
		<pose>Unspecified</pose>
		<truncated>0</truncated>
		<difficult>0</difficult>
		<bndbox>
			<xmin>235.32</xmin>
			<ymin>528.942</ymin>
			<xmax>267.32</xmax>
			<ymax>560.942</ymax>
		</bndbox>
	</object>
	<object>
		<name>b9</name>
		<pose>Unspecified</pose>
		<truncated>0</truncated>
		<difficult>0</difficult>
		<bndbox>
			<xmin>313</xmin>
			<ymin>395</ymin>
			<xmax>345</xmax>
			<ymax>427</ymax>
		</bndbox>
	</object>
	<object>
		<name>b8</name>
		<pose>Unspecified</pose>
		<truncated>0</truncated>
		<difficult>0</difficult>
		<bndbox>
			<xmin>172</xmin>
			<ymin>390</ymin>
			<xmax>204</xmax>
			<ymax>422</ymax>
		</bndbox>
	</object>
	<object>
		<name>b7</name>
		<pose>Unspecified</pose>
		<truncated>0</truncated>
		<difficult>0</difficult>
		<bndbox>
			<xmin>173</xmin>
			<ymin>514</ymin>
			<xmax>205</xmax>
			<ymax>546</ymax>
		</bndbox>
	</object>
	<object>
		<name>b8</name>
		<pose>Unspecified</pose>
		<truncated>0</truncated>
		<difficult>0</difficult>
		<bndbox>
			<xmin>176</xmin>
			<ymin>378.8</ymin>
			<xmax>208</xmax>
			<ymax>410.8</ymax>
		</bndbox>
	</object>
	<object>
		<name>b8</name>
		<pose>Unspecified</pose>
		<truncated>0</truncated>
		<difficult>0</difficult>
		<bndbox>
			<xmin>174.8</xmin>
			<ymin>410</ymin>
			<xmax>206.8</xmax>
			<ymax>442</ymax>
		</bndbox>
	</object>
	<object>
		<name>b9</name>
		<pose>Unspecified</pose>
		<truncated>0</truncated>
		<difficult>0</difficult>
		<bndbox>
			<xmin>417.2</xmin>
			<ymin>425.6</ymin>
			<xmax>449.2</xmax>
			<ymax>457.6</ymax>
		</bndbox>
	</object>
	<object>
		<name>b9</name>
		<pose>Unspecified</pose>
		<truncated>0</truncated>
		<difficult>0</difficult>
		<bndbox>
			<xmin>442.4</xmin>
			<ymin>404</ymin>
			<xmax>474.4</xmax>
			<ymax>436</ymax>
		</bndbox>
	</object>
	<object>
		<name>b7</name>
		<pose>Unspecified</pose>
		<truncated>0</truncated>
		<difficult>0</difficult>
		<bndbox>
			<xmin>231.68</xmin>
			<ymin>525.44</ymin>
			<xmax>263.68</xmax>
			<ymax>557.44</ymax>
		</bndbox>
	</object>
	<object>
		<name>b9</name>
		<pose>Unspecified</pose>
		<truncated>0</truncated>
		<difficult>0</difficult>
		<bndbox>
			<xmin>182.72</xmin>
			<ymin>368.48</ymin>
			<xmax>214.72</xmax>
			<ymax>400.48</ymax>
		</bndbox>
	</object>
	<object>
		<name>b8</name>
		<pose>Unspecified</pose>
		<truncated>0</truncated>
		<difficult>0</difficult>
		<bndbox>
			<xmin>516.8</xmin>
			<ymin>427.52</ymin>
			<xmax>548.8</xmax>
			<ymax>459.52</ymax>
		</bndbox>
	</object>
	<object>
		<name>b8</name>
		<pose>Unspecified</pose>
		<truncated>0</truncated>
		<difficult>0</difficult>
		<bndbox>
			<xmin>184.16</xmin>
			<ymin>528.32</ymin>
			<xmax>216.16</xmax>
			<ymax>560.32</ymax>
		</bndbox>
	</object>
	<object>
		<name>b8</name>
		<pose>Unspecified</pose>
		<truncated>0</truncated>
		<difficult>0</difficult>
		<bndbox>
			<xmin>175.808</xmin>
			<ymin>414.272</ymin>
			<xmax>207.808</xmax>
			<ymax>446.272</ymax>
		</bndbox>
	</object>
	<object>
		<name>b8</name>
		<pose>Unspecified</pose>
		<truncated>0</truncated>
		<difficult>0</difficult>
		<bndbox>
			<xmin>174.08</xmin>
			<ymin>409.088</ymin>
			<xmax>206.08</xmax>
			<ymax>441.088</ymax>
		</bndbox>
	</object>
	<object>
		<name>b9</name>
		<pose>Unspecified</pose>
		<truncated>0</truncated>
		<difficult>0</difficult>
		<bndbox>
			<xmin>384.896</xmin>
			<ymin>402.176</ymin>
			<xmax>416.896</xmax>
			<ymax>434.176</ymax>
		</bndbox>
	</object>
	<object>
		<name>b8</name>
		<pose>Unspecified</pose>
		<truncated>0</truncated>
		<difficult>0</difficult>
		<bndbox>
			<xmin>172.352</xmin>
			<ymin>391.808</ymin>
			<xmax>204.352</xmax>
			<ymax>423.808</ymax>
		</bndbox>
	</object>
	<object>
		<name>b9</name>
		<pose>Unspecified</pose>
		<truncated>0</truncated>
		<difficult>0</difficult>
		<bndbox>
			<xmin>317.504</xmin>
			<ymin>386.624</ymin>
			<xmax>349.504</xmax>
			<ymax>418.624</ymax>
		</bndbox>
	</object>
	<object>
		<name>b6</name>
		<pose>Unspecified</pose>
		<truncated>0</truncated>
		<difficult>0</difficult>
		<bndbox>
			<xmin>172.698</xmin>
			<ymin>512.768</ymin>
			<xmax>204.698</xmax>
			<ymax>544.768</ymax>
		</bndbox>
	</object>
	<object>
		<name>b7</name>
		<pose>Unspecified</pose>
		<truncated>0</truncated>
		<difficult>0</difficult>
		<bndbox>
			<xmin>528.942</xmin>
			<ymin>426.921</ymin>
			<xmax>560.942</xmax>
			<ymax>458.921</ymax>
		</bndbox>
	</object>
	<object>
		<name>b7</name>
		<pose>Unspecified</pose>
		<truncated>0</truncated>
		<difficult>0</difficult>
		<bndbox>
			<xmin>235.32</xmin>
			<ymin>528.942</ymin>
			<xmax>267.32</xmax>
			<ymax>560.942</ymax>
		</bndbox>
	</object>
</annotation>
