<annotation>
	<folder>VOC2007</folder>
	<filename>000267.jpg</filename>
	<source>
		<database>My Database</database>
		<annotation>VOC2007</annotation>
		<image>flickr</image>
		<flickrid>NULL</flickrid>
	</source>
	<owner>
		<flickrid>NULL</flickrid>
		<name>shaochunyan</name>
	</owner>
	<size>
		<width>720</width>
		<height>1280</height>
		<depth>3</depth>
	</size>
	<segmented>0</segmented>
	<object>
		<name>b5</name>
		<pose>Unspecified</pose>
		<truncated>0</truncated>
		<difficult>0</difficult>
		<bndbox>
			<xmin>17</xmin>
			<ymin>507</ymin>
			<xmax>49</xmax>
			<ymax>539</ymax>
		</bndbox>
	</object>
	<object>
		<name>b5</name>
		<pose>Unspecified</pose>
		<truncated>0</truncated>
		<difficult>0</difficult>
		<bndbox>
			<xmin>17</xmin>
			<ymin>495</ymin>
			<xmax>49</xmax>
			<ymax>527</ymax>
		</bndbox>
	</object>
	<object>
		<name>b7</name>
		<pose>Unspecified</pose>
		<truncated>0</truncated>
		<difficult>0</difficult>
		<bndbox>
			<xmin>275.6</xmin>
			<ymin>485.6</ymin>
			<xmax>307.6</xmax>
			<ymax>517.6</ymax>
		</bndbox>
	</object>
	<object>
		<name>b7</name>
		<pose>Unspecified</pose>
		<truncated>0</truncated>
		<difficult>0</difficult>
		<bndbox>
			<xmin>153.2</xmin>
			<ymin>454.4</ymin>
			<xmax>185.2</xmax>
			<ymax>486.4</ymax>
		</bndbox>
	</object>
	<object>
		<name>b7</name>
		<pose>Unspecified</pose>
		<truncated>0</truncated>
		<difficult>0</difficult>
		<bndbox>
			<xmin>501.2</xmin>
			<ymin>464</ymin>
			<xmax>533.2</xmax>
			<ymax>496</ymax>
		</bndbox>
	</object>
	<object>
		<name>b6</name>
		<pose>Unspecified</pose>
		<truncated>0</truncated>
		<difficult>0</difficult>
		<bndbox>
			<xmin>437.6</xmin>
			<ymin>440.48</ymin>
			<xmax>469.6</xmax>
			<ymax>472.48</ymax>
		</bndbox>
	</object>
	<object>
		<name>b9</name>
		<pose>Unspecified</pose>
		<truncated>0</truncated>
		<difficult>0</difficult>
		<bndbox>
			<xmin>416</xmin>
			<ymin>473.6</ymin>
			<xmax>448</xmax>
			<ymax>505.6</ymax>
		</bndbox>
	</object>
	<object>
		<name>b9</name>
		<pose>Unspecified</pose>
		<truncated>0</truncated>
		<difficult>0</difficult>
		<bndbox>
			<xmin>339.68</xmin>
			<ymin>424.64</ymin>
			<xmax>371.68</xmax>
			<ymax>456.64</ymax>
		</bndbox>
	</object>
	<object>
		<name>b7</name>
		<pose>Unspecified</pose>
		<truncated>0</truncated>
		<difficult>0</difficult>
		<bndbox>
			<xmin>153.344</xmin>
			<ymin>443.648</ymin>
			<xmax>185.344</xmax>
			<ymax>475.648</ymax>
		</bndbox>
	</object>
	<object>
		<name>b7</name>
		<pose>Unspecified</pose>
		<truncated>0</truncated>
		<difficult>0</difficult>
		<bndbox>
			<xmin>251.494</xmin>
			<ymin>550.093</ymin>
			<xmax>283.494</xmax>
			<ymax>582.093</ymax>
		</bndbox>
	</object>
	<object>
		<name>b8</name>
		<pose>Unspecified</pose>
		<truncated>0</truncated>
		<difficult>0</difficult>
		<bndbox>
			<xmin>317.435</xmin>
			<ymin>650.87</ymin>
			<xmax>349.435</xmax>
			<ymax>682.87</ymax>
		</bndbox>
	</object>
	<object>
		<name>b8</name>
		<pose>Unspecified</pose>
		<truncated>0</truncated>
		<difficult>0</difficult>
		<bndbox>
			<xmin>166.145</xmin>
			<ymin>464.744</ymin>
			<xmax>198.145</xmax>
			<ymax>496.744</ymax>
		</bndbox>
	</object>
	<object>
		<name>b9</name>
		<pose>Unspecified</pose>
		<truncated>0</truncated>
		<difficult>0</difficult>
		<bndbox>
			<xmin>152.41</xmin>
			<ymin>399.649</ymin>
			<xmax>184.41</xmax>
			<ymax>431.649</ymax>
		</bndbox>
	</object>
	<object>
		<name>b8</name>
		<pose>Unspecified</pose>
		<truncated>0</truncated>
		<difficult>0</difficult>
		<bndbox>
			<xmin>292</xmin>
			<ymin>445</ymin>
			<xmax>324</xmax>
			<ymax>477</ymax>
		</bndbox>
	</object>
	<object>
		<name>b5</name>
		<pose>Unspecified</pose>
		<truncated>0</truncated>
		<difficult>0</difficult>
		<bndbox>
			<xmin>167.6</xmin>
			<ymin>467.6</ymin>
			<xmax>199.6</xmax>
			<ymax>499.6</ymax>
		</bndbox>
	</object>
	<object>
		<name>b5</name>
		<pose>Unspecified</pose>
		<truncated>0</truncated>
		<difficult>0</difficult>
		<bndbox>
			<xmin>166.88</xmin>
			<ymin>467.84</ymin>
			<xmax>198.88</xmax>
			<ymax>499.84</ymax>
		</bndbox>
	</object>
	<object>
		<name>b9</name>
		<pose>Unspecified</pose>
		<truncated>0</truncated>
		<difficult>0</difficult>
		<bndbox>
			<xmin>293.6</xmin>
			<ymin>437.6</ymin>
			<xmax>325.6</xmax>
			<ymax>469.6</ymax>
		</bndbox>
	</object>
	<object>
		<name>b9</name>
		<pose>Unspecified</pose>
		<truncated>0</truncated>
		<difficult>0</difficult>
		<bndbox>
			<xmin>151.616</xmin>
			<ymin>400.448</ymin>
			<xmax>183.616</xmax>
			<ymax>432.448</ymax>
		</bndbox>
	</object>
	<object>
		<name>b5</name>
		<pose>Unspecified</pose>
		<truncated>0</truncated>
		<difficult>0</difficult>
		<bndbox>
			<xmin>167.168</xmin>
			<ymin>467.84</ymin>
			<xmax>199.168</xmax>
			<ymax>499.84</ymax>
		</bndbox>
	</object>
	<object>
		<name>b4</name>
		<pose>Unspecified</pose>
		<truncated>0</truncated>
		<difficult>0</difficult>
		<bndbox>
			<xmin>431.552</xmin>
			<ymin>469.568</ymin>
			<xmax>463.552</xmax>
			<ymax>501.568</ymax>
		</bndbox>
	</object>
	<object>
		<name>b9</name>
		<pose>Unspecified</pose>
		<truncated>0</truncated>
		<difficult>0</difficult>
		<bndbox>
			<xmin>431.552</xmin>
			<ymin>635.456</ymin>
			<xmax>463.552</xmax>
			<ymax>667.456</ymax>
		</bndbox>
	</object>
	<object>
		<name>b4</name>
		<pose>Unspecified</pose>
		<truncated>0</truncated>
		<difficult>0</difficult>
		<bndbox>
			<xmin>168.55</xmin>
			<ymin>465.075</ymin>
			<xmax>200.55</xmax>
			<ymax>497.075</ymax>
		</bndbox>
	</object>
	<object>
		<name>b4</name>
		<pose>Unspecified</pose>
		<truncated>0</truncated>
		<difficult>0</difficult>
		<bndbox>
			<xmin>431.898</xmin>
			<ymin>469.222</ymin>
			<xmax>463.898</xmax>
			<ymax>501.222</ymax>
		</bndbox>
	</object>
	<object>
		<name>b8</name>
		<pose>Unspecified</pose>
		<truncated>0</truncated>
		<difficult>0</difficult>
		<bndbox>
			<xmin>164.403</xmin>
			<ymin>398.72</ymin>
			<xmax>196.403</xmax>
			<ymax>430.72</ymax>
		</bndbox>
	</object>
	<object>
		<name>b8</name>
		<pose>Unspecified</pose>
		<truncated>0</truncated>
		<difficult>0</difficult>
		<bndbox>
			<xmin>170.624</xmin>
			<ymin>545.946</ymin>
			<xmax>202.624</xmax>
			<ymax>577.946</ymax>
		</bndbox>
	</object>
	<object>
		<name>g1</name>
		<pose>Unspecified</pose>
		<truncated>0</truncated>
		<difficult>0</difficult>
		<bndbox>
			<xmin>245.274</xmin>
			<ymin>568.755</ymin>
			<xmax>277.274</xmax>
			<ymax>600.755</ymax>
		</bndbox>
	</object>
	<object>
		<name>b4</name>
		<pose>Unspecified</pose>
		<truncated>0</truncated>
		<difficult>0</difficult>
		<bndbox>
			<xmin>431.898</xmin>
			<ymin>469.223</ymin>
			<xmax>463.898</xmax>
			<ymax>501.223</ymax>
		</bndbox>
	</object>
	<object>
		<name>g1</name>
		<pose>Unspecified</pose>
		<truncated>0</truncated>
		<difficult>0</difficult>
		<bndbox>
			<xmin>245.274</xmin>
			<ymin>566.267</ymin>
			<xmax>277.274</xmax>
			<ymax>598.267</ymax>
		</bndbox>
	</object>
	<object>
		<name>b5</name>
		<pose>Unspecified</pose>
		<truncated>0</truncated>
		<difficult>0</difficult>
		<bndbox>
			<xmin>249.753</xmin>
			<ymin>551.337</ymin>
			<xmax>281.753</xmax>
			<ymax>583.337</ymax>
		</bndbox>
	</object>
	<object>
		<name>b8</name>
		<pose>Unspecified</pose>
		<truncated>0</truncated>
		<difficult>0</difficult>
		<bndbox>
			<xmin>413.982</xmin>
			<ymin>470.716</ymin>
			<xmax>445.982</xmax>
			<ymax>502.716</ymax>
		</bndbox>
	</object>
	<object>
		<name>b8</name>
		<pose>Unspecified</pose>
		<truncated>0</truncated>
		<difficult>0</difficult>
		<bndbox>
			<xmin>520</xmin>
			<ymin>618</ymin>
			<xmax>552</xmax>
			<ymax>650</ymax>
		</bndbox>
	</object>
	<object>
		<name>b8</name>
		<pose>Unspecified</pose>
		<truncated>0</truncated>
		<difficult>0</difficult>
		<bndbox>
			<xmin>312</xmin>
			<ymin>404</ymin>
			<xmax>344</xmax>
			<ymax>436</ymax>
		</bndbox>
	</object>
	<object>
		<name>b7</name>
		<pose>Unspecified</pose>
		<truncated>0</truncated>
		<difficult>0</difficult>
		<bndbox>
			<xmin>317</xmin>
			<ymin>407</ymin>
			<xmax>349</xmax>
			<ymax>439</ymax>
		</bndbox>
	</object>
	<object>
		<name>b9</name>
		<pose>Unspecified</pose>
		<truncated>0</truncated>
		<difficult>0</difficult>
		<bndbox>
			<xmin>429.2</xmin>
			<ymin>635.6</ymin>
			<xmax>461.2</xmax>
			<ymax>667.6</ymax>
		</bndbox>
	</object>
	<object>
		<name>b9</name>
		<pose>Unspecified</pose>
		<truncated>0</truncated>
		<difficult>0</difficult>
		<bndbox>
			<xmin>290.72</xmin>
			<ymin>446.24</ymin>
			<xmax>322.72</xmax>
			<ymax>478.24</ymax>
		</bndbox>
	</object>
	<object>
		<name>b7</name>
		<pose>Unspecified</pose>
		<truncated>0</truncated>
		<difficult>0</difficult>
		<bndbox>
			<xmin>212.96</xmin>
			<ymin>558.56</ymin>
			<xmax>244.96</xmax>
			<ymax>590.56</ymax>
		</bndbox>
	</object>
	<object>
		<name>b8</name>
		<pose>Unspecified</pose>
		<truncated>0</truncated>
		<difficult>0</difficult>
		<bndbox>
			<xmin>151.616</xmin>
			<ymin>400.448</ymin>
			<xmax>183.616</xmax>
			<ymax>432.448</ymax>
		</bndbox>
	</object>
	<object>
		<name>b8</name>
		<pose>Unspecified</pose>
		<truncated>0</truncated>
		<difficult>0</difficult>
		<bndbox>
			<xmin>167.168</xmin>
			<ymin>467.84</ymin>
			<xmax>199.168</xmax>
			<ymax>499.84</ymax>
		</bndbox>
	</object>
	<object>
		<name>b7</name>
		<pose>Unspecified</pose>
		<truncated>0</truncated>
		<difficult>0</difficult>
		<bndbox>
			<xmin>562.88</xmin>
			<ymin>880.832</ymin>
			<xmax>594.88</xmax>
			<ymax>912.832</ymax>
		</bndbox>
	</object>
	<object>
		<name>b5</name>
		<pose>Unspecified</pose>
		<truncated>0</truncated>
		<difficult>0</difficult>
		<bndbox>
			<xmin>175.808</xmin>
			<ymin>543.872</ymin>
			<xmax>207.808</xmax>
			<ymax>575.872</ymax>
		</bndbox>
	</object>
	<object>
		<name>b7</name>
		<pose>Unspecified</pose>
		<truncated>0</truncated>
		<difficult>0</difficult>
		<bndbox>
			<xmin>168.55</xmin>
			<ymin>465.075</ymin>
			<xmax>200.55</xmax>
			<ymax>497.075</ymax>
		</bndbox>
	</object>
	<object>
		<name>b5</name>
		<pose>Unspecified</pose>
		<truncated>0</truncated>
		<difficult>0</difficult>
		<bndbox>
			<xmin>170.624</xmin>
			<ymin>545.946</ymin>
			<xmax>202.624</xmax>
			<ymax>577.946</ymax>
		</bndbox>
	</object>
	<object>
		<name>b7</name>
		<pose>Unspecified</pose>
		<truncated>0</truncated>
		<difficult>0</difficult>
		<bndbox>
			<xmin>163.159</xmin>
			<ymin>399.55</ymin>
			<xmax>195.159</xmax>
			<ymax>431.55</ymax>
		</bndbox>
	</object>
	<object>
		<name>b7</name>
		<pose>Unspecified</pose>
		<truncated>0</truncated>
		<difficult>0</difficult>
		<bndbox>
			<xmin>250.25</xmin>
			<ymin>548.849</ymin>
			<xmax>282.25</xmax>
			<ymax>580.849</ymax>
		</bndbox>
	</object>
	<object>
		<name>g10</name>
		<pose>Unspecified</pose>
		<truncated>0</truncated>
		<difficult>0</difficult>
		<bndbox>
			<xmin>76.5655</xmin>
			<ymin>739.454</ymin>
			<xmax>108.566</xmax>
			<ymax>771.454</ymax>
		</bndbox>
	</object>
	<object>
		<name>b7</name>
		<pose>Unspecified</pose>
		<truncated>0</truncated>
		<difficult>0</difficult>
		<bndbox>
			<xmin>109.411</xmin>
			<ymin>631.959</ymin>
			<xmax>141.411</xmax>
			<ymax>663.959</ymax>
		</bndbox>
	</object>
	<object>
		<name>b7</name>
		<pose>Unspecified</pose>
		<truncated>0</truncated>
		<difficult>0</difficult>
		<bndbox>
			<xmin>163.159</xmin>
			<ymin>399.649</ymin>
			<xmax>195.159</xmax>
			<ymax>431.649</ymax>
		</bndbox>
	</object>
	<object>
		<name>b5</name>
		<pose>Unspecified</pose>
		<truncated>0</truncated>
		<difficult>0</difficult>
		<bndbox>
			<xmin>109.411</xmin>
			<ymin>700.636</ymin>
			<xmax>141.411</xmax>
			<ymax>732.636</ymax>
		</bndbox>
	</object>
	<object>
		<name>b7</name>
		<pose>Unspecified</pose>
		<truncated>0</truncated>
		<difficult>0</difficult>
		<bndbox>
			<xmin>525.06</xmin>
			<ymin>607.474</ymin>
			<xmax>557.06</xmax>
			<ymax>639.474</ymax>
		</bndbox>
	</object>
</annotation>
