<annotation>
	<folder>VOC2007</folder>
	<filename>000266.jpg</filename>
	<source>
		<database>My Database</database>
		<annotation>VOC2007</annotation>
		<image>flickr</image>
		<flickrid>NULL</flickrid>
	</source>
	<owner>
		<flickrid>NULL</flickrid>
		<name>shaochunyan</name>
	</owner>
	<size>
		<width>720</width>
		<height>1280</height>
		<depth>3</depth>
	</size>
	<segmented>0</segmented>
	<object>
		<name>b8</name>
		<pose>Unspecified</pose>
		<truncated>0</truncated>
		<difficult>0</difficult>
		<bndbox>
			<xmin>310</xmin>
			<ymin>428</ymin>
			<xmax>342</xmax>
			<ymax>460</ymax>
		</bndbox>
	</object>
	<object>
		<name>b7</name>
		<pose>Unspecified</pose>
		<truncated>0</truncated>
		<difficult>0</difficult>
		<bndbox>
			<xmin>315</xmin>
			<ymin>437</ymin>
			<xmax>347</xmax>
			<ymax>469</ymax>
		</bndbox>
	</object>
	<object>
		<name>b8</name>
		<pose>Unspecified</pose>
		<truncated>0</truncated>
		<difficult>0</difficult>
		<bndbox>
			<xmin>344</xmin>
			<ymin>669</ymin>
			<xmax>376</xmax>
			<ymax>701</ymax>
		</bndbox>
	</object>
	<object>
		<name>b8</name>
		<pose>Unspecified</pose>
		<truncated>0</truncated>
		<difficult>0</difficult>
		<bndbox>
			<xmin>309.2</xmin>
			<ymin>446</ymin>
			<xmax>341.2</xmax>
			<ymax>478</ymax>
		</bndbox>
	</object>
	<object>
		<name>b8</name>
		<pose>Unspecified</pose>
		<truncated>0</truncated>
		<difficult>0</difficult>
		<bndbox>
			<xmin>221.6</xmin>
			<ymin>565.76</ymin>
			<xmax>253.6</xmax>
			<ymax>597.76</ymax>
		</bndbox>
	</object>
	<object>
		<name>b8</name>
		<pose>Unspecified</pose>
		<truncated>0</truncated>
		<difficult>0</difficult>
		<bndbox>
			<xmin>331.04</xmin>
			<ymin>417.44</ymin>
			<xmax>363.04</xmax>
			<ymax>449.44</ymax>
		</bndbox>
	</object>
	<object>
		<name>b9</name>
		<pose>Unspecified</pose>
		<truncated>0</truncated>
		<difficult>0</difficult>
		<bndbox>
			<xmin>526.88</xmin>
			<ymin>620.48</ymin>
			<xmax>558.88</xmax>
			<ymax>652.48</ymax>
		</bndbox>
	</object>
	<object>
		<name>b7</name>
		<pose>Unspecified</pose>
		<truncated>0</truncated>
		<difficult>0</difficult>
		<bndbox>
			<xmin>306.56</xmin>
			<ymin>426.08</ymin>
			<xmax>338.56</xmax>
			<ymax>458.08</ymax>
		</bndbox>
	</object>
	<object>
		<name>b8</name>
		<pose>Unspecified</pose>
		<truncated>0</truncated>
		<difficult>0</difficult>
		<bndbox>
			<xmin>437.6</xmin>
			<ymin>475.04</ymin>
			<xmax>469.6</xmax>
			<ymax>507.04</ymax>
		</bndbox>
	</object>
	<object>
		<name>b10</name>
		<pose>Unspecified</pose>
		<truncated>0</truncated>
		<difficult>0</difficult>
		<bndbox>
			<xmin>161.984</xmin>
			<ymin>452.288</ymin>
			<xmax>193.984</xmax>
			<ymax>484.288</ymax>
		</bndbox>
	</object>
	<object>
		<name>b4</name>
		<pose>Unspecified</pose>
		<truncated>0</truncated>
		<difficult>0</difficult>
		<bndbox>
			<xmin>56.576</xmin>
			<ymin>728.768</ymin>
			<xmax>88.576</xmax>
			<ymax>760.768</ymax>
		</bndbox>
	</object>
	<object>
		<name>b8</name>
		<pose>Unspecified</pose>
		<truncated>0</truncated>
		<difficult>0</difficult>
		<bndbox>
			<xmin>398.72</xmin>
			<ymin>485.12</ymin>
			<xmax>430.72</xmax>
			<ymax>517.12</ymax>
		</bndbox>
	</object>
	<object>
		<name>b8</name>
		<pose>Unspecified</pose>
		<truncated>0</truncated>
		<difficult>0</difficult>
		<bndbox>
			<xmin>327.872</xmin>
			<ymin>417.728</ymin>
			<xmax>359.872</xmax>
			<ymax>449.728</ymax>
		</bndbox>
	</object>
	<object>
		<name>b7</name>
		<pose>Unspecified</pose>
		<truncated>0</truncated>
		<difficult>0</difficult>
		<bndbox>
			<xmin>348.608</xmin>
			<ymin>666.56</ymin>
			<xmax>380.608</xmax>
			<ymax>698.56</ymax>
		</bndbox>
	</object>
	<object>
		<name>b8</name>
		<pose>Unspecified</pose>
		<truncated>0</truncated>
		<difficult>0</difficult>
		<bndbox>
			<xmin>373.837</xmin>
			<ymin>444.339</ymin>
			<xmax>405.837</xmax>
			<ymax>476.339</ymax>
		</bndbox>
	</object>
	<object>
		<name>b9</name>
		<pose>Unspecified</pose>
		<truncated>0</truncated>
		<difficult>0</difficult>
		<bndbox>
			<xmin>429.824</xmin>
			<ymin>641.331</ymin>
			<xmax>461.824</xmax>
			<ymax>673.331</ymax>
		</bndbox>
	</object>
	<object>
		<name>b6</name>
		<pose>Unspecified</pose>
		<truncated>0</truncated>
		<difficult>0</difficult>
		<bndbox>
			<xmin>635.11</xmin>
			<ymin>608.154</ymin>
			<xmax>667.11</xmax>
			<ymax>640.154</ymax>
		</bndbox>
	</object>
	<object>
		<name>b9</name>
		<pose>Unspecified</pose>
		<truncated>0</truncated>
		<difficult>0</difficult>
		<bndbox>
			<xmin>526.454</xmin>
			<ymin>621.01</ymin>
			<xmax>558.454</xmax>
			<ymax>653.01</ymax>
		</bndbox>
	</object>
	<object>
		<name>b8</name>
		<pose>Unspecified</pose>
		<truncated>0</truncated>
		<difficult>0</difficult>
		<bndbox>
			<xmin>344.806</xmin>
			<ymin>419.456</ymin>
			<xmax>376.806</xmax>
			<ymax>451.456</ymax>
		</bndbox>
	</object>
	<object>
		<name>b8</name>
		<pose>Unspecified</pose>
		<truncated>0</truncated>
		<difficult>0</difficult>
		<bndbox>
			<xmin>302.505</xmin>
			<ymin>441.851</ymin>
			<xmax>334.505</xmax>
			<ymax>473.851</ymax>
		</bndbox>
	</object>
	<object>
		<name>b8</name>
		<pose>Unspecified</pose>
		<truncated>0</truncated>
		<difficult>0</difficult>
		<bndbox>
			<xmin>246.767</xmin>
			<ymin>557.309</ymin>
			<xmax>278.767</xmax>
			<ymax>589.309</ymax>
		</bndbox>
	</object>
	<object>
		<name>b9</name>
		<pose>Unspecified</pose>
		<truncated>0</truncated>
		<difficult>0</difficult>
		<bndbox>
			<xmin>372.178</xmin>
			<ymin>431.898</ymin>
			<xmax>404.178</xmax>
			<ymax>463.898</ymax>
		</bndbox>
	</object>
	<object>
		<name>b8</name>
		<pose>Unspecified</pose>
		<truncated>0</truncated>
		<difficult>0</difficult>
		<bndbox>
			<xmin>249.155</xmin>
			<ymin>557.309</ymin>
			<xmax>281.155</xmax>
			<ymax>589.309</ymax>
		</bndbox>
	</object>
	<object>
		<name>b8</name>
		<pose>Unspecified</pose>
		<truncated>0</truncated>
		<difficult>0</difficult>
		<bndbox>
			<xmin>310</xmin>
			<ymin>428</ymin>
			<xmax>342</xmax>
			<ymax>460</ymax>
		</bndbox>
	</object>
	<object>
		<name>b7</name>
		<pose>Unspecified</pose>
		<truncated>0</truncated>
		<difficult>0</difficult>
		<bndbox>
			<xmin>315</xmin>
			<ymin>437</ymin>
			<xmax>347</xmax>
			<ymax>469</ymax>
		</bndbox>
	</object>
	<object>
		<name>b8</name>
		<pose>Unspecified</pose>
		<truncated>0</truncated>
		<difficult>0</difficult>
		<bndbox>
			<xmin>344</xmin>
			<ymin>669</ymin>
			<xmax>376</xmax>
			<ymax>701</ymax>
		</bndbox>
	</object>
	<object>
		<name>b8</name>
		<pose>Unspecified</pose>
		<truncated>0</truncated>
		<difficult>0</difficult>
		<bndbox>
			<xmin>309.2</xmin>
			<ymin>446</ymin>
			<xmax>341.2</xmax>
			<ymax>478</ymax>
		</bndbox>
	</object>
	<object>
		<name>b8</name>
		<pose>Unspecified</pose>
		<truncated>0</truncated>
		<difficult>0</difficult>
		<bndbox>
			<xmin>221.6</xmin>
			<ymin>565.76</ymin>
			<xmax>253.6</xmax>
			<ymax>597.76</ymax>
		</bndbox>
	</object>
	<object>
		<name>b8</name>
		<pose>Unspecified</pose>
		<truncated>0</truncated>
		<difficult>0</difficult>
		<bndbox>
			<xmin>331.04</xmin>
			<ymin>417.44</ymin>
			<xmax>363.04</xmax>
			<ymax>449.44</ymax>
		</bndbox>
	</object>
	<object>
		<name>b9</name>
		<pose>Unspecified</pose>
		<truncated>0</truncated>
		<difficult>0</difficult>
		<bndbox>
			<xmin>526.88</xmin>
			<ymin>620.48</ymin>
			<xmax>558.88</xmax>
			<ymax>652.48</ymax>
		</bndbox>
	</object>
	<object>
		<name>b7</name>
		<pose>Unspecified</pose>
		<truncated>0</truncated>
		<difficult>0</difficult>
		<bndbox>
			<xmin>306.56</xmin>
			<ymin>426.08</ymin>
			<xmax>338.56</xmax>
			<ymax>458.08</ymax>
		</bndbox>
	</object>
	<object>
		<name>b8</name>
		<pose>Unspecified</pose>
		<truncated>0</truncated>
		<difficult>0</difficult>
		<bndbox>
			<xmin>437.6</xmin>
			<ymin>475.04</ymin>
			<xmax>469.6</xmax>
			<ymax>507.04</ymax>
		</bndbox>
	</object>
	<object>
		<name>b10</name>
		<pose>Unspecified</pose>
		<truncated>0</truncated>
		<difficult>0</difficult>
		<bndbox>
			<xmin>161.984</xmin>
			<ymin>452.288</ymin>
			<xmax>193.984</xmax>
			<ymax>484.288</ymax>
		</bndbox>
	</object>
	<object>
		<name>b4</name>
		<pose>Unspecified</pose>
		<truncated>0</truncated>
		<difficult>0</difficult>
		<bndbox>
			<xmin>56.576</xmin>
			<ymin>728.768</ymin>
			<xmax>88.576</xmax>
			<ymax>760.768</ymax>
		</bndbox>
	</object>
	<object>
		<name>b8</name>
		<pose>Unspecified</pose>
		<truncated>0</truncated>
		<difficult>0</difficult>
		<bndbox>
			<xmin>398.72</xmin>
			<ymin>485.12</ymin>
			<xmax>430.72</xmax>
			<ymax>517.12</ymax>
		</bndbox>
	</object>
	<object>
		<name>b8</name>
		<pose>Unspecified</pose>
		<truncated>0</truncated>
		<difficult>0</difficult>
		<bndbox>
			<xmin>327.872</xmin>
			<ymin>417.728</ymin>
			<xmax>359.872</xmax>
			<ymax>449.728</ymax>
		</bndbox>
	</object>
	<object>
		<name>b7</name>
		<pose>Unspecified</pose>
		<truncated>0</truncated>
		<difficult>0</difficult>
		<bndbox>
			<xmin>348.608</xmin>
			<ymin>666.56</ymin>
			<xmax>380.608</xmax>
			<ymax>698.56</ymax>
		</bndbox>
	</object>
	<object>
		<name>b8</name>
		<pose>Unspecified</pose>
		<truncated>0</truncated>
		<difficult>0</difficult>
		<bndbox>
			<xmin>373.837</xmin>
			<ymin>444.339</ymin>
			<xmax>405.837</xmax>
			<ymax>476.339</ymax>
		</bndbox>
	</object>
	<object>
		<name>b9</name>
		<pose>Unspecified</pose>
		<truncated>0</truncated>
		<difficult>0</difficult>
		<bndbox>
			<xmin>429.824</xmin>
			<ymin>641.331</ymin>
			<xmax>461.824</xmax>
			<ymax>673.331</ymax>
		</bndbox>
	</object>
	<object>
		<name>b6</name>
		<pose>Unspecified</pose>
		<truncated>0</truncated>
		<difficult>0</difficult>
		<bndbox>
			<xmin>635.11</xmin>
			<ymin>608.154</ymin>
			<xmax>667.11</xmax>
			<ymax>640.154</ymax>
		</bndbox>
	</object>
	<object>
		<name>b9</name>
		<pose>Unspecified</pose>
		<truncated>0</truncated>
		<difficult>0</difficult>
		<bndbox>
			<xmin>526.454</xmin>
			<ymin>621.01</ymin>
			<xmax>558.454</xmax>
			<ymax>653.01</ymax>
		</bndbox>
	</object>
	<object>
		<name>b8</name>
		<pose>Unspecified</pose>
		<truncated>0</truncated>
		<difficult>0</difficult>
		<bndbox>
			<xmin>344.806</xmin>
			<ymin>419.456</ymin>
			<xmax>376.806</xmax>
			<ymax>451.456</ymax>
		</bndbox>
	</object>
	<object>
		<name>b8</name>
		<pose>Unspecified</pose>
		<truncated>0</truncated>
		<difficult>0</difficult>
		<bndbox>
			<xmin>302.505</xmin>
			<ymin>441.851</ymin>
			<xmax>334.505</xmax>
			<ymax>473.851</ymax>
		</bndbox>
	</object>
	<object>
		<name>b8</name>
		<pose>Unspecified</pose>
		<truncated>0</truncated>
		<difficult>0</difficult>
		<bndbox>
			<xmin>246.767</xmin>
			<ymin>557.309</ymin>
			<xmax>278.767</xmax>
			<ymax>589.309</ymax>
		</bndbox>
	</object>
	<object>
		<name>b9</name>
		<pose>Unspecified</pose>
		<truncated>0</truncated>
		<difficult>0</difficult>
		<bndbox>
			<xmin>372.178</xmin>
			<ymin>431.898</ymin>
			<xmax>404.178</xmax>
			<ymax>463.898</ymax>
		</bndbox>
	</object>
	<object>
		<name>b8</name>
		<pose>Unspecified</pose>
		<truncated>0</truncated>
		<difficult>0</difficult>
		<bndbox>
			<xmin>249.155</xmin>
			<ymin>557.309</ymin>
			<xmax>281.155</xmax>
			<ymax>589.309</ymax>
		</bndbox>
	</object>
	<object>
		<name>b8</name>
		<pose>Unspecified</pose>
		<truncated>0</truncated>
		<difficult>0</difficult>
		<bndbox>
			<xmin>310</xmin>
			<ymin>428</ymin>
			<xmax>342</xmax>
			<ymax>460</ymax>
		</bndbox>
	</object>
	<object>
		<name>b7</name>
		<pose>Unspecified</pose>
		<truncated>0</truncated>
		<difficult>0</difficult>
		<bndbox>
			<xmin>315</xmin>
			<ymin>437</ymin>
			<xmax>347</xmax>
			<ymax>469</ymax>
		</bndbox>
	</object>
	<object>
		<name>b8</name>
		<pose>Unspecified</pose>
		<truncated>0</truncated>
		<difficult>0</difficult>
		<bndbox>
			<xmin>344</xmin>
			<ymin>669</ymin>
			<xmax>376</xmax>
			<ymax>701</ymax>
		</bndbox>
	</object>
	<object>
		<name>b8</name>
		<pose>Unspecified</pose>
		<truncated>0</truncated>
		<difficult>0</difficult>
		<bndbox>
			<xmin>309.2</xmin>
			<ymin>446</ymin>
			<xmax>341.2</xmax>
			<ymax>478</ymax>
		</bndbox>
	</object>
	<object>
		<name>b8</name>
		<pose>Unspecified</pose>
		<truncated>0</truncated>
		<difficult>0</difficult>
		<bndbox>
			<xmin>221.6</xmin>
			<ymin>565.76</ymin>
			<xmax>253.6</xmax>
			<ymax>597.76</ymax>
		</bndbox>
	</object>
	<object>
		<name>b8</name>
		<pose>Unspecified</pose>
		<truncated>0</truncated>
		<difficult>0</difficult>
		<bndbox>
			<xmin>331.04</xmin>
			<ymin>417.44</ymin>
			<xmax>363.04</xmax>
			<ymax>449.44</ymax>
		</bndbox>
	</object>
	<object>
		<name>b9</name>
		<pose>Unspecified</pose>
		<truncated>0</truncated>
		<difficult>0</difficult>
		<bndbox>
			<xmin>526.88</xmin>
			<ymin>620.48</ymin>
			<xmax>558.88</xmax>
			<ymax>652.48</ymax>
		</bndbox>
	</object>
	<object>
		<name>b7</name>
		<pose>Unspecified</pose>
		<truncated>0</truncated>
		<difficult>0</difficult>
		<bndbox>
			<xmin>306.56</xmin>
			<ymin>426.08</ymin>
			<xmax>338.56</xmax>
			<ymax>458.08</ymax>
		</bndbox>
	</object>
	<object>
		<name>b8</name>
		<pose>Unspecified</pose>
		<truncated>0</truncated>
		<difficult>0</difficult>
		<bndbox>
			<xmin>437.6</xmin>
			<ymin>475.04</ymin>
			<xmax>469.6</xmax>
			<ymax>507.04</ymax>
		</bndbox>
	</object>
	<object>
		<name>b10</name>
		<pose>Unspecified</pose>
		<truncated>0</truncated>
		<difficult>0</difficult>
		<bndbox>
			<xmin>161.984</xmin>
			<ymin>452.288</ymin>
			<xmax>193.984</xmax>
			<ymax>484.288</ymax>
		</bndbox>
	</object>
	<object>
		<name>b4</name>
		<pose>Unspecified</pose>
		<truncated>0</truncated>
		<difficult>0</difficult>
		<bndbox>
			<xmin>56.576</xmin>
			<ymin>728.768</ymin>
			<xmax>88.576</xmax>
			<ymax>760.768</ymax>
		</bndbox>
	</object>
	<object>
		<name>b8</name>
		<pose>Unspecified</pose>
		<truncated>0</truncated>
		<difficult>0</difficult>
		<bndbox>
			<xmin>398.72</xmin>
			<ymin>485.12</ymin>
			<xmax>430.72</xmax>
			<ymax>517.12</ymax>
		</bndbox>
	</object>
	<object>
		<name>b8</name>
		<pose>Unspecified</pose>
		<truncated>0</truncated>
		<difficult>0</difficult>
		<bndbox>
			<xmin>327.872</xmin>
			<ymin>417.728</ymin>
			<xmax>359.872</xmax>
			<ymax>449.728</ymax>
		</bndbox>
	</object>
	<object>
		<name>b7</name>
		<pose>Unspecified</pose>
		<truncated>0</truncated>
		<difficult>0</difficult>
		<bndbox>
			<xmin>348.608</xmin>
			<ymin>666.56</ymin>
			<xmax>380.608</xmax>
			<ymax>698.56</ymax>
		</bndbox>
	</object>
	<object>
		<name>b8</name>
		<pose>Unspecified</pose>
		<truncated>0</truncated>
		<difficult>0</difficult>
		<bndbox>
			<xmin>373.837</xmin>
			<ymin>444.339</ymin>
			<xmax>405.837</xmax>
			<ymax>476.339</ymax>
		</bndbox>
	</object>
	<object>
		<name>b9</name>
		<pose>Unspecified</pose>
		<truncated>0</truncated>
		<difficult>0</difficult>
		<bndbox>
			<xmin>429.824</xmin>
			<ymin>641.331</ymin>
			<xmax>461.824</xmax>
			<ymax>673.331</ymax>
		</bndbox>
	</object>
	<object>
		<name>b6</name>
		<pose>Unspecified</pose>
		<truncated>0</truncated>
		<difficult>0</difficult>
		<bndbox>
			<xmin>635.11</xmin>
			<ymin>608.154</ymin>
			<xmax>667.11</xmax>
			<ymax>640.154</ymax>
		</bndbox>
	</object>
	<object>
		<name>b9</name>
		<pose>Unspecified</pose>
		<truncated>0</truncated>
		<difficult>0</difficult>
		<bndbox>
			<xmin>526.454</xmin>
			<ymin>621.01</ymin>
			<xmax>558.454</xmax>
			<ymax>653.01</ymax>
		</bndbox>
	</object>
	<object>
		<name>b8</name>
		<pose>Unspecified</pose>
		<truncated>0</truncated>
		<difficult>0</difficult>
		<bndbox>
			<xmin>344.806</xmin>
			<ymin>419.456</ymin>
			<xmax>376.806</xmax>
			<ymax>451.456</ymax>
		</bndbox>
	</object>
	<object>
		<name>b8</name>
		<pose>Unspecified</pose>
		<truncated>0</truncated>
		<difficult>0</difficult>
		<bndbox>
			<xmin>302.505</xmin>
			<ymin>441.851</ymin>
			<xmax>334.505</xmax>
			<ymax>473.851</ymax>
		</bndbox>
	</object>
	<object>
		<name>b8</name>
		<pose>Unspecified</pose>
		<truncated>0</truncated>
		<difficult>0</difficult>
		<bndbox>
			<xmin>246.767</xmin>
			<ymin>557.309</ymin>
			<xmax>278.767</xmax>
			<ymax>589.309</ymax>
		</bndbox>
	</object>
	<object>
		<name>b9</name>
		<pose>Unspecified</pose>
		<truncated>0</truncated>
		<difficult>0</difficult>
		<bndbox>
			<xmin>372.178</xmin>
			<ymin>431.898</ymin>
			<xmax>404.178</xmax>
			<ymax>463.898</ymax>
		</bndbox>
	</object>
	<object>
		<name>b8</name>
		<pose>Unspecified</pose>
		<truncated>0</truncated>
		<difficult>0</difficult>
		<bndbox>
			<xmin>249.155</xmin>
			<ymin>557.309</ymin>
			<xmax>281.155</xmax>
			<ymax>589.309</ymax>
		</bndbox>
	</object>
</annotation>
