<annotation>
	<folder>VOC2007</folder>
	<filename>000222.jpg</filename>
	<source>
		<database>My Database</database>
		<annotation>VOC2007</annotation>
		<image>flickr</image>
		<flickrid>NULL</flickrid>
	</source>
	<owner>
		<flickrid>NULL</flickrid>
		<name>shaochunyan</name>
	</owner>
	<size>
		<width>720</width>
		<height>1280</height>
		<depth>3</depth>
	</size>
	<segmented>0</segmented>
	<object>
		<name>g1</name>
		<pose>Unspecified</pose>
		<truncated>0</truncated>
		<difficult>0</difficult>
		<bndbox>
			<xmin>478.4</xmin>
			<ymin>292.4</ymin>
			<xmax>510.4</xmax>
			<ymax>324.4</ymax>
		</bndbox>
	</object>
	<object>
		<name>b5</name>
		<pose>Unspecified</pose>
		<truncated>0</truncated>
		<difficult>0</difficult>
		<bndbox>
			<xmin>657.2</xmin>
			<ymin>352.4</ymin>
			<xmax>689.2</xmax>
			<ymax>384.4</ymax>
		</bndbox>
	</object>
	<object>
		<name>b5</name>
		<pose>Unspecified</pose>
		<truncated>0</truncated>
		<difficult>0</difficult>
		<bndbox>
			<xmin>656.48</xmin>
			<ymin>354.08</ymin>
			<xmax>688.48</xmax>
			<ymax>386.08</ymax>
		</bndbox>
	</object>
	<object>
		<name>g1</name>
		<pose>Unspecified</pose>
		<truncated>0</truncated>
		<difficult>0</difficult>
		<bndbox>
			<xmin>593.12</xmin>
			<ymin>284.96</ymin>
			<xmax>625.12</xmax>
			<ymax>316.96</ymax>
		</bndbox>
	</object>
	<object>
		<name>b9</name>
		<pose>Unspecified</pose>
		<truncated>0</truncated>
		<difficult>0</difficult>
		<bndbox>
			<xmin>626.24</xmin>
			<ymin>416</ymin>
			<xmax>658.24</xmax>
			<ymax>448</ymax>
		</bndbox>
	</object>
	<object>
		<name>b7</name>
		<pose>Unspecified</pose>
		<truncated>0</truncated>
		<difficult>0</difficult>
		<bndbox>
			<xmin>574.976</xmin>
			<ymin>210.368</ymin>
			<xmax>606.976</xmax>
			<ymax>242.368</ymax>
		</bndbox>
	</object>
	<object>
		<name>b5</name>
		<pose>Unspecified</pose>
		<truncated>0</truncated>
		<difficult>0</difficult>
		<bndbox>
			<xmin>619.904</xmin>
			<ymin>312.32</ymin>
			<xmax>651.904</xmax>
			<ymax>344.32</ymax>
		</bndbox>
	</object>
	<object>
		<name>b7</name>
		<pose>Unspecified</pose>
		<truncated>0</truncated>
		<difficult>0</difficult>
		<bndbox>
			<xmin>473.024</xmin>
			<ymin>476.48</ymin>
			<xmax>505.024</xmax>
			<ymax>508.48</ymax>
		</bndbox>
	</object>
	<object>
		<name>b5</name>
		<pose>Unspecified</pose>
		<truncated>0</truncated>
		<difficult>0</difficult>
		<bndbox>
			<xmin>618.522</xmin>
			<ymin>311.629</ymin>
			<xmax>650.522</xmax>
			<ymax>343.629</ymax>
		</bndbox>
	</object>
	<object>
		<name>b5</name>
		<pose>Unspecified</pose>
		<truncated>0</truncated>
		<difficult>0</difficult>
		<bndbox>
			<xmin>585.344</xmin>
			<ymin>330.291</ymin>
			<xmax>617.344</xmax>
			<ymax>362.291</ymax>
		</bndbox>
	</object>
	<object>
		<name>g10</name>
		<pose>Unspecified</pose>
		<truncated>0</truncated>
		<difficult>0</difficult>
		<bndbox>
			<xmin>48.2816</xmin>
			<ymin>444.339</ymin>
			<xmax>80.2816</xmax>
			<ymax>476.339</ymax>
		</bndbox>
	</object>
	<object>
		<name>b5</name>
		<pose>Unspecified</pose>
		<truncated>0</truncated>
		<difficult>0</difficult>
		<bndbox>
			<xmin>637.184</xmin>
			<ymin>330.291</ymin>
			<xmax>669.184</xmax>
			<ymax>362.291</ymax>
		</bndbox>
	</object>
	<object>
		<name>b8</name>
		<pose>Unspecified</pose>
		<truncated>0</truncated>
		<difficult>0</difficult>
		<bndbox>
			<xmin>616.033</xmin>
			<ymin>227.855</ymin>
			<xmax>648.033</xmax>
			<ymax>259.855</ymax>
		</bndbox>
	</object>
	<object>
		<name>b4</name>
		<pose>Unspecified</pose>
		<truncated>0</truncated>
		<difficult>0</difficult>
		<bndbox>
			<xmin>548.849</xmin>
			<ymin>334.853</ymin>
			<xmax>580.849</xmax>
			<ymax>366.853</ymax>
		</bndbox>
	</object>
	<object>
		<name>b6</name>
		<pose>Unspecified</pose>
		<truncated>0</truncated>
		<difficult>0</difficult>
		<bndbox>
			<xmin>456.781</xmin>
			<ymin>441.851</ymin>
			<xmax>488.781</xmax>
			<ymax>473.851</ymax>
		</bndbox>
	</object>
	<object>
		<name>b7</name>
		<pose>Unspecified</pose>
		<truncated>0</truncated>
		<difficult>0</difficult>
		<bndbox>
			<xmin>471.711</xmin>
			<ymin>474.199</ymin>
			<xmax>503.711</xmax>
			<ymax>506.199</ymax>
		</bndbox>
	</object>
	<object>
		<name>b6</name>
		<pose>Unspecified</pose>
		<truncated>0</truncated>
		<difficult>0</difficult>
		<bndbox>
			<xmin>587.169</xmin>
			<ymin>330.374</ymin>
			<xmax>619.169</xmax>
			<ymax>362.374</ymax>
		</bndbox>
	</object>
	<object>
		<name>b6</name>
		<pose>Unspecified</pose>
		<truncated>0</truncated>
		<difficult>0</difficult>
		<bndbox>
			<xmin>452.8</xmin>
			<ymin>446.828</ymin>
			<xmax>484.8</xmax>
			<ymax>478.828</ymax>
		</bndbox>
	</object>
	<object>
		<name>b8</name>
		<pose>Unspecified</pose>
		<truncated>0</truncated>
		<difficult>0</difficult>
		<bndbox>
			<xmin>572.239</xmin>
			<ymin>225.865</ymin>
			<xmax>604.239</xmax>
			<ymax>257.865</ymax>
		</bndbox>
	</object>
	<object>
		<name>b5</name>
		<pose>Unspecified</pose>
		<truncated>0</truncated>
		<difficult>0</difficult>
		<bndbox>
			<xmin>550.143</xmin>
			<ymin>349.485</ymin>
			<xmax>582.143</xmax>
			<ymax>381.485</ymax>
		</bndbox>
	</object>
	<object>
		<name>g1</name>
		<pose>Unspecified</pose>
		<truncated>0</truncated>
		<difficult>0</difficult>
		<bndbox>
			<xmin>478.4</xmin>
			<ymin>292.4</ymin>
			<xmax>510.4</xmax>
			<ymax>324.4</ymax>
		</bndbox>
	</object>
	<object>
		<name>b5</name>
		<pose>Unspecified</pose>
		<truncated>0</truncated>
		<difficult>0</difficult>
		<bndbox>
			<xmin>657.2</xmin>
			<ymin>352.4</ymin>
			<xmax>689.2</xmax>
			<ymax>384.4</ymax>
		</bndbox>
	</object>
	<object>
		<name>b5</name>
		<pose>Unspecified</pose>
		<truncated>0</truncated>
		<difficult>0</difficult>
		<bndbox>
			<xmin>656.48</xmin>
			<ymin>354.08</ymin>
			<xmax>688.48</xmax>
			<ymax>386.08</ymax>
		</bndbox>
	</object>
	<object>
		<name>g1</name>
		<pose>Unspecified</pose>
		<truncated>0</truncated>
		<difficult>0</difficult>
		<bndbox>
			<xmin>593.12</xmin>
			<ymin>284.96</ymin>
			<xmax>625.12</xmax>
			<ymax>316.96</ymax>
		</bndbox>
	</object>
	<object>
		<name>b9</name>
		<pose>Unspecified</pose>
		<truncated>0</truncated>
		<difficult>0</difficult>
		<bndbox>
			<xmin>626.24</xmin>
			<ymin>416</ymin>
			<xmax>658.24</xmax>
			<ymax>448</ymax>
		</bndbox>
	</object>
	<object>
		<name>b7</name>
		<pose>Unspecified</pose>
		<truncated>0</truncated>
		<difficult>0</difficult>
		<bndbox>
			<xmin>574.976</xmin>
			<ymin>210.368</ymin>
			<xmax>606.976</xmax>
			<ymax>242.368</ymax>
		</bndbox>
	</object>
	<object>
		<name>b5</name>
		<pose>Unspecified</pose>
		<truncated>0</truncated>
		<difficult>0</difficult>
		<bndbox>
			<xmin>619.904</xmin>
			<ymin>312.32</ymin>
			<xmax>651.904</xmax>
			<ymax>344.32</ymax>
		</bndbox>
	</object>
	<object>
		<name>b7</name>
		<pose>Unspecified</pose>
		<truncated>0</truncated>
		<difficult>0</difficult>
		<bndbox>
			<xmin>473.024</xmin>
			<ymin>476.48</ymin>
			<xmax>505.024</xmax>
			<ymax>508.48</ymax>
		</bndbox>
	</object>
	<object>
		<name>b5</name>
		<pose>Unspecified</pose>
		<truncated>0</truncated>
		<difficult>0</difficult>
		<bndbox>
			<xmin>618.522</xmin>
			<ymin>311.629</ymin>
			<xmax>650.522</xmax>
			<ymax>343.629</ymax>
		</bndbox>
	</object>
	<object>
		<name>b5</name>
		<pose>Unspecified</pose>
		<truncated>0</truncated>
		<difficult>0</difficult>
		<bndbox>
			<xmin>585.344</xmin>
			<ymin>330.291</ymin>
			<xmax>617.344</xmax>
			<ymax>362.291</ymax>
		</bndbox>
	</object>
	<object>
		<name>g10</name>
		<pose>Unspecified</pose>
		<truncated>0</truncated>
		<difficult>0</difficult>
		<bndbox>
			<xmin>48.2816</xmin>
			<ymin>444.339</ymin>
			<xmax>80.2816</xmax>
			<ymax>476.339</ymax>
		</bndbox>
	</object>
	<object>
		<name>b5</name>
		<pose>Unspecified</pose>
		<truncated>0</truncated>
		<difficult>0</difficult>
		<bndbox>
			<xmin>637.184</xmin>
			<ymin>330.291</ymin>
			<xmax>669.184</xmax>
			<ymax>362.291</ymax>
		</bndbox>
	</object>
	<object>
		<name>b8</name>
		<pose>Unspecified</pose>
		<truncated>0</truncated>
		<difficult>0</difficult>
		<bndbox>
			<xmin>616.033</xmin>
			<ymin>227.855</ymin>
			<xmax>648.033</xmax>
			<ymax>259.855</ymax>
		</bndbox>
	</object>
	<object>
		<name>b4</name>
		<pose>Unspecified</pose>
		<truncated>0</truncated>
		<difficult>0</difficult>
		<bndbox>
			<xmin>548.849</xmin>
			<ymin>334.853</ymin>
			<xmax>580.849</xmax>
			<ymax>366.853</ymax>
		</bndbox>
	</object>
	<object>
		<name>b6</name>
		<pose>Unspecified</pose>
		<truncated>0</truncated>
		<difficult>0</difficult>
		<bndbox>
			<xmin>456.781</xmin>
			<ymin>441.851</ymin>
			<xmax>488.781</xmax>
			<ymax>473.851</ymax>
		</bndbox>
	</object>
	<object>
		<name>b7</name>
		<pose>Unspecified</pose>
		<truncated>0</truncated>
		<difficult>0</difficult>
		<bndbox>
			<xmin>471.711</xmin>
			<ymin>474.199</ymin>
			<xmax>503.711</xmax>
			<ymax>506.199</ymax>
		</bndbox>
	</object>
	<object>
		<name>b6</name>
		<pose>Unspecified</pose>
		<truncated>0</truncated>
		<difficult>0</difficult>
		<bndbox>
			<xmin>587.169</xmin>
			<ymin>330.374</ymin>
			<xmax>619.169</xmax>
			<ymax>362.374</ymax>
		</bndbox>
	</object>
	<object>
		<name>b6</name>
		<pose>Unspecified</pose>
		<truncated>0</truncated>
		<difficult>0</difficult>
		<bndbox>
			<xmin>452.8</xmin>
			<ymin>446.828</ymin>
			<xmax>484.8</xmax>
			<ymax>478.828</ymax>
		</bndbox>
	</object>
	<object>
		<name>b8</name>
		<pose>Unspecified</pose>
		<truncated>0</truncated>
		<difficult>0</difficult>
		<bndbox>
			<xmin>572.239</xmin>
			<ymin>225.865</ymin>
			<xmax>604.239</xmax>
			<ymax>257.865</ymax>
		</bndbox>
	</object>
	<object>
		<name>b5</name>
		<pose>Unspecified</pose>
		<truncated>0</truncated>
		<difficult>0</difficult>
		<bndbox>
			<xmin>550.143</xmin>
			<ymin>349.485</ymin>
			<xmax>582.143</xmax>
			<ymax>381.485</ymax>
		</bndbox>
	</object>
	<object>
		<name>g1</name>
		<pose>Unspecified</pose>
		<truncated>0</truncated>
		<difficult>0</difficult>
		<bndbox>
			<xmin>478.4</xmin>
			<ymin>292.4</ymin>
			<xmax>510.4</xmax>
			<ymax>324.4</ymax>
		</bndbox>
	</object>
	<object>
		<name>b5</name>
		<pose>Unspecified</pose>
		<truncated>0</truncated>
		<difficult>0</difficult>
		<bndbox>
			<xmin>657.2</xmin>
			<ymin>352.4</ymin>
			<xmax>689.2</xmax>
			<ymax>384.4</ymax>
		</bndbox>
	</object>
	<object>
		<name>b5</name>
		<pose>Unspecified</pose>
		<truncated>0</truncated>
		<difficult>0</difficult>
		<bndbox>
			<xmin>656.48</xmin>
			<ymin>354.08</ymin>
			<xmax>688.48</xmax>
			<ymax>386.08</ymax>
		</bndbox>
	</object>
	<object>
		<name>g1</name>
		<pose>Unspecified</pose>
		<truncated>0</truncated>
		<difficult>0</difficult>
		<bndbox>
			<xmin>593.12</xmin>
			<ymin>284.96</ymin>
			<xmax>625.12</xmax>
			<ymax>316.96</ymax>
		</bndbox>
	</object>
	<object>
		<name>b9</name>
		<pose>Unspecified</pose>
		<truncated>0</truncated>
		<difficult>0</difficult>
		<bndbox>
			<xmin>626.24</xmin>
			<ymin>416</ymin>
			<xmax>658.24</xmax>
			<ymax>448</ymax>
		</bndbox>
	</object>
	<object>
		<name>b7</name>
		<pose>Unspecified</pose>
		<truncated>0</truncated>
		<difficult>0</difficult>
		<bndbox>
			<xmin>574.976</xmin>
			<ymin>210.368</ymin>
			<xmax>606.976</xmax>
			<ymax>242.368</ymax>
		</bndbox>
	</object>
	<object>
		<name>b5</name>
		<pose>Unspecified</pose>
		<truncated>0</truncated>
		<difficult>0</difficult>
		<bndbox>
			<xmin>619.904</xmin>
			<ymin>312.32</ymin>
			<xmax>651.904</xmax>
			<ymax>344.32</ymax>
		</bndbox>
	</object>
	<object>
		<name>b7</name>
		<pose>Unspecified</pose>
		<truncated>0</truncated>
		<difficult>0</difficult>
		<bndbox>
			<xmin>473.024</xmin>
			<ymin>476.48</ymin>
			<xmax>505.024</xmax>
			<ymax>508.48</ymax>
		</bndbox>
	</object>
	<object>
		<name>b5</name>
		<pose>Unspecified</pose>
		<truncated>0</truncated>
		<difficult>0</difficult>
		<bndbox>
			<xmin>618.522</xmin>
			<ymin>311.629</ymin>
			<xmax>650.522</xmax>
			<ymax>343.629</ymax>
		</bndbox>
	</object>
	<object>
		<name>b5</name>
		<pose>Unspecified</pose>
		<truncated>0</truncated>
		<difficult>0</difficult>
		<bndbox>
			<xmin>585.344</xmin>
			<ymin>330.291</ymin>
			<xmax>617.344</xmax>
			<ymax>362.291</ymax>
		</bndbox>
	</object>
	<object>
		<name>g10</name>
		<pose>Unspecified</pose>
		<truncated>0</truncated>
		<difficult>0</difficult>
		<bndbox>
			<xmin>48.2816</xmin>
			<ymin>444.339</ymin>
			<xmax>80.2816</xmax>
			<ymax>476.339</ymax>
		</bndbox>
	</object>
	<object>
		<name>b5</name>
		<pose>Unspecified</pose>
		<truncated>0</truncated>
		<difficult>0</difficult>
		<bndbox>
			<xmin>637.184</xmin>
			<ymin>330.291</ymin>
			<xmax>669.184</xmax>
			<ymax>362.291</ymax>
		</bndbox>
	</object>
	<object>
		<name>b8</name>
		<pose>Unspecified</pose>
		<truncated>0</truncated>
		<difficult>0</difficult>
		<bndbox>
			<xmin>616.033</xmin>
			<ymin>227.855</ymin>
			<xmax>648.033</xmax>
			<ymax>259.855</ymax>
		</bndbox>
	</object>
	<object>
		<name>b4</name>
		<pose>Unspecified</pose>
		<truncated>0</truncated>
		<difficult>0</difficult>
		<bndbox>
			<xmin>548.849</xmin>
			<ymin>334.853</ymin>
			<xmax>580.849</xmax>
			<ymax>366.853</ymax>
		</bndbox>
	</object>
	<object>
		<name>b6</name>
		<pose>Unspecified</pose>
		<truncated>0</truncated>
		<difficult>0</difficult>
		<bndbox>
			<xmin>456.781</xmin>
			<ymin>441.851</ymin>
			<xmax>488.781</xmax>
			<ymax>473.851</ymax>
		</bndbox>
	</object>
	<object>
		<name>b7</name>
		<pose>Unspecified</pose>
		<truncated>0</truncated>
		<difficult>0</difficult>
		<bndbox>
			<xmin>471.711</xmin>
			<ymin>474.199</ymin>
			<xmax>503.711</xmax>
			<ymax>506.199</ymax>
		</bndbox>
	</object>
	<object>
		<name>b6</name>
		<pose>Unspecified</pose>
		<truncated>0</truncated>
		<difficult>0</difficult>
		<bndbox>
			<xmin>587.169</xmin>
			<ymin>330.374</ymin>
			<xmax>619.169</xmax>
			<ymax>362.374</ymax>
		</bndbox>
	</object>
	<object>
		<name>b6</name>
		<pose>Unspecified</pose>
		<truncated>0</truncated>
		<difficult>0</difficult>
		<bndbox>
			<xmin>452.8</xmin>
			<ymin>446.828</ymin>
			<xmax>484.8</xmax>
			<ymax>478.828</ymax>
		</bndbox>
	</object>
	<object>
		<name>b8</name>
		<pose>Unspecified</pose>
		<truncated>0</truncated>
		<difficult>0</difficult>
		<bndbox>
			<xmin>572.239</xmin>
			<ymin>225.865</ymin>
			<xmax>604.239</xmax>
			<ymax>257.865</ymax>
		</bndbox>
	</object>
	<object>
		<name>b5</name>
		<pose>Unspecified</pose>
		<truncated>0</truncated>
		<difficult>0</difficult>
		<bndbox>
			<xmin>550.143</xmin>
			<ymin>349.485</ymin>
			<xmax>582.143</xmax>
			<ymax>381.485</ymax>
		</bndbox>
	</object>
</annotation>
