<annotation>
	<folder>VOC2007</folder>
	<filename>000201.jpg</filename>
	<source>
		<database>My Database</database>
		<annotation>VOC2007</annotation>
		<image>flickr</image>
		<flickrid>NULL</flickrid>
	</source>
	<owner>
		<flickrid>NULL</flickrid>
		<name>shaochunyan</name>
	</owner>
	<size>
		<width>720</width>
		<height>1280</height>
		<depth>3</depth>
	</size>
	<segmented>0</segmented>
	<object>
		<name>b5</name>
		<pose>Unspecified</pose>
		<truncated>0</truncated>
		<difficult>0</difficult>
		<bndbox>
			<xmin>510</xmin>
			<ymin>122</ymin>
			<xmax>542</xmax>
			<ymax>154</ymax>
		</bndbox>
	</object>
	<object>
		<name>b4</name>
		<pose>Unspecified</pose>
		<truncated>0</truncated>
		<difficult>0</difficult>
		<bndbox>
			<xmin>506</xmin>
			<ymin>123</ymin>
			<xmax>538</xmax>
			<ymax>155</ymax>
		</bndbox>
	</object>
	<object>
		<name>b8</name>
		<pose>Unspecified</pose>
		<truncated>0</truncated>
		<difficult>0</difficult>
		<bndbox>
			<xmin>483.2</xmin>
			<ymin>57.2</ymin>
			<xmax>515.2</xmax>
			<ymax>89.2</ymax>
		</bndbox>
	</object>
	<object>
		<name>b7</name>
		<pose>Unspecified</pose>
		<truncated>0</truncated>
		<difficult>0</difficult>
		<bndbox>
			<xmin>506.72</xmin>
			<ymin>54.56</ymin>
			<xmax>538.72</xmax>
			<ymax>86.56</ymax>
		</bndbox>
	</object>
	<object>
		<name>b7</name>
		<pose>Unspecified</pose>
		<truncated>0</truncated>
		<difficult>0</difficult>
		<bndbox>
			<xmin>507.584</xmin>
			<ymin>53.12</ymin>
			<xmax>539.584</xmax>
			<ymax>85.12</ymax>
		</bndbox>
	</object>
	<object>
		<name>b9</name>
		<pose>Unspecified</pose>
		<truncated>0</truncated>
		<difficult>0</difficult>
		<bndbox>
			<xmin>454.016</xmin>
			<ymin>46.208</ymin>
			<xmax>486.016</xmax>
			<ymax>78.208</ymax>
		</bndbox>
	</object>
	<object>
		<name>b8</name>
		<pose>Unspecified</pose>
		<truncated>0</truncated>
		<difficult>0</difficult>
		<bndbox>
			<xmin>473.024</xmin>
			<ymin>85.952</ymin>
			<xmax>505.024</xmax>
			<ymax>117.952</ymax>
		</bndbox>
	</object>
	<object>
		<name>b8</name>
		<pose>Unspecified</pose>
		<truncated>0</truncated>
		<difficult>0</difficult>
		<bndbox>
			<xmin>485.12</xmin>
			<ymin>58.304</ymin>
			<xmax>517.12</xmax>
			<ymax>90.304</ymax>
		</bndbox>
	</object>
	<object>
		<name>b9</name>
		<pose>Unspecified</pose>
		<truncated>0</truncated>
		<difficult>0</difficult>
		<bndbox>
			<xmin>483.738</xmin>
			<ymin>85.6064</ymin>
			<xmax>515.738</xmax>
			<ymax>117.606</ymax>
		</bndbox>
	</object>
	<object>
		<name>b7</name>
		<pose>Unspecified</pose>
		<truncated>0</truncated>
		<difficult>0</difficult>
		<bndbox>
			<xmin>506.547</xmin>
			<ymin>52.4288</ymin>
			<xmax>538.547</xmax>
			<ymax>84.4288</ymax>
		</bndbox>
	</object>
	<object>
		<name>b9</name>
		<pose>Unspecified</pose>
		<truncated>0</truncated>
		<difficult>0</difficult>
		<bndbox>
			<xmin>426.921</xmin>
			<ymin>255.227</ymin>
			<xmax>458.921</xmax>
			<ymax>287.227</ymax>
		</bndbox>
	</object>
	<object>
		<name>b9</name>
		<pose>Unspecified</pose>
		<truncated>0</truncated>
		<difficult>0</difficult>
		<bndbox>
			<xmin>528.942</xmin>
			<ymin>541.384</ymin>
			<xmax>560.942</xmax>
			<ymax>573.384</ymax>
		</bndbox>
	</object>
	<object>
		<name>b8</name>
		<pose>Unspecified</pose>
		<truncated>0</truncated>
		<difficult>0</difficult>
		<bndbox>
			<xmin>392.085</xmin>
			<ymin>81.0445</ymin>
			<xmax>424.085</xmax>
			<ymax>113.045</ymax>
		</bndbox>
	</object>
	<object>
		<name>b9</name>
		<pose>Unspecified</pose>
		<truncated>0</truncated>
		<difficult>0</difficult>
		<bndbox>
			<xmin>479.673</xmin>
			<ymin>103.439</ymin>
			<xmax>511.673</xmax>
			<ymax>135.439</ymax>
		</bndbox>
	</object>
	<object>
		<name>g1</name>
		<pose>Unspecified</pose>
		<truncated>0</truncated>
		<difficult>0</difficult>
		<bndbox>
			<xmin>514.311</xmin>
			<ymin>284.987</ymin>
			<xmax>546.311</xmax>
			<ymax>316.987</ymax>
		</bndbox>
	</object>
	<object>
		<name>b4</name>
		<pose>Unspecified</pose>
		<truncated>0</truncated>
		<difficult>0</difficult>
		<bndbox>
			<xmin>417</xmin>
			<ymin>28</ymin>
			<xmax>449</xmax>
			<ymax>60</ymax>
		</bndbox>
	</object>
	<object>
		<name>b6</name>
		<pose>Unspecified</pose>
		<truncated>0</truncated>
		<difficult>0</difficult>
		<bndbox>
			<xmin>496</xmin>
			<ymin>21</ymin>
			<xmax>528</xmax>
			<ymax>53</ymax>
		</bndbox>
	</object>
	<object>
		<name>b9</name>
		<pose>Unspecified</pose>
		<truncated>0</truncated>
		<difficult>0</difficult>
		<bndbox>
			<xmin>369</xmin>
			<ymin>48</ymin>
			<xmax>401</xmax>
			<ymax>80</ymax>
		</bndbox>
	</object>
	<object>
		<name>b5</name>
		<pose>Unspecified</pose>
		<truncated>0</truncated>
		<difficult>0</difficult>
		<bndbox>
			<xmin>516.8</xmin>
			<ymin>32</ymin>
			<xmax>548.8</xmax>
			<ymax>64</ymax>
		</bndbox>
	</object>
	<object>
		<name>b8</name>
		<pose>Unspecified</pose>
		<truncated>0</truncated>
		<difficult>0</difficult>
		<bndbox>
			<xmin>399.2</xmin>
			<ymin>80</ymin>
			<xmax>431.2</xmax>
			<ymax>112</ymax>
		</bndbox>
	</object>
	<object>
		<name>b6</name>
		<pose>Unspecified</pose>
		<truncated>0</truncated>
		<difficult>0</difficult>
		<bndbox>
			<xmin>502.4</xmin>
			<ymin>46.4</ymin>
			<xmax>534.4</xmax>
			<ymax>78.4</ymax>
		</bndbox>
	</object>
	<object>
		<name>b6</name>
		<pose>Unspecified</pose>
		<truncated>0</truncated>
		<difficult>0</difficult>
		<bndbox>
			<xmin>420.8</xmin>
			<ymin>81.2</ymin>
			<xmax>452.8</xmax>
			<ymax>113.2</ymax>
		</bndbox>
	</object>
	<object>
		<name>b8</name>
		<pose>Unspecified</pose>
		<truncated>0</truncated>
		<difficult>0</difficult>
		<bndbox>
			<xmin>476</xmin>
			<ymin>59.6</ymin>
			<xmax>508</xmax>
			<ymax>91.6</ymax>
		</bndbox>
	</object>
	<object>
		<name>b8</name>
		<pose>Unspecified</pose>
		<truncated>0</truncated>
		<difficult>0</difficult>
		<bndbox>
			<xmin>454.4</xmin>
			<ymin>36.8</ymin>
			<xmax>486.4</xmax>
			<ymax>68.8</ymax>
		</bndbox>
	</object>
	<object>
		<name>b7</name>
		<pose>Unspecified</pose>
		<truncated>0</truncated>
		<difficult>0</difficult>
		<bndbox>
			<xmin>449.12</xmin>
			<ymin>41.6</ymin>
			<xmax>481.12</xmax>
			<ymax>73.6</ymax>
		</bndbox>
	</object>
	<object>
		<name>b7</name>
		<pose>Unspecified</pose>
		<truncated>0</truncated>
		<difficult>0</difficult>
		<bndbox>
			<xmin>506.72</xmin>
			<ymin>54.56</ymin>
			<xmax>538.72</xmax>
			<ymax>86.56</ymax>
		</bndbox>
	</object>
	<object>
		<name>b6</name>
		<pose>Unspecified</pose>
		<truncated>0</truncated>
		<difficult>0</difficult>
		<bndbox>
			<xmin>421.76</xmin>
			<ymin>81.92</ymin>
			<xmax>453.76</xmax>
			<ymax>113.92</ymax>
		</bndbox>
	</object>
	<object>
		<name>b10</name>
		<pose>Unspecified</pose>
		<truncated>0</truncated>
		<difficult>0</difficult>
		<bndbox>
			<xmin>489.44</xmin>
			<ymin>87.68</ymin>
			<xmax>521.44</xmax>
			<ymax>119.68</ymax>
		</bndbox>
	</object>
	<object>
		<name>b9</name>
		<pose>Unspecified</pose>
		<truncated>0</truncated>
		<difficult>0</difficult>
		<bndbox>
			<xmin>502.4</xmin>
			<ymin>557.12</ymin>
			<xmax>534.4</xmax>
			<ymax>589.12</ymax>
		</bndbox>
	</object>
	<object>
		<name>b7</name>
		<pose>Unspecified</pose>
		<truncated>0</truncated>
		<difficult>0</difficult>
		<bndbox>
			<xmin>507.584</xmin>
			<ymin>53.12</ymin>
			<xmax>539.584</xmax>
			<ymax>85.12</ymax>
		</bndbox>
	</object>
	<object>
		<name>b8</name>
		<pose>Unspecified</pose>
		<truncated>0</truncated>
		<difficult>0</difficult>
		<bndbox>
			<xmin>438.464</xmin>
			<ymin>68.672</ymin>
			<xmax>470.464</xmax>
			<ymax>100.672</ymax>
		</bndbox>
	</object>
	<object>
		<name>b7</name>
		<pose>Unspecified</pose>
		<truncated>0</truncated>
		<difficult>0</difficult>
		<bndbox>
			<xmin>438.118</xmin>
			<ymin>56.576</ymin>
			<xmax>470.118</xmax>
			<ymax>88.576</ymax>
		</bndbox>
	</object>
	<object>
		<name>b9</name>
		<pose>Unspecified</pose>
		<truncated>0</truncated>
		<difficult>0</difficult>
		<bndbox>
			<xmin>483.738</xmin>
			<ymin>69.0176</ymin>
			<xmax>515.738</xmax>
			<ymax>101.018</ymax>
		</bndbox>
	</object>
	<object>
		<name>b7</name>
		<pose>Unspecified</pose>
		<truncated>0</truncated>
		<difficult>0</difficult>
		<bndbox>
			<xmin>471.313</xmin>
			<ymin>456.98</ymin>
			<xmax>503.313</xmax>
			<ymax>488.98</ymax>
		</bndbox>
	</object>
	<object>
		<name>b8</name>
		<pose>Unspecified</pose>
		<truncated>0</truncated>
		<difficult>0</difficult>
		<bndbox>
			<xmin>424.731</xmin>
			<ymin>270.655</ymin>
			<xmax>456.731</xmax>
			<ymax>302.655</ymax>
		</bndbox>
	</object>
	<object>
		<name>b4</name>
		<pose>Unspecified</pose>
		<truncated>0</truncated>
		<difficult>0</difficult>
		<bndbox>
			<xmin>425</xmin>
			<ymin>19</ymin>
			<xmax>457</xmax>
			<ymax>51</ymax>
		</bndbox>
	</object>
	<object>
		<name>b3</name>
		<pose>Unspecified</pose>
		<truncated>0</truncated>
		<difficult>0</difficult>
		<bndbox>
			<xmin>438</xmin>
			<ymin>76</ymin>
			<xmax>470</xmax>
			<ymax>108</ymax>
		</bndbox>
	</object>
	<object>
		<name>b6</name>
		<pose>Unspecified</pose>
		<truncated>0</truncated>
		<difficult>0</difficult>
		<bndbox>
			<xmin>369</xmin>
			<ymin>48</ymin>
			<xmax>401</xmax>
			<ymax>80</ymax>
		</bndbox>
	</object>
	<object>
		<name>b9</name>
		<pose>Unspecified</pose>
		<truncated>0</truncated>
		<difficult>0</difficult>
		<bndbox>
			<xmin>469</xmin>
			<ymin>87</ymin>
			<xmax>501</xmax>
			<ymax>119</ymax>
		</bndbox>
	</object>
	<object>
		<name>b8</name>
		<pose>Unspecified</pose>
		<truncated>0</truncated>
		<difficult>0</difficult>
		<bndbox>
			<xmin>439</xmin>
			<ymin>44</ymin>
			<xmax>471</xmax>
			<ymax>76</ymax>
		</bndbox>
	</object>
	<object>
		<name>b9</name>
		<pose>Unspecified</pose>
		<truncated>0</truncated>
		<difficult>0</difficult>
		<bndbox>
			<xmin>530</xmin>
			<ymin>65.6</ymin>
			<xmax>562</xmax>
			<ymax>97.6</ymax>
		</bndbox>
	</object>
	<object>
		<name>b3</name>
		<pose>Unspecified</pose>
		<truncated>0</truncated>
		<difficult>0</difficult>
		<bndbox>
			<xmin>395.6</xmin>
			<ymin>69.2</ymin>
			<xmax>427.6</xmax>
			<ymax>101.2</ymax>
		</bndbox>
	</object>
	<object>
		<name>b6</name>
		<pose>Unspecified</pose>
		<truncated>0</truncated>
		<difficult>0</difficult>
		<bndbox>
			<xmin>369.2</xmin>
			<ymin>46.4</ymin>
			<xmax>401.2</xmax>
			<ymax>78.4</ymax>
		</bndbox>
	</object>
	<object>
		<name>b2</name>
		<pose>Unspecified</pose>
		<truncated>0</truncated>
		<difficult>0</difficult>
		<bndbox>
			<xmin>393.2</xmin>
			<ymin>82.4</ymin>
			<xmax>425.2</xmax>
			<ymax>114.4</ymax>
		</bndbox>
	</object>
	<object>
		<name>b8</name>
		<pose>Unspecified</pose>
		<truncated>0</truncated>
		<difficult>0</difficult>
		<bndbox>
			<xmin>528.8</xmin>
			<ymin>138.8</ymin>
			<xmax>560.8</xmax>
			<ymax>170.8</ymax>
		</bndbox>
	</object>
	<object>
		<name>b3</name>
		<pose>Unspecified</pose>
		<truncated>0</truncated>
		<difficult>0</difficult>
		<bndbox>
			<xmin>392.96</xmin>
			<ymin>80.48</ymin>
			<xmax>424.96</xmax>
			<ymax>112.48</ymax>
		</bndbox>
	</object>
	<object>
		<name>b8</name>
		<pose>Unspecified</pose>
		<truncated>0</truncated>
		<difficult>0</difficult>
		<bndbox>
			<xmin>454.88</xmin>
			<ymin>47.36</ymin>
			<xmax>486.88</xmax>
			<ymax>79.36</ymax>
		</bndbox>
	</object>
	<object>
		<name>b7</name>
		<pose>Unspecified</pose>
		<truncated>0</truncated>
		<difficult>0</difficult>
		<bndbox>
			<xmin>456.32</xmin>
			<ymin>450.56</ymin>
			<xmax>488.32</xmax>
			<ymax>482.56</ymax>
		</bndbox>
	</object>
	<object>
		<name>b4</name>
		<pose>Unspecified</pose>
		<truncated>0</truncated>
		<difficult>0</difficult>
		<bndbox>
			<xmin>436.736</xmin>
			<ymin>77.312</ymin>
			<xmax>468.736</xmax>
			<ymax>109.312</ymax>
		</bndbox>
	</object>
	<object>
		<name>b10</name>
		<pose>Unspecified</pose>
		<truncated>0</truncated>
		<difficult>0</difficult>
		<bndbox>
			<xmin>511.04</xmin>
			<ymin>47.936</ymin>
			<xmax>543.04</xmax>
			<ymax>79.936</ymax>
		</bndbox>
	</object>
	<object>
		<name>b5</name>
		<pose>Unspecified</pose>
		<truncated>0</truncated>
		<difficult>0</difficult>
		<bndbox>
			<xmin>438.464</xmin>
			<ymin>68.672</ymin>
			<xmax>470.464</xmax>
			<ymax>100.672</ymax>
		</bndbox>
	</object>
	<object>
		<name>b6</name>
		<pose>Unspecified</pose>
		<truncated>0</truncated>
		<difficult>0</difficult>
		<bndbox>
			<xmin>374.528</xmin>
			<ymin>53.12</ymin>
			<xmax>406.528</xmax>
			<ymax>85.12</ymax>
		</bndbox>
	</object>
	<object>
		<name>b6</name>
		<pose>Unspecified</pose>
		<truncated>0</truncated>
		<difficult>0</difficult>
		<bndbox>
			<xmin>443.648</xmin>
			<ymin>63.488</ymin>
			<xmax>475.648</xmax>
			<ymax>95.488</ymax>
		</bndbox>
	</object>
	<object>
		<name>b9</name>
		<pose>Unspecified</pose>
		<truncated>0</truncated>
		<difficult>0</difficult>
		<bndbox>
			<xmin>473.37</xmin>
			<ymin>56.576</ymin>
			<xmax>505.37</xmax>
			<ymax>88.576</ymax>
		</bndbox>
	</object>
	<object>
		<name>b5</name>
		<pose>Unspecified</pose>
		<truncated>0</truncated>
		<difficult>0</difficult>
		<bndbox>
			<xmin>379.643</xmin>
			<ymin>588.662</ymin>
			<xmax>411.643</xmax>
			<ymax>620.662</ymax>
		</bndbox>
	</object>
	<object>
		<name>b8</name>
		<pose>Unspecified</pose>
		<truncated>0</truncated>
		<difficult>0</difficult>
		<bndbox>
			<xmin>515.505</xmin>
			<ymin>106.425</ymin>
			<xmax>547.505</xmax>
			<ymax>138.425</ymax>
		</bndbox>
	</object>
	<object>
		<name>b9</name>
		<pose>Unspecified</pose>
		<truncated>0</truncated>
		<difficult>0</difficult>
		<bndbox>
			<xmin>479.673</xmin>
			<ymin>103.439</ymin>
			<xmax>511.673</xmax>
			<ymax>135.439</ymax>
		</bndbox>
	</object>
	<object>
		<name>b8</name>
		<pose>Unspecified</pose>
		<truncated>0</truncated>
		<difficult>0</difficult>
		<bndbox>
			<xmin>424.731</xmin>
			<ymin>270.655</ymin>
			<xmax>456.731</xmax>
			<ymax>302.655</ymax>
		</bndbox>
	</object>
</annotation>
