<annotation>
	<folder>VOC2007</folder>
	<filename>000275.jpg</filename>
	<source>
		<database>My Database</database>
		<annotation>VOC2007</annotation>
		<image>flickr</image>
		<flickrid>NULL</flickrid>
	</source>
	<owner>
		<flickrid>NULL</flickrid>
		<name>shaochunyan</name>
	</owner>
	<size>
		<width>720</width>
		<height>1280</height>
		<depth>3</depth>
	</size>
	<segmented>0</segmented>
	<object>
		<name>b6</name>
		<pose>Unspecified</pose>
		<truncated>0</truncated>
		<difficult>0</difficult>
		<bndbox>
			<xmin>291</xmin>
			<ymin>405</ymin>
			<xmax>323</xmax>
			<ymax>437</ymax>
		</bndbox>
	</object>
	<object>
		<name>b9</name>
		<pose>Unspecified</pose>
		<truncated>0</truncated>
		<difficult>0</difficult>
		<bndbox>
			<xmin>402</xmin>
			<ymin>407</ymin>
			<xmax>434</xmax>
			<ymax>439</ymax>
		</bndbox>
	</object>
	<object>
		<name>b8</name>
		<pose>Unspecified</pose>
		<truncated>0</truncated>
		<difficult>0</difficult>
		<bndbox>
			<xmin>349</xmin>
			<ymin>371</ymin>
			<xmax>381</xmax>
			<ymax>403</ymax>
		</bndbox>
	</object>
	<object>
		<name>b5</name>
		<pose>Unspecified</pose>
		<truncated>0</truncated>
		<difficult>0</difficult>
		<bndbox>
			<xmin>282</xmin>
			<ymin>407</ymin>
			<xmax>314</xmax>
			<ymax>439</ymax>
		</bndbox>
	</object>
	<object>
		<name>b9</name>
		<pose>Unspecified</pose>
		<truncated>0</truncated>
		<difficult>0</difficult>
		<bndbox>
			<xmin>298</xmin>
			<ymin>375</ymin>
			<xmax>330</xmax>
			<ymax>407</ymax>
		</bndbox>
	</object>
	<object>
		<name>b9</name>
		<pose>Unspecified</pose>
		<truncated>0</truncated>
		<difficult>0</difficult>
		<bndbox>
			<xmin>159.2</xmin>
			<ymin>401.6</ymin>
			<xmax>191.2</xmax>
			<ymax>433.6</ymax>
		</bndbox>
	</object>
	<object>
		<name>b9</name>
		<pose>Unspecified</pose>
		<truncated>0</truncated>
		<difficult>0</difficult>
		<bndbox>
			<xmin>231.2</xmin>
			<ymin>486.8</ymin>
			<xmax>263.2</xmax>
			<ymax>518.8</ymax>
		</bndbox>
	</object>
	<object>
		<name>b9</name>
		<pose>Unspecified</pose>
		<truncated>0</truncated>
		<difficult>0</difficult>
		<bndbox>
			<xmin>320.96</xmin>
			<ymin>342.56</ymin>
			<xmax>352.96</xmax>
			<ymax>374.56</ymax>
		</bndbox>
	</object>
	<object>
		<name>b9</name>
		<pose>Unspecified</pose>
		<truncated>0</truncated>
		<difficult>0</difficult>
		<bndbox>
			<xmin>365.888</xmin>
			<ymin>350.336</ymin>
			<xmax>397.888</xmax>
			<ymax>382.336</ymax>
		</bndbox>
	</object>
	<object>
		<name>b9</name>
		<pose>Unspecified</pose>
		<truncated>0</truncated>
		<difficult>0</difficult>
		<bndbox>
			<xmin>305.408</xmin>
			<ymin>353.792</ymin>
			<xmax>337.408</xmax>
			<ymax>385.792</ymax>
		</bndbox>
	</object>
	<object>
		<name>b9</name>
		<pose>Unspecified</pose>
		<truncated>0</truncated>
		<difficult>0</difficult>
		<bndbox>
			<xmin>168.896</xmin>
			<ymin>493.76</ymin>
			<xmax>200.896</xmax>
			<ymax>525.76</ymax>
		</bndbox>
	</object>
	<object>
		<name>b9</name>
		<pose>Unspecified</pose>
		<truncated>0</truncated>
		<difficult>0</difficult>
		<bndbox>
			<xmin>295.04</xmin>
			<ymin>377.984</ymin>
			<xmax>327.04</xmax>
			<ymax>409.984</ymax>
		</bndbox>
	</object>
	<object>
		<name>b9</name>
		<pose>Unspecified</pose>
		<truncated>0</truncated>
		<difficult>0</difficult>
		<bndbox>
			<xmin>212.096</xmin>
			<ymin>498.253</ymin>
			<xmax>244.096</xmax>
			<ymax>530.253</ymax>
		</bndbox>
	</object>
	<object>
		<name>b6</name>
		<pose>Unspecified</pose>
		<truncated>0</truncated>
		<difficult>0</difficult>
		<bndbox>
			<xmin>158.182</xmin>
			<ymin>563.779</ymin>
			<xmax>190.182</xmax>
			<ymax>595.779</ymax>
		</bndbox>
	</object>
	<object>
		<name>b5</name>
		<pose>Unspecified</pose>
		<truncated>0</truncated>
		<difficult>0</difficult>
		<bndbox>
			<xmin>342.318</xmin>
			<ymin>631.959</ymin>
			<xmax>374.318</xmax>
			<ymax>663.959</ymax>
		</bndbox>
	</object>
	<object>
		<name>b7</name>
		<pose>Unspecified</pose>
		<truncated>0</truncated>
		<difficult>0</difficult>
		<bndbox>
			<xmin>162</xmin>
			<ymin>541</ymin>
			<xmax>194</xmax>
			<ymax>573</ymax>
		</bndbox>
	</object>
	<object>
		<name>b7</name>
		<pose>Unspecified</pose>
		<truncated>0</truncated>
		<difficult>0</difficult>
		<bndbox>
			<xmin>139</xmin>
			<ymin>349</ymin>
			<xmax>171</xmax>
			<ymax>381</ymax>
		</bndbox>
	</object>
	<object>
		<name>b9</name>
		<pose>Unspecified</pose>
		<truncated>0</truncated>
		<difficult>0</difficult>
		<bndbox>
			<xmin>402</xmin>
			<ymin>407</ymin>
			<xmax>434</xmax>
			<ymax>439</ymax>
		</bndbox>
	</object>
	<object>
		<name>b5</name>
		<pose>Unspecified</pose>
		<truncated>0</truncated>
		<difficult>0</difficult>
		<bndbox>
			<xmin>141</xmin>
			<ymin>369</ymin>
			<xmax>173</xmax>
			<ymax>401</ymax>
		</bndbox>
	</object>
	<object>
		<name>b6</name>
		<pose>Unspecified</pose>
		<truncated>0</truncated>
		<difficult>0</difficult>
		<bndbox>
			<xmin>142.4</xmin>
			<ymin>378.8</ymin>
			<xmax>174.4</xmax>
			<ymax>410.8</ymax>
		</bndbox>
	</object>
	<object>
		<name>b7</name>
		<pose>Unspecified</pose>
		<truncated>0</truncated>
		<difficult>0</difficult>
		<bndbox>
			<xmin>162.8</xmin>
			<ymin>540.8</ymin>
			<xmax>194.8</xmax>
			<ymax>572.8</ymax>
		</bndbox>
	</object>
	<object>
		<name>b9</name>
		<pose>Unspecified</pose>
		<truncated>0</truncated>
		<difficult>0</difficult>
		<bndbox>
			<xmin>137.6</xmin>
			<ymin>483.2</ymin>
			<xmax>169.6</xmax>
			<ymax>515.2</ymax>
		</bndbox>
	</object>
	<object>
		<name>b10</name>
		<pose>Unspecified</pose>
		<truncated>0</truncated>
		<difficult>0</difficult>
		<bndbox>
			<xmin>314</xmin>
			<ymin>364.4</ymin>
			<xmax>346</xmax>
			<ymax>396.4</ymax>
		</bndbox>
	</object>
	<object>
		<name>b7</name>
		<pose>Unspecified</pose>
		<truncated>0</truncated>
		<difficult>0</difficult>
		<bndbox>
			<xmin>137.6</xmin>
			<ymin>340.4</ymin>
			<xmax>169.6</xmax>
			<ymax>372.4</ymax>
		</bndbox>
	</object>
	<object>
		<name>b6</name>
		<pose>Unspecified</pose>
		<truncated>0</truncated>
		<difficult>0</difficult>
		<bndbox>
			<xmin>155.6</xmin>
			<ymin>564.8</ymin>
			<xmax>187.6</xmax>
			<ymax>596.8</ymax>
		</bndbox>
	</object>
	<object>
		<name>b5</name>
		<pose>Unspecified</pose>
		<truncated>0</truncated>
		<difficult>0</difficult>
		<bndbox>
			<xmin>140.96</xmin>
			<ymin>369.92</ymin>
			<xmax>172.96</xmax>
			<ymax>401.92</ymax>
		</bndbox>
	</object>
	<object>
		<name>b9</name>
		<pose>Unspecified</pose>
		<truncated>0</truncated>
		<difficult>0</difficult>
		<bndbox>
			<xmin>335.36</xmin>
			<ymin>570.08</ymin>
			<xmax>367.36</xmax>
			<ymax>602.08</ymax>
		</bndbox>
	</object>
	<object>
		<name>b6</name>
		<pose>Unspecified</pose>
		<truncated>0</truncated>
		<difficult>0</difficult>
		<bndbox>
			<xmin>138.08</xmin>
			<ymin>345.44</ymin>
			<xmax>170.08</xmax>
			<ymax>377.44</ymax>
		</bndbox>
	</object>
	<object>
		<name>b6</name>
		<pose>Unspecified</pose>
		<truncated>0</truncated>
		<difficult>0</difficult>
		<bndbox>
			<xmin>142.4</xmin>
			<ymin>382.88</ymin>
			<xmax>174.4</xmax>
			<ymax>414.88</ymax>
		</bndbox>
	</object>
	<object>
		<name>b9</name>
		<pose>Unspecified</pose>
		<truncated>0</truncated>
		<difficult>0</difficult>
		<bndbox>
			<xmin>137.792</xmin>
			<ymin>327.872</ymin>
			<xmax>169.792</xmax>
			<ymax>359.872</ymax>
		</bndbox>
	</object>
	<object>
		<name>b6</name>
		<pose>Unspecified</pose>
		<truncated>0</truncated>
		<difficult>0</difficult>
		<bndbox>
			<xmin>142.976</xmin>
			<ymin>383.168</ymin>
			<xmax>174.976</xmax>
			<ymax>415.168</ymax>
		</bndbox>
	</object>
	<object>
		<name>b6</name>
		<pose>Unspecified</pose>
		<truncated>0</truncated>
		<difficult>0</difficult>
		<bndbox>
			<xmin>139.52</xmin>
			<ymin>345.152</ymin>
			<xmax>171.52</xmax>
			<ymax>377.152</ymax>
		</bndbox>
	</object>
	<object>
		<name>b6</name>
		<pose>Unspecified</pose>
		<truncated>0</truncated>
		<difficult>0</difficult>
		<bndbox>
			<xmin>139.52</xmin>
			<ymin>351.027</ymin>
			<xmax>171.52</xmax>
			<ymax>383.027</ymax>
		</bndbox>
	</object>
	<object>
		<name>b5</name>
		<pose>Unspecified</pose>
		<truncated>0</truncated>
		<difficult>0</difficult>
		<bndbox>
			<xmin>140.764</xmin>
			<ymin>367.201</ymin>
			<xmax>172.764</xmax>
			<ymax>399.201</ymax>
		</bndbox>
	</object>
	<object>
		<name>b10</name>
		<pose>Unspecified</pose>
		<truncated>0</truncated>
		<difficult>0</difficult>
		<bndbox>
			<xmin>294.542</xmin>
			<ymin>375.164</ymin>
			<xmax>326.542</xmax>
			<ymax>407.164</ymax>
		</bndbox>
	</object>
	<object>
		<name>b7</name>
		<pose>Unspecified</pose>
		<truncated>0</truncated>
		<difficult>0</difficult>
		<bndbox>
			<xmin>162</xmin>
			<ymin>541</ymin>
			<xmax>194</xmax>
			<ymax>573</ymax>
		</bndbox>
	</object>
	<object>
		<name>b6</name>
		<pose>Unspecified</pose>
		<truncated>0</truncated>
		<difficult>0</difficult>
		<bndbox>
			<xmin>139</xmin>
			<ymin>349</ymin>
			<xmax>171</xmax>
			<ymax>381</ymax>
		</bndbox>
	</object>
	<object>
		<name>b9</name>
		<pose>Unspecified</pose>
		<truncated>0</truncated>
		<difficult>0</difficult>
		<bndbox>
			<xmin>402</xmin>
			<ymin>407</ymin>
			<xmax>434</xmax>
			<ymax>439</ymax>
		</bndbox>
	</object>
	<object>
		<name>b5</name>
		<pose>Unspecified</pose>
		<truncated>0</truncated>
		<difficult>0</difficult>
		<bndbox>
			<xmin>141</xmin>
			<ymin>369</ymin>
			<xmax>173</xmax>
			<ymax>401</ymax>
		</bndbox>
	</object>
	<object>
		<name>b6</name>
		<pose>Unspecified</pose>
		<truncated>0</truncated>
		<difficult>0</difficult>
		<bndbox>
			<xmin>142.4</xmin>
			<ymin>378.8</ymin>
			<xmax>174.4</xmax>
			<ymax>410.8</ymax>
		</bndbox>
	</object>
	<object>
		<name>b7</name>
		<pose>Unspecified</pose>
		<truncated>0</truncated>
		<difficult>0</difficult>
		<bndbox>
			<xmin>162.8</xmin>
			<ymin>540.8</ymin>
			<xmax>194.8</xmax>
			<ymax>572.8</ymax>
		</bndbox>
	</object>
	<object>
		<name>b9</name>
		<pose>Unspecified</pose>
		<truncated>0</truncated>
		<difficult>0</difficult>
		<bndbox>
			<xmin>137.6</xmin>
			<ymin>483.2</ymin>
			<xmax>169.6</xmax>
			<ymax>515.2</ymax>
		</bndbox>
	</object>
	<object>
		<name>b10</name>
		<pose>Unspecified</pose>
		<truncated>0</truncated>
		<difficult>0</difficult>
		<bndbox>
			<xmin>314</xmin>
			<ymin>364.4</ymin>
			<xmax>346</xmax>
			<ymax>396.4</ymax>
		</bndbox>
	</object>
	<object>
		<name>b6</name>
		<pose>Unspecified</pose>
		<truncated>0</truncated>
		<difficult>0</difficult>
		<bndbox>
			<xmin>137.6</xmin>
			<ymin>340.4</ymin>
			<xmax>169.6</xmax>
			<ymax>372.4</ymax>
		</bndbox>
	</object>
	<object>
		<name>b6</name>
		<pose>Unspecified</pose>
		<truncated>0</truncated>
		<difficult>0</difficult>
		<bndbox>
			<xmin>155.6</xmin>
			<ymin>564.8</ymin>
			<xmax>187.6</xmax>
			<ymax>596.8</ymax>
		</bndbox>
	</object>
	<object>
		<name>b5</name>
		<pose>Unspecified</pose>
		<truncated>0</truncated>
		<difficult>0</difficult>
		<bndbox>
			<xmin>140.96</xmin>
			<ymin>369.92</ymin>
			<xmax>172.96</xmax>
			<ymax>401.92</ymax>
		</bndbox>
	</object>
	<object>
		<name>b9</name>
		<pose>Unspecified</pose>
		<truncated>0</truncated>
		<difficult>0</difficult>
		<bndbox>
			<xmin>335.36</xmin>
			<ymin>570.08</ymin>
			<xmax>367.36</xmax>
			<ymax>602.08</ymax>
		</bndbox>
	</object>
	<object>
		<name>b5</name>
		<pose>Unspecified</pose>
		<truncated>0</truncated>
		<difficult>0</difficult>
		<bndbox>
			<xmin>138.08</xmin>
			<ymin>345.44</ymin>
			<xmax>170.08</xmax>
			<ymax>377.44</ymax>
		</bndbox>
	</object>
	<object>
		<name>b6</name>
		<pose>Unspecified</pose>
		<truncated>0</truncated>
		<difficult>0</difficult>
		<bndbox>
			<xmin>142.4</xmin>
			<ymin>382.88</ymin>
			<xmax>174.4</xmax>
			<ymax>414.88</ymax>
		</bndbox>
	</object>
	<object>
		<name>b6</name>
		<pose>Unspecified</pose>
		<truncated>0</truncated>
		<difficult>0</difficult>
		<bndbox>
			<xmin>139.52</xmin>
			<ymin>349.76</ymin>
			<xmax>171.52</xmax>
			<ymax>381.76</ymax>
		</bndbox>
	</object>
	<object>
		<name>b9</name>
		<pose>Unspecified</pose>
		<truncated>0</truncated>
		<difficult>0</difficult>
		<bndbox>
			<xmin>137.792</xmin>
			<ymin>327.872</ymin>
			<xmax>169.792</xmax>
			<ymax>359.872</ymax>
		</bndbox>
	</object>
	<object>
		<name>b9</name>
		<pose>Unspecified</pose>
		<truncated>0</truncated>
		<difficult>0</difficult>
		<bndbox>
			<xmin>512.768</xmin>
			<ymin>396.992</ymin>
			<xmax>544.768</xmax>
			<ymax>428.992</ymax>
		</bndbox>
	</object>
	<object>
		<name>b6</name>
		<pose>Unspecified</pose>
		<truncated>0</truncated>
		<difficult>0</difficult>
		<bndbox>
			<xmin>142.976</xmin>
			<ymin>383.168</ymin>
			<xmax>174.976</xmax>
			<ymax>415.168</ymax>
		</bndbox>
	</object>
	<object>
		<name>b5</name>
		<pose>Unspecified</pose>
		<truncated>0</truncated>
		<difficult>0</difficult>
		<bndbox>
			<xmin>139.52</xmin>
			<ymin>345.152</ymin>
			<xmax>171.52</xmax>
			<ymax>377.152</ymax>
		</bndbox>
	</object>
	<object>
		<name>b6</name>
		<pose>Unspecified</pose>
		<truncated>0</truncated>
		<difficult>0</difficult>
		<bndbox>
			<xmin>139.52</xmin>
			<ymin>351.027</ymin>
			<xmax>171.52</xmax>
			<ymax>383.027</ymax>
		</bndbox>
	</object>
	<object>
		<name>b5</name>
		<pose>Unspecified</pose>
		<truncated>0</truncated>
		<difficult>0</difficult>
		<bndbox>
			<xmin>140.764</xmin>
			<ymin>367.201</ymin>
			<xmax>172.764</xmax>
			<ymax>399.201</ymax>
		</bndbox>
	</object>
	<object>
		<name>b10</name>
		<pose>Unspecified</pose>
		<truncated>0</truncated>
		<difficult>0</difficult>
		<bndbox>
			<xmin>294.542</xmin>
			<ymin>375.164</ymin>
			<xmax>326.542</xmax>
			<ymax>407.164</ymax>
		</bndbox>
	</object>
</annotation>
