<annotation>
	<folder>VOC2007</folder>
	<filename>000271.jpg</filename>
	<source>
		<database>My Database</database>
		<annotation>VOC2007</annotation>
		<image>flickr</image>
		<flickrid>NULL</flickrid>
	</source>
	<owner>
		<flickrid>NULL</flickrid>
		<name>shaochunyan</name>
	</owner>
	<size>
		<width>720</width>
		<height>1280</height>
		<depth>3</depth>
	</size>
	<segmented>0</segmented>
	<object>
		<name>b8</name>
		<pose>Unspecified</pose>
		<truncated>0</truncated>
		<difficult>0</difficult>
		<bndbox>
			<xmin>182</xmin>
			<ymin>365</ymin>
			<xmax>214</xmax>
			<ymax>397</ymax>
		</bndbox>
	</object>
	<object>
		<name>b9</name>
		<pose>Unspecified</pose>
		<truncated>0</truncated>
		<difficult>0</difficult>
		<bndbox>
			<xmin>186</xmin>
			<ymin>402</ymin>
			<xmax>218</xmax>
			<ymax>434</ymax>
		</bndbox>
	</object>
	<object>
		<name>b9</name>
		<pose>Unspecified</pose>
		<truncated>0</truncated>
		<difficult>0</difficult>
		<bndbox>
			<xmin>186</xmin>
			<ymin>380</ymin>
			<xmax>218</xmax>
			<ymax>412</ymax>
		</bndbox>
	</object>
	<object>
		<name>b8</name>
		<pose>Unspecified</pose>
		<truncated>0</truncated>
		<difficult>0</difficult>
		<bndbox>
			<xmin>333</xmin>
			<ymin>448</ymin>
			<xmax>365</xmax>
			<ymax>480</ymax>
		</bndbox>
	</object>
	<object>
		<name>b6</name>
		<pose>Unspecified</pose>
		<truncated>0</truncated>
		<difficult>0</difficult>
		<bndbox>
			<xmin>372.8</xmin>
			<ymin>576.8</ymin>
			<xmax>404.8</xmax>
			<ymax>608.8</ymax>
		</bndbox>
	</object>
	<object>
		<name>b10</name>
		<pose>Unspecified</pose>
		<truncated>0</truncated>
		<difficult>0</difficult>
		<bndbox>
			<xmin>470</xmin>
			<ymin>378.8</ymin>
			<xmax>502</xmax>
			<ymax>410.8</ymax>
		</bndbox>
	</object>
	<object>
		<name>b2</name>
		<pose>Unspecified</pose>
		<truncated>0</truncated>
		<difficult>0</difficult>
		<bndbox>
			<xmin>58.4</xmin>
			<ymin>584</ymin>
			<xmax>90.4</xmax>
			<ymax>616</ymax>
		</bndbox>
	</object>
	<object>
		<name>b9</name>
		<pose>Unspecified</pose>
		<truncated>0</truncated>
		<difficult>0</difficult>
		<bndbox>
			<xmin>186.176</xmin>
			<ymin>398.72</ymin>
			<xmax>218.176</xmax>
			<ymax>430.72</ymax>
		</bndbox>
	</object>
	<object>
		<name>b9</name>
		<pose>Unspecified</pose>
		<truncated>0</truncated>
		<difficult>0</difficult>
		<bndbox>
			<xmin>180.992</xmin>
			<ymin>351.027</ymin>
			<xmax>212.992</xmax>
			<ymax>383.027</ymax>
		</bndbox>
	</object>
	<object>
		<name>b2</name>
		<pose>Unspecified</pose>
		<truncated>0</truncated>
		<difficult>0</difficult>
		<bndbox>
			<xmin>60.7232</xmin>
			<ymin>583.271</ymin>
			<xmax>92.7232</xmax>
			<ymax>615.271</ymax>
		</bndbox>
	</object>
	<object>
		<name>b8</name>
		<pose>Unspecified</pose>
		<truncated>0</truncated>
		<difficult>0</difficult>
		<bndbox>
			<xmin>257.715</xmin>
			<ymin>510.694</ymin>
			<xmax>289.715</xmax>
			<ymax>542.694</ymax>
		</bndbox>
	</object>
	<object>
		<name>b7</name>
		<pose>Unspecified</pose>
		<truncated>0</truncated>
		<difficult>0</difficult>
		<bndbox>
			<xmin>538.896</xmin>
			<ymin>397.061</ymin>
			<xmax>570.896</xmax>
			<ymax>429.061</ymax>
		</bndbox>
	</object>
	<object>
		<name>b9</name>
		<pose>Unspecified</pose>
		<truncated>0</truncated>
		<difficult>0</difficult>
		<bndbox>
			<xmin>270.655</xmin>
			<ymin>510.728</ymin>
			<xmax>302.655</xmax>
			<ymax>542.728</ymax>
		</bndbox>
	</object>
	<object>
		<name>b7</name>
		<pose>Unspecified</pose>
		<truncated>0</truncated>
		<difficult>0</difficult>
		<bndbox>
			<xmin>550.143</xmin>
			<ymin>396.066</ymin>
			<xmax>582.143</xmax>
			<ymax>428.066</ymax>
		</bndbox>
	</object>
	<object>
		<name>b9</name>
		<pose>Unspecified</pose>
		<truncated>0</truncated>
		<difficult>0</difficult>
		<bndbox>
			<xmin>331.569</xmin>
			<ymin>388.9</ymin>
			<xmax>363.569</xmax>
			<ymax>420.9</ymax>
		</bndbox>
	</object>
	<object>
		<name>b9</name>
		<pose>Unspecified</pose>
		<truncated>0</truncated>
		<difficult>0</difficult>
		<bndbox>
			<xmin>184</xmin>
			<ymin>495</ymin>
			<xmax>216</xmax>
			<ymax>527</ymax>
		</bndbox>
	</object>
	<object>
		<name>g10</name>
		<pose>Unspecified</pose>
		<truncated>0</truncated>
		<difficult>0</difficult>
		<bndbox>
			<xmin>575</xmin>
			<ymin>400</ymin>
			<xmax>607</xmax>
			<ymax>432</ymax>
		</bndbox>
	</object>
	<object>
		<name>b9</name>
		<pose>Unspecified</pose>
		<truncated>0</truncated>
		<difficult>0</difficult>
		<bndbox>
			<xmin>204.8</xmin>
			<ymin>551.6</ymin>
			<xmax>236.8</xmax>
			<ymax>583.6</ymax>
		</bndbox>
	</object>
	<object>
		<name>b8</name>
		<pose>Unspecified</pose>
		<truncated>0</truncated>
		<difficult>0</difficult>
		<bndbox>
			<xmin>180.8</xmin>
			<ymin>344</ymin>
			<xmax>212.8</xmax>
			<ymax>376</ymax>
		</bndbox>
	</object>
	<object>
		<name>b9</name>
		<pose>Unspecified</pose>
		<truncated>0</truncated>
		<difficult>0</difficult>
		<bndbox>
			<xmin>335.6</xmin>
			<ymin>400.4</ymin>
			<xmax>367.6</xmax>
			<ymax>432.4</ymax>
		</bndbox>
	</object>
	<object>
		<name>b7</name>
		<pose>Unspecified</pose>
		<truncated>0</truncated>
		<difficult>0</difficult>
		<bndbox>
			<xmin>184.4</xmin>
			<ymin>352.4</ymin>
			<xmax>216.4</xmax>
			<ymax>384.4</ymax>
		</bndbox>
	</object>
	<object>
		<name>b9</name>
		<pose>Unspecified</pose>
		<truncated>0</truncated>
		<difficult>0</difficult>
		<bndbox>
			<xmin>203.6</xmin>
			<ymin>514.4</ymin>
			<xmax>235.6</xmax>
			<ymax>546.4</ymax>
		</bndbox>
	</object>
	<object>
		<name>b5</name>
		<pose>Unspecified</pose>
		<truncated>0</truncated>
		<difficult>0</difficult>
		<bndbox>
			<xmin>182</xmin>
			<ymin>360.8</ymin>
			<xmax>214</xmax>
			<ymax>392.8</ymax>
		</bndbox>
	</object>
	<object>
		<name>b9</name>
		<pose>Unspecified</pose>
		<truncated>0</truncated>
		<difficult>0</difficult>
		<bndbox>
			<xmin>197.6</xmin>
			<ymin>514.4</ymin>
			<xmax>229.6</xmax>
			<ymax>546.4</ymax>
		</bndbox>
	</object>
	<object>
		<name>b5</name>
		<pose>Unspecified</pose>
		<truncated>0</truncated>
		<difficult>0</difficult>
		<bndbox>
			<xmin>182</xmin>
			<ymin>365.6</ymin>
			<xmax>214</xmax>
			<ymax>397.6</ymax>
		</bndbox>
	</object>
	<object>
		<name>b4</name>
		<pose>Unspecified</pose>
		<truncated>0</truncated>
		<difficult>0</difficult>
		<bndbox>
			<xmin>181.28</xmin>
			<ymin>361.28</ymin>
			<xmax>213.28</xmax>
			<ymax>393.28</ymax>
		</bndbox>
	</object>
	<object>
		<name>b10</name>
		<pose>Unspecified</pose>
		<truncated>0</truncated>
		<difficult>0</difficult>
		<bndbox>
			<xmin>282.08</xmin>
			<ymin>506.72</ymin>
			<xmax>314.08</xmax>
			<ymax>538.72</ymax>
		</bndbox>
	</object>
	<object>
		<name>b10</name>
		<pose>Unspecified</pose>
		<truncated>0</truncated>
		<difficult>0</difficult>
		<bndbox>
			<xmin>470.72</xmin>
			<ymin>378.56</ymin>
			<xmax>502.72</xmax>
			<ymax>410.56</ymax>
		</bndbox>
	</object>
	<object>
		<name>b5</name>
		<pose>Unspecified</pose>
		<truncated>0</truncated>
		<difficult>0</difficult>
		<bndbox>
			<xmin>364.16</xmin>
			<ymin>450.56</ymin>
			<xmax>396.16</xmax>
			<ymax>482.56</ymax>
		</bndbox>
	</object>
	<object>
		<name>b9</name>
		<pose>Unspecified</pose>
		<truncated>0</truncated>
		<difficult>0</difficult>
		<bndbox>
			<xmin>571.52</xmin>
			<ymin>559.424</ymin>
			<xmax>603.52</xmax>
			<ymax>591.424</ymax>
		</bndbox>
	</object>
	<object>
		<name>b8</name>
		<pose>Unspecified</pose>
		<truncated>0</truncated>
		<difficult>0</difficult>
		<bndbox>
			<xmin>476.48</xmin>
			<ymin>409.088</ymin>
			<xmax>508.48</xmax>
			<ymax>441.088</ymax>
		</bndbox>
	</object>
	<object>
		<name>b5</name>
		<pose>Unspecified</pose>
		<truncated>0</truncated>
		<difficult>0</difficult>
		<bndbox>
			<xmin>364.16</xmin>
			<ymin>450.56</ymin>
			<xmax>396.16</xmax>
			<ymax>482.56</ymax>
		</bndbox>
	</object>
	<object>
		<name>b7</name>
		<pose>Unspecified</pose>
		<truncated>0</truncated>
		<difficult>0</difficult>
		<bndbox>
			<xmin>180.577</xmin>
			<ymin>349.783</ymin>
			<xmax>212.577</xmax>
			<ymax>381.783</ymax>
		</bndbox>
	</object>
	<object>
		<name>b8</name>
		<pose>Unspecified</pose>
		<truncated>0</truncated>
		<difficult>0</difficult>
		<bndbox>
			<xmin>183.066</xmin>
			<ymin>382.131</ymin>
			<xmax>215.066</xmax>
			<ymax>414.131</ymax>
		</bndbox>
	</object>
	<object>
		<name>b6</name>
		<pose>Unspecified</pose>
		<truncated>0</truncated>
		<difficult>0</difficult>
		<bndbox>
			<xmin>183.066</xmin>
			<ymin>374.666</ymin>
			<xmax>215.066</xmax>
			<ymax>406.666</ymax>
		</bndbox>
	</object>
	<object>
		<name>b9</name>
		<pose>Unspecified</pose>
		<truncated>0</truncated>
		<difficult>0</difficult>
		<bndbox>
			<xmin>184</xmin>
			<ymin>495</ymin>
			<xmax>216</xmax>
			<ymax>527</ymax>
		</bndbox>
	</object>
	<object>
		<name>g10</name>
		<pose>Unspecified</pose>
		<truncated>0</truncated>
		<difficult>0</difficult>
		<bndbox>
			<xmin>575</xmin>
			<ymin>400</ymin>
			<xmax>607</xmax>
			<ymax>432</ymax>
		</bndbox>
	</object>
	<object>
		<name>b9</name>
		<pose>Unspecified</pose>
		<truncated>0</truncated>
		<difficult>0</difficult>
		<bndbox>
			<xmin>204.8</xmin>
			<ymin>551.6</ymin>
			<xmax>236.8</xmax>
			<ymax>583.6</ymax>
		</bndbox>
	</object>
	<object>
		<name>b9</name>
		<pose>Unspecified</pose>
		<truncated>0</truncated>
		<difficult>0</difficult>
		<bndbox>
			<xmin>186.8</xmin>
			<ymin>390.8</ymin>
			<xmax>218.8</xmax>
			<ymax>422.8</ymax>
		</bndbox>
	</object>
	<object>
		<name>b7</name>
		<pose>Unspecified</pose>
		<truncated>0</truncated>
		<difficult>0</difficult>
		<bndbox>
			<xmin>180.8</xmin>
			<ymin>344</ymin>
			<xmax>212.8</xmax>
			<ymax>376</ymax>
		</bndbox>
	</object>
	<object>
		<name>b9</name>
		<pose>Unspecified</pose>
		<truncated>0</truncated>
		<difficult>0</difficult>
		<bndbox>
			<xmin>335.6</xmin>
			<ymin>400.4</ymin>
			<xmax>367.6</xmax>
			<ymax>432.4</ymax>
		</bndbox>
	</object>
	<object>
		<name>b7</name>
		<pose>Unspecified</pose>
		<truncated>0</truncated>
		<difficult>0</difficult>
		<bndbox>
			<xmin>184.4</xmin>
			<ymin>352.4</ymin>
			<xmax>216.4</xmax>
			<ymax>384.4</ymax>
		</bndbox>
	</object>
	<object>
		<name>b9</name>
		<pose>Unspecified</pose>
		<truncated>0</truncated>
		<difficult>0</difficult>
		<bndbox>
			<xmin>203.6</xmin>
			<ymin>514.4</ymin>
			<xmax>235.6</xmax>
			<ymax>546.4</ymax>
		</bndbox>
	</object>
	<object>
		<name>b5</name>
		<pose>Unspecified</pose>
		<truncated>0</truncated>
		<difficult>0</difficult>
		<bndbox>
			<xmin>182</xmin>
			<ymin>360.8</ymin>
			<xmax>214</xmax>
			<ymax>392.8</ymax>
		</bndbox>
	</object>
	<object>
		<name>b9</name>
		<pose>Unspecified</pose>
		<truncated>0</truncated>
		<difficult>0</difficult>
		<bndbox>
			<xmin>197.6</xmin>
			<ymin>514.4</ymin>
			<xmax>229.6</xmax>
			<ymax>546.4</ymax>
		</bndbox>
	</object>
	<object>
		<name>b5</name>
		<pose>Unspecified</pose>
		<truncated>0</truncated>
		<difficult>0</difficult>
		<bndbox>
			<xmin>182</xmin>
			<ymin>365.6</ymin>
			<xmax>214</xmax>
			<ymax>397.6</ymax>
		</bndbox>
	</object>
	<object>
		<name>b4</name>
		<pose>Unspecified</pose>
		<truncated>0</truncated>
		<difficult>0</difficult>
		<bndbox>
			<xmin>181.28</xmin>
			<ymin>361.28</ymin>
			<xmax>213.28</xmax>
			<ymax>393.28</ymax>
		</bndbox>
	</object>
	<object>
		<name>b10</name>
		<pose>Unspecified</pose>
		<truncated>0</truncated>
		<difficult>0</difficult>
		<bndbox>
			<xmin>282.08</xmin>
			<ymin>506.72</ymin>
			<xmax>314.08</xmax>
			<ymax>538.72</ymax>
		</bndbox>
	</object>
	<object>
		<name>b10</name>
		<pose>Unspecified</pose>
		<truncated>0</truncated>
		<difficult>0</difficult>
		<bndbox>
			<xmin>470.72</xmin>
			<ymin>378.56</ymin>
			<xmax>502.72</xmax>
			<ymax>410.56</ymax>
		</bndbox>
	</object>
	<object>
		<name>b5</name>
		<pose>Unspecified</pose>
		<truncated>0</truncated>
		<difficult>0</difficult>
		<bndbox>
			<xmin>364.16</xmin>
			<ymin>450.56</ymin>
			<xmax>396.16</xmax>
			<ymax>482.56</ymax>
		</bndbox>
	</object>
	<object>
		<name>b9</name>
		<pose>Unspecified</pose>
		<truncated>0</truncated>
		<difficult>0</difficult>
		<bndbox>
			<xmin>571.52</xmin>
			<ymin>559.424</ymin>
			<xmax>603.52</xmax>
			<ymax>591.424</ymax>
		</bndbox>
	</object>
	<object>
		<name>b8</name>
		<pose>Unspecified</pose>
		<truncated>0</truncated>
		<difficult>0</difficult>
		<bndbox>
			<xmin>476.48</xmin>
			<ymin>409.088</ymin>
			<xmax>508.48</xmax>
			<ymax>441.088</ymax>
		</bndbox>
	</object>
	<object>
		<name>b5</name>
		<pose>Unspecified</pose>
		<truncated>0</truncated>
		<difficult>0</difficult>
		<bndbox>
			<xmin>364.16</xmin>
			<ymin>450.56</ymin>
			<xmax>396.16</xmax>
			<ymax>482.56</ymax>
		</bndbox>
	</object>
	<object>
		<name>g1</name>
		<pose>Unspecified</pose>
		<truncated>0</truncated>
		<difficult>0</difficult>
		<bndbox>
			<xmin>623.498</xmin>
			<ymin>598.615</ymin>
			<xmax>655.498</xmax>
			<ymax>630.615</ymax>
		</bndbox>
	</object>
	<object>
		<name>b6</name>
		<pose>Unspecified</pose>
		<truncated>0</truncated>
		<difficult>0</difficult>
		<bndbox>
			<xmin>180.577</xmin>
			<ymin>349.783</ymin>
			<xmax>212.577</xmax>
			<ymax>381.783</ymax>
		</bndbox>
	</object>
	<object>
		<name>b7</name>
		<pose>Unspecified</pose>
		<truncated>0</truncated>
		<difficult>0</difficult>
		<bndbox>
			<xmin>183.066</xmin>
			<ymin>382.131</ymin>
			<xmax>215.066</xmax>
			<ymax>414.131</ymax>
		</bndbox>
	</object>
	<object>
		<name>b6</name>
		<pose>Unspecified</pose>
		<truncated>0</truncated>
		<difficult>0</difficult>
		<bndbox>
			<xmin>183.066</xmin>
			<ymin>374.666</ymin>
			<xmax>215.066</xmax>
			<ymax>406.666</ymax>
		</bndbox>
	</object>
	<object>
		<name>b7</name>
		<pose>Unspecified</pose>
		<truncated>0</truncated>
		<difficult>0</difficult>
		<bndbox>
			<xmin>181.075</xmin>
			<ymin>342.318</ymin>
			<xmax>213.075</xmax>
			<ymax>374.318</ymax>
		</bndbox>
	</object>
	<object>
		<name>b10</name>
		<pose>Unspecified</pose>
		<truncated>0</truncated>
		<difficult>0</difficult>
		<bndbox>
			<xmin>198.991</xmin>
			<ymin>406.815</ymin>
			<xmax>230.991</xmax>
			<ymax>438.815</ymax>
		</bndbox>
	</object>
</annotation>
