<annotation>
	<folder>VOC2007</folder>
	<filename>000279.jpg</filename>
	<source>
		<database>My Database</database>
		<annotation>VOC2007</annotation>
		<image>flickr</image>
		<flickrid>NULL</flickrid>
	</source>
	<owner>
		<flickrid>NULL</flickrid>
		<name>shaochunyan</name>
	</owner>
	<size>
		<width>720</width>
		<height>1280</height>
		<depth>3</depth>
	</size>
	<segmented>0</segmented>
	<object>
		<name>b8</name>
		<pose>Unspecified</pose>
		<truncated>0</truncated>
		<difficult>0</difficult>
		<bndbox>
			<xmin>131</xmin>
			<ymin>305</ymin>
			<xmax>163</xmax>
			<ymax>337</ymax>
		</bndbox>
	</object>
	<object>
		<name>b8</name>
		<pose>Unspecified</pose>
		<truncated>0</truncated>
		<difficult>0</difficult>
		<bndbox>
			<xmin>140</xmin>
			<ymin>534.8</ymin>
			<xmax>172</xmax>
			<ymax>566.8</ymax>
		</bndbox>
	</object>
	<object>
		<name>b8</name>
		<pose>Unspecified</pose>
		<truncated>0</truncated>
		<difficult>0</difficult>
		<bndbox>
			<xmin>404</xmin>
			<ymin>608</ymin>
			<xmax>436</xmax>
			<ymax>640</ymax>
		</bndbox>
	</object>
	<object>
		<name>b7</name>
		<pose>Unspecified</pose>
		<truncated>0</truncated>
		<difficult>0</difficult>
		<bndbox>
			<xmin>120.8</xmin>
			<ymin>322.4</ymin>
			<xmax>152.8</xmax>
			<ymax>354.4</ymax>
		</bndbox>
	</object>
	<object>
		<name>b7</name>
		<pose>Unspecified</pose>
		<truncated>0</truncated>
		<difficult>0</difficult>
		<bndbox>
			<xmin>122.24</xmin>
			<ymin>318.08</ymin>
			<xmax>154.24</xmax>
			<ymax>350.08</ymax>
		</bndbox>
	</object>
	<object>
		<name>b5</name>
		<pose>Unspecified</pose>
		<truncated>0</truncated>
		<difficult>0</difficult>
		<bndbox>
			<xmin>120.512</xmin>
			<ymin>326.144</ymin>
			<xmax>152.512</xmax>
			<ymax>358.144</ymax>
		</bndbox>
	</object>
	<object>
		<name>b9</name>
		<pose>Unspecified</pose>
		<truncated>0</truncated>
		<difficult>0</difficult>
		<bndbox>
			<xmin>277.76</xmin>
			<ymin>376.256</ymin>
			<xmax>309.76</xmax>
			<ymax>408.256</ymax>
		</bndbox>
	</object>
	<object>
		<name>b9</name>
		<pose>Unspecified</pose>
		<truncated>0</truncated>
		<difficult>0</difficult>
		<bndbox>
			<xmin>125.005</xmin>
			<ymin>371.763</ymin>
			<xmax>157.005</xmax>
			<ymax>403.763</ymax>
		</bndbox>
	</object>
	<object>
		<name>b7</name>
		<pose>Unspecified</pose>
		<truncated>0</truncated>
		<difficult>0</difficult>
		<bndbox>
			<xmin>120.858</xmin>
			<ymin>315.776</ymin>
			<xmax>152.858</xmax>
			<ymax>347.776</ymax>
		</bndbox>
	</object>
	<object>
		<name>b7</name>
		<pose>Unspecified</pose>
		<truncated>0</truncated>
		<difficult>0</difficult>
		<bndbox>
			<xmin>120.858</xmin>
			<ymin>321.997</ymin>
			<xmax>152.858</xmax>
			<ymax>353.997</ymax>
		</bndbox>
	</object>
	<object>
		<name>b9</name>
		<pose>Unspecified</pose>
		<truncated>0</truncated>
		<difficult>0</difficult>
		<bndbox>
			<xmin>58.6496</xmin>
			<ymin>591.565</ymin>
			<xmax>90.6496</xmax>
			<ymax>623.565</ymax>
		</bndbox>
	</object>
	<object>
		<name>b8</name>
		<pose>Unspecified</pose>
		<truncated>0</truncated>
		<difficult>0</difficult>
		<bndbox>
			<xmin>100.122</xmin>
			<ymin>483.738</ymin>
			<xmax>132.122</xmax>
			<ymax>515.738</ymax>
		</bndbox>
	</object>
	<object>
		<name>b8</name>
		<pose>Unspecified</pose>
		<truncated>0</truncated>
		<difficult>0</difficult>
		<bndbox>
			<xmin>120.858</xmin>
			<ymin>342.318</ymin>
			<xmax>152.858</xmax>
			<ymax>374.318</ymax>
		</bndbox>
	</object>
	<object>
		<name>b6</name>
		<pose>Unspecified</pose>
		<truncated>0</truncated>
		<difficult>0</difficult>
		<bndbox>
			<xmin>103.439</xmin>
			<ymin>491.617</ymin>
			<xmax>135.439</xmax>
			<ymax>523.617</ymax>
		</bndbox>
	</object>
	<object>
		<name>b8</name>
		<pose>Unspecified</pose>
		<truncated>0</truncated>
		<difficult>0</difficult>
		<bndbox>
			<xmin>121.355</xmin>
			<ymin>342.318</ymin>
			<xmax>153.355</xmax>
			<ymax>374.318</ymax>
		</bndbox>
	</object>
	<object>
		<name>b8</name>
		<pose>Unspecified</pose>
		<truncated>0</truncated>
		<difficult>0</difficult>
		<bndbox>
			<xmin>123.744</xmin>
			<ymin>370.984</ymin>
			<xmax>155.744</xmax>
			<ymax>402.984</ymax>
		</bndbox>
	</object>
	<object>
		<name>b8</name>
		<pose>Unspecified</pose>
		<truncated>0</truncated>
		<difficult>0</difficult>
		<bndbox>
			<xmin>141.66</xmin>
			<ymin>542.976</ymin>
			<xmax>173.66</xmax>
			<ymax>574.976</ymax>
		</bndbox>
	</object>
	<object>
		<name>b7</name>
		<pose>Unspecified</pose>
		<truncated>0</truncated>
		<difficult>0</difficult>
		<bndbox>
			<xmin>124</xmin>
			<ymin>363</ymin>
			<xmax>156</xmax>
			<ymax>395</ymax>
		</bndbox>
	</object>
	<object>
		<name>b8</name>
		<pose>Unspecified</pose>
		<truncated>0</truncated>
		<difficult>0</difficult>
		<bndbox>
			<xmin>135</xmin>
			<ymin>304</ymin>
			<xmax>167</xmax>
			<ymax>336</ymax>
		</bndbox>
	</object>
	<object>
		<name>b5</name>
		<pose>Unspecified</pose>
		<truncated>0</truncated>
		<difficult>0</difficult>
		<bndbox>
			<xmin>125</xmin>
			<ymin>371</ymin>
			<xmax>157</xmax>
			<ymax>403</ymax>
		</bndbox>
	</object>
	<object>
		<name>b10</name>
		<pose>Unspecified</pose>
		<truncated>0</truncated>
		<difficult>0</difficult>
		<bndbox>
			<xmin>323</xmin>
			<ymin>337</ymin>
			<xmax>355</xmax>
			<ymax>369</ymax>
		</bndbox>
	</object>
	<object>
		<name>b6</name>
		<pose>Unspecified</pose>
		<truncated>0</truncated>
		<difficult>0</difficult>
		<bndbox>
			<xmin>120.8</xmin>
			<ymin>330.8</ymin>
			<xmax>152.8</xmax>
			<ymax>362.8</ymax>
		</bndbox>
	</object>
	<object>
		<name>b8</name>
		<pose>Unspecified</pose>
		<truncated>0</truncated>
		<difficult>0</difficult>
		<bndbox>
			<xmin>105.2</xmin>
			<ymin>528.8</ymin>
			<xmax>137.2</xmax>
			<ymax>560.8</ymax>
		</bndbox>
	</object>
	<object>
		<name>b7</name>
		<pose>Unspecified</pose>
		<truncated>0</truncated>
		<difficult>0</difficult>
		<bndbox>
			<xmin>124.4</xmin>
			<ymin>363.2</ymin>
			<xmax>156.4</xmax>
			<ymax>395.2</ymax>
		</bndbox>
	</object>
	<object>
		<name>b9</name>
		<pose>Unspecified</pose>
		<truncated>0</truncated>
		<difficult>0</difficult>
		<bndbox>
			<xmin>296</xmin>
			<ymin>366.8</ymin>
			<xmax>328</xmax>
			<ymax>398.8</ymax>
		</bndbox>
	</object>
	<object>
		<name>b9</name>
		<pose>Unspecified</pose>
		<truncated>0</truncated>
		<difficult>0</difficult>
		<bndbox>
			<xmin>149.6</xmin>
			<ymin>549.2</ymin>
			<xmax>181.6</xmax>
			<ymax>581.2</ymax>
		</bndbox>
	</object>
	<object>
		<name>b6</name>
		<pose>Unspecified</pose>
		<truncated>0</truncated>
		<difficult>0</difficult>
		<bndbox>
			<xmin>120.8</xmin>
			<ymin>322.4</ymin>
			<xmax>152.8</xmax>
			<ymax>354.4</ymax>
		</bndbox>
	</object>
	<object>
		<name>b7</name>
		<pose>Unspecified</pose>
		<truncated>0</truncated>
		<difficult>0</difficult>
		<bndbox>
			<xmin>123.68</xmin>
			<ymin>358.4</ymin>
			<xmax>155.68</xmax>
			<ymax>390.4</ymax>
		</bndbox>
	</object>
	<object>
		<name>b7</name>
		<pose>Unspecified</pose>
		<truncated>0</truncated>
		<difficult>0</difficult>
		<bndbox>
			<xmin>102.08</xmin>
			<ymin>486.56</ymin>
			<xmax>134.08</xmax>
			<ymax>518.56</ymax>
		</bndbox>
	</object>
	<object>
		<name>b10</name>
		<pose>Unspecified</pose>
		<truncated>0</truncated>
		<difficult>0</difficult>
		<bndbox>
			<xmin>348.32</xmin>
			<ymin>346.88</ymin>
			<xmax>380.32</xmax>
			<ymax>378.88</ymax>
		</bndbox>
	</object>
	<object>
		<name>b5</name>
		<pose>Unspecified</pose>
		<truncated>0</truncated>
		<difficult>0</difficult>
		<bndbox>
			<xmin>120.512</xmin>
			<ymin>326.144</ymin>
			<xmax>152.512</xmax>
			<ymax>358.144</ymax>
		</bndbox>
	</object>
	<object>
		<name>b6</name>
		<pose>Unspecified</pose>
		<truncated>0</truncated>
		<difficult>0</difficult>
		<bndbox>
			<xmin>120.512</xmin>
			<ymin>331.328</ymin>
			<xmax>152.512</xmax>
			<ymax>363.328</ymax>
		</bndbox>
	</object>
	<object>
		<name>b7</name>
		<pose>Unspecified</pose>
		<truncated>0</truncated>
		<difficult>0</difficult>
		<bndbox>
			<xmin>122.931</xmin>
			<ymin>357.248</ymin>
			<xmax>154.931</xmax>
			<ymax>389.248</ymax>
		</bndbox>
	</object>
	<object>
		<name>b6</name>
		<pose>Unspecified</pose>
		<truncated>0</truncated>
		<difficult>0</difficult>
		<bndbox>
			<xmin>120.858</xmin>
			<ymin>321.997</ymin>
			<xmax>152.858</xmax>
			<ymax>353.997</ymax>
		</bndbox>
	</object>
	<object>
		<name>b9</name>
		<pose>Unspecified</pose>
		<truncated>0</truncated>
		<difficult>0</difficult>
		<bndbox>
			<xmin>276.378</xmin>
			<ymin>375.91</ymin>
			<xmax>308.378</xmax>
			<ymax>407.91</ymax>
		</bndbox>
	</object>
	<object>
		<name>b7</name>
		<pose>Unspecified</pose>
		<truncated>0</truncated>
		<difficult>0</difficult>
		<bndbox>
			<xmin>313.702</xmin>
			<ymin>436.045</ymin>
			<xmax>345.702</xmax>
			<ymax>468.045</ymax>
		</bndbox>
	</object>
	<object>
		<name>b8</name>
		<pose>Unspecified</pose>
		<truncated>0</truncated>
		<difficult>0</difficult>
		<bndbox>
			<xmin>170.624</xmin>
			<ymin>479.176</ymin>
			<xmax>202.624</xmax>
			<ymax>511.176</ymax>
		</bndbox>
	</object>
	<object>
		<name>b6</name>
		<pose>Unspecified</pose>
		<truncated>0</truncated>
		<difficult>0</difficult>
		<bndbox>
			<xmin>103.439</xmin>
			<ymin>489.129</ymin>
			<xmax>135.439</xmax>
			<ymax>521.129</ymax>
		</bndbox>
	</object>
	<object>
		<name>b7</name>
		<pose>Unspecified</pose>
		<truncated>0</truncated>
		<difficult>0</difficult>
		<bndbox>
			<xmin>121.355</xmin>
			<ymin>309.472</ymin>
			<xmax>153.355</xmax>
			<ymax>341.472</ymax>
		</bndbox>
	</object>
	<object>
		<name>b7</name>
		<pose>Unspecified</pose>
		<truncated>0</truncated>
		<difficult>0</difficult>
		<bndbox>
			<xmin>123.744</xmin>
			<ymin>306.486</ymin>
			<xmax>155.744</xmax>
			<ymax>338.486</ymax>
		</bndbox>
	</object>
	<object>
		<name>b7</name>
		<pose>Unspecified</pose>
		<truncated>0</truncated>
		<difficult>0</difficult>
		<bndbox>
			<xmin>124</xmin>
			<ymin>363</ymin>
			<xmax>156</xmax>
			<ymax>395</ymax>
		</bndbox>
	</object>
	<object>
		<name>b7</name>
		<pose>Unspecified</pose>
		<truncated>0</truncated>
		<difficult>0</difficult>
		<bndbox>
			<xmin>135</xmin>
			<ymin>304</ymin>
			<xmax>167</xmax>
			<ymax>336</ymax>
		</bndbox>
	</object>
	<object>
		<name>b5</name>
		<pose>Unspecified</pose>
		<truncated>0</truncated>
		<difficult>0</difficult>
		<bndbox>
			<xmin>125</xmin>
			<ymin>371</ymin>
			<xmax>157</xmax>
			<ymax>403</ymax>
		</bndbox>
	</object>
	<object>
		<name>b10</name>
		<pose>Unspecified</pose>
		<truncated>0</truncated>
		<difficult>0</difficult>
		<bndbox>
			<xmin>323</xmin>
			<ymin>337</ymin>
			<xmax>355</xmax>
			<ymax>369</ymax>
		</bndbox>
	</object>
	<object>
		<name>b4</name>
		<pose>Unspecified</pose>
		<truncated>0</truncated>
		<difficult>0</difficult>
		<bndbox>
			<xmin>120.8</xmin>
			<ymin>330.8</ymin>
			<xmax>152.8</xmax>
			<ymax>362.8</ymax>
		</bndbox>
	</object>
	<object>
		<name>b8</name>
		<pose>Unspecified</pose>
		<truncated>0</truncated>
		<difficult>0</difficult>
		<bndbox>
			<xmin>105.2</xmin>
			<ymin>528.8</ymin>
			<xmax>137.2</xmax>
			<ymax>560.8</ymax>
		</bndbox>
	</object>
	<object>
		<name>b7</name>
		<pose>Unspecified</pose>
		<truncated>0</truncated>
		<difficult>0</difficult>
		<bndbox>
			<xmin>124.4</xmin>
			<ymin>363.2</ymin>
			<xmax>156.4</xmax>
			<ymax>395.2</ymax>
		</bndbox>
	</object>
	<object>
		<name>b9</name>
		<pose>Unspecified</pose>
		<truncated>0</truncated>
		<difficult>0</difficult>
		<bndbox>
			<xmin>296</xmin>
			<ymin>366.8</ymin>
			<xmax>328</xmax>
			<ymax>398.8</ymax>
		</bndbox>
	</object>
	<object>
		<name>b9</name>
		<pose>Unspecified</pose>
		<truncated>0</truncated>
		<difficult>0</difficult>
		<bndbox>
			<xmin>149.6</xmin>
			<ymin>549.2</ymin>
			<xmax>181.6</xmax>
			<ymax>581.2</ymax>
		</bndbox>
	</object>
	<object>
		<name>b5</name>
		<pose>Unspecified</pose>
		<truncated>0</truncated>
		<difficult>0</difficult>
		<bndbox>
			<xmin>120.8</xmin>
			<ymin>322.4</ymin>
			<xmax>152.8</xmax>
			<ymax>354.4</ymax>
		</bndbox>
	</object>
	<object>
		<name>b7</name>
		<pose>Unspecified</pose>
		<truncated>0</truncated>
		<difficult>0</difficult>
		<bndbox>
			<xmin>123.68</xmin>
			<ymin>358.4</ymin>
			<xmax>155.68</xmax>
			<ymax>390.4</ymax>
		</bndbox>
	</object>
	<object>
		<name>b7</name>
		<pose>Unspecified</pose>
		<truncated>0</truncated>
		<difficult>0</difficult>
		<bndbox>
			<xmin>102.08</xmin>
			<ymin>486.56</ymin>
			<xmax>134.08</xmax>
			<ymax>518.56</ymax>
		</bndbox>
	</object>
	<object>
		<name>b10</name>
		<pose>Unspecified</pose>
		<truncated>0</truncated>
		<difficult>0</difficult>
		<bndbox>
			<xmin>348.32</xmin>
			<ymin>346.88</ymin>
			<xmax>380.32</xmax>
			<ymax>378.88</ymax>
		</bndbox>
	</object>
	<object>
		<name>b4</name>
		<pose>Unspecified</pose>
		<truncated>0</truncated>
		<difficult>0</difficult>
		<bndbox>
			<xmin>120.512</xmin>
			<ymin>326.144</ymin>
			<xmax>152.512</xmax>
			<ymax>358.144</ymax>
		</bndbox>
	</object>
	<object>
		<name>b5</name>
		<pose>Unspecified</pose>
		<truncated>0</truncated>
		<difficult>0</difficult>
		<bndbox>
			<xmin>120.512</xmin>
			<ymin>331.328</ymin>
			<xmax>152.512</xmax>
			<ymax>363.328</ymax>
		</bndbox>
	</object>
	<object>
		<name>b6</name>
		<pose>Unspecified</pose>
		<truncated>0</truncated>
		<difficult>0</difficult>
		<bndbox>
			<xmin>120.858</xmin>
			<ymin>307.482</ymin>
			<xmax>152.858</xmax>
			<ymax>339.482</ymax>
		</bndbox>
	</object>
	<object>
		<name>b5</name>
		<pose>Unspecified</pose>
		<truncated>0</truncated>
		<difficult>0</difficult>
		<bndbox>
			<xmin>120.858</xmin>
			<ymin>315.776</ymin>
			<xmax>152.858</xmax>
			<ymax>347.776</ymax>
		</bndbox>
	</object>
	<object>
		<name>b7</name>
		<pose>Unspecified</pose>
		<truncated>0</truncated>
		<difficult>0</difficult>
		<bndbox>
			<xmin>122.931</xmin>
			<ymin>357.248</ymin>
			<xmax>154.931</xmax>
			<ymax>389.248</ymax>
		</bndbox>
	</object>
	<object>
		<name>b5</name>
		<pose>Unspecified</pose>
		<truncated>0</truncated>
		<difficult>0</difficult>
		<bndbox>
			<xmin>120.858</xmin>
			<ymin>321.997</ymin>
			<xmax>152.858</xmax>
			<ymax>353.997</ymax>
		</bndbox>
	</object>
	<object>
		<name>b9</name>
		<pose>Unspecified</pose>
		<truncated>0</truncated>
		<difficult>0</difficult>
		<bndbox>
			<xmin>276.378</xmin>
			<ymin>375.91</ymin>
			<xmax>308.378</xmax>
			<ymax>407.91</ymax>
		</bndbox>
	</object>
	<object>
		<name>b7</name>
		<pose>Unspecified</pose>
		<truncated>0</truncated>
		<difficult>0</difficult>
		<bndbox>
			<xmin>313.702</xmin>
			<ymin>436.045</ymin>
			<xmax>345.702</xmax>
			<ymax>468.045</ymax>
		</bndbox>
	</object>
	<object>
		<name>b6</name>
		<pose>Unspecified</pose>
		<truncated>0</truncated>
		<difficult>0</difficult>
		<bndbox>
			<xmin>120.858</xmin>
			<ymin>342.318</ymin>
			<xmax>152.858</xmax>
			<ymax>374.318</ymax>
		</bndbox>
	</object>
	<object>
		<name>b8</name>
		<pose>Unspecified</pose>
		<truncated>0</truncated>
		<difficult>0</difficult>
		<bndbox>
			<xmin>170.624</xmin>
			<ymin>479.176</ymin>
			<xmax>202.624</xmax>
			<ymax>511.176</ymax>
		</bndbox>
	</object>
	<object>
		<name>b6</name>
		<pose>Unspecified</pose>
		<truncated>0</truncated>
		<difficult>0</difficult>
		<bndbox>
			<xmin>103.439</xmin>
			<ymin>489.129</ymin>
			<xmax>135.439</xmax>
			<ymax>521.129</ymax>
		</bndbox>
	</object>
	<object>
		<name>b6</name>
		<pose>Unspecified</pose>
		<truncated>0</truncated>
		<difficult>0</difficult>
		<bndbox>
			<xmin>121.355</xmin>
			<ymin>309.472</ymin>
			<xmax>153.355</xmax>
			<ymax>341.472</ymax>
		</bndbox>
	</object>
	<object>
		<name>b6</name>
		<pose>Unspecified</pose>
		<truncated>0</truncated>
		<difficult>0</difficult>
		<bndbox>
			<xmin>123.744</xmin>
			<ymin>306.486</ymin>
			<xmax>155.744</xmax>
			<ymax>338.486</ymax>
		</bndbox>
	</object>
</annotation>
