<annotation>
	<folder>VOC2007</folder>
	<filename>000240.jpg</filename>
	<source>
		<database>My Database</database>
		<annotation>VOC2007</annotation>
		<image>flickr</image>
		<flickrid>NULL</flickrid>
	</source>
	<owner>
		<flickrid>NULL</flickrid>
		<name>shaochunyan</name>
	</owner>
	<size>
		<width>720</width>
		<height>1280</height>
		<depth>3</depth>
	</size>
	<segmented>0</segmented>
	<object>
		<name>b6</name>
		<pose>Unspecified</pose>
		<truncated>0</truncated>
		<difficult>0</difficult>
		<bndbox>
			<xmin>451</xmin>
			<ymin>479</ymin>
			<xmax>483</xmax>
			<ymax>511</ymax>
		</bndbox>
	</object>
	<object>
		<name>b5</name>
		<pose>Unspecified</pose>
		<truncated>0</truncated>
		<difficult>0</difficult>
		<bndbox>
			<xmin>455</xmin>
			<ymin>482</ymin>
			<xmax>487</xmax>
			<ymax>514</ymax>
		</bndbox>
	</object>
	<object>
		<name>b6</name>
		<pose>Unspecified</pose>
		<truncated>0</truncated>
		<difficult>0</difficult>
		<bndbox>
			<xmin>441</xmin>
			<ymin>495</ymin>
			<xmax>473</xmax>
			<ymax>527</ymax>
		</bndbox>
	</object>
	<object>
		<name>b10</name>
		<pose>Unspecified</pose>
		<truncated>0</truncated>
		<difficult>0</difficult>
		<bndbox>
			<xmin>330</xmin>
			<ymin>512</ymin>
			<xmax>362</xmax>
			<ymax>544</ymax>
		</bndbox>
	</object>
	<object>
		<name>b8</name>
		<pose>Unspecified</pose>
		<truncated>0</truncated>
		<difficult>0</difficult>
		<bndbox>
			<xmin>442</xmin>
			<ymin>510</ymin>
			<xmax>474</xmax>
			<ymax>542</ymax>
		</bndbox>
	</object>
	<object>
		<name>b6</name>
		<pose>Unspecified</pose>
		<truncated>0</truncated>
		<difficult>0</difficult>
		<bndbox>
			<xmin>450.8</xmin>
			<ymin>479.6</ymin>
			<xmax>482.8</xmax>
			<ymax>511.6</ymax>
		</bndbox>
	</object>
	<object>
		<name>b10</name>
		<pose>Unspecified</pose>
		<truncated>0</truncated>
		<difficult>0</difficult>
		<bndbox>
			<xmin>332</xmin>
			<ymin>531.2</ymin>
			<xmax>364</xmax>
			<ymax>563.2</ymax>
		</bndbox>
	</object>
	<object>
		<name>b5</name>
		<pose>Unspecified</pose>
		<truncated>0</truncated>
		<difficult>0</difficult>
		<bndbox>
			<xmin>458</xmin>
			<ymin>484.4</ymin>
			<xmax>490</xmax>
			<ymax>516.4</ymax>
		</bndbox>
	</object>
	<object>
		<name>b7</name>
		<pose>Unspecified</pose>
		<truncated>0</truncated>
		<difficult>0</difficult>
		<bndbox>
			<xmin>528.32</xmin>
			<ymin>545.6</ymin>
			<xmax>560.32</xmax>
			<ymax>577.6</ymax>
		</bndbox>
	</object>
	<object>
		<name>b7</name>
		<pose>Unspecified</pose>
		<truncated>0</truncated>
		<difficult>0</difficult>
		<bndbox>
			<xmin>38.72</xmin>
			<ymin>706.88</ymin>
			<xmax>70.72</xmax>
			<ymax>738.88</ymax>
		</bndbox>
	</object>
	<object>
		<name>b8</name>
		<pose>Unspecified</pose>
		<truncated>0</truncated>
		<difficult>0</difficult>
		<bndbox>
			<xmin>447.68</xmin>
			<ymin>506.72</ymin>
			<xmax>479.68</xmax>
			<ymax>538.72</ymax>
		</bndbox>
	</object>
	<object>
		<name>b8</name>
		<pose>Unspecified</pose>
		<truncated>0</truncated>
		<difficult>0</difficult>
		<bndbox>
			<xmin>352.064</xmin>
			<ymin>623.36</ymin>
			<xmax>384.064</xmax>
			<ymax>655.36</ymax>
		</bndbox>
	</object>
	<object>
		<name>b6</name>
		<pose>Unspecified</pose>
		<truncated>0</truncated>
		<difficult>0</difficult>
		<bndbox>
			<xmin>54.5024</xmin>
			<ymin>622.669</ymin>
			<xmax>86.5024</xmax>
			<ymax>654.669</ymax>
		</bndbox>
	</object>
	<object>
		<name>b5</name>
		<pose>Unspecified</pose>
		<truncated>0</truncated>
		<difficult>0</difficult>
		<bndbox>
			<xmin>494.106</xmin>
			<ymin>489.958</ymin>
			<xmax>526.106</xmax>
			<ymax>521.958</ymax>
		</bndbox>
	</object>
	<object>
		<name>b9</name>
		<pose>Unspecified</pose>
		<truncated>0</truncated>
		<difficult>0</difficult>
		<bndbox>
			<xmin>504.474</xmin>
			<ymin>506.547</ymin>
			<xmax>536.474</xmax>
			<ymax>538.547</ymax>
		</bndbox>
	</object>
	<object>
		<name>b9</name>
		<pose>Unspecified</pose>
		<truncated>0</truncated>
		<difficult>0</difficult>
		<bndbox>
			<xmin>571.244</xmin>
			<ymin>693.171</ymin>
			<xmax>603.244</xmax>
			<ymax>725.171</ymax>
		</bndbox>
	</object>
	<object>
		<name>b6</name>
		<pose>Unspecified</pose>
		<truncated>0</truncated>
		<difficult>0</difficult>
		<bndbox>
			<xmin>479.176</xmin>
			<ymin>491.617</ymin>
			<xmax>511.176</xmax>
			<ymax>523.617</ymax>
		</bndbox>
	</object>
	<object>
		<name>b9</name>
		<pose>Unspecified</pose>
		<truncated>0</truncated>
		<difficult>0</difficult>
		<bndbox>
			<xmin>551.337</xmin>
			<ymin>541.384</ymin>
			<xmax>583.337</xmax>
			<ymax>573.384</ymax>
		</bndbox>
	</object>
	<object>
		<name>b6</name>
		<pose>Unspecified</pose>
		<truncated>0</truncated>
		<difficult>0</difficult>
		<bndbox>
			<xmin>473.702</xmin>
			<ymin>485.645</ymin>
			<xmax>505.702</xmax>
			<ymax>517.645</ymax>
		</bndbox>
	</object>
	<object>
		<name>b6</name>
		<pose>Unspecified</pose>
		<truncated>0</truncated>
		<difficult>0</difficult>
		<bndbox>
			<xmin>443.842</xmin>
			<ymin>488.631</ymin>
			<xmax>475.842</xmax>
			<ymax>520.631</ymax>
		</bndbox>
	</object>
	<object>
		<name>b9</name>
		<pose>Unspecified</pose>
		<truncated>0</truncated>
		<difficult>0</difficult>
		<bndbox>
			<xmin>413.982</xmin>
			<ymin>637.931</ymin>
			<xmax>445.982</xmax>
			<ymax>669.931</ymax>
		</bndbox>
	</object>
	<object>
		<name>b6</name>
		<pose>Unspecified</pose>
		<truncated>0</truncated>
		<difficult>0</difficult>
		<bndbox>
			<xmin>482.062</xmin>
			<ymin>489.229</ymin>
			<xmax>514.062</xmax>
			<ymax>521.229</ymax>
		</bndbox>
	</object>
	<object>
		<name>b6</name>
		<pose>Unspecified</pose>
		<truncated>0</truncated>
		<difficult>0</difficult>
		<bndbox>
			<xmin>451</xmin>
			<ymin>479</ymin>
			<xmax>483</xmax>
			<ymax>511</ymax>
		</bndbox>
	</object>
	<object>
		<name>b5</name>
		<pose>Unspecified</pose>
		<truncated>0</truncated>
		<difficult>0</difficult>
		<bndbox>
			<xmin>455</xmin>
			<ymin>482</ymin>
			<xmax>487</xmax>
			<ymax>514</ymax>
		</bndbox>
	</object>
	<object>
		<name>b6</name>
		<pose>Unspecified</pose>
		<truncated>0</truncated>
		<difficult>0</difficult>
		<bndbox>
			<xmin>441</xmin>
			<ymin>495</ymin>
			<xmax>473</xmax>
			<ymax>527</ymax>
		</bndbox>
	</object>
	<object>
		<name>b10</name>
		<pose>Unspecified</pose>
		<truncated>0</truncated>
		<difficult>0</difficult>
		<bndbox>
			<xmin>330</xmin>
			<ymin>512</ymin>
			<xmax>362</xmax>
			<ymax>544</ymax>
		</bndbox>
	</object>
	<object>
		<name>b8</name>
		<pose>Unspecified</pose>
		<truncated>0</truncated>
		<difficult>0</difficult>
		<bndbox>
			<xmin>442</xmin>
			<ymin>510</ymin>
			<xmax>474</xmax>
			<ymax>542</ymax>
		</bndbox>
	</object>
	<object>
		<name>b6</name>
		<pose>Unspecified</pose>
		<truncated>0</truncated>
		<difficult>0</difficult>
		<bndbox>
			<xmin>450.8</xmin>
			<ymin>479.6</ymin>
			<xmax>482.8</xmax>
			<ymax>511.6</ymax>
		</bndbox>
	</object>
	<object>
		<name>b10</name>
		<pose>Unspecified</pose>
		<truncated>0</truncated>
		<difficult>0</difficult>
		<bndbox>
			<xmin>332</xmin>
			<ymin>531.2</ymin>
			<xmax>364</xmax>
			<ymax>563.2</ymax>
		</bndbox>
	</object>
	<object>
		<name>b5</name>
		<pose>Unspecified</pose>
		<truncated>0</truncated>
		<difficult>0</difficult>
		<bndbox>
			<xmin>458</xmin>
			<ymin>484.4</ymin>
			<xmax>490</xmax>
			<ymax>516.4</ymax>
		</bndbox>
	</object>
	<object>
		<name>b7</name>
		<pose>Unspecified</pose>
		<truncated>0</truncated>
		<difficult>0</difficult>
		<bndbox>
			<xmin>528.32</xmin>
			<ymin>545.6</ymin>
			<xmax>560.32</xmax>
			<ymax>577.6</ymax>
		</bndbox>
	</object>
	<object>
		<name>b7</name>
		<pose>Unspecified</pose>
		<truncated>0</truncated>
		<difficult>0</difficult>
		<bndbox>
			<xmin>38.72</xmin>
			<ymin>706.88</ymin>
			<xmax>70.72</xmax>
			<ymax>738.88</ymax>
		</bndbox>
	</object>
	<object>
		<name>b8</name>
		<pose>Unspecified</pose>
		<truncated>0</truncated>
		<difficult>0</difficult>
		<bndbox>
			<xmin>447.68</xmin>
			<ymin>506.72</ymin>
			<xmax>479.68</xmax>
			<ymax>538.72</ymax>
		</bndbox>
	</object>
	<object>
		<name>b8</name>
		<pose>Unspecified</pose>
		<truncated>0</truncated>
		<difficult>0</difficult>
		<bndbox>
			<xmin>352.064</xmin>
			<ymin>623.36</ymin>
			<xmax>384.064</xmax>
			<ymax>655.36</ymax>
		</bndbox>
	</object>
	<object>
		<name>b6</name>
		<pose>Unspecified</pose>
		<truncated>0</truncated>
		<difficult>0</difficult>
		<bndbox>
			<xmin>54.5024</xmin>
			<ymin>622.669</ymin>
			<xmax>86.5024</xmax>
			<ymax>654.669</ymax>
		</bndbox>
	</object>
	<object>
		<name>b5</name>
		<pose>Unspecified</pose>
		<truncated>0</truncated>
		<difficult>0</difficult>
		<bndbox>
			<xmin>494.106</xmin>
			<ymin>489.958</ymin>
			<xmax>526.106</xmax>
			<ymax>521.958</ymax>
		</bndbox>
	</object>
	<object>
		<name>b9</name>
		<pose>Unspecified</pose>
		<truncated>0</truncated>
		<difficult>0</difficult>
		<bndbox>
			<xmin>504.474</xmin>
			<ymin>506.547</ymin>
			<xmax>536.474</xmax>
			<ymax>538.547</ymax>
		</bndbox>
	</object>
	<object>
		<name>b9</name>
		<pose>Unspecified</pose>
		<truncated>0</truncated>
		<difficult>0</difficult>
		<bndbox>
			<xmin>571.244</xmin>
			<ymin>693.171</ymin>
			<xmax>603.244</xmax>
			<ymax>725.171</ymax>
		</bndbox>
	</object>
	<object>
		<name>b6</name>
		<pose>Unspecified</pose>
		<truncated>0</truncated>
		<difficult>0</difficult>
		<bndbox>
			<xmin>479.176</xmin>
			<ymin>491.617</ymin>
			<xmax>511.176</xmax>
			<ymax>523.617</ymax>
		</bndbox>
	</object>
	<object>
		<name>b9</name>
		<pose>Unspecified</pose>
		<truncated>0</truncated>
		<difficult>0</difficult>
		<bndbox>
			<xmin>551.337</xmin>
			<ymin>541.384</ymin>
			<xmax>583.337</xmax>
			<ymax>573.384</ymax>
		</bndbox>
	</object>
	<object>
		<name>b6</name>
		<pose>Unspecified</pose>
		<truncated>0</truncated>
		<difficult>0</difficult>
		<bndbox>
			<xmin>473.702</xmin>
			<ymin>485.645</ymin>
			<xmax>505.702</xmax>
			<ymax>517.645</ymax>
		</bndbox>
	</object>
	<object>
		<name>b6</name>
		<pose>Unspecified</pose>
		<truncated>0</truncated>
		<difficult>0</difficult>
		<bndbox>
			<xmin>443.842</xmin>
			<ymin>488.631</ymin>
			<xmax>475.842</xmax>
			<ymax>520.631</ymax>
		</bndbox>
	</object>
	<object>
		<name>b9</name>
		<pose>Unspecified</pose>
		<truncated>0</truncated>
		<difficult>0</difficult>
		<bndbox>
			<xmin>413.982</xmin>
			<ymin>637.931</ymin>
			<xmax>445.982</xmax>
			<ymax>669.931</ymax>
		</bndbox>
	</object>
	<object>
		<name>b6</name>
		<pose>Unspecified</pose>
		<truncated>0</truncated>
		<difficult>0</difficult>
		<bndbox>
			<xmin>482.062</xmin>
			<ymin>489.229</ymin>
			<xmax>514.062</xmax>
			<ymax>521.229</ymax>
		</bndbox>
	</object>
	<object>
		<name>b6</name>
		<pose>Unspecified</pose>
		<truncated>0</truncated>
		<difficult>0</difficult>
		<bndbox>
			<xmin>451</xmin>
			<ymin>479</ymin>
			<xmax>483</xmax>
			<ymax>511</ymax>
		</bndbox>
	</object>
	<object>
		<name>b5</name>
		<pose>Unspecified</pose>
		<truncated>0</truncated>
		<difficult>0</difficult>
		<bndbox>
			<xmin>455</xmin>
			<ymin>482</ymin>
			<xmax>487</xmax>
			<ymax>514</ymax>
		</bndbox>
	</object>
	<object>
		<name>b6</name>
		<pose>Unspecified</pose>
		<truncated>0</truncated>
		<difficult>0</difficult>
		<bndbox>
			<xmin>441</xmin>
			<ymin>495</ymin>
			<xmax>473</xmax>
			<ymax>527</ymax>
		</bndbox>
	</object>
	<object>
		<name>b10</name>
		<pose>Unspecified</pose>
		<truncated>0</truncated>
		<difficult>0</difficult>
		<bndbox>
			<xmin>330</xmin>
			<ymin>512</ymin>
			<xmax>362</xmax>
			<ymax>544</ymax>
		</bndbox>
	</object>
	<object>
		<name>b8</name>
		<pose>Unspecified</pose>
		<truncated>0</truncated>
		<difficult>0</difficult>
		<bndbox>
			<xmin>442</xmin>
			<ymin>510</ymin>
			<xmax>474</xmax>
			<ymax>542</ymax>
		</bndbox>
	</object>
	<object>
		<name>b6</name>
		<pose>Unspecified</pose>
		<truncated>0</truncated>
		<difficult>0</difficult>
		<bndbox>
			<xmin>450.8</xmin>
			<ymin>479.6</ymin>
			<xmax>482.8</xmax>
			<ymax>511.6</ymax>
		</bndbox>
	</object>
	<object>
		<name>b10</name>
		<pose>Unspecified</pose>
		<truncated>0</truncated>
		<difficult>0</difficult>
		<bndbox>
			<xmin>332</xmin>
			<ymin>531.2</ymin>
			<xmax>364</xmax>
			<ymax>563.2</ymax>
		</bndbox>
	</object>
	<object>
		<name>b5</name>
		<pose>Unspecified</pose>
		<truncated>0</truncated>
		<difficult>0</difficult>
		<bndbox>
			<xmin>458</xmin>
			<ymin>484.4</ymin>
			<xmax>490</xmax>
			<ymax>516.4</ymax>
		</bndbox>
	</object>
	<object>
		<name>b7</name>
		<pose>Unspecified</pose>
		<truncated>0</truncated>
		<difficult>0</difficult>
		<bndbox>
			<xmin>528.32</xmin>
			<ymin>545.6</ymin>
			<xmax>560.32</xmax>
			<ymax>577.6</ymax>
		</bndbox>
	</object>
	<object>
		<name>b7</name>
		<pose>Unspecified</pose>
		<truncated>0</truncated>
		<difficult>0</difficult>
		<bndbox>
			<xmin>38.72</xmin>
			<ymin>706.88</ymin>
			<xmax>70.72</xmax>
			<ymax>738.88</ymax>
		</bndbox>
	</object>
	<object>
		<name>b8</name>
		<pose>Unspecified</pose>
		<truncated>0</truncated>
		<difficult>0</difficult>
		<bndbox>
			<xmin>447.68</xmin>
			<ymin>506.72</ymin>
			<xmax>479.68</xmax>
			<ymax>538.72</ymax>
		</bndbox>
	</object>
	<object>
		<name>b8</name>
		<pose>Unspecified</pose>
		<truncated>0</truncated>
		<difficult>0</difficult>
		<bndbox>
			<xmin>352.064</xmin>
			<ymin>623.36</ymin>
			<xmax>384.064</xmax>
			<ymax>655.36</ymax>
		</bndbox>
	</object>
	<object>
		<name>b6</name>
		<pose>Unspecified</pose>
		<truncated>0</truncated>
		<difficult>0</difficult>
		<bndbox>
			<xmin>54.5024</xmin>
			<ymin>622.669</ymin>
			<xmax>86.5024</xmax>
			<ymax>654.669</ymax>
		</bndbox>
	</object>
	<object>
		<name>b5</name>
		<pose>Unspecified</pose>
		<truncated>0</truncated>
		<difficult>0</difficult>
		<bndbox>
			<xmin>494.106</xmin>
			<ymin>489.958</ymin>
			<xmax>526.106</xmax>
			<ymax>521.958</ymax>
		</bndbox>
	</object>
	<object>
		<name>b9</name>
		<pose>Unspecified</pose>
		<truncated>0</truncated>
		<difficult>0</difficult>
		<bndbox>
			<xmin>504.474</xmin>
			<ymin>506.547</ymin>
			<xmax>536.474</xmax>
			<ymax>538.547</ymax>
		</bndbox>
	</object>
	<object>
		<name>b9</name>
		<pose>Unspecified</pose>
		<truncated>0</truncated>
		<difficult>0</difficult>
		<bndbox>
			<xmin>571.244</xmin>
			<ymin>693.171</ymin>
			<xmax>603.244</xmax>
			<ymax>725.171</ymax>
		</bndbox>
	</object>
	<object>
		<name>b6</name>
		<pose>Unspecified</pose>
		<truncated>0</truncated>
		<difficult>0</difficult>
		<bndbox>
			<xmin>479.176</xmin>
			<ymin>491.617</ymin>
			<xmax>511.176</xmax>
			<ymax>523.617</ymax>
		</bndbox>
	</object>
	<object>
		<name>b9</name>
		<pose>Unspecified</pose>
		<truncated>0</truncated>
		<difficult>0</difficult>
		<bndbox>
			<xmin>551.337</xmin>
			<ymin>541.384</ymin>
			<xmax>583.337</xmax>
			<ymax>573.384</ymax>
		</bndbox>
	</object>
	<object>
		<name>b6</name>
		<pose>Unspecified</pose>
		<truncated>0</truncated>
		<difficult>0</difficult>
		<bndbox>
			<xmin>473.702</xmin>
			<ymin>485.645</ymin>
			<xmax>505.702</xmax>
			<ymax>517.645</ymax>
		</bndbox>
	</object>
	<object>
		<name>b6</name>
		<pose>Unspecified</pose>
		<truncated>0</truncated>
		<difficult>0</difficult>
		<bndbox>
			<xmin>443.842</xmin>
			<ymin>488.631</ymin>
			<xmax>475.842</xmax>
			<ymax>520.631</ymax>
		</bndbox>
	</object>
	<object>
		<name>b9</name>
		<pose>Unspecified</pose>
		<truncated>0</truncated>
		<difficult>0</difficult>
		<bndbox>
			<xmin>413.982</xmin>
			<ymin>637.931</ymin>
			<xmax>445.982</xmax>
			<ymax>669.931</ymax>
		</bndbox>
	</object>
	<object>
		<name>b6</name>
		<pose>Unspecified</pose>
		<truncated>0</truncated>
		<difficult>0</difficult>
		<bndbox>
			<xmin>482.062</xmin>
			<ymin>489.229</ymin>
			<xmax>514.062</xmax>
			<ymax>521.229</ymax>
		</bndbox>
	</object>
</annotation>
