<annotation>
	<folder>VOC2007</folder>
	<filename>000244.jpg</filename>
	<source>
		<database>My Database</database>
		<annotation>VOC2007</annotation>
		<image>flickr</image>
		<flickrid>NULL</flickrid>
	</source>
	<owner>
		<flickrid>NULL</flickrid>
		<name>shaochunyan</name>
	</owner>
	<size>
		<width>720</width>
		<height>1280</height>
		<depth>3</depth>
	</size>
	<segmented>0</segmented>
	<object>
		<name>b10</name>
		<pose>Unspecified</pose>
		<truncated>0</truncated>
		<difficult>0</difficult>
		<bndbox>
			<xmin>315</xmin>
			<ymin>480</ymin>
			<xmax>347</xmax>
			<ymax>512</ymax>
		</bndbox>
	</object>
	<object>
		<name>b9</name>
		<pose>Unspecified</pose>
		<truncated>0</truncated>
		<difficult>0</difficult>
		<bndbox>
			<xmin>315</xmin>
			<ymin>518</ymin>
			<xmax>347</xmax>
			<ymax>550</ymax>
		</bndbox>
	</object>
	<object>
		<name>b9</name>
		<pose>Unspecified</pose>
		<truncated>0</truncated>
		<difficult>0</difficult>
		<bndbox>
			<xmin>432</xmin>
			<ymin>483</ymin>
			<xmax>464</xmax>
			<ymax>515</ymax>
		</bndbox>
	</object>
	<object>
		<name>b6</name>
		<pose>Unspecified</pose>
		<truncated>0</truncated>
		<difficult>0</difficult>
		<bndbox>
			<xmin>137</xmin>
			<ymin>817</ymin>
			<xmax>169</xmax>
			<ymax>849</ymax>
		</bndbox>
	</object>
	<object>
		<name>b7</name>
		<pose>Unspecified</pose>
		<truncated>0</truncated>
		<difficult>0</difficult>
		<bndbox>
			<xmin>330</xmin>
			<ymin>527</ymin>
			<xmax>362</xmax>
			<ymax>559</ymax>
		</bndbox>
	</object>
	<object>
		<name>b7</name>
		<pose>Unspecified</pose>
		<truncated>0</truncated>
		<difficult>0</difficult>
		<bndbox>
			<xmin>324.8</xmin>
			<ymin>536</ymin>
			<xmax>356.8</xmax>
			<ymax>568</ymax>
		</bndbox>
	</object>
	<object>
		<name>b7</name>
		<pose>Unspecified</pose>
		<truncated>0</truncated>
		<difficult>0</difficult>
		<bndbox>
			<xmin>443.36</xmin>
			<ymin>464.96</ymin>
			<xmax>475.36</xmax>
			<ymax>496.96</ymax>
		</bndbox>
	</object>
	<object>
		<name>b9</name>
		<pose>Unspecified</pose>
		<truncated>0</truncated>
		<difficult>0</difficult>
		<bndbox>
			<xmin>551.36</xmin>
			<ymin>673.76</ymin>
			<xmax>583.36</xmax>
			<ymax>705.76</ymax>
		</bndbox>
	</object>
	<object>
		<name>b5</name>
		<pose>Unspecified</pose>
		<truncated>0</truncated>
		<difficult>0</difficult>
		<bndbox>
			<xmin>513.92</xmin>
			<ymin>529.76</ymin>
			<xmax>545.92</xmax>
			<ymax>561.76</ymax>
		</bndbox>
	</object>
	<object>
		<name>b7</name>
		<pose>Unspecified</pose>
		<truncated>0</truncated>
		<difficult>0</difficult>
		<bndbox>
			<xmin>325.28</xmin>
			<ymin>535.52</ymin>
			<xmax>357.28</xmax>
			<ymax>567.52</ymax>
		</bndbox>
	</object>
	<object>
		<name>b6</name>
		<pose>Unspecified</pose>
		<truncated>0</truncated>
		<difficult>0</difficult>
		<bndbox>
			<xmin>447.104</xmin>
			<ymin>685.568</ymin>
			<xmax>479.104</xmax>
			<ymax>717.568</ymax>
		</bndbox>
	</object>
	<object>
		<name>b7</name>
		<pose>Unspecified</pose>
		<truncated>0</truncated>
		<difficult>0</difficult>
		<bndbox>
			<xmin>443.648</xmin>
			<ymin>464.384</ymin>
			<xmax>475.648</xmax>
			<ymax>496.384</ymax>
		</bndbox>
	</object>
	<object>
		<name>b8</name>
		<pose>Unspecified</pose>
		<truncated>0</truncated>
		<difficult>0</difficult>
		<bndbox>
			<xmin>428.096</xmin>
			<ymin>473.024</ymin>
			<xmax>460.096</xmax>
			<ymax>505.024</ymax>
		</bndbox>
	</object>
	<object>
		<name>b8</name>
		<pose>Unspecified</pose>
		<truncated>0</truncated>
		<difficult>0</difficult>
		<bndbox>
			<xmin>311.629</xmin>
			<ymin>593.638</ymin>
			<xmax>343.629</xmax>
			<ymax>625.638</ymax>
		</bndbox>
	</object>
	<object>
		<name>b5</name>
		<pose>Unspecified</pose>
		<truncated>0</truncated>
		<difficult>0</difficult>
		<bndbox>
			<xmin>616.033</xmin>
			<ymin>514.012</ymin>
			<xmax>648.033</xmax>
			<ymax>546.012</ymax>
		</bndbox>
	</object>
	<object>
		<name>b6</name>
		<pose>Unspecified</pose>
		<truncated>0</truncated>
		<difficult>0</difficult>
		<bndbox>
			<xmin>464.744</xmin>
			<ymin>473.702</ymin>
			<xmax>496.744</xmax>
			<ymax>505.702</ymax>
		</bndbox>
	</object>
	<object>
		<name>b6</name>
		<pose>Unspecified</pose>
		<truncated>0</truncated>
		<difficult>0</difficult>
		<bndbox>
			<xmin>479.673</xmin>
			<ymin>473.702</ymin>
			<xmax>511.673</xmax>
			<ymax>505.702</ymax>
		</bndbox>
	</object>
	<object>
		<name>b7</name>
		<pose>Unspecified</pose>
		<truncated>0</truncated>
		<difficult>0</difficult>
		<bndbox>
			<xmin>467.73</xmin>
			<ymin>471.313</ymin>
			<xmax>499.73</xmax>
			<ymax>503.313</ymax>
		</bndbox>
	</object>
	<object>
		<name>b8</name>
		<pose>Unspecified</pose>
		<truncated>0</truncated>
		<difficult>0</difficult>
		<bndbox>
			<xmin>310.07</xmin>
			<ymin>593.141</ymin>
			<xmax>342.07</xmax>
			<ymax>625.141</ymax>
		</bndbox>
	</object>
	<object>
		<name>b8</name>
		<pose>Unspecified</pose>
		<truncated>0</truncated>
		<difficult>0</difficult>
		<bndbox>
			<xmin>320.819</xmin>
			<ymin>611.057</ymin>
			<xmax>352.819</xmax>
			<ymax>643.057</ymax>
		</bndbox>
	</object>
	<object>
		<name>b10</name>
		<pose>Unspecified</pose>
		<truncated>0</truncated>
		<difficult>0</difficult>
		<bndbox>
			<xmin>315</xmin>
			<ymin>480</ymin>
			<xmax>347</xmax>
			<ymax>512</ymax>
		</bndbox>
	</object>
	<object>
		<name>b9</name>
		<pose>Unspecified</pose>
		<truncated>0</truncated>
		<difficult>0</difficult>
		<bndbox>
			<xmin>315</xmin>
			<ymin>518</ymin>
			<xmax>347</xmax>
			<ymax>550</ymax>
		</bndbox>
	</object>
	<object>
		<name>b9</name>
		<pose>Unspecified</pose>
		<truncated>0</truncated>
		<difficult>0</difficult>
		<bndbox>
			<xmin>432</xmin>
			<ymin>483</ymin>
			<xmax>464</xmax>
			<ymax>515</ymax>
		</bndbox>
	</object>
	<object>
		<name>b6</name>
		<pose>Unspecified</pose>
		<truncated>0</truncated>
		<difficult>0</difficult>
		<bndbox>
			<xmin>137</xmin>
			<ymin>817</ymin>
			<xmax>169</xmax>
			<ymax>849</ymax>
		</bndbox>
	</object>
	<object>
		<name>b7</name>
		<pose>Unspecified</pose>
		<truncated>0</truncated>
		<difficult>0</difficult>
		<bndbox>
			<xmin>330</xmin>
			<ymin>527</ymin>
			<xmax>362</xmax>
			<ymax>559</ymax>
		</bndbox>
	</object>
	<object>
		<name>b7</name>
		<pose>Unspecified</pose>
		<truncated>0</truncated>
		<difficult>0</difficult>
		<bndbox>
			<xmin>324.8</xmin>
			<ymin>536</ymin>
			<xmax>356.8</xmax>
			<ymax>568</ymax>
		</bndbox>
	</object>
	<object>
		<name>b7</name>
		<pose>Unspecified</pose>
		<truncated>0</truncated>
		<difficult>0</difficult>
		<bndbox>
			<xmin>443.36</xmin>
			<ymin>464.96</ymin>
			<xmax>475.36</xmax>
			<ymax>496.96</ymax>
		</bndbox>
	</object>
	<object>
		<name>b9</name>
		<pose>Unspecified</pose>
		<truncated>0</truncated>
		<difficult>0</difficult>
		<bndbox>
			<xmin>551.36</xmin>
			<ymin>673.76</ymin>
			<xmax>583.36</xmax>
			<ymax>705.76</ymax>
		</bndbox>
	</object>
	<object>
		<name>b5</name>
		<pose>Unspecified</pose>
		<truncated>0</truncated>
		<difficult>0</difficult>
		<bndbox>
			<xmin>513.92</xmin>
			<ymin>529.76</ymin>
			<xmax>545.92</xmax>
			<ymax>561.76</ymax>
		</bndbox>
	</object>
	<object>
		<name>b7</name>
		<pose>Unspecified</pose>
		<truncated>0</truncated>
		<difficult>0</difficult>
		<bndbox>
			<xmin>325.28</xmin>
			<ymin>535.52</ymin>
			<xmax>357.28</xmax>
			<ymax>567.52</ymax>
		</bndbox>
	</object>
	<object>
		<name>b6</name>
		<pose>Unspecified</pose>
		<truncated>0</truncated>
		<difficult>0</difficult>
		<bndbox>
			<xmin>447.104</xmin>
			<ymin>685.568</ymin>
			<xmax>479.104</xmax>
			<ymax>717.568</ymax>
		</bndbox>
	</object>
	<object>
		<name>b7</name>
		<pose>Unspecified</pose>
		<truncated>0</truncated>
		<difficult>0</difficult>
		<bndbox>
			<xmin>443.648</xmin>
			<ymin>464.384</ymin>
			<xmax>475.648</xmax>
			<ymax>496.384</ymax>
		</bndbox>
	</object>
	<object>
		<name>b8</name>
		<pose>Unspecified</pose>
		<truncated>0</truncated>
		<difficult>0</difficult>
		<bndbox>
			<xmin>428.096</xmin>
			<ymin>473.024</ymin>
			<xmax>460.096</xmax>
			<ymax>505.024</ymax>
		</bndbox>
	</object>
	<object>
		<name>b8</name>
		<pose>Unspecified</pose>
		<truncated>0</truncated>
		<difficult>0</difficult>
		<bndbox>
			<xmin>311.629</xmin>
			<ymin>593.638</ymin>
			<xmax>343.629</xmax>
			<ymax>625.638</ymax>
		</bndbox>
	</object>
	<object>
		<name>b5</name>
		<pose>Unspecified</pose>
		<truncated>0</truncated>
		<difficult>0</difficult>
		<bndbox>
			<xmin>616.033</xmin>
			<ymin>514.012</ymin>
			<xmax>648.033</xmax>
			<ymax>546.012</ymax>
		</bndbox>
	</object>
	<object>
		<name>b6</name>
		<pose>Unspecified</pose>
		<truncated>0</truncated>
		<difficult>0</difficult>
		<bndbox>
			<xmin>464.744</xmin>
			<ymin>473.702</ymin>
			<xmax>496.744</xmax>
			<ymax>505.702</ymax>
		</bndbox>
	</object>
	<object>
		<name>b6</name>
		<pose>Unspecified</pose>
		<truncated>0</truncated>
		<difficult>0</difficult>
		<bndbox>
			<xmin>479.673</xmin>
			<ymin>473.702</ymin>
			<xmax>511.673</xmax>
			<ymax>505.702</ymax>
		</bndbox>
	</object>
	<object>
		<name>b7</name>
		<pose>Unspecified</pose>
		<truncated>0</truncated>
		<difficult>0</difficult>
		<bndbox>
			<xmin>467.73</xmin>
			<ymin>471.313</ymin>
			<xmax>499.73</xmax>
			<ymax>503.313</ymax>
		</bndbox>
	</object>
	<object>
		<name>b8</name>
		<pose>Unspecified</pose>
		<truncated>0</truncated>
		<difficult>0</difficult>
		<bndbox>
			<xmin>310.07</xmin>
			<ymin>593.141</ymin>
			<xmax>342.07</xmax>
			<ymax>625.141</ymax>
		</bndbox>
	</object>
	<object>
		<name>b8</name>
		<pose>Unspecified</pose>
		<truncated>0</truncated>
		<difficult>0</difficult>
		<bndbox>
			<xmin>320.819</xmin>
			<ymin>611.057</ymin>
			<xmax>352.819</xmax>
			<ymax>643.057</ymax>
		</bndbox>
	</object>
	<object>
		<name>b10</name>
		<pose>Unspecified</pose>
		<truncated>0</truncated>
		<difficult>0</difficult>
		<bndbox>
			<xmin>315</xmin>
			<ymin>480</ymin>
			<xmax>347</xmax>
			<ymax>512</ymax>
		</bndbox>
	</object>
	<object>
		<name>b9</name>
		<pose>Unspecified</pose>
		<truncated>0</truncated>
		<difficult>0</difficult>
		<bndbox>
			<xmin>315</xmin>
			<ymin>518</ymin>
			<xmax>347</xmax>
			<ymax>550</ymax>
		</bndbox>
	</object>
	<object>
		<name>b9</name>
		<pose>Unspecified</pose>
		<truncated>0</truncated>
		<difficult>0</difficult>
		<bndbox>
			<xmin>432</xmin>
			<ymin>483</ymin>
			<xmax>464</xmax>
			<ymax>515</ymax>
		</bndbox>
	</object>
	<object>
		<name>b6</name>
		<pose>Unspecified</pose>
		<truncated>0</truncated>
		<difficult>0</difficult>
		<bndbox>
			<xmin>137</xmin>
			<ymin>817</ymin>
			<xmax>169</xmax>
			<ymax>849</ymax>
		</bndbox>
	</object>
	<object>
		<name>b7</name>
		<pose>Unspecified</pose>
		<truncated>0</truncated>
		<difficult>0</difficult>
		<bndbox>
			<xmin>330</xmin>
			<ymin>527</ymin>
			<xmax>362</xmax>
			<ymax>559</ymax>
		</bndbox>
	</object>
	<object>
		<name>b7</name>
		<pose>Unspecified</pose>
		<truncated>0</truncated>
		<difficult>0</difficult>
		<bndbox>
			<xmin>324.8</xmin>
			<ymin>536</ymin>
			<xmax>356.8</xmax>
			<ymax>568</ymax>
		</bndbox>
	</object>
	<object>
		<name>b7</name>
		<pose>Unspecified</pose>
		<truncated>0</truncated>
		<difficult>0</difficult>
		<bndbox>
			<xmin>443.36</xmin>
			<ymin>464.96</ymin>
			<xmax>475.36</xmax>
			<ymax>496.96</ymax>
		</bndbox>
	</object>
	<object>
		<name>b9</name>
		<pose>Unspecified</pose>
		<truncated>0</truncated>
		<difficult>0</difficult>
		<bndbox>
			<xmin>551.36</xmin>
			<ymin>673.76</ymin>
			<xmax>583.36</xmax>
			<ymax>705.76</ymax>
		</bndbox>
	</object>
	<object>
		<name>b5</name>
		<pose>Unspecified</pose>
		<truncated>0</truncated>
		<difficult>0</difficult>
		<bndbox>
			<xmin>513.92</xmin>
			<ymin>529.76</ymin>
			<xmax>545.92</xmax>
			<ymax>561.76</ymax>
		</bndbox>
	</object>
	<object>
		<name>b7</name>
		<pose>Unspecified</pose>
		<truncated>0</truncated>
		<difficult>0</difficult>
		<bndbox>
			<xmin>325.28</xmin>
			<ymin>535.52</ymin>
			<xmax>357.28</xmax>
			<ymax>567.52</ymax>
		</bndbox>
	</object>
	<object>
		<name>b6</name>
		<pose>Unspecified</pose>
		<truncated>0</truncated>
		<difficult>0</difficult>
		<bndbox>
			<xmin>447.104</xmin>
			<ymin>685.568</ymin>
			<xmax>479.104</xmax>
			<ymax>717.568</ymax>
		</bndbox>
	</object>
	<object>
		<name>b7</name>
		<pose>Unspecified</pose>
		<truncated>0</truncated>
		<difficult>0</difficult>
		<bndbox>
			<xmin>443.648</xmin>
			<ymin>464.384</ymin>
			<xmax>475.648</xmax>
			<ymax>496.384</ymax>
		</bndbox>
	</object>
	<object>
		<name>b8</name>
		<pose>Unspecified</pose>
		<truncated>0</truncated>
		<difficult>0</difficult>
		<bndbox>
			<xmin>428.096</xmin>
			<ymin>473.024</ymin>
			<xmax>460.096</xmax>
			<ymax>505.024</ymax>
		</bndbox>
	</object>
	<object>
		<name>b8</name>
		<pose>Unspecified</pose>
		<truncated>0</truncated>
		<difficult>0</difficult>
		<bndbox>
			<xmin>311.629</xmin>
			<ymin>593.638</ymin>
			<xmax>343.629</xmax>
			<ymax>625.638</ymax>
		</bndbox>
	</object>
	<object>
		<name>b5</name>
		<pose>Unspecified</pose>
		<truncated>0</truncated>
		<difficult>0</difficult>
		<bndbox>
			<xmin>616.033</xmin>
			<ymin>514.012</ymin>
			<xmax>648.033</xmax>
			<ymax>546.012</ymax>
		</bndbox>
	</object>
	<object>
		<name>b6</name>
		<pose>Unspecified</pose>
		<truncated>0</truncated>
		<difficult>0</difficult>
		<bndbox>
			<xmin>464.744</xmin>
			<ymin>473.702</ymin>
			<xmax>496.744</xmax>
			<ymax>505.702</ymax>
		</bndbox>
	</object>
	<object>
		<name>b6</name>
		<pose>Unspecified</pose>
		<truncated>0</truncated>
		<difficult>0</difficult>
		<bndbox>
			<xmin>479.673</xmin>
			<ymin>473.702</ymin>
			<xmax>511.673</xmax>
			<ymax>505.702</ymax>
		</bndbox>
	</object>
	<object>
		<name>b7</name>
		<pose>Unspecified</pose>
		<truncated>0</truncated>
		<difficult>0</difficult>
		<bndbox>
			<xmin>467.73</xmin>
			<ymin>471.313</ymin>
			<xmax>499.73</xmax>
			<ymax>503.313</ymax>
		</bndbox>
	</object>
	<object>
		<name>b8</name>
		<pose>Unspecified</pose>
		<truncated>0</truncated>
		<difficult>0</difficult>
		<bndbox>
			<xmin>310.07</xmin>
			<ymin>593.141</ymin>
			<xmax>342.07</xmax>
			<ymax>625.141</ymax>
		</bndbox>
	</object>
	<object>
		<name>b8</name>
		<pose>Unspecified</pose>
		<truncated>0</truncated>
		<difficult>0</difficult>
		<bndbox>
			<xmin>320.819</xmin>
			<ymin>611.057</ymin>
			<xmax>352.819</xmax>
			<ymax>643.057</ymax>
		</bndbox>
	</object>
</annotation>
