<annotation>
	<folder>VOC2007</folder>
	<filename>000223.jpg</filename>
	<source>
		<database>My Database</database>
		<annotation>VOC2007</annotation>
		<image>flickr</image>
		<flickrid>NULL</flickrid>
	</source>
	<owner>
		<flickrid>NULL</flickrid>
		<name>shaochunyan</name>
	</owner>
	<size>
		<width>720</width>
		<height>1280</height>
		<depth>3</depth>
	</size>
	<segmented>0</segmented>
	<object>
		<name>b5</name>
		<pose>Unspecified</pose>
		<truncated>0</truncated>
		<difficult>0</difficult>
		<bndbox>
			<xmin>618</xmin>
			<ymin>215</ymin>
			<xmax>650</xmax>
			<ymax>247</ymax>
		</bndbox>
	</object>
	<object>
		<name>b6</name>
		<pose>Unspecified</pose>
		<truncated>0</truncated>
		<difficult>0</difficult>
		<bndbox>
			<xmin>588.8</xmin>
			<ymin>326</ymin>
			<xmax>620.8</xmax>
			<ymax>358</ymax>
		</bndbox>
	</object>
	<object>
		<name>b6</name>
		<pose>Unspecified</pose>
		<truncated>0</truncated>
		<difficult>0</difficult>
		<bndbox>
			<xmin>633.2</xmin>
			<ymin>448.4</ymin>
			<xmax>665.2</xmax>
			<ymax>480.4</ymax>
		</bndbox>
	</object>
	<object>
		<name>b5</name>
		<pose>Unspecified</pose>
		<truncated>0</truncated>
		<difficult>0</difficult>
		<bndbox>
			<xmin>620</xmin>
			<ymin>214.4</ymin>
			<xmax>652</xmax>
			<ymax>246.4</ymax>
		</bndbox>
	</object>
	<object>
		<name>b5</name>
		<pose>Unspecified</pose>
		<truncated>0</truncated>
		<difficult>0</difficult>
		<bndbox>
			<xmin>617.6</xmin>
			<ymin>212.96</ymin>
			<xmax>649.6</xmax>
			<ymax>244.96</ymax>
		</bndbox>
	</object>
	<object>
		<name>b6</name>
		<pose>Unspecified</pose>
		<truncated>0</truncated>
		<difficult>0</difficult>
		<bndbox>
			<xmin>588.8</xmin>
			<ymin>315.776</ymin>
			<xmax>620.8</xmax>
			<ymax>347.776</ymax>
		</bndbox>
	</object>
	<object>
		<name>b7</name>
		<pose>Unspecified</pose>
		<truncated>0</truncated>
		<difficult>0</difficult>
		<bndbox>
			<xmin>588.8</xmin>
			<ymin>260.48</ymin>
			<xmax>620.8</xmax>
			<ymax>292.48</ymax>
		</bndbox>
	</object>
	<object>
		<name>b7</name>
		<pose>Unspecified</pose>
		<truncated>0</truncated>
		<difficult>0</difficult>
		<bndbox>
			<xmin>595.712</xmin>
			<ymin>266.01</ymin>
			<xmax>627.712</xmax>
			<ymax>298.01</ymax>
		</bndbox>
	</object>
	<object>
		<name>b6</name>
		<pose>Unspecified</pose>
		<truncated>0</truncated>
		<difficult>0</difficult>
		<bndbox>
			<xmin>587.418</xmin>
			<ymin>324.07</ymin>
			<xmax>619.418</xmax>
			<ymax>356.07</ymax>
		</bndbox>
	</object>
	<object>
		<name>b8</name>
		<pose>Unspecified</pose>
		<truncated>0</truncated>
		<difficult>0</difficult>
		<bndbox>
			<xmin>620.595</xmin>
			<ymin>297.114</ymin>
			<xmax>652.595</xmax>
			<ymax>329.114</ymax>
		</bndbox>
	</object>
	<object>
		<name>b4</name>
		<pose>Unspecified</pose>
		<truncated>0</truncated>
		<difficult>0</difficult>
		<bndbox>
			<xmin>479.59</xmin>
			<ymin>452.634</ymin>
			<xmax>511.59</xmax>
			<ymax>484.634</ymax>
		</bndbox>
	</object>
	<object>
		<name>b4</name>
		<pose>Unspecified</pose>
		<truncated>0</truncated>
		<difficult>0</difficult>
		<bndbox>
			<xmin>479.176</xmin>
			<ymin>451.804</ymin>
			<xmax>511.176</xmax>
			<ymax>483.804</ymax>
		</bndbox>
	</object>
	<object>
		<name>g10</name>
		<pose>Unspecified</pose>
		<truncated>0</truncated>
		<difficult>0</difficult>
		<bndbox>
			<xmin>569.253</xmin>
			<ymin>312.458</ymin>
			<xmax>601.253</xmax>
			<ymax>344.458</ymax>
		</bndbox>
	</object>
	<object>
		<name>b9</name>
		<pose>Unspecified</pose>
		<truncated>0</truncated>
		<difficult>0</difficult>
		<bndbox>
			<xmin>575.225</xmin>
			<ymin>209.74</ymin>
			<xmax>607.225</xmax>
			<ymax>241.74</ymax>
		</bndbox>
	</object>
	<object>
		<name>b9</name>
		<pose>Unspecified</pose>
		<truncated>0</truncated>
		<difficult>0</difficult>
		<bndbox>
			<xmin>589</xmin>
			<ymin>326</ymin>
			<xmax>621</xmax>
			<ymax>358</ymax>
		</bndbox>
	</object>
	<object>
		<name>g1</name>
		<pose>Unspecified</pose>
		<truncated>0</truncated>
		<difficult>0</difficult>
		<bndbox>
			<xmin>527</xmin>
			<ymin>97</ymin>
			<xmax>559</xmax>
			<ymax>129</ymax>
		</bndbox>
	</object>
	<object>
		<name>b7</name>
		<pose>Unspecified</pose>
		<truncated>0</truncated>
		<difficult>0</difficult>
		<bndbox>
			<xmin>654</xmin>
			<ymin>207</ymin>
			<xmax>686</xmax>
			<ymax>239</ymax>
		</bndbox>
	</object>
	<object>
		<name>b9</name>
		<pose>Unspecified</pose>
		<truncated>0</truncated>
		<difficult>0</difficult>
		<bndbox>
			<xmin>628</xmin>
			<ymin>210</ymin>
			<xmax>660</xmax>
			<ymax>242</ymax>
		</bndbox>
	</object>
	<object>
		<name>b2</name>
		<pose>Unspecified</pose>
		<truncated>0</truncated>
		<difficult>0</difficult>
		<bndbox>
			<xmin>633.2</xmin>
			<ymin>448.4</ymin>
			<xmax>665.2</xmax>
			<ymax>480.4</ymax>
		</bndbox>
	</object>
	<object>
		<name>b6</name>
		<pose>Unspecified</pose>
		<truncated>0</truncated>
		<difficult>0</difficult>
		<bndbox>
			<xmin>620.48</xmin>
			<ymin>414.56</ymin>
			<xmax>652.48</xmax>
			<ymax>446.56</ymax>
		</bndbox>
	</object>
	<object>
		<name>b9</name>
		<pose>Unspecified</pose>
		<truncated>0</truncated>
		<difficult>0</difficult>
		<bndbox>
			<xmin>490.88</xmin>
			<ymin>346.88</ymin>
			<xmax>522.88</xmax>
			<ymax>378.88</ymax>
		</bndbox>
	</object>
	<object>
		<name>b7</name>
		<pose>Unspecified</pose>
		<truncated>0</truncated>
		<difficult>0</difficult>
		<bndbox>
			<xmin>617.6</xmin>
			<ymin>316.64</ymin>
			<xmax>649.6</xmax>
			<ymax>348.64</ymax>
		</bndbox>
	</object>
	<object>
		<name>b6</name>
		<pose>Unspecified</pose>
		<truncated>0</truncated>
		<difficult>0</difficult>
		<bndbox>
			<xmin>619.904</xmin>
			<ymin>414.272</ymin>
			<xmax>651.904</xmax>
			<ymax>446.272</ymax>
		</bndbox>
	</object>
	<object>
		<name>g10</name>
		<pose>Unspecified</pose>
		<truncated>0</truncated>
		<difficult>0</difficult>
		<bndbox>
			<xmin>642.368</xmin>
			<ymin>72.128</ymin>
			<xmax>674.368</xmax>
			<ymax>104.128</ymax>
		</bndbox>
	</object>
	<object>
		<name>b9</name>
		<pose>Unspecified</pose>
		<truncated>0</truncated>
		<difficult>0</difficult>
		<bndbox>
			<xmin>595.712</xmin>
			<ymin>266.01</ymin>
			<xmax>627.712</xmax>
			<ymax>298.01</ymax>
		</bndbox>
	</object>
	<object>
		<name>b2</name>
		<pose>Unspecified</pose>
		<truncated>0</truncated>
		<difficult>0</difficult>
		<bndbox>
			<xmin>630.963</xmin>
			<ymin>448.486</ymin>
			<xmax>662.963</xmax>
			<ymax>480.486</ymax>
		</bndbox>
	</object>
	<object>
		<name>b6</name>
		<pose>Unspecified</pose>
		<truncated>0</truncated>
		<difficult>0</difficult>
		<bndbox>
			<xmin>613.545</xmin>
			<ymin>324.9</ymin>
			<xmax>645.545</xmax>
			<ymax>356.9</ymax>
		</bndbox>
	</object>
	<object>
		<name>b4</name>
		<pose>Unspecified</pose>
		<truncated>0</truncated>
		<difficult>0</difficult>
		<bndbox>
			<xmin>407.014</xmin>
			<ymin>282.598</ymin>
			<xmax>439.014</xmax>
			<ymax>314.598</ymax>
		</bndbox>
	</object>
	<object>
		<name>b5</name>
		<pose>Unspecified</pose>
		<truncated>0</truncated>
		<difficult>0</difficult>
		<bndbox>
			<xmin>452.8</xmin>
			<ymin>431.898</ymin>
			<xmax>484.8</xmax>
			<ymax>463.898</ymax>
		</bndbox>
	</object>
	<object>
		<name>b7</name>
		<pose>Unspecified</pose>
		<truncated>0</truncated>
		<difficult>0</difficult>
		<bndbox>
			<xmin>572.239</xmin>
			<ymin>216.907</ymin>
			<xmax>604.239</xmax>
			<ymax>248.907</ymax>
		</bndbox>
	</object>
	<object>
		<name>b5</name>
		<pose>Unspecified</pose>
		<truncated>0</truncated>
		<difficult>0</difficult>
		<bndbox>
			<xmin>572.239</xmin>
			<ymin>228.851</ymin>
			<xmax>604.239</xmax>
			<ymax>260.851</ymax>
		</bndbox>
	</object>
	<object>
		<name>b10</name>
		<pose>Unspecified</pose>
		<truncated>0</truncated>
		<difficult>0</difficult>
		<bndbox>
			<xmin>606</xmin>
			<ymin>202</ymin>
			<xmax>638</xmax>
			<ymax>234</ymax>
		</bndbox>
	</object>
	<object>
		<name>b5</name>
		<pose>Unspecified</pose>
		<truncated>0</truncated>
		<difficult>0</difficult>
		<bndbox>
			<xmin>639</xmin>
			<ymin>467</ymin>
			<xmax>671</xmax>
			<ymax>499</ymax>
		</bndbox>
	</object>
	<object>
		<name>b6</name>
		<pose>Unspecified</pose>
		<truncated>0</truncated>
		<difficult>0</difficult>
		<bndbox>
			<xmin>623</xmin>
			<ymin>297</ymin>
			<xmax>655</xmax>
			<ymax>329</ymax>
		</bndbox>
	</object>
	<object>
		<name>g1</name>
		<pose>Unspecified</pose>
		<truncated>0</truncated>
		<difficult>0</difficult>
		<bndbox>
			<xmin>588</xmin>
			<ymin>50</ymin>
			<xmax>620</xmax>
			<ymax>82</ymax>
		</bndbox>
	</object>
	<object>
		<name>b7</name>
		<pose>Unspecified</pose>
		<truncated>0</truncated>
		<difficult>0</difficult>
		<bndbox>
			<xmin>588.8</xmin>
			<ymin>326</ymin>
			<xmax>620.8</xmax>
			<ymax>358</ymax>
		</bndbox>
	</object>
	<object>
		<name>b6</name>
		<pose>Unspecified</pose>
		<truncated>0</truncated>
		<difficult>0</difficult>
		<bndbox>
			<xmin>633.2</xmin>
			<ymin>448.4</ymin>
			<xmax>665.2</xmax>
			<ymax>480.4</ymax>
		</bndbox>
	</object>
	<object>
		<name>b7</name>
		<pose>Unspecified</pose>
		<truncated>0</truncated>
		<difficult>0</difficult>
		<bndbox>
			<xmin>586.4</xmin>
			<ymin>248</ymin>
			<xmax>618.4</xmax>
			<ymax>280</ymax>
		</bndbox>
	</object>
	<object>
		<name>b9</name>
		<pose>Unspecified</pose>
		<truncated>0</truncated>
		<difficult>0</difficult>
		<bndbox>
			<xmin>617.6</xmin>
			<ymin>316.64</ymin>
			<xmax>649.6</xmax>
			<ymax>348.64</ymax>
		</bndbox>
	</object>
	<object>
		<name>b8</name>
		<pose>Unspecified</pose>
		<truncated>0</truncated>
		<difficult>0</difficult>
		<bndbox>
			<xmin>608.96</xmin>
			<ymin>480.8</ymin>
			<xmax>640.96</xmax>
			<ymax>512.8</ymax>
		</bndbox>
	</object>
	<object>
		<name>b4</name>
		<pose>Unspecified</pose>
		<truncated>0</truncated>
		<difficult>0</difficult>
		<bndbox>
			<xmin>570.829</xmin>
			<ymin>290.893</ymin>
			<xmax>602.829</xmax>
			<ymax>322.893</ymax>
		</bndbox>
	</object>
	<object>
		<name>b7</name>
		<pose>Unspecified</pose>
		<truncated>0</truncated>
		<difficult>0</difficult>
		<bndbox>
			<xmin>587.418</xmin>
			<ymin>324.07</ymin>
			<xmax>619.418</xmax>
			<ymax>356.07</ymax>
		</bndbox>
	</object>
	<object>
		<name>b9</name>
		<pose>Unspecified</pose>
		<truncated>0</truncated>
		<difficult>0</difficult>
		<bndbox>
			<xmin>626.816</xmin>
			<ymin>411.162</ymin>
			<xmax>658.816</xmax>
			<ymax>443.162</ymax>
		</bndbox>
	</object>
	<object>
		<name>g10</name>
		<pose>Unspecified</pose>
		<truncated>0</truncated>
		<difficult>0</difficult>
		<bndbox>
			<xmin>548.019</xmin>
			<ymin>176.845</ymin>
			<xmax>580.019</xmax>
			<ymax>208.845</ymax>
		</bndbox>
	</object>
	<object>
		<name>b8</name>
		<pose>Unspecified</pose>
		<truncated>0</truncated>
		<difficult>0</difficult>
		<bndbox>
			<xmin>578.709</xmin>
			<ymin>202.972</ymin>
			<xmax>610.709</xmax>
			<ymax>234.972</ymax>
		</bndbox>
	</object>
	<object>
		<name>b8</name>
		<pose>Unspecified</pose>
		<truncated>0</truncated>
		<difficult>0</difficult>
		<bndbox>
			<xmin>588.662</xmin>
			<ymin>210.437</ymin>
			<xmax>620.662</xmax>
			<ymax>242.437</ymax>
		</bndbox>
	</object>
	<object>
		<name>b9</name>
		<pose>Unspecified</pose>
		<truncated>0</truncated>
		<difficult>0</difficult>
		<bndbox>
			<xmin>596.127</xmin>
			<ymin>265.18</ymin>
			<xmax>628.127</xmax>
			<ymax>297.18</ymax>
		</bndbox>
	</object>
	<object>
		<name>b5</name>
		<pose>Unspecified</pose>
		<truncated>0</truncated>
		<difficult>0</difficult>
		<bndbox>
			<xmin>596.127</xmin>
			<ymin>294.542</ymin>
			<xmax>628.127</xmax>
			<ymax>326.542</ymax>
		</bndbox>
	</object>
	<object>
		<name>g10</name>
		<pose>Unspecified</pose>
		<truncated>0</truncated>
		<difficult>0</difficult>
		<bndbox>
			<xmin>585.975</xmin>
			<ymin>489.229</ymin>
			<xmax>617.975</xmax>
			<ymax>521.229</ymax>
		</bndbox>
	</object>
</annotation>
