<annotation>
	<folder>VOC2007</folder>
	<filename>000258.jpg</filename>
	<source>
		<database>My Database</database>
		<annotation>VOC2007</annotation>
		<image>flickr</image>
		<flickrid>NULL</flickrid>
	</source>
	<owner>
		<flickrid>NULL</flickrid>
		<name>shaochunyan</name>
	</owner>
	<size>
		<width>720</width>
		<height>1280</height>
		<depth>3</depth>
	</size>
	<segmented>0</segmented>
	<object>
		<name>b9</name>
		<pose>Unspecified</pose>
		<truncated>0</truncated>
		<difficult>0</difficult>
		<bndbox>
			<xmin>315</xmin>
			<ymin>373</ymin>
			<xmax>347</xmax>
			<ymax>405</ymax>
		</bndbox>
	</object>
	<object>
		<name>b9</name>
		<pose>Unspecified</pose>
		<truncated>0</truncated>
		<difficult>0</difficult>
		<bndbox>
			<xmin>236</xmin>
			<ymin>518</ymin>
			<xmax>268</xmax>
			<ymax>550</ymax>
		</bndbox>
	</object>
	<object>
		<name>b7</name>
		<pose>Unspecified</pose>
		<truncated>0</truncated>
		<difficult>0</difficult>
		<bndbox>
			<xmin>155.6</xmin>
			<ymin>407.6</ymin>
			<xmax>187.6</xmax>
			<ymax>439.6</ymax>
		</bndbox>
	</object>
	<object>
		<name>b8</name>
		<pose>Unspecified</pose>
		<truncated>0</truncated>
		<difficult>0</difficult>
		<bndbox>
			<xmin>156.8</xmin>
			<ymin>416</ymin>
			<xmax>188.8</xmax>
			<ymax>448</ymax>
		</bndbox>
	</object>
	<object>
		<name>b9</name>
		<pose>Unspecified</pose>
		<truncated>0</truncated>
		<difficult>0</difficult>
		<bndbox>
			<xmin>310.4</xmin>
			<ymin>370.4</ymin>
			<xmax>342.4</xmax>
			<ymax>402.4</ymax>
		</bndbox>
	</object>
	<object>
		<name>b6</name>
		<pose>Unspecified</pose>
		<truncated>0</truncated>
		<difficult>0</difficult>
		<bndbox>
			<xmin>341.6</xmin>
			<ymin>400.4</ymin>
			<xmax>373.6</xmax>
			<ymax>432.4</ymax>
		</bndbox>
	</object>
	<object>
		<name>b9</name>
		<pose>Unspecified</pose>
		<truncated>0</truncated>
		<difficult>0</difficult>
		<bndbox>
			<xmin>417.2</xmin>
			<ymin>407.6</ymin>
			<xmax>449.2</xmax>
			<ymax>439.6</ymax>
		</bndbox>
	</object>
	<object>
		<name>b9</name>
		<pose>Unspecified</pose>
		<truncated>0</truncated>
		<difficult>0</difficult>
		<bndbox>
			<xmin>438.8</xmin>
			<ymin>405.2</ymin>
			<xmax>470.8</xmax>
			<ymax>437.2</ymax>
		</bndbox>
	</object>
	<object>
		<name>b8</name>
		<pose>Unspecified</pose>
		<truncated>0</truncated>
		<difficult>0</difficult>
		<bndbox>
			<xmin>441.92</xmin>
			<ymin>626.24</ymin>
			<xmax>473.92</xmax>
			<ymax>658.24</ymax>
		</bndbox>
	</object>
	<object>
		<name>b7</name>
		<pose>Unspecified</pose>
		<truncated>0</truncated>
		<difficult>0</difficult>
		<bndbox>
			<xmin>156.8</xmin>
			<ymin>411.68</ymin>
			<xmax>188.8</xmax>
			<ymax>443.68</ymax>
		</bndbox>
	</object>
	<object>
		<name>b8</name>
		<pose>Unspecified</pose>
		<truncated>0</truncated>
		<difficult>0</difficult>
		<bndbox>
			<xmin>420.32</xmin>
			<ymin>440.48</ymin>
			<xmax>452.32</xmax>
			<ymax>472.48</ymax>
		</bndbox>
	</object>
	<object>
		<name>g1</name>
		<pose>Unspecified</pose>
		<truncated>0</truncated>
		<difficult>0</difficult>
		<bndbox>
			<xmin>54.848</xmin>
			<ymin>683.84</ymin>
			<xmax>86.848</xmax>
			<ymax>715.84</ymax>
		</bndbox>
	</object>
	<object>
		<name>g10</name>
		<pose>Unspecified</pose>
		<truncated>0</truncated>
		<difficult>0</difficult>
		<bndbox>
			<xmin>47.936</xmin>
			<ymin>699.392</ymin>
			<xmax>79.936</xmax>
			<ymax>731.392</ymax>
		</bndbox>
	</object>
	<object>
		<name>b10</name>
		<pose>Unspecified</pose>
		<truncated>0</truncated>
		<difficult>0</difficult>
		<bndbox>
			<xmin>300.224</xmin>
			<ymin>402.176</ymin>
			<xmax>332.224</xmax>
			<ymax>434.176</ymax>
		</bndbox>
	</object>
	<object>
		<name>b8</name>
		<pose>Unspecified</pose>
		<truncated>0</truncated>
		<difficult>0</difficult>
		<bndbox>
			<xmin>336.512</xmin>
			<ymin>379.712</ymin>
			<xmax>368.512</xmax>
			<ymax>411.712</ymax>
		</bndbox>
	</object>
	<object>
		<name>b9</name>
		<pose>Unspecified</pose>
		<truncated>0</truncated>
		<difficult>0</difficult>
		<bndbox>
			<xmin>153.344</xmin>
			<ymin>384.896</ymin>
			<xmax>185.344</xmax>
			<ymax>416.896</ymax>
		</bndbox>
	</object>
	<object>
		<name>b7</name>
		<pose>Unspecified</pose>
		<truncated>0</truncated>
		<difficult>0</difficult>
		<bndbox>
			<xmin>155.694</xmin>
			<ymin>399.55</ymin>
			<xmax>187.694</xmax>
			<ymax>431.55</ymax>
		</bndbox>
	</object>
	<object>
		<name>b10</name>
		<pose>Unspecified</pose>
		<truncated>0</truncated>
		<difficult>0</difficult>
		<bndbox>
			<xmin>165.647</xmin>
			<ymin>367.201</ymin>
			<xmax>197.647</xmax>
			<ymax>399.201</ymax>
		</bndbox>
	</object>
	<object>
		<name>b8</name>
		<pose>Unspecified</pose>
		<truncated>0</truncated>
		<difficult>0</difficult>
		<bndbox>
			<xmin>339.332</xmin>
			<ymin>387.108</ymin>
			<xmax>371.332</xmax>
			<ymax>419.108</ymax>
		</bndbox>
	</object>
	<object>
		<name>b9</name>
		<pose>Unspecified</pose>
		<truncated>0</truncated>
		<difficult>0</difficult>
		<bndbox>
			<xmin>216.907</xmin>
			<ymin>528.644</ymin>
			<xmax>248.907</xmax>
			<ymax>560.644</ymax>
		</bndbox>
	</object>
	<object>
		<name>b9</name>
		<pose>Unspecified</pose>
		<truncated>0</truncated>
		<difficult>0</difficult>
		<bndbox>
			<xmin>315</xmin>
			<ymin>373</ymin>
			<xmax>347</xmax>
			<ymax>405</ymax>
		</bndbox>
	</object>
	<object>
		<name>b9</name>
		<pose>Unspecified</pose>
		<truncated>0</truncated>
		<difficult>0</difficult>
		<bndbox>
			<xmin>236</xmin>
			<ymin>518</ymin>
			<xmax>268</xmax>
			<ymax>550</ymax>
		</bndbox>
	</object>
	<object>
		<name>b7</name>
		<pose>Unspecified</pose>
		<truncated>0</truncated>
		<difficult>0</difficult>
		<bndbox>
			<xmin>155.6</xmin>
			<ymin>407.6</ymin>
			<xmax>187.6</xmax>
			<ymax>439.6</ymax>
		</bndbox>
	</object>
	<object>
		<name>b8</name>
		<pose>Unspecified</pose>
		<truncated>0</truncated>
		<difficult>0</difficult>
		<bndbox>
			<xmin>156.8</xmin>
			<ymin>416</ymin>
			<xmax>188.8</xmax>
			<ymax>448</ymax>
		</bndbox>
	</object>
	<object>
		<name>b9</name>
		<pose>Unspecified</pose>
		<truncated>0</truncated>
		<difficult>0</difficult>
		<bndbox>
			<xmin>310.4</xmin>
			<ymin>370.4</ymin>
			<xmax>342.4</xmax>
			<ymax>402.4</ymax>
		</bndbox>
	</object>
	<object>
		<name>b6</name>
		<pose>Unspecified</pose>
		<truncated>0</truncated>
		<difficult>0</difficult>
		<bndbox>
			<xmin>341.6</xmin>
			<ymin>400.4</ymin>
			<xmax>373.6</xmax>
			<ymax>432.4</ymax>
		</bndbox>
	</object>
	<object>
		<name>b9</name>
		<pose>Unspecified</pose>
		<truncated>0</truncated>
		<difficult>0</difficult>
		<bndbox>
			<xmin>417.2</xmin>
			<ymin>407.6</ymin>
			<xmax>449.2</xmax>
			<ymax>439.6</ymax>
		</bndbox>
	</object>
	<object>
		<name>b9</name>
		<pose>Unspecified</pose>
		<truncated>0</truncated>
		<difficult>0</difficult>
		<bndbox>
			<xmin>438.8</xmin>
			<ymin>405.2</ymin>
			<xmax>470.8</xmax>
			<ymax>437.2</ymax>
		</bndbox>
	</object>
	<object>
		<name>b8</name>
		<pose>Unspecified</pose>
		<truncated>0</truncated>
		<difficult>0</difficult>
		<bndbox>
			<xmin>441.92</xmin>
			<ymin>626.24</ymin>
			<xmax>473.92</xmax>
			<ymax>658.24</ymax>
		</bndbox>
	</object>
	<object>
		<name>b7</name>
		<pose>Unspecified</pose>
		<truncated>0</truncated>
		<difficult>0</difficult>
		<bndbox>
			<xmin>156.8</xmin>
			<ymin>411.68</ymin>
			<xmax>188.8</xmax>
			<ymax>443.68</ymax>
		</bndbox>
	</object>
	<object>
		<name>b8</name>
		<pose>Unspecified</pose>
		<truncated>0</truncated>
		<difficult>0</difficult>
		<bndbox>
			<xmin>420.32</xmin>
			<ymin>440.48</ymin>
			<xmax>452.32</xmax>
			<ymax>472.48</ymax>
		</bndbox>
	</object>
	<object>
		<name>g1</name>
		<pose>Unspecified</pose>
		<truncated>0</truncated>
		<difficult>0</difficult>
		<bndbox>
			<xmin>54.848</xmin>
			<ymin>683.84</ymin>
			<xmax>86.848</xmax>
			<ymax>715.84</ymax>
		</bndbox>
	</object>
	<object>
		<name>g10</name>
		<pose>Unspecified</pose>
		<truncated>0</truncated>
		<difficult>0</difficult>
		<bndbox>
			<xmin>47.936</xmin>
			<ymin>699.392</ymin>
			<xmax>79.936</xmax>
			<ymax>731.392</ymax>
		</bndbox>
	</object>
	<object>
		<name>b10</name>
		<pose>Unspecified</pose>
		<truncated>0</truncated>
		<difficult>0</difficult>
		<bndbox>
			<xmin>300.224</xmin>
			<ymin>402.176</ymin>
			<xmax>332.224</xmax>
			<ymax>434.176</ymax>
		</bndbox>
	</object>
	<object>
		<name>b8</name>
		<pose>Unspecified</pose>
		<truncated>0</truncated>
		<difficult>0</difficult>
		<bndbox>
			<xmin>336.512</xmin>
			<ymin>379.712</ymin>
			<xmax>368.512</xmax>
			<ymax>411.712</ymax>
		</bndbox>
	</object>
	<object>
		<name>b9</name>
		<pose>Unspecified</pose>
		<truncated>0</truncated>
		<difficult>0</difficult>
		<bndbox>
			<xmin>153.344</xmin>
			<ymin>384.896</ymin>
			<xmax>185.344</xmax>
			<ymax>416.896</ymax>
		</bndbox>
	</object>
	<object>
		<name>b7</name>
		<pose>Unspecified</pose>
		<truncated>0</truncated>
		<difficult>0</difficult>
		<bndbox>
			<xmin>155.694</xmin>
			<ymin>399.55</ymin>
			<xmax>187.694</xmax>
			<ymax>431.55</ymax>
		</bndbox>
	</object>
	<object>
		<name>b10</name>
		<pose>Unspecified</pose>
		<truncated>0</truncated>
		<difficult>0</difficult>
		<bndbox>
			<xmin>165.647</xmin>
			<ymin>367.201</ymin>
			<xmax>197.647</xmax>
			<ymax>399.201</ymax>
		</bndbox>
	</object>
	<object>
		<name>b8</name>
		<pose>Unspecified</pose>
		<truncated>0</truncated>
		<difficult>0</difficult>
		<bndbox>
			<xmin>339.332</xmin>
			<ymin>387.108</ymin>
			<xmax>371.332</xmax>
			<ymax>419.108</ymax>
		</bndbox>
	</object>
	<object>
		<name>b9</name>
		<pose>Unspecified</pose>
		<truncated>0</truncated>
		<difficult>0</difficult>
		<bndbox>
			<xmin>216.907</xmin>
			<ymin>528.644</ymin>
			<xmax>248.907</xmax>
			<ymax>560.644</ymax>
		</bndbox>
	</object>
	<object>
		<name>b9</name>
		<pose>Unspecified</pose>
		<truncated>0</truncated>
		<difficult>0</difficult>
		<bndbox>
			<xmin>315</xmin>
			<ymin>373</ymin>
			<xmax>347</xmax>
			<ymax>405</ymax>
		</bndbox>
	</object>
	<object>
		<name>b9</name>
		<pose>Unspecified</pose>
		<truncated>0</truncated>
		<difficult>0</difficult>
		<bndbox>
			<xmin>236</xmin>
			<ymin>518</ymin>
			<xmax>268</xmax>
			<ymax>550</ymax>
		</bndbox>
	</object>
	<object>
		<name>b7</name>
		<pose>Unspecified</pose>
		<truncated>0</truncated>
		<difficult>0</difficult>
		<bndbox>
			<xmin>155.6</xmin>
			<ymin>407.6</ymin>
			<xmax>187.6</xmax>
			<ymax>439.6</ymax>
		</bndbox>
	</object>
	<object>
		<name>b8</name>
		<pose>Unspecified</pose>
		<truncated>0</truncated>
		<difficult>0</difficult>
		<bndbox>
			<xmin>156.8</xmin>
			<ymin>416</ymin>
			<xmax>188.8</xmax>
			<ymax>448</ymax>
		</bndbox>
	</object>
	<object>
		<name>b9</name>
		<pose>Unspecified</pose>
		<truncated>0</truncated>
		<difficult>0</difficult>
		<bndbox>
			<xmin>310.4</xmin>
			<ymin>370.4</ymin>
			<xmax>342.4</xmax>
			<ymax>402.4</ymax>
		</bndbox>
	</object>
	<object>
		<name>b6</name>
		<pose>Unspecified</pose>
		<truncated>0</truncated>
		<difficult>0</difficult>
		<bndbox>
			<xmin>341.6</xmin>
			<ymin>400.4</ymin>
			<xmax>373.6</xmax>
			<ymax>432.4</ymax>
		</bndbox>
	</object>
	<object>
		<name>b9</name>
		<pose>Unspecified</pose>
		<truncated>0</truncated>
		<difficult>0</difficult>
		<bndbox>
			<xmin>417.2</xmin>
			<ymin>407.6</ymin>
			<xmax>449.2</xmax>
			<ymax>439.6</ymax>
		</bndbox>
	</object>
	<object>
		<name>b9</name>
		<pose>Unspecified</pose>
		<truncated>0</truncated>
		<difficult>0</difficult>
		<bndbox>
			<xmin>438.8</xmin>
			<ymin>405.2</ymin>
			<xmax>470.8</xmax>
			<ymax>437.2</ymax>
		</bndbox>
	</object>
	<object>
		<name>b8</name>
		<pose>Unspecified</pose>
		<truncated>0</truncated>
		<difficult>0</difficult>
		<bndbox>
			<xmin>441.92</xmin>
			<ymin>626.24</ymin>
			<xmax>473.92</xmax>
			<ymax>658.24</ymax>
		</bndbox>
	</object>
	<object>
		<name>b7</name>
		<pose>Unspecified</pose>
		<truncated>0</truncated>
		<difficult>0</difficult>
		<bndbox>
			<xmin>156.8</xmin>
			<ymin>411.68</ymin>
			<xmax>188.8</xmax>
			<ymax>443.68</ymax>
		</bndbox>
	</object>
	<object>
		<name>b8</name>
		<pose>Unspecified</pose>
		<truncated>0</truncated>
		<difficult>0</difficult>
		<bndbox>
			<xmin>420.32</xmin>
			<ymin>440.48</ymin>
			<xmax>452.32</xmax>
			<ymax>472.48</ymax>
		</bndbox>
	</object>
	<object>
		<name>g1</name>
		<pose>Unspecified</pose>
		<truncated>0</truncated>
		<difficult>0</difficult>
		<bndbox>
			<xmin>54.848</xmin>
			<ymin>683.84</ymin>
			<xmax>86.848</xmax>
			<ymax>715.84</ymax>
		</bndbox>
	</object>
	<object>
		<name>g10</name>
		<pose>Unspecified</pose>
		<truncated>0</truncated>
		<difficult>0</difficult>
		<bndbox>
			<xmin>47.936</xmin>
			<ymin>699.392</ymin>
			<xmax>79.936</xmax>
			<ymax>731.392</ymax>
		</bndbox>
	</object>
	<object>
		<name>b10</name>
		<pose>Unspecified</pose>
		<truncated>0</truncated>
		<difficult>0</difficult>
		<bndbox>
			<xmin>300.224</xmin>
			<ymin>402.176</ymin>
			<xmax>332.224</xmax>
			<ymax>434.176</ymax>
		</bndbox>
	</object>
	<object>
		<name>b8</name>
		<pose>Unspecified</pose>
		<truncated>0</truncated>
		<difficult>0</difficult>
		<bndbox>
			<xmin>336.512</xmin>
			<ymin>379.712</ymin>
			<xmax>368.512</xmax>
			<ymax>411.712</ymax>
		</bndbox>
	</object>
	<object>
		<name>b9</name>
		<pose>Unspecified</pose>
		<truncated>0</truncated>
		<difficult>0</difficult>
		<bndbox>
			<xmin>153.344</xmin>
			<ymin>384.896</ymin>
			<xmax>185.344</xmax>
			<ymax>416.896</ymax>
		</bndbox>
	</object>
	<object>
		<name>b7</name>
		<pose>Unspecified</pose>
		<truncated>0</truncated>
		<difficult>0</difficult>
		<bndbox>
			<xmin>155.694</xmin>
			<ymin>399.55</ymin>
			<xmax>187.694</xmax>
			<ymax>431.55</ymax>
		</bndbox>
	</object>
	<object>
		<name>b10</name>
		<pose>Unspecified</pose>
		<truncated>0</truncated>
		<difficult>0</difficult>
		<bndbox>
			<xmin>165.647</xmin>
			<ymin>367.201</ymin>
			<xmax>197.647</xmax>
			<ymax>399.201</ymax>
		</bndbox>
	</object>
	<object>
		<name>b8</name>
		<pose>Unspecified</pose>
		<truncated>0</truncated>
		<difficult>0</difficult>
		<bndbox>
			<xmin>339.332</xmin>
			<ymin>387.108</ymin>
			<xmax>371.332</xmax>
			<ymax>419.108</ymax>
		</bndbox>
	</object>
	<object>
		<name>b9</name>
		<pose>Unspecified</pose>
		<truncated>0</truncated>
		<difficult>0</difficult>
		<bndbox>
			<xmin>216.907</xmin>
			<ymin>528.644</ymin>
			<xmax>248.907</xmax>
			<ymax>560.644</ymax>
		</bndbox>
	</object>
</annotation>
