<annotation>
	<folder>VOC2007</folder>
	<filename>000200.jpg</filename>
	<source>
		<database>My Database</database>
		<annotation>VOC2007</annotation>
		<image>flickr</image>
		<flickrid>NULL</flickrid>
	</source>
	<owner>
		<flickrid>NULL</flickrid>
		<name>shaochunyan</name>
	</owner>
	<size>
		<width>720</width>
		<height>1280</height>
		<depth>3</depth>
	</size>
	<segmented>0</segmented>
	<object>
		<name>b8</name>
		<pose>Unspecified</pose>
		<truncated>0</truncated>
		<difficult>0</difficult>
		<bndbox>
			<xmin>513</xmin>
			<ymin>78</ymin>
			<xmax>545</xmax>
			<ymax>110</ymax>
		</bndbox>
	</object>
	<object>
		<name>b6</name>
		<pose>Unspecified</pose>
		<truncated>0</truncated>
		<difficult>0</difficult>
		<bndbox>
			<xmin>443</xmin>
			<ymin>53</ymin>
			<xmax>475</xmax>
			<ymax>85</ymax>
		</bndbox>
	</object>
	<object>
		<name>b8</name>
		<pose>Unspecified</pose>
		<truncated>0</truncated>
		<difficult>0</difficult>
		<bndbox>
			<xmin>462.8</xmin>
			<ymin>46.4</ymin>
			<xmax>494.8</xmax>
			<ymax>78.4</ymax>
		</bndbox>
	</object>
	<object>
		<name>b9</name>
		<pose>Unspecified</pose>
		<truncated>0</truncated>
		<difficult>0</difficult>
		<bndbox>
			<xmin>515.6</xmin>
			<ymin>47.6</ymin>
			<xmax>547.6</xmax>
			<ymax>79.6</ymax>
		</bndbox>
	</object>
	<object>
		<name>b8</name>
		<pose>Unspecified</pose>
		<truncated>0</truncated>
		<difficult>0</difficult>
		<bndbox>
			<xmin>471.2</xmin>
			<ymin>108.8</ymin>
			<xmax>503.2</xmax>
			<ymax>140.8</ymax>
		</bndbox>
	</object>
	<object>
		<name>b5</name>
		<pose>Unspecified</pose>
		<truncated>0</truncated>
		<difficult>0</difficult>
		<bndbox>
			<xmin>444.8</xmin>
			<ymin>51.2</ymin>
			<xmax>476.8</xmax>
			<ymax>83.2</ymax>
		</bndbox>
	</object>
	<object>
		<name>b8</name>
		<pose>Unspecified</pose>
		<truncated>0</truncated>
		<difficult>0</difficult>
		<bndbox>
			<xmin>530</xmin>
			<ymin>135.2</ymin>
			<xmax>562</xmax>
			<ymax>167.2</ymax>
		</bndbox>
	</object>
	<object>
		<name>b7</name>
		<pose>Unspecified</pose>
		<truncated>0</truncated>
		<difficult>0</difficult>
		<bndbox>
			<xmin>416</xmin>
			<ymin>89.6</ymin>
			<xmax>448</xmax>
			<ymax>121.6</ymax>
		</bndbox>
	</object>
	<object>
		<name>b8</name>
		<pose>Unspecified</pose>
		<truncated>0</truncated>
		<difficult>0</difficult>
		<bndbox>
			<xmin>355.52</xmin>
			<ymin>44.48</ymin>
			<xmax>387.52</xmax>
			<ymax>76.48</ymax>
		</bndbox>
	</object>
	<object>
		<name>b7</name>
		<pose>Unspecified</pose>
		<truncated>0</truncated>
		<difficult>0</difficult>
		<bndbox>
			<xmin>423.2</xmin>
			<ymin>80.48</ymin>
			<xmax>455.2</xmax>
			<ymax>112.48</ymax>
		</bndbox>
	</object>
	<object>
		<name>b8</name>
		<pose>Unspecified</pose>
		<truncated>0</truncated>
		<difficult>0</difficult>
		<bndbox>
			<xmin>469.28</xmin>
			<ymin>99.2</ymin>
			<xmax>501.28</xmax>
			<ymax>131.2</ymax>
		</bndbox>
	</object>
	<object>
		<name>b7</name>
		<pose>Unspecified</pose>
		<truncated>0</truncated>
		<difficult>0</difficult>
		<bndbox>
			<xmin>416</xmin>
			<ymin>91.136</ymin>
			<xmax>448</xmax>
			<ymax>123.136</ymax>
		</bndbox>
	</object>
	<object>
		<name>b8</name>
		<pose>Unspecified</pose>
		<truncated>0</truncated>
		<difficult>0</difficult>
		<bndbox>
			<xmin>511.04</xmin>
			<ymin>79.04</ymin>
			<xmax>543.04</xmax>
			<ymax>111.04</ymax>
		</bndbox>
	</object>
	<object>
		<name>b6</name>
		<pose>Unspecified</pose>
		<truncated>0</truncated>
		<difficult>0</difficult>
		<bndbox>
			<xmin>463.002</xmin>
			<ymin>58.6496</ymin>
			<xmax>495.002</xmax>
			<ymax>90.6496</ymax>
		</bndbox>
	</object>
	<object>
		<name>b9</name>
		<pose>Unspecified</pose>
		<truncated>0</truncated>
		<difficult>0</difficult>
		<bndbox>
			<xmin>484.152</xmin>
			<ymin>76.0679</ymin>
			<xmax>516.152</xmax>
			<ymax>108.068</ymax>
		</bndbox>
	</object>
	<object>
		<name>b8</name>
		<pose>Unspecified</pose>
		<truncated>0</truncated>
		<difficult>0</difficult>
		<bndbox>
			<xmin>456.781</xmin>
			<ymin>93.4861</ymin>
			<xmax>488.781</xmax>
			<ymax>125.486</ymax>
		</bndbox>
	</object>
	<object>
		<name>b8</name>
		<pose>Unspecified</pose>
		<truncated>0</truncated>
		<difficult>0</difficult>
		<bndbox>
			<xmin>382.131</xmin>
			<ymin>78.5562</ymin>
			<xmax>414.131</xmax>
			<ymax>110.556</ymax>
		</bndbox>
	</object>
	<object>
		<name>b8</name>
		<pose>Unspecified</pose>
		<truncated>0</truncated>
		<difficult>0</difficult>
		<bndbox>
			<xmin>455.786</xmin>
			<ymin>91.4955</ymin>
			<xmax>487.786</xmax>
			<ymax>123.495</ymax>
		</bndbox>
	</object>
	<object>
		<name>b8</name>
		<pose>Unspecified</pose>
		<truncated>0</truncated>
		<difficult>0</difficult>
		<bndbox>
			<xmin>515.505</xmin>
			<ymin>545.365</ymin>
			<xmax>547.505</xmax>
			<ymax>577.365</ymax>
		</bndbox>
	</object>
	<object>
		<name>b8</name>
		<pose>Unspecified</pose>
		<truncated>0</truncated>
		<difficult>0</difficult>
		<bndbox>
			<xmin>513</xmin>
			<ymin>78</ymin>
			<xmax>545</xmax>
			<ymax>110</ymax>
		</bndbox>
	</object>
	<object>
		<name>b6</name>
		<pose>Unspecified</pose>
		<truncated>0</truncated>
		<difficult>0</difficult>
		<bndbox>
			<xmin>443</xmin>
			<ymin>53</ymin>
			<xmax>475</xmax>
			<ymax>85</ymax>
		</bndbox>
	</object>
	<object>
		<name>b8</name>
		<pose>Unspecified</pose>
		<truncated>0</truncated>
		<difficult>0</difficult>
		<bndbox>
			<xmin>462.8</xmin>
			<ymin>46.4</ymin>
			<xmax>494.8</xmax>
			<ymax>78.4</ymax>
		</bndbox>
	</object>
	<object>
		<name>b9</name>
		<pose>Unspecified</pose>
		<truncated>0</truncated>
		<difficult>0</difficult>
		<bndbox>
			<xmin>515.6</xmin>
			<ymin>47.6</ymin>
			<xmax>547.6</xmax>
			<ymax>79.6</ymax>
		</bndbox>
	</object>
	<object>
		<name>b8</name>
		<pose>Unspecified</pose>
		<truncated>0</truncated>
		<difficult>0</difficult>
		<bndbox>
			<xmin>471.2</xmin>
			<ymin>108.8</ymin>
			<xmax>503.2</xmax>
			<ymax>140.8</ymax>
		</bndbox>
	</object>
	<object>
		<name>b5</name>
		<pose>Unspecified</pose>
		<truncated>0</truncated>
		<difficult>0</difficult>
		<bndbox>
			<xmin>444.8</xmin>
			<ymin>51.2</ymin>
			<xmax>476.8</xmax>
			<ymax>83.2</ymax>
		</bndbox>
	</object>
	<object>
		<name>b8</name>
		<pose>Unspecified</pose>
		<truncated>0</truncated>
		<difficult>0</difficult>
		<bndbox>
			<xmin>530</xmin>
			<ymin>135.2</ymin>
			<xmax>562</xmax>
			<ymax>167.2</ymax>
		</bndbox>
	</object>
	<object>
		<name>b7</name>
		<pose>Unspecified</pose>
		<truncated>0</truncated>
		<difficult>0</difficult>
		<bndbox>
			<xmin>416</xmin>
			<ymin>89.6</ymin>
			<xmax>448</xmax>
			<ymax>121.6</ymax>
		</bndbox>
	</object>
	<object>
		<name>b8</name>
		<pose>Unspecified</pose>
		<truncated>0</truncated>
		<difficult>0</difficult>
		<bndbox>
			<xmin>355.52</xmin>
			<ymin>44.48</ymin>
			<xmax>387.52</xmax>
			<ymax>76.48</ymax>
		</bndbox>
	</object>
	<object>
		<name>b7</name>
		<pose>Unspecified</pose>
		<truncated>0</truncated>
		<difficult>0</difficult>
		<bndbox>
			<xmin>423.2</xmin>
			<ymin>80.48</ymin>
			<xmax>455.2</xmax>
			<ymax>112.48</ymax>
		</bndbox>
	</object>
	<object>
		<name>b8</name>
		<pose>Unspecified</pose>
		<truncated>0</truncated>
		<difficult>0</difficult>
		<bndbox>
			<xmin>469.28</xmin>
			<ymin>99.2</ymin>
			<xmax>501.28</xmax>
			<ymax>131.2</ymax>
		</bndbox>
	</object>
	<object>
		<name>b7</name>
		<pose>Unspecified</pose>
		<truncated>0</truncated>
		<difficult>0</difficult>
		<bndbox>
			<xmin>416</xmin>
			<ymin>91.136</ymin>
			<xmax>448</xmax>
			<ymax>123.136</ymax>
		</bndbox>
	</object>
	<object>
		<name>b8</name>
		<pose>Unspecified</pose>
		<truncated>0</truncated>
		<difficult>0</difficult>
		<bndbox>
			<xmin>511.04</xmin>
			<ymin>79.04</ymin>
			<xmax>543.04</xmax>
			<ymax>111.04</ymax>
		</bndbox>
	</object>
	<object>
		<name>b6</name>
		<pose>Unspecified</pose>
		<truncated>0</truncated>
		<difficult>0</difficult>
		<bndbox>
			<xmin>463.002</xmin>
			<ymin>58.6496</ymin>
			<xmax>495.002</xmax>
			<ymax>90.6496</ymax>
		</bndbox>
	</object>
	<object>
		<name>b9</name>
		<pose>Unspecified</pose>
		<truncated>0</truncated>
		<difficult>0</difficult>
		<bndbox>
			<xmin>484.152</xmin>
			<ymin>76.0679</ymin>
			<xmax>516.152</xmax>
			<ymax>108.068</ymax>
		</bndbox>
	</object>
	<object>
		<name>b8</name>
		<pose>Unspecified</pose>
		<truncated>0</truncated>
		<difficult>0</difficult>
		<bndbox>
			<xmin>456.781</xmin>
			<ymin>93.4861</ymin>
			<xmax>488.781</xmax>
			<ymax>125.486</ymax>
		</bndbox>
	</object>
	<object>
		<name>b8</name>
		<pose>Unspecified</pose>
		<truncated>0</truncated>
		<difficult>0</difficult>
		<bndbox>
			<xmin>382.131</xmin>
			<ymin>78.5562</ymin>
			<xmax>414.131</xmax>
			<ymax>110.556</ymax>
		</bndbox>
	</object>
	<object>
		<name>b8</name>
		<pose>Unspecified</pose>
		<truncated>0</truncated>
		<difficult>0</difficult>
		<bndbox>
			<xmin>455.786</xmin>
			<ymin>91.4955</ymin>
			<xmax>487.786</xmax>
			<ymax>123.495</ymax>
		</bndbox>
	</object>
	<object>
		<name>b8</name>
		<pose>Unspecified</pose>
		<truncated>0</truncated>
		<difficult>0</difficult>
		<bndbox>
			<xmin>515.505</xmin>
			<ymin>545.365</ymin>
			<xmax>547.505</xmax>
			<ymax>577.365</ymax>
		</bndbox>
	</object>
	<object>
		<name>b8</name>
		<pose>Unspecified</pose>
		<truncated>0</truncated>
		<difficult>0</difficult>
		<bndbox>
			<xmin>513</xmin>
			<ymin>78</ymin>
			<xmax>545</xmax>
			<ymax>110</ymax>
		</bndbox>
	</object>
	<object>
		<name>b6</name>
		<pose>Unspecified</pose>
		<truncated>0</truncated>
		<difficult>0</difficult>
		<bndbox>
			<xmin>443</xmin>
			<ymin>53</ymin>
			<xmax>475</xmax>
			<ymax>85</ymax>
		</bndbox>
	</object>
	<object>
		<name>b8</name>
		<pose>Unspecified</pose>
		<truncated>0</truncated>
		<difficult>0</difficult>
		<bndbox>
			<xmin>462.8</xmin>
			<ymin>46.4</ymin>
			<xmax>494.8</xmax>
			<ymax>78.4</ymax>
		</bndbox>
	</object>
	<object>
		<name>b9</name>
		<pose>Unspecified</pose>
		<truncated>0</truncated>
		<difficult>0</difficult>
		<bndbox>
			<xmin>515.6</xmin>
			<ymin>47.6</ymin>
			<xmax>547.6</xmax>
			<ymax>79.6</ymax>
		</bndbox>
	</object>
	<object>
		<name>b8</name>
		<pose>Unspecified</pose>
		<truncated>0</truncated>
		<difficult>0</difficult>
		<bndbox>
			<xmin>471.2</xmin>
			<ymin>108.8</ymin>
			<xmax>503.2</xmax>
			<ymax>140.8</ymax>
		</bndbox>
	</object>
	<object>
		<name>b5</name>
		<pose>Unspecified</pose>
		<truncated>0</truncated>
		<difficult>0</difficult>
		<bndbox>
			<xmin>444.8</xmin>
			<ymin>51.2</ymin>
			<xmax>476.8</xmax>
			<ymax>83.2</ymax>
		</bndbox>
	</object>
	<object>
		<name>b8</name>
		<pose>Unspecified</pose>
		<truncated>0</truncated>
		<difficult>0</difficult>
		<bndbox>
			<xmin>530</xmin>
			<ymin>135.2</ymin>
			<xmax>562</xmax>
			<ymax>167.2</ymax>
		</bndbox>
	</object>
	<object>
		<name>b7</name>
		<pose>Unspecified</pose>
		<truncated>0</truncated>
		<difficult>0</difficult>
		<bndbox>
			<xmin>416</xmin>
			<ymin>89.6</ymin>
			<xmax>448</xmax>
			<ymax>121.6</ymax>
		</bndbox>
	</object>
	<object>
		<name>b8</name>
		<pose>Unspecified</pose>
		<truncated>0</truncated>
		<difficult>0</difficult>
		<bndbox>
			<xmin>355.52</xmin>
			<ymin>44.48</ymin>
			<xmax>387.52</xmax>
			<ymax>76.48</ymax>
		</bndbox>
	</object>
	<object>
		<name>b7</name>
		<pose>Unspecified</pose>
		<truncated>0</truncated>
		<difficult>0</difficult>
		<bndbox>
			<xmin>423.2</xmin>
			<ymin>80.48</ymin>
			<xmax>455.2</xmax>
			<ymax>112.48</ymax>
		</bndbox>
	</object>
	<object>
		<name>b8</name>
		<pose>Unspecified</pose>
		<truncated>0</truncated>
		<difficult>0</difficult>
		<bndbox>
			<xmin>469.28</xmin>
			<ymin>99.2</ymin>
			<xmax>501.28</xmax>
			<ymax>131.2</ymax>
		</bndbox>
	</object>
	<object>
		<name>b7</name>
		<pose>Unspecified</pose>
		<truncated>0</truncated>
		<difficult>0</difficult>
		<bndbox>
			<xmin>416</xmin>
			<ymin>91.136</ymin>
			<xmax>448</xmax>
			<ymax>123.136</ymax>
		</bndbox>
	</object>
	<object>
		<name>b8</name>
		<pose>Unspecified</pose>
		<truncated>0</truncated>
		<difficult>0</difficult>
		<bndbox>
			<xmin>511.04</xmin>
			<ymin>79.04</ymin>
			<xmax>543.04</xmax>
			<ymax>111.04</ymax>
		</bndbox>
	</object>
	<object>
		<name>b6</name>
		<pose>Unspecified</pose>
		<truncated>0</truncated>
		<difficult>0</difficult>
		<bndbox>
			<xmin>463.002</xmin>
			<ymin>58.6496</ymin>
			<xmax>495.002</xmax>
			<ymax>90.6496</ymax>
		</bndbox>
	</object>
	<object>
		<name>b9</name>
		<pose>Unspecified</pose>
		<truncated>0</truncated>
		<difficult>0</difficult>
		<bndbox>
			<xmin>484.152</xmin>
			<ymin>76.0679</ymin>
			<xmax>516.152</xmax>
			<ymax>108.068</ymax>
		</bndbox>
	</object>
	<object>
		<name>b8</name>
		<pose>Unspecified</pose>
		<truncated>0</truncated>
		<difficult>0</difficult>
		<bndbox>
			<xmin>456.781</xmin>
			<ymin>93.4861</ymin>
			<xmax>488.781</xmax>
			<ymax>125.486</ymax>
		</bndbox>
	</object>
	<object>
		<name>b8</name>
		<pose>Unspecified</pose>
		<truncated>0</truncated>
		<difficult>0</difficult>
		<bndbox>
			<xmin>382.131</xmin>
			<ymin>78.5562</ymin>
			<xmax>414.131</xmax>
			<ymax>110.556</ymax>
		</bndbox>
	</object>
	<object>
		<name>b8</name>
		<pose>Unspecified</pose>
		<truncated>0</truncated>
		<difficult>0</difficult>
		<bndbox>
			<xmin>455.786</xmin>
			<ymin>91.4955</ymin>
			<xmax>487.786</xmax>
			<ymax>123.495</ymax>
		</bndbox>
	</object>
	<object>
		<name>b8</name>
		<pose>Unspecified</pose>
		<truncated>0</truncated>
		<difficult>0</difficult>
		<bndbox>
			<xmin>515.505</xmin>
			<ymin>545.365</ymin>
			<xmax>547.505</xmax>
			<ymax>577.365</ymax>
		</bndbox>
	</object>
</annotation>
