<annotation>
	<folder>VOC2007</folder>
	<filename>000272.jpg</filename>
	<source>
		<database>My Database</database>
		<annotation>VOC2007</annotation>
		<image>flickr</image>
		<flickrid>NULL</flickrid>
	</source>
	<owner>
		<flickrid>NULL</flickrid>
		<name>shaochunyan</name>
	</owner>
	<size>
		<width>720</width>
		<height>1280</height>
		<depth>3</depth>
	</size>
	<segmented>0</segmented>
	<object>
		<name>b5</name>
		<pose>Unspecified</pose>
		<truncated>0</truncated>
		<difficult>0</difficult>
		<bndbox>
			<xmin>36</xmin>
			<ymin>454</ymin>
			<xmax>68</xmax>
			<ymax>486</ymax>
		</bndbox>
	</object>
	<object>
		<name>b6</name>
		<pose>Unspecified</pose>
		<truncated>0</truncated>
		<difficult>0</difficult>
		<bndbox>
			<xmin>348</xmin>
			<ymin>402</ymin>
			<xmax>380</xmax>
			<ymax>434</ymax>
		</bndbox>
	</object>
	<object>
		<name>b8</name>
		<pose>Unspecified</pose>
		<truncated>0</truncated>
		<difficult>0</difficult>
		<bndbox>
			<xmin>195.2</xmin>
			<ymin>519.2</ymin>
			<xmax>227.2</xmax>
			<ymax>551.2</ymax>
		</bndbox>
	</object>
	<object>
		<name>b8</name>
		<pose>Unspecified</pose>
		<truncated>0</truncated>
		<difficult>0</difficult>
		<bndbox>
			<xmin>184.4</xmin>
			<ymin>407.6</ymin>
			<xmax>216.4</xmax>
			<ymax>439.6</ymax>
		</bndbox>
	</object>
	<object>
		<name>b7</name>
		<pose>Unspecified</pose>
		<truncated>0</truncated>
		<difficult>0</difficult>
		<bndbox>
			<xmin>178.4</xmin>
			<ymin>348.8</ymin>
			<xmax>210.4</xmax>
			<ymax>380.8</ymax>
		</bndbox>
	</object>
	<object>
		<name>b9</name>
		<pose>Unspecified</pose>
		<truncated>0</truncated>
		<difficult>0</difficult>
		<bndbox>
			<xmin>257.6</xmin>
			<ymin>516.8</ymin>
			<xmax>289.6</xmax>
			<ymax>548.8</ymax>
		</bndbox>
	</object>
	<object>
		<name>b9</name>
		<pose>Unspecified</pose>
		<truncated>0</truncated>
		<difficult>0</difficult>
		<bndbox>
			<xmin>182</xmin>
			<ymin>357.2</ymin>
			<xmax>214</xmax>
			<ymax>389.2</ymax>
		</bndbox>
	</object>
	<object>
		<name>b8</name>
		<pose>Unspecified</pose>
		<truncated>0</truncated>
		<difficult>0</difficult>
		<bndbox>
			<xmin>342.8</xmin>
			<ymin>371.6</ymin>
			<xmax>374.8</xmax>
			<ymax>403.6</ymax>
		</bndbox>
	</object>
	<object>
		<name>b8</name>
		<pose>Unspecified</pose>
		<truncated>0</truncated>
		<difficult>0</difficult>
		<bndbox>
			<xmin>184.4</xmin>
			<ymin>404</ymin>
			<xmax>216.4</xmax>
			<ymax>436</ymax>
		</bndbox>
	</object>
	<object>
		<name>b4</name>
		<pose>Unspecified</pose>
		<truncated>0</truncated>
		<difficult>0</difficult>
		<bndbox>
			<xmin>41.6</xmin>
			<ymin>453.2</ymin>
			<xmax>73.6</xmax>
			<ymax>485.2</ymax>
		</bndbox>
	</object>
	<object>
		<name>b7</name>
		<pose>Unspecified</pose>
		<truncated>0</truncated>
		<difficult>0</difficult>
		<bndbox>
			<xmin>183.2</xmin>
			<ymin>399.2</ymin>
			<xmax>215.2</xmax>
			<ymax>431.2</ymax>
		</bndbox>
	</object>
	<object>
		<name>b8</name>
		<pose>Unspecified</pose>
		<truncated>0</truncated>
		<difficult>0</difficult>
		<bndbox>
			<xmin>182.72</xmin>
			<ymin>384.32</ymin>
			<xmax>214.72</xmax>
			<ymax>416.32</ymax>
		</bndbox>
	</object>
	<object>
		<name>b9</name>
		<pose>Unspecified</pose>
		<truncated>0</truncated>
		<difficult>0</difficult>
		<bndbox>
			<xmin>403.04</xmin>
			<ymin>369.92</ymin>
			<xmax>435.04</xmax>
			<ymax>401.92</ymax>
		</bndbox>
	</object>
	<object>
		<name>b8</name>
		<pose>Unspecified</pose>
		<truncated>0</truncated>
		<difficult>0</difficult>
		<bndbox>
			<xmin>339.68</xmin>
			<ymin>369.92</ymin>
			<xmax>371.68</xmax>
			<ymax>401.92</ymax>
		</bndbox>
	</object>
	<object>
		<name>b8</name>
		<pose>Unspecified</pose>
		<truncated>0</truncated>
		<difficult>0</difficult>
		<bndbox>
			<xmin>348.32</xmin>
			<ymin>380</ymin>
			<xmax>380.32</xmax>
			<ymax>412</ymax>
		</bndbox>
	</object>
	<object>
		<name>b8</name>
		<pose>Unspecified</pose>
		<truncated>0</truncated>
		<difficult>0</difficult>
		<bndbox>
			<xmin>445.376</xmin>
			<ymin>407.36</ymin>
			<xmax>477.376</xmax>
			<ymax>439.36</ymax>
		</bndbox>
	</object>
	<object>
		<name>b9</name>
		<pose>Unspecified</pose>
		<truncated>0</truncated>
		<difficult>0</difficult>
		<bndbox>
			<xmin>286.4</xmin>
			<ymin>500.672</ymin>
			<xmax>318.4</xmax>
			<ymax>532.672</ymax>
		</bndbox>
	</object>
	<object>
		<name>b8</name>
		<pose>Unspecified</pose>
		<truncated>0</truncated>
		<difficult>0</difficult>
		<bndbox>
			<xmin>343.424</xmin>
			<ymin>388.352</ymin>
			<xmax>375.424</xmax>
			<ymax>420.352</ymax>
		</bndbox>
	</object>
	<object>
		<name>b8</name>
		<pose>Unspecified</pose>
		<truncated>0</truncated>
		<difficult>0</difficult>
		<bndbox>
			<xmin>474.199</xmin>
			<ymin>414.479</ymin>
			<xmax>506.199</xmax>
			<ymax>446.479</ymax>
		</bndbox>
	</object>
	<object>
		<name>b8</name>
		<pose>Unspecified</pose>
		<truncated>0</truncated>
		<difficult>0</difficult>
		<bndbox>
			<xmin>178.089</xmin>
			<ymin>354.76</ymin>
			<xmax>210.089</xmax>
			<ymax>386.76</ymax>
		</bndbox>
	</object>
	<object>
		<name>b7</name>
		<pose>Unspecified</pose>
		<truncated>0</truncated>
		<difficult>0</difficult>
		<bndbox>
			<xmin>183.066</xmin>
			<ymin>407.014</ymin>
			<xmax>215.066</xmax>
			<ymax>439.014</ymax>
		</bndbox>
	</object>
	<object>
		<name>b8</name>
		<pose>Unspecified</pose>
		<truncated>0</truncated>
		<difficult>0</difficult>
		<bndbox>
			<xmin>180.577</xmin>
			<ymin>387.108</ymin>
			<xmax>212.577</xmax>
			<ymax>419.108</ymax>
		</bndbox>
	</object>
	<object>
		<name>b8</name>
		<pose>Unspecified</pose>
		<truncated>0</truncated>
		<difficult>0</difficult>
		<bndbox>
			<xmin>181.075</xmin>
			<ymin>349.485</ymin>
			<xmax>213.075</xmax>
			<ymax>381.485</ymax>
		</bndbox>
	</object>
	<object>
		<name>b8</name>
		<pose>Unspecified</pose>
		<truncated>0</truncated>
		<difficult>0</difficult>
		<bndbox>
			<xmin>206.157</xmin>
			<ymin>510.728</ymin>
			<xmax>238.157</xmax>
			<ymax>542.728</ymax>
		</bndbox>
	</object>
	<object>
		<name>b5</name>
		<pose>Unspecified</pose>
		<truncated>0</truncated>
		<difficult>0</difficult>
		<bndbox>
			<xmin>36</xmin>
			<ymin>454</ymin>
			<xmax>68</xmax>
			<ymax>486</ymax>
		</bndbox>
	</object>
	<object>
		<name>b6</name>
		<pose>Unspecified</pose>
		<truncated>0</truncated>
		<difficult>0</difficult>
		<bndbox>
			<xmin>348</xmin>
			<ymin>402</ymin>
			<xmax>380</xmax>
			<ymax>434</ymax>
		</bndbox>
	</object>
	<object>
		<name>b8</name>
		<pose>Unspecified</pose>
		<truncated>0</truncated>
		<difficult>0</difficult>
		<bndbox>
			<xmin>195.2</xmin>
			<ymin>519.2</ymin>
			<xmax>227.2</xmax>
			<ymax>551.2</ymax>
		</bndbox>
	</object>
	<object>
		<name>b8</name>
		<pose>Unspecified</pose>
		<truncated>0</truncated>
		<difficult>0</difficult>
		<bndbox>
			<xmin>184.4</xmin>
			<ymin>407.6</ymin>
			<xmax>216.4</xmax>
			<ymax>439.6</ymax>
		</bndbox>
	</object>
	<object>
		<name>b7</name>
		<pose>Unspecified</pose>
		<truncated>0</truncated>
		<difficult>0</difficult>
		<bndbox>
			<xmin>178.4</xmin>
			<ymin>348.8</ymin>
			<xmax>210.4</xmax>
			<ymax>380.8</ymax>
		</bndbox>
	</object>
	<object>
		<name>b9</name>
		<pose>Unspecified</pose>
		<truncated>0</truncated>
		<difficult>0</difficult>
		<bndbox>
			<xmin>257.6</xmin>
			<ymin>516.8</ymin>
			<xmax>289.6</xmax>
			<ymax>548.8</ymax>
		</bndbox>
	</object>
	<object>
		<name>b9</name>
		<pose>Unspecified</pose>
		<truncated>0</truncated>
		<difficult>0</difficult>
		<bndbox>
			<xmin>182</xmin>
			<ymin>357.2</ymin>
			<xmax>214</xmax>
			<ymax>389.2</ymax>
		</bndbox>
	</object>
	<object>
		<name>b8</name>
		<pose>Unspecified</pose>
		<truncated>0</truncated>
		<difficult>0</difficult>
		<bndbox>
			<xmin>342.8</xmin>
			<ymin>371.6</ymin>
			<xmax>374.8</xmax>
			<ymax>403.6</ymax>
		</bndbox>
	</object>
	<object>
		<name>b8</name>
		<pose>Unspecified</pose>
		<truncated>0</truncated>
		<difficult>0</difficult>
		<bndbox>
			<xmin>184.4</xmin>
			<ymin>404</ymin>
			<xmax>216.4</xmax>
			<ymax>436</ymax>
		</bndbox>
	</object>
	<object>
		<name>b4</name>
		<pose>Unspecified</pose>
		<truncated>0</truncated>
		<difficult>0</difficult>
		<bndbox>
			<xmin>41.6</xmin>
			<ymin>453.2</ymin>
			<xmax>73.6</xmax>
			<ymax>485.2</ymax>
		</bndbox>
	</object>
	<object>
		<name>b7</name>
		<pose>Unspecified</pose>
		<truncated>0</truncated>
		<difficult>0</difficult>
		<bndbox>
			<xmin>183.2</xmin>
			<ymin>399.2</ymin>
			<xmax>215.2</xmax>
			<ymax>431.2</ymax>
		</bndbox>
	</object>
	<object>
		<name>b8</name>
		<pose>Unspecified</pose>
		<truncated>0</truncated>
		<difficult>0</difficult>
		<bndbox>
			<xmin>182.72</xmin>
			<ymin>384.32</ymin>
			<xmax>214.72</xmax>
			<ymax>416.32</ymax>
		</bndbox>
	</object>
	<object>
		<name>b9</name>
		<pose>Unspecified</pose>
		<truncated>0</truncated>
		<difficult>0</difficult>
		<bndbox>
			<xmin>403.04</xmin>
			<ymin>369.92</ymin>
			<xmax>435.04</xmax>
			<ymax>401.92</ymax>
		</bndbox>
	</object>
	<object>
		<name>b8</name>
		<pose>Unspecified</pose>
		<truncated>0</truncated>
		<difficult>0</difficult>
		<bndbox>
			<xmin>339.68</xmin>
			<ymin>369.92</ymin>
			<xmax>371.68</xmax>
			<ymax>401.92</ymax>
		</bndbox>
	</object>
	<object>
		<name>b8</name>
		<pose>Unspecified</pose>
		<truncated>0</truncated>
		<difficult>0</difficult>
		<bndbox>
			<xmin>348.32</xmin>
			<ymin>380</ymin>
			<xmax>380.32</xmax>
			<ymax>412</ymax>
		</bndbox>
	</object>
	<object>
		<name>b8</name>
		<pose>Unspecified</pose>
		<truncated>0</truncated>
		<difficult>0</difficult>
		<bndbox>
			<xmin>445.376</xmin>
			<ymin>407.36</ymin>
			<xmax>477.376</xmax>
			<ymax>439.36</ymax>
		</bndbox>
	</object>
	<object>
		<name>b9</name>
		<pose>Unspecified</pose>
		<truncated>0</truncated>
		<difficult>0</difficult>
		<bndbox>
			<xmin>286.4</xmin>
			<ymin>500.672</ymin>
			<xmax>318.4</xmax>
			<ymax>532.672</ymax>
		</bndbox>
	</object>
	<object>
		<name>b8</name>
		<pose>Unspecified</pose>
		<truncated>0</truncated>
		<difficult>0</difficult>
		<bndbox>
			<xmin>343.424</xmin>
			<ymin>388.352</ymin>
			<xmax>375.424</xmax>
			<ymax>420.352</ymax>
		</bndbox>
	</object>
	<object>
		<name>b8</name>
		<pose>Unspecified</pose>
		<truncated>0</truncated>
		<difficult>0</difficult>
		<bndbox>
			<xmin>474.199</xmin>
			<ymin>414.479</ymin>
			<xmax>506.199</xmax>
			<ymax>446.479</ymax>
		</bndbox>
	</object>
	<object>
		<name>b8</name>
		<pose>Unspecified</pose>
		<truncated>0</truncated>
		<difficult>0</difficult>
		<bndbox>
			<xmin>178.089</xmin>
			<ymin>354.76</ymin>
			<xmax>210.089</xmax>
			<ymax>386.76</ymax>
		</bndbox>
	</object>
	<object>
		<name>b7</name>
		<pose>Unspecified</pose>
		<truncated>0</truncated>
		<difficult>0</difficult>
		<bndbox>
			<xmin>183.066</xmin>
			<ymin>407.014</ymin>
			<xmax>215.066</xmax>
			<ymax>439.014</ymax>
		</bndbox>
	</object>
	<object>
		<name>b8</name>
		<pose>Unspecified</pose>
		<truncated>0</truncated>
		<difficult>0</difficult>
		<bndbox>
			<xmin>180.577</xmin>
			<ymin>387.108</ymin>
			<xmax>212.577</xmax>
			<ymax>419.108</ymax>
		</bndbox>
	</object>
	<object>
		<name>b8</name>
		<pose>Unspecified</pose>
		<truncated>0</truncated>
		<difficult>0</difficult>
		<bndbox>
			<xmin>181.075</xmin>
			<ymin>349.485</ymin>
			<xmax>213.075</xmax>
			<ymax>381.485</ymax>
		</bndbox>
	</object>
	<object>
		<name>b8</name>
		<pose>Unspecified</pose>
		<truncated>0</truncated>
		<difficult>0</difficult>
		<bndbox>
			<xmin>206.157</xmin>
			<ymin>510.728</ymin>
			<xmax>238.157</xmax>
			<ymax>542.728</ymax>
		</bndbox>
	</object>
	<object>
		<name>b5</name>
		<pose>Unspecified</pose>
		<truncated>0</truncated>
		<difficult>0</difficult>
		<bndbox>
			<xmin>36</xmin>
			<ymin>454</ymin>
			<xmax>68</xmax>
			<ymax>486</ymax>
		</bndbox>
	</object>
	<object>
		<name>b6</name>
		<pose>Unspecified</pose>
		<truncated>0</truncated>
		<difficult>0</difficult>
		<bndbox>
			<xmin>348</xmin>
			<ymin>402</ymin>
			<xmax>380</xmax>
			<ymax>434</ymax>
		</bndbox>
	</object>
	<object>
		<name>b8</name>
		<pose>Unspecified</pose>
		<truncated>0</truncated>
		<difficult>0</difficult>
		<bndbox>
			<xmin>195.2</xmin>
			<ymin>519.2</ymin>
			<xmax>227.2</xmax>
			<ymax>551.2</ymax>
		</bndbox>
	</object>
	<object>
		<name>b8</name>
		<pose>Unspecified</pose>
		<truncated>0</truncated>
		<difficult>0</difficult>
		<bndbox>
			<xmin>184.4</xmin>
			<ymin>407.6</ymin>
			<xmax>216.4</xmax>
			<ymax>439.6</ymax>
		</bndbox>
	</object>
	<object>
		<name>b7</name>
		<pose>Unspecified</pose>
		<truncated>0</truncated>
		<difficult>0</difficult>
		<bndbox>
			<xmin>178.4</xmin>
			<ymin>348.8</ymin>
			<xmax>210.4</xmax>
			<ymax>380.8</ymax>
		</bndbox>
	</object>
	<object>
		<name>b9</name>
		<pose>Unspecified</pose>
		<truncated>0</truncated>
		<difficult>0</difficult>
		<bndbox>
			<xmin>257.6</xmin>
			<ymin>516.8</ymin>
			<xmax>289.6</xmax>
			<ymax>548.8</ymax>
		</bndbox>
	</object>
	<object>
		<name>b9</name>
		<pose>Unspecified</pose>
		<truncated>0</truncated>
		<difficult>0</difficult>
		<bndbox>
			<xmin>182</xmin>
			<ymin>357.2</ymin>
			<xmax>214</xmax>
			<ymax>389.2</ymax>
		</bndbox>
	</object>
	<object>
		<name>b8</name>
		<pose>Unspecified</pose>
		<truncated>0</truncated>
		<difficult>0</difficult>
		<bndbox>
			<xmin>342.8</xmin>
			<ymin>371.6</ymin>
			<xmax>374.8</xmax>
			<ymax>403.6</ymax>
		</bndbox>
	</object>
	<object>
		<name>b8</name>
		<pose>Unspecified</pose>
		<truncated>0</truncated>
		<difficult>0</difficult>
		<bndbox>
			<xmin>184.4</xmin>
			<ymin>404</ymin>
			<xmax>216.4</xmax>
			<ymax>436</ymax>
		</bndbox>
	</object>
	<object>
		<name>b4</name>
		<pose>Unspecified</pose>
		<truncated>0</truncated>
		<difficult>0</difficult>
		<bndbox>
			<xmin>41.6</xmin>
			<ymin>453.2</ymin>
			<xmax>73.6</xmax>
			<ymax>485.2</ymax>
		</bndbox>
	</object>
	<object>
		<name>b7</name>
		<pose>Unspecified</pose>
		<truncated>0</truncated>
		<difficult>0</difficult>
		<bndbox>
			<xmin>183.2</xmin>
			<ymin>399.2</ymin>
			<xmax>215.2</xmax>
			<ymax>431.2</ymax>
		</bndbox>
	</object>
	<object>
		<name>b8</name>
		<pose>Unspecified</pose>
		<truncated>0</truncated>
		<difficult>0</difficult>
		<bndbox>
			<xmin>182.72</xmin>
			<ymin>384.32</ymin>
			<xmax>214.72</xmax>
			<ymax>416.32</ymax>
		</bndbox>
	</object>
	<object>
		<name>b9</name>
		<pose>Unspecified</pose>
		<truncated>0</truncated>
		<difficult>0</difficult>
		<bndbox>
			<xmin>403.04</xmin>
			<ymin>369.92</ymin>
			<xmax>435.04</xmax>
			<ymax>401.92</ymax>
		</bndbox>
	</object>
	<object>
		<name>b8</name>
		<pose>Unspecified</pose>
		<truncated>0</truncated>
		<difficult>0</difficult>
		<bndbox>
			<xmin>339.68</xmin>
			<ymin>369.92</ymin>
			<xmax>371.68</xmax>
			<ymax>401.92</ymax>
		</bndbox>
	</object>
	<object>
		<name>b8</name>
		<pose>Unspecified</pose>
		<truncated>0</truncated>
		<difficult>0</difficult>
		<bndbox>
			<xmin>348.32</xmin>
			<ymin>380</ymin>
			<xmax>380.32</xmax>
			<ymax>412</ymax>
		</bndbox>
	</object>
	<object>
		<name>b8</name>
		<pose>Unspecified</pose>
		<truncated>0</truncated>
		<difficult>0</difficult>
		<bndbox>
			<xmin>445.376</xmin>
			<ymin>407.36</ymin>
			<xmax>477.376</xmax>
			<ymax>439.36</ymax>
		</bndbox>
	</object>
	<object>
		<name>b9</name>
		<pose>Unspecified</pose>
		<truncated>0</truncated>
		<difficult>0</difficult>
		<bndbox>
			<xmin>286.4</xmin>
			<ymin>500.672</ymin>
			<xmax>318.4</xmax>
			<ymax>532.672</ymax>
		</bndbox>
	</object>
	<object>
		<name>b8</name>
		<pose>Unspecified</pose>
		<truncated>0</truncated>
		<difficult>0</difficult>
		<bndbox>
			<xmin>343.424</xmin>
			<ymin>388.352</ymin>
			<xmax>375.424</xmax>
			<ymax>420.352</ymax>
		</bndbox>
	</object>
	<object>
		<name>b8</name>
		<pose>Unspecified</pose>
		<truncated>0</truncated>
		<difficult>0</difficult>
		<bndbox>
			<xmin>474.199</xmin>
			<ymin>414.479</ymin>
			<xmax>506.199</xmax>
			<ymax>446.479</ymax>
		</bndbox>
	</object>
	<object>
		<name>b8</name>
		<pose>Unspecified</pose>
		<truncated>0</truncated>
		<difficult>0</difficult>
		<bndbox>
			<xmin>178.089</xmin>
			<ymin>354.76</ymin>
			<xmax>210.089</xmax>
			<ymax>386.76</ymax>
		</bndbox>
	</object>
	<object>
		<name>b7</name>
		<pose>Unspecified</pose>
		<truncated>0</truncated>
		<difficult>0</difficult>
		<bndbox>
			<xmin>183.066</xmin>
			<ymin>407.014</ymin>
			<xmax>215.066</xmax>
			<ymax>439.014</ymax>
		</bndbox>
	</object>
	<object>
		<name>b8</name>
		<pose>Unspecified</pose>
		<truncated>0</truncated>
		<difficult>0</difficult>
		<bndbox>
			<xmin>180.577</xmin>
			<ymin>387.108</ymin>
			<xmax>212.577</xmax>
			<ymax>419.108</ymax>
		</bndbox>
	</object>
	<object>
		<name>b8</name>
		<pose>Unspecified</pose>
		<truncated>0</truncated>
		<difficult>0</difficult>
		<bndbox>
			<xmin>181.075</xmin>
			<ymin>349.485</ymin>
			<xmax>213.075</xmax>
			<ymax>381.485</ymax>
		</bndbox>
	</object>
	<object>
		<name>b8</name>
		<pose>Unspecified</pose>
		<truncated>0</truncated>
		<difficult>0</difficult>
		<bndbox>
			<xmin>206.157</xmin>
			<ymin>510.728</ymin>
			<xmax>238.157</xmax>
			<ymax>542.728</ymax>
		</bndbox>
	</object>
</annotation>
