<annotation>
	<folder>VOC2007</folder>
	<filename>000281.jpg</filename>
	<source>
		<database>My Database</database>
		<annotation>VOC2007</annotation>
		<image>flickr</image>
		<flickrid>NULL</flickrid>
	</source>
	<owner>
		<flickrid>NULL</flickrid>
		<name>shaochunyan</name>
	</owner>
	<size>
		<width>720</width>
		<height>1280</height>
		<depth>3</depth>
	</size>
	<segmented>0</segmented>
	<object>
		<name>b9</name>
		<pose>Unspecified</pose>
		<truncated>0</truncated>
		<difficult>0</difficult>
		<bndbox>
			<xmin>64</xmin>
			<ymin>565</ymin>
			<xmax>96</xmax>
			<ymax>597</ymax>
		</bndbox>
	</object>
	<object>
		<name>b8</name>
		<pose>Unspecified</pose>
		<truncated>0</truncated>
		<difficult>0</difficult>
		<bndbox>
			<xmin>138.8</xmin>
			<ymin>330.8</ymin>
			<xmax>170.8</xmax>
			<ymax>362.8</ymax>
		</bndbox>
	</object>
	<object>
		<name>b8</name>
		<pose>Unspecified</pose>
		<truncated>0</truncated>
		<difficult>0</difficult>
		<bndbox>
			<xmin>138.8</xmin>
			<ymin>344</ymin>
			<xmax>170.8</xmax>
			<ymax>376</ymax>
		</bndbox>
	</object>
	<object>
		<name>b7</name>
		<pose>Unspecified</pose>
		<truncated>0</truncated>
		<difficult>0</difficult>
		<bndbox>
			<xmin>134</xmin>
			<ymin>302</ymin>
			<xmax>166</xmax>
			<ymax>334</ymax>
		</bndbox>
	</object>
	<object>
		<name>b9</name>
		<pose>Unspecified</pose>
		<truncated>0</truncated>
		<difficult>0</difficult>
		<bndbox>
			<xmin>532.4</xmin>
			<ymin>528.8</ymin>
			<xmax>564.4</xmax>
			<ymax>560.8</ymax>
		</bndbox>
	</object>
	<object>
		<name>b6</name>
		<pose>Unspecified</pose>
		<truncated>0</truncated>
		<difficult>0</difficult>
		<bndbox>
			<xmin>133.76</xmin>
			<ymin>293.6</ymin>
			<xmax>165.76</xmax>
			<ymax>325.6</ymax>
		</bndbox>
	</object>
	<object>
		<name>b7</name>
		<pose>Unspecified</pose>
		<truncated>0</truncated>
		<difficult>0</difficult>
		<bndbox>
			<xmin>439.04</xmin>
			<ymin>539.84</ymin>
			<xmax>471.04</xmax>
			<ymax>571.84</ymax>
		</bndbox>
	</object>
	<object>
		<name>b7</name>
		<pose>Unspecified</pose>
		<truncated>0</truncated>
		<difficult>0</difficult>
		<bndbox>
			<xmin>132.608</xmin>
			<ymin>279.488</ymin>
			<xmax>164.608</xmax>
			<ymax>311.488</ymax>
		</bndbox>
	</object>
	<object>
		<name>b8</name>
		<pose>Unspecified</pose>
		<truncated>0</truncated>
		<difficult>0</difficult>
		<bndbox>
			<xmin>139.52</xmin>
			<ymin>345.152</ymin>
			<xmax>171.52</xmax>
			<ymax>377.152</ymax>
		</bndbox>
	</object>
	<object>
		<name>b8</name>
		<pose>Unspecified</pose>
		<truncated>0</truncated>
		<difficult>0</difficult>
		<bndbox>
			<xmin>134.336</xmin>
			<ymin>303.68</ymin>
			<xmax>166.336</xmax>
			<ymax>335.68</ymax>
		</bndbox>
	</object>
	<object>
		<name>b7</name>
		<pose>Unspecified</pose>
		<truncated>0</truncated>
		<difficult>0</difficult>
		<bndbox>
			<xmin>133.299</xmin>
			<ymin>278.451</ymin>
			<xmax>165.299</xmax>
			<ymax>310.451</ymax>
		</bndbox>
	</object>
	<object>
		<name>b8</name>
		<pose>Unspecified</pose>
		<truncated>0</truncated>
		<difficult>0</difficult>
		<bndbox>
			<xmin>137.446</xmin>
			<ymin>330.291</ymin>
			<xmax>169.446</xmax>
			<ymax>362.291</ymax>
		</bndbox>
	</object>
	<object>
		<name>b7</name>
		<pose>Unspecified</pose>
		<truncated>0</truncated>
		<difficult>0</difficult>
		<bndbox>
			<xmin>149.888</xmin>
			<ymin>272.23</ymin>
			<xmax>181.888</xmax>
			<ymax>304.23</ymax>
		</bndbox>
	</object>
	<object>
		<name>b7</name>
		<pose>Unspecified</pose>
		<truncated>0</truncated>
		<difficult>0</difficult>
		<bndbox>
			<xmin>135.373</xmin>
			<ymin>288.819</ymin>
			<xmax>167.373</xmax>
			<ymax>320.819</ymax>
		</bndbox>
	</object>
	<object>
		<name>b7</name>
		<pose>Unspecified</pose>
		<truncated>0</truncated>
		<difficult>0</difficult>
		<bndbox>
			<xmin>133.299</xmin>
			<ymin>279.612</ymin>
			<xmax>165.299</xmax>
			<ymax>311.612</ymax>
		</bndbox>
	</object>
	<object>
		<name>b6</name>
		<pose>Unspecified</pose>
		<truncated>0</truncated>
		<difficult>0</difficult>
		<bndbox>
			<xmin>134.494</xmin>
			<ymin>277.821</ymin>
			<xmax>166.494</xmax>
			<ymax>309.821</ymax>
		</bndbox>
	</object>
	<object>
		<name>b8</name>
		<pose>Unspecified</pose>
		<truncated>0</truncated>
		<difficult>0</difficult>
		<bndbox>
			<xmin>245.572</xmin>
			<ymin>435.481</ymin>
			<xmax>277.572</xmax>
			<ymax>467.481</ymax>
		</bndbox>
	</object>
	<object>
		<name>b9</name>
		<pose>Unspecified</pose>
		<truncated>0</truncated>
		<difficult>0</difficult>
		<bndbox>
			<xmin>148.826</xmin>
			<ymin>460.563</ymin>
			<xmax>180.826</xmax>
			<ymax>492.563</ymax>
		</bndbox>
	</object>
	<object>
		<name>b8</name>
		<pose>Unspecified</pose>
		<truncated>0</truncated>
		<difficult>0</difficult>
		<bndbox>
			<xmin>154</xmin>
			<ymin>465</ymin>
			<xmax>186</xmax>
			<ymax>497</ymax>
		</bndbox>
	</object>
	<object>
		<name>b6</name>
		<pose>Unspecified</pose>
		<truncated>0</truncated>
		<difficult>0</difficult>
		<bndbox>
			<xmin>138.8</xmin>
			<ymin>330.8</ymin>
			<xmax>170.8</xmax>
			<ymax>362.8</ymax>
		</bndbox>
	</object>
	<object>
		<name>b5</name>
		<pose>Unspecified</pose>
		<truncated>0</truncated>
		<difficult>0</difficult>
		<bndbox>
			<xmin>138.8</xmin>
			<ymin>344</ymin>
			<xmax>170.8</xmax>
			<ymax>376</ymax>
		</bndbox>
	</object>
	<object>
		<name>b5</name>
		<pose>Unspecified</pose>
		<truncated>0</truncated>
		<difficult>0</difficult>
		<bndbox>
			<xmin>134</xmin>
			<ymin>302</ymin>
			<xmax>166</xmax>
			<ymax>334</ymax>
		</bndbox>
	</object>
	<object>
		<name>b5</name>
		<pose>Unspecified</pose>
		<truncated>0</truncated>
		<difficult>0</difficult>
		<bndbox>
			<xmin>133.76</xmin>
			<ymin>293.6</ymin>
			<xmax>165.76</xmax>
			<ymax>325.6</ymax>
		</bndbox>
	</object>
	<object>
		<name>b6</name>
		<pose>Unspecified</pose>
		<truncated>0</truncated>
		<difficult>0</difficult>
		<bndbox>
			<xmin>136.064</xmin>
			<ymin>289.856</ymin>
			<xmax>168.064</xmax>
			<ymax>321.856</ymax>
		</bndbox>
	</object>
	<object>
		<name>b5</name>
		<pose>Unspecified</pose>
		<truncated>0</truncated>
		<difficult>0</difficult>
		<bndbox>
			<xmin>139.52</xmin>
			<ymin>345.152</ymin>
			<xmax>171.52</xmax>
			<ymax>377.152</ymax>
		</bndbox>
	</object>
	<object>
		<name>b6</name>
		<pose>Unspecified</pose>
		<truncated>0</truncated>
		<difficult>0</difficult>
		<bndbox>
			<xmin>134.336</xmin>
			<ymin>303.68</ymin>
			<xmax>166.336</xmax>
			<ymax>335.68</ymax>
		</bndbox>
	</object>
	<object>
		<name>b7</name>
		<pose>Unspecified</pose>
		<truncated>0</truncated>
		<difficult>0</difficult>
		<bndbox>
			<xmin>115.328</xmin>
			<ymin>538.688</ymin>
			<xmax>147.328</xmax>
			<ymax>570.688</ymax>
		</bndbox>
	</object>
	<object>
		<name>b6</name>
		<pose>Unspecified</pose>
		<truncated>0</truncated>
		<difficult>0</difficult>
		<bndbox>
			<xmin>133.299</xmin>
			<ymin>278.451</ymin>
			<xmax>165.299</xmax>
			<ymax>310.451</ymax>
		</bndbox>
	</object>
	<object>
		<name>b6</name>
		<pose>Unspecified</pose>
		<truncated>0</truncated>
		<difficult>0</difficult>
		<bndbox>
			<xmin>137.446</xmin>
			<ymin>330.291</ymin>
			<xmax>169.446</xmax>
			<ymax>362.291</ymax>
		</bndbox>
	</object>
	<object>
		<name>b7</name>
		<pose>Unspecified</pose>
		<truncated>0</truncated>
		<difficult>0</difficult>
		<bndbox>
			<xmin>149.888</xmin>
			<ymin>272.23</ymin>
			<xmax>181.888</xmax>
			<ymax>304.23</ymax>
		</bndbox>
	</object>
	<object>
		<name>b6</name>
		<pose>Unspecified</pose>
		<truncated>0</truncated>
		<difficult>0</difficult>
		<bndbox>
			<xmin>135.373</xmin>
			<ymin>288.819</ymin>
			<xmax>167.373</xmax>
			<ymax>320.819</ymax>
		</bndbox>
	</object>
	<object>
		<name>b6</name>
		<pose>Unspecified</pose>
		<truncated>0</truncated>
		<difficult>0</difficult>
		<bndbox>
			<xmin>137.446</xmin>
			<ymin>334.438</ymin>
			<xmax>169.446</xmax>
			<ymax>366.438</ymax>
		</bndbox>
	</object>
	<object>
		<name>b7</name>
		<pose>Unspecified</pose>
		<truncated>0</truncated>
		<difficult>0</difficult>
		<bndbox>
			<xmin>135.373</xmin>
			<ymin>324.07</ymin>
			<xmax>167.373</xmax>
			<ymax>356.07</ymax>
		</bndbox>
	</object>
	<object>
		<name>b5</name>
		<pose>Unspecified</pose>
		<truncated>0</truncated>
		<difficult>0</difficult>
		<bndbox>
			<xmin>133.299</xmin>
			<ymin>280.11</ymin>
			<xmax>165.299</xmax>
			<ymax>312.11</ymax>
		</bndbox>
	</object>
	<object>
		<name>b6</name>
		<pose>Unspecified</pose>
		<truncated>0</truncated>
		<difficult>0</difficult>
		<bndbox>
			<xmin>133.299</xmin>
			<ymin>287.575</ymin>
			<xmax>165.299</xmax>
			<ymax>319.575</ymax>
		</bndbox>
	</object>
	<object>
		<name>b5</name>
		<pose>Unspecified</pose>
		<truncated>0</truncated>
		<difficult>0</difficult>
		<bndbox>
			<xmin>133.299</xmin>
			<ymin>295.04</ymin>
			<xmax>165.299</xmax>
			<ymax>327.04</ymax>
		</bndbox>
	</object>
	<object>
		<name>b8</name>
		<pose>Unspecified</pose>
		<truncated>0</truncated>
		<difficult>0</difficult>
		<bndbox>
			<xmin>155.694</xmin>
			<ymin>516.501</ymin>
			<xmax>187.694</xmax>
			<ymax>548.501</ymax>
		</bndbox>
	</object>
	<object>
		<name>b5</name>
		<pose>Unspecified</pose>
		<truncated>0</truncated>
		<difficult>0</difficult>
		<bndbox>
			<xmin>151.215</xmin>
			<ymin>354.262</ymin>
			<xmax>183.215</xmax>
			<ymax>386.262</ymax>
		</bndbox>
	</object>
	<object>
		<name>b8</name>
		<pose>Unspecified</pose>
		<truncated>0</truncated>
		<difficult>0</difficult>
		<bndbox>
			<xmin>115.383</xmin>
			<ymin>593.141</ymin>
			<xmax>147.383</xmax>
			<ymax>625.141</ymax>
		</bndbox>
	</object>
	<object>
		<name>b5</name>
		<pose>Unspecified</pose>
		<truncated>0</truncated>
		<difficult>0</difficult>
		<bndbox>
			<xmin>138.077</xmin>
			<ymin>342.318</ymin>
			<xmax>170.077</xmax>
			<ymax>374.318</ymax>
		</bndbox>
	</object>
	<object>
		<name>b5</name>
		<pose>Unspecified</pose>
		<truncated>0</truncated>
		<difficult>0</difficult>
		<bndbox>
			<xmin>134.494</xmin>
			<ymin>277.821</ymin>
			<xmax>166.494</xmax>
			<ymax>309.821</ymax>
		</bndbox>
	</object>
	<object>
		<name>b8</name>
		<pose>Unspecified</pose>
		<truncated>0</truncated>
		<difficult>0</difficult>
		<bndbox>
			<xmin>148.826</xmin>
			<ymin>460.563</ymin>
			<xmax>180.826</xmax>
			<ymax>492.563</ymax>
		</bndbox>
	</object>
	<object>
		<name>b8</name>
		<pose>Unspecified</pose>
		<truncated>0</truncated>
		<difficult>0</difficult>
		<bndbox>
			<xmin>116.578</xmin>
			<ymin>460.563</ymin>
			<xmax>148.578</xmax>
			<ymax>492.563</ymax>
		</bndbox>
	</object>
	<object>
		<name>b6</name>
		<pose>Unspecified</pose>
		<truncated>0</truncated>
		<difficult>0</difficult>
		<bndbox>
			<xmin>138.8</xmin>
			<ymin>330.8</ymin>
			<xmax>170.8</xmax>
			<ymax>362.8</ymax>
		</bndbox>
	</object>
	<object>
		<name>b5</name>
		<pose>Unspecified</pose>
		<truncated>0</truncated>
		<difficult>0</difficult>
		<bndbox>
			<xmin>137.6</xmin>
			<ymin>290</ymin>
			<xmax>169.6</xmax>
			<ymax>322</ymax>
		</bndbox>
	</object>
	<object>
		<name>b5</name>
		<pose>Unspecified</pose>
		<truncated>0</truncated>
		<difficult>0</difficult>
		<bndbox>
			<xmin>138.8</xmin>
			<ymin>344</ymin>
			<xmax>170.8</xmax>
			<ymax>376</ymax>
		</bndbox>
	</object>
	<object>
		<name>b5</name>
		<pose>Unspecified</pose>
		<truncated>0</truncated>
		<difficult>0</difficult>
		<bndbox>
			<xmin>134</xmin>
			<ymin>302</ymin>
			<xmax>166</xmax>
			<ymax>334</ymax>
		</bndbox>
	</object>
	<object>
		<name>b10</name>
		<pose>Unspecified</pose>
		<truncated>0</truncated>
		<difficult>0</difficult>
		<bndbox>
			<xmin>442.4</xmin>
			<ymin>338</ymin>
			<xmax>474.4</xmax>
			<ymax>370</ymax>
		</bndbox>
	</object>
	<object>
		<name>b8</name>
		<pose>Unspecified</pose>
		<truncated>0</truncated>
		<difficult>0</difficult>
		<bndbox>
			<xmin>314</xmin>
			<ymin>350</ymin>
			<xmax>346</xmax>
			<ymax>382</ymax>
		</bndbox>
	</object>
	<object>
		<name>b4</name>
		<pose>Unspecified</pose>
		<truncated>0</truncated>
		<difficult>0</difficult>
		<bndbox>
			<xmin>133.76</xmin>
			<ymin>293.6</ymin>
			<xmax>165.76</xmax>
			<ymax>325.6</ymax>
		</bndbox>
	</object>
	<object>
		<name>b9</name>
		<pose>Unspecified</pose>
		<truncated>0</truncated>
		<difficult>0</difficult>
		<bndbox>
			<xmin>532.64</xmin>
			<ymin>526.88</ymin>
			<xmax>564.64</xmax>
			<ymax>558.88</ymax>
		</bndbox>
	</object>
	<object>
		<name>b5</name>
		<pose>Unspecified</pose>
		<truncated>0</truncated>
		<difficult>0</difficult>
		<bndbox>
			<xmin>136.64</xmin>
			<ymin>289.28</ymin>
			<xmax>168.64</xmax>
			<ymax>321.28</ymax>
		</bndbox>
	</object>
	<object>
		<name>b9</name>
		<pose>Unspecified</pose>
		<truncated>0</truncated>
		<difficult>0</difficult>
		<bndbox>
			<xmin>58.88</xmin>
			<ymin>567.2</ymin>
			<xmax>90.88</xmax>
			<ymax>599.2</ymax>
		</bndbox>
	</object>
	<object>
		<name>b8</name>
		<pose>Unspecified</pose>
		<truncated>0</truncated>
		<difficult>0</difficult>
		<bndbox>
			<xmin>401.6</xmin>
			<ymin>380</ymin>
			<xmax>433.6</xmax>
			<ymax>412</ymax>
		</bndbox>
	</object>
	<object>
		<name>b4</name>
		<pose>Unspecified</pose>
		<truncated>0</truncated>
		<difficult>0</difficult>
		<bndbox>
			<xmin>132.608</xmin>
			<ymin>279.488</ymin>
			<xmax>164.608</xmax>
			<ymax>311.488</ymax>
		</bndbox>
	</object>
	<object>
		<name>b5</name>
		<pose>Unspecified</pose>
		<truncated>0</truncated>
		<difficult>0</difficult>
		<bndbox>
			<xmin>136.064</xmin>
			<ymin>289.856</ymin>
			<xmax>168.064</xmax>
			<ymax>321.856</ymax>
		</bndbox>
	</object>
	<object>
		<name>b5</name>
		<pose>Unspecified</pose>
		<truncated>0</truncated>
		<difficult>0</difficult>
		<bndbox>
			<xmin>139.52</xmin>
			<ymin>345.152</ymin>
			<xmax>171.52</xmax>
			<ymax>377.152</ymax>
		</bndbox>
	</object>
	<object>
		<name>b5</name>
		<pose>Unspecified</pose>
		<truncated>0</truncated>
		<difficult>0</difficult>
		<bndbox>
			<xmin>134.336</xmin>
			<ymin>303.68</ymin>
			<xmax>166.336</xmax>
			<ymax>335.68</ymax>
		</bndbox>
	</object>
	<object>
		<name>b4</name>
		<pose>Unspecified</pose>
		<truncated>0</truncated>
		<difficult>0</difficult>
		<bndbox>
			<xmin>133.299</xmin>
			<ymin>278.451</ymin>
			<xmax>165.299</xmax>
			<ymax>310.451</ymax>
		</bndbox>
	</object>
	<object>
		<name>b6</name>
		<pose>Unspecified</pose>
		<truncated>0</truncated>
		<difficult>0</difficult>
		<bndbox>
			<xmin>137.446</xmin>
			<ymin>330.291</ymin>
			<xmax>169.446</xmax>
			<ymax>362.291</ymax>
		</bndbox>
	</object>
	<object>
		<name>b5</name>
		<pose>Unspecified</pose>
		<truncated>0</truncated>
		<difficult>0</difficult>
		<bndbox>
			<xmin>151.962</xmin>
			<ymin>467.149</ymin>
			<xmax>183.962</xmax>
			<ymax>499.149</ymax>
		</bndbox>
	</object>
	<object>
		<name>b5</name>
		<pose>Unspecified</pose>
		<truncated>0</truncated>
		<difficult>0</difficult>
		<bndbox>
			<xmin>135.373</xmin>
			<ymin>288.819</ymin>
			<xmax>167.373</xmax>
			<ymax>320.819</ymax>
		</bndbox>
	</object>
	<object>
		<name>b6</name>
		<pose>Unspecified</pose>
		<truncated>0</truncated>
		<difficult>0</difficult>
		<bndbox>
			<xmin>137.446</xmin>
			<ymin>334.438</ymin>
			<xmax>169.446</xmax>
			<ymax>366.438</ymax>
		</bndbox>
	</object>
	<object>
		<name>b8</name>
		<pose>Unspecified</pose>
		<truncated>0</truncated>
		<difficult>0</difficult>
		<bndbox>
			<xmin>118.784</xmin>
			<ymin>463.002</ymin>
			<xmax>150.784</xmax>
			<ymax>495.002</ymax>
		</bndbox>
	</object>
	<object>
		<name>b4</name>
		<pose>Unspecified</pose>
		<truncated>0</truncated>
		<difficult>0</difficult>
		<bndbox>
			<xmin>133.299</xmin>
			<ymin>280.11</ymin>
			<xmax>165.299</xmax>
			<ymax>312.11</ymax>
		</bndbox>
	</object>
	<object>
		<name>b8</name>
		<pose>Unspecified</pose>
		<truncated>0</truncated>
		<difficult>0</difficult>
		<bndbox>
			<xmin>509.036</xmin>
			<ymin>359.736</ymin>
			<xmax>541.036</xmax>
			<ymax>391.736</ymax>
		</bndbox>
	</object>
	<object>
		<name>b6</name>
		<pose>Unspecified</pose>
		<truncated>0</truncated>
		<difficult>0</difficult>
		<bndbox>
			<xmin>138.276</xmin>
			<ymin>329.877</ymin>
			<xmax>170.276</xmax>
			<ymax>361.877</ymax>
		</bndbox>
	</object>
	<object>
		<name>b9</name>
		<pose>Unspecified</pose>
		<truncated>0</truncated>
		<difficult>0</difficult>
		<bndbox>
			<xmin>190.531</xmin>
			<ymin>454.293</ymin>
			<xmax>222.531</xmax>
			<ymax>486.293</ymax>
		</bndbox>
	</object>
	<object>
		<name>b4</name>
		<pose>Unspecified</pose>
		<truncated>0</truncated>
		<difficult>0</difficult>
		<bndbox>
			<xmin>133.299</xmin>
			<ymin>279.612</ymin>
			<xmax>165.299</xmax>
			<ymax>311.612</ymax>
		</bndbox>
	</object>
	<object>
		<name>b5</name>
		<pose>Unspecified</pose>
		<truncated>0</truncated>
		<difficult>0</difficult>
		<bndbox>
			<xmin>151.215</xmin>
			<ymin>470.716</ymin>
			<xmax>183.215</xmax>
			<ymax>502.716</ymax>
		</bndbox>
	</object>
	<object>
		<name>b10</name>
		<pose>Unspecified</pose>
		<truncated>0</truncated>
		<difficult>0</difficult>
		<bndbox>
			<xmin>312.458</xmin>
			<ymin>312.458</ymin>
			<xmax>344.458</xmax>
			<ymax>344.458</ymax>
		</bndbox>
	</object>
	<object>
		<name>b5</name>
		<pose>Unspecified</pose>
		<truncated>0</truncated>
		<difficult>0</difficult>
		<bndbox>
			<xmin>138.077</xmin>
			<ymin>342.318</ymin>
			<xmax>170.077</xmax>
			<ymax>374.318</ymax>
		</bndbox>
	</object>
	<object>
		<name>b4</name>
		<pose>Unspecified</pose>
		<truncated>0</truncated>
		<difficult>0</difficult>
		<bndbox>
			<xmin>134.494</xmin>
			<ymin>277.821</ymin>
			<xmax>166.494</xmax>
			<ymax>309.821</ymax>
		</bndbox>
	</object>
	<object>
		<name>b6</name>
		<pose>Unspecified</pose>
		<truncated>0</truncated>
		<difficult>0</difficult>
		<bndbox>
			<xmin>148.826</xmin>
			<ymin>460.563</ymin>
			<xmax>180.826</xmax>
			<ymax>492.563</ymax>
		</bndbox>
	</object>
	<object>
		<name>b2</name>
		<pose>Unspecified</pose>
		<truncated>0</truncated>
		<difficult>0</difficult>
		<bndbox>
			<xmin>141.66</xmin>
			<ymin>471.313</ymin>
			<xmax>173.66</xmax>
			<ymax>503.313</ymax>
		</bndbox>
	</object>
</annotation>
