<annotation>
	<folder>VOC2007</folder>
	<filename>000314.jpg</filename>
	<source>
		<database>My Database</database>
		<annotation>VOC2007</annotation>
		<image>flickr</image>
		<flickrid>NULL</flickrid>
	</source>
	<owner>
		<flickrid>NULL</flickrid>
		<name>shaochunyan</name>
	</owner>
	<size>
		<width>720</width>
		<height>1280</height>
		<depth>3</depth>
	</size>
	<segmented>0</segmented>
	<object>
		<name>b8</name>
		<pose>Unspecified</pose>
		<truncated>0</truncated>
		<difficult>0</difficult>
		<bndbox>
			<xmin>636</xmin>
			<ymin>646</ymin>
			<xmax>668</xmax>
			<ymax>678</ymax>
		</bndbox>
	</object>
	<object>
		<name>b9</name>
		<pose>Unspecified</pose>
		<truncated>0</truncated>
		<difficult>0</difficult>
		<bndbox>
			<xmin>224</xmin>
			<ymin>604</ymin>
			<xmax>256</xmax>
			<ymax>636</ymax>
		</bndbox>
	</object>
	<object>
		<name>b4</name>
		<pose>Unspecified</pose>
		<truncated>0</truncated>
		<difficult>0</difficult>
		<bndbox>
			<xmin>119.6</xmin>
			<ymin>694.4</ymin>
			<xmax>151.6</xmax>
			<ymax>726.4</ymax>
		</bndbox>
	</object>
	<object>
		<name>b8</name>
		<pose>Unspecified</pose>
		<truncated>0</truncated>
		<difficult>0</difficult>
		<bndbox>
			<xmin>111.2</xmin>
			<ymin>550.4</ymin>
			<xmax>143.2</xmax>
			<ymax>582.4</ymax>
		</bndbox>
	</object>
	<object>
		<name>b8</name>
		<pose>Unspecified</pose>
		<truncated>0</truncated>
		<difficult>0</difficult>
		<bndbox>
			<xmin>342.8</xmin>
			<ymin>550.4</ymin>
			<xmax>374.8</xmax>
			<ymax>582.4</ymax>
		</bndbox>
	</object>
	<object>
		<name>b5</name>
		<pose>Unspecified</pose>
		<truncated>0</truncated>
		<difficult>0</difficult>
		<bndbox>
			<xmin>406.4</xmin>
			<ymin>510.8</ymin>
			<xmax>438.4</xmax>
			<ymax>542.8</ymax>
		</bndbox>
	</object>
	<object>
		<name>b8</name>
		<pose>Unspecified</pose>
		<truncated>0</truncated>
		<difficult>0</difficult>
		<bndbox>
			<xmin>647.6</xmin>
			<ymin>642.8</ymin>
			<xmax>679.6</xmax>
			<ymax>674.8</ymax>
		</bndbox>
	</object>
	<object>
		<name>b5</name>
		<pose>Unspecified</pose>
		<truncated>0</truncated>
		<difficult>0</difficult>
		<bndbox>
			<xmin>228.8</xmin>
			<ymin>462.8</ymin>
			<xmax>260.8</xmax>
			<ymax>494.8</ymax>
		</bndbox>
	</object>
	<object>
		<name>g4</name>
		<pose>Unspecified</pose>
		<truncated>0</truncated>
		<difficult>0</difficult>
		<bndbox>
			<xmin>21.2</xmin>
			<ymin>476</ymin>
			<xmax>53.2</xmax>
			<ymax>508</ymax>
		</bndbox>
	</object>
	<object>
		<name>g4</name>
		<pose>Unspecified</pose>
		<truncated>0</truncated>
		<difficult>0</difficult>
		<bndbox>
			<xmin>30.08</xmin>
			<ymin>472.16</ymin>
			<xmax>62.08</xmax>
			<ymax>504.16</ymax>
		</bndbox>
	</object>
	<object>
		<name>b5</name>
		<pose>Unspecified</pose>
		<truncated>0</truncated>
		<difficult>0</difficult>
		<bndbox>
			<xmin>359.84</xmin>
			<ymin>643.52</ymin>
			<xmax>391.84</xmax>
			<ymax>675.52</ymax>
		</bndbox>
	</object>
	<object>
		<name>b5</name>
		<pose>Unspecified</pose>
		<truncated>0</truncated>
		<difficult>0</difficult>
		<bndbox>
			<xmin>241.76</xmin>
			<ymin>626.24</ymin>
			<xmax>273.76</xmax>
			<ymax>658.24</ymax>
		</bndbox>
	</object>
	<object>
		<name>b5</name>
		<pose>Unspecified</pose>
		<truncated>0</truncated>
		<difficult>0</difficult>
		<bndbox>
			<xmin>241.472</xmin>
			<ymin>626.816</ymin>
			<xmax>273.472</xmax>
			<ymax>658.816</ymax>
		</bndbox>
	</object>
	<object>
		<name>b5</name>
		<pose>Unspecified</pose>
		<truncated>0</truncated>
		<difficult>0</difficult>
		<bndbox>
			<xmin>227.648</xmin>
			<ymin>462.656</ymin>
			<xmax>259.648</xmax>
			<ymax>494.656</ymax>
		</bndbox>
	</object>
	<object>
		<name>b8</name>
		<pose>Unspecified</pose>
		<truncated>0</truncated>
		<difficult>0</difficult>
		<bndbox>
			<xmin>224.192</xmin>
			<ymin>654.464</ymin>
			<xmax>256.192</xmax>
			<ymax>686.464</ymax>
		</bndbox>
	</object>
	<object>
		<name>b8</name>
		<pose>Unspecified</pose>
		<truncated>0</truncated>
		<difficult>0</difficult>
		<bndbox>
			<xmin>101.504</xmin>
			<ymin>467.84</ymin>
			<xmax>133.504</xmax>
			<ymax>499.84</ymax>
		</bndbox>
	</object>
	<object>
		<name>b9</name>
		<pose>Unspecified</pose>
		<truncated>0</truncated>
		<difficult>0</difficult>
		<bndbox>
			<xmin>467.149</xmin>
			<ymin>641.331</ymin>
			<xmax>499.149</xmax>
			<ymax>673.331</ymax>
		</bndbox>
	</object>
	<object>
		<name>b8</name>
		<pose>Unspecified</pose>
		<truncated>0</truncated>
		<difficult>0</difficult>
		<bndbox>
			<xmin>417.382</xmin>
			<ymin>487.885</ymin>
			<xmax>449.382</xmax>
			<ymax>519.885</ymax>
		</bndbox>
	</object>
	<object>
		<name>b5</name>
		<pose>Unspecified</pose>
		<truncated>0</truncated>
		<difficult>0</difficult>
		<bndbox>
			<xmin>404.526</xmin>
			<ymin>511.524</ymin>
			<xmax>436.526</xmax>
			<ymax>543.524</ymax>
		</bndbox>
	</object>
	<object>
		<name>b10</name>
		<pose>Unspecified</pose>
		<truncated>0</truncated>
		<difficult>0</difficult>
		<bndbox>
			<xmin>163.159</xmin>
			<ymin>655.847</ymin>
			<xmax>195.159</xmax>
			<ymax>687.847</ymax>
		</bndbox>
	</object>
	<object>
		<name>b7</name>
		<pose>Unspecified</pose>
		<truncated>0</truncated>
		<difficult>0</difficult>
		<bndbox>
			<xmin>449.814</xmin>
			<ymin>488.631</ymin>
			<xmax>481.814</xmax>
			<ymax>520.631</ymax>
		</bndbox>
	</object>
	<object>
		<name>b8</name>
		<pose>Unspecified</pose>
		<truncated>0</truncated>
		<difficult>0</difficult>
		<bndbox>
			<xmin>403.232</xmin>
			<ymin>539.393</ymin>
			<xmax>435.232</xmax>
			<ymax>571.393</ymax>
		</bndbox>
	</object>
	<object>
		<name>b7</name>
		<pose>Unspecified</pose>
		<truncated>0</truncated>
		<difficult>0</difficult>
		<bndbox>
			<xmin>449.814</xmin>
			<ymin>485.645</ymin>
			<xmax>481.814</xmax>
			<ymax>517.645</ymax>
		</bndbox>
	</object>
	<object>
		<name>b8</name>
		<pose>Unspecified</pose>
		<truncated>0</truncated>
		<difficult>0</difficult>
		<bndbox>
			<xmin>636</xmin>
			<ymin>646</ymin>
			<xmax>668</xmax>
			<ymax>678</ymax>
		</bndbox>
	</object>
	<object>
		<name>b9</name>
		<pose>Unspecified</pose>
		<truncated>0</truncated>
		<difficult>0</difficult>
		<bndbox>
			<xmin>224</xmin>
			<ymin>604</ymin>
			<xmax>256</xmax>
			<ymax>636</ymax>
		</bndbox>
	</object>
	<object>
		<name>b4</name>
		<pose>Unspecified</pose>
		<truncated>0</truncated>
		<difficult>0</difficult>
		<bndbox>
			<xmin>119.6</xmin>
			<ymin>694.4</ymin>
			<xmax>151.6</xmax>
			<ymax>726.4</ymax>
		</bndbox>
	</object>
	<object>
		<name>b8</name>
		<pose>Unspecified</pose>
		<truncated>0</truncated>
		<difficult>0</difficult>
		<bndbox>
			<xmin>111.2</xmin>
			<ymin>550.4</ymin>
			<xmax>143.2</xmax>
			<ymax>582.4</ymax>
		</bndbox>
	</object>
	<object>
		<name>b8</name>
		<pose>Unspecified</pose>
		<truncated>0</truncated>
		<difficult>0</difficult>
		<bndbox>
			<xmin>342.8</xmin>
			<ymin>550.4</ymin>
			<xmax>374.8</xmax>
			<ymax>582.4</ymax>
		</bndbox>
	</object>
	<object>
		<name>b5</name>
		<pose>Unspecified</pose>
		<truncated>0</truncated>
		<difficult>0</difficult>
		<bndbox>
			<xmin>406.4</xmin>
			<ymin>510.8</ymin>
			<xmax>438.4</xmax>
			<ymax>542.8</ymax>
		</bndbox>
	</object>
	<object>
		<name>b8</name>
		<pose>Unspecified</pose>
		<truncated>0</truncated>
		<difficult>0</difficult>
		<bndbox>
			<xmin>647.6</xmin>
			<ymin>642.8</ymin>
			<xmax>679.6</xmax>
			<ymax>674.8</ymax>
		</bndbox>
	</object>
	<object>
		<name>b5</name>
		<pose>Unspecified</pose>
		<truncated>0</truncated>
		<difficult>0</difficult>
		<bndbox>
			<xmin>228.8</xmin>
			<ymin>462.8</ymin>
			<xmax>260.8</xmax>
			<ymax>494.8</ymax>
		</bndbox>
	</object>
	<object>
		<name>g4</name>
		<pose>Unspecified</pose>
		<truncated>0</truncated>
		<difficult>0</difficult>
		<bndbox>
			<xmin>21.2</xmin>
			<ymin>476</ymin>
			<xmax>53.2</xmax>
			<ymax>508</ymax>
		</bndbox>
	</object>
	<object>
		<name>g4</name>
		<pose>Unspecified</pose>
		<truncated>0</truncated>
		<difficult>0</difficult>
		<bndbox>
			<xmin>30.08</xmin>
			<ymin>472.16</ymin>
			<xmax>62.08</xmax>
			<ymax>504.16</ymax>
		</bndbox>
	</object>
	<object>
		<name>b5</name>
		<pose>Unspecified</pose>
		<truncated>0</truncated>
		<difficult>0</difficult>
		<bndbox>
			<xmin>359.84</xmin>
			<ymin>643.52</ymin>
			<xmax>391.84</xmax>
			<ymax>675.52</ymax>
		</bndbox>
	</object>
	<object>
		<name>b5</name>
		<pose>Unspecified</pose>
		<truncated>0</truncated>
		<difficult>0</difficult>
		<bndbox>
			<xmin>241.76</xmin>
			<ymin>626.24</ymin>
			<xmax>273.76</xmax>
			<ymax>658.24</ymax>
		</bndbox>
	</object>
	<object>
		<name>b5</name>
		<pose>Unspecified</pose>
		<truncated>0</truncated>
		<difficult>0</difficult>
		<bndbox>
			<xmin>241.472</xmin>
			<ymin>626.816</ymin>
			<xmax>273.472</xmax>
			<ymax>658.816</ymax>
		</bndbox>
	</object>
	<object>
		<name>b5</name>
		<pose>Unspecified</pose>
		<truncated>0</truncated>
		<difficult>0</difficult>
		<bndbox>
			<xmin>227.648</xmin>
			<ymin>462.656</ymin>
			<xmax>259.648</xmax>
			<ymax>494.656</ymax>
		</bndbox>
	</object>
	<object>
		<name>b8</name>
		<pose>Unspecified</pose>
		<truncated>0</truncated>
		<difficult>0</difficult>
		<bndbox>
			<xmin>224.192</xmin>
			<ymin>654.464</ymin>
			<xmax>256.192</xmax>
			<ymax>686.464</ymax>
		</bndbox>
	</object>
	<object>
		<name>b8</name>
		<pose>Unspecified</pose>
		<truncated>0</truncated>
		<difficult>0</difficult>
		<bndbox>
			<xmin>101.504</xmin>
			<ymin>467.84</ymin>
			<xmax>133.504</xmax>
			<ymax>499.84</ymax>
		</bndbox>
	</object>
	<object>
		<name>b9</name>
		<pose>Unspecified</pose>
		<truncated>0</truncated>
		<difficult>0</difficult>
		<bndbox>
			<xmin>467.149</xmin>
			<ymin>641.331</ymin>
			<xmax>499.149</xmax>
			<ymax>673.331</ymax>
		</bndbox>
	</object>
	<object>
		<name>b8</name>
		<pose>Unspecified</pose>
		<truncated>0</truncated>
		<difficult>0</difficult>
		<bndbox>
			<xmin>417.382</xmin>
			<ymin>487.885</ymin>
			<xmax>449.382</xmax>
			<ymax>519.885</ymax>
		</bndbox>
	</object>
	<object>
		<name>b5</name>
		<pose>Unspecified</pose>
		<truncated>0</truncated>
		<difficult>0</difficult>
		<bndbox>
			<xmin>404.526</xmin>
			<ymin>511.524</ymin>
			<xmax>436.526</xmax>
			<ymax>543.524</ymax>
		</bndbox>
	</object>
	<object>
		<name>b10</name>
		<pose>Unspecified</pose>
		<truncated>0</truncated>
		<difficult>0</difficult>
		<bndbox>
			<xmin>163.159</xmin>
			<ymin>655.847</ymin>
			<xmax>195.159</xmax>
			<ymax>687.847</ymax>
		</bndbox>
	</object>
	<object>
		<name>b7</name>
		<pose>Unspecified</pose>
		<truncated>0</truncated>
		<difficult>0</difficult>
		<bndbox>
			<xmin>449.814</xmin>
			<ymin>488.631</ymin>
			<xmax>481.814</xmax>
			<ymax>520.631</ymax>
		</bndbox>
	</object>
	<object>
		<name>b8</name>
		<pose>Unspecified</pose>
		<truncated>0</truncated>
		<difficult>0</difficult>
		<bndbox>
			<xmin>403.232</xmin>
			<ymin>539.393</ymin>
			<xmax>435.232</xmax>
			<ymax>571.393</ymax>
		</bndbox>
	</object>
	<object>
		<name>b7</name>
		<pose>Unspecified</pose>
		<truncated>0</truncated>
		<difficult>0</difficult>
		<bndbox>
			<xmin>449.814</xmin>
			<ymin>485.645</ymin>
			<xmax>481.814</xmax>
			<ymax>517.645</ymax>
		</bndbox>
	</object>
	<object>
		<name>b8</name>
		<pose>Unspecified</pose>
		<truncated>0</truncated>
		<difficult>0</difficult>
		<bndbox>
			<xmin>636</xmin>
			<ymin>646</ymin>
			<xmax>668</xmax>
			<ymax>678</ymax>
		</bndbox>
	</object>
	<object>
		<name>b9</name>
		<pose>Unspecified</pose>
		<truncated>0</truncated>
		<difficult>0</difficult>
		<bndbox>
			<xmin>224</xmin>
			<ymin>604</ymin>
			<xmax>256</xmax>
			<ymax>636</ymax>
		</bndbox>
	</object>
	<object>
		<name>b4</name>
		<pose>Unspecified</pose>
		<truncated>0</truncated>
		<difficult>0</difficult>
		<bndbox>
			<xmin>119.6</xmin>
			<ymin>694.4</ymin>
			<xmax>151.6</xmax>
			<ymax>726.4</ymax>
		</bndbox>
	</object>
	<object>
		<name>b8</name>
		<pose>Unspecified</pose>
		<truncated>0</truncated>
		<difficult>0</difficult>
		<bndbox>
			<xmin>111.2</xmin>
			<ymin>550.4</ymin>
			<xmax>143.2</xmax>
			<ymax>582.4</ymax>
		</bndbox>
	</object>
	<object>
		<name>b8</name>
		<pose>Unspecified</pose>
		<truncated>0</truncated>
		<difficult>0</difficult>
		<bndbox>
			<xmin>342.8</xmin>
			<ymin>550.4</ymin>
			<xmax>374.8</xmax>
			<ymax>582.4</ymax>
		</bndbox>
	</object>
	<object>
		<name>b5</name>
		<pose>Unspecified</pose>
		<truncated>0</truncated>
		<difficult>0</difficult>
		<bndbox>
			<xmin>406.4</xmin>
			<ymin>510.8</ymin>
			<xmax>438.4</xmax>
			<ymax>542.8</ymax>
		</bndbox>
	</object>
	<object>
		<name>b8</name>
		<pose>Unspecified</pose>
		<truncated>0</truncated>
		<difficult>0</difficult>
		<bndbox>
			<xmin>647.6</xmin>
			<ymin>642.8</ymin>
			<xmax>679.6</xmax>
			<ymax>674.8</ymax>
		</bndbox>
	</object>
	<object>
		<name>b5</name>
		<pose>Unspecified</pose>
		<truncated>0</truncated>
		<difficult>0</difficult>
		<bndbox>
			<xmin>228.8</xmin>
			<ymin>462.8</ymin>
			<xmax>260.8</xmax>
			<ymax>494.8</ymax>
		</bndbox>
	</object>
	<object>
		<name>g4</name>
		<pose>Unspecified</pose>
		<truncated>0</truncated>
		<difficult>0</difficult>
		<bndbox>
			<xmin>21.2</xmin>
			<ymin>476</ymin>
			<xmax>53.2</xmax>
			<ymax>508</ymax>
		</bndbox>
	</object>
	<object>
		<name>g4</name>
		<pose>Unspecified</pose>
		<truncated>0</truncated>
		<difficult>0</difficult>
		<bndbox>
			<xmin>30.08</xmin>
			<ymin>472.16</ymin>
			<xmax>62.08</xmax>
			<ymax>504.16</ymax>
		</bndbox>
	</object>
	<object>
		<name>b5</name>
		<pose>Unspecified</pose>
		<truncated>0</truncated>
		<difficult>0</difficult>
		<bndbox>
			<xmin>359.84</xmin>
			<ymin>643.52</ymin>
			<xmax>391.84</xmax>
			<ymax>675.52</ymax>
		</bndbox>
	</object>
	<object>
		<name>b5</name>
		<pose>Unspecified</pose>
		<truncated>0</truncated>
		<difficult>0</difficult>
		<bndbox>
			<xmin>241.76</xmin>
			<ymin>626.24</ymin>
			<xmax>273.76</xmax>
			<ymax>658.24</ymax>
		</bndbox>
	</object>
	<object>
		<name>b5</name>
		<pose>Unspecified</pose>
		<truncated>0</truncated>
		<difficult>0</difficult>
		<bndbox>
			<xmin>241.472</xmin>
			<ymin>626.816</ymin>
			<xmax>273.472</xmax>
			<ymax>658.816</ymax>
		</bndbox>
	</object>
	<object>
		<name>b5</name>
		<pose>Unspecified</pose>
		<truncated>0</truncated>
		<difficult>0</difficult>
		<bndbox>
			<xmin>227.648</xmin>
			<ymin>462.656</ymin>
			<xmax>259.648</xmax>
			<ymax>494.656</ymax>
		</bndbox>
	</object>
	<object>
		<name>b8</name>
		<pose>Unspecified</pose>
		<truncated>0</truncated>
		<difficult>0</difficult>
		<bndbox>
			<xmin>224.192</xmin>
			<ymin>654.464</ymin>
			<xmax>256.192</xmax>
			<ymax>686.464</ymax>
		</bndbox>
	</object>
	<object>
		<name>b8</name>
		<pose>Unspecified</pose>
		<truncated>0</truncated>
		<difficult>0</difficult>
		<bndbox>
			<xmin>101.504</xmin>
			<ymin>467.84</ymin>
			<xmax>133.504</xmax>
			<ymax>499.84</ymax>
		</bndbox>
	</object>
	<object>
		<name>b9</name>
		<pose>Unspecified</pose>
		<truncated>0</truncated>
		<difficult>0</difficult>
		<bndbox>
			<xmin>467.149</xmin>
			<ymin>641.331</ymin>
			<xmax>499.149</xmax>
			<ymax>673.331</ymax>
		</bndbox>
	</object>
	<object>
		<name>b8</name>
		<pose>Unspecified</pose>
		<truncated>0</truncated>
		<difficult>0</difficult>
		<bndbox>
			<xmin>417.382</xmin>
			<ymin>487.885</ymin>
			<xmax>449.382</xmax>
			<ymax>519.885</ymax>
		</bndbox>
	</object>
	<object>
		<name>b5</name>
		<pose>Unspecified</pose>
		<truncated>0</truncated>
		<difficult>0</difficult>
		<bndbox>
			<xmin>404.526</xmin>
			<ymin>511.524</ymin>
			<xmax>436.526</xmax>
			<ymax>543.524</ymax>
		</bndbox>
	</object>
	<object>
		<name>b10</name>
		<pose>Unspecified</pose>
		<truncated>0</truncated>
		<difficult>0</difficult>
		<bndbox>
			<xmin>163.159</xmin>
			<ymin>655.847</ymin>
			<xmax>195.159</xmax>
			<ymax>687.847</ymax>
		</bndbox>
	</object>
	<object>
		<name>b7</name>
		<pose>Unspecified</pose>
		<truncated>0</truncated>
		<difficult>0</difficult>
		<bndbox>
			<xmin>449.814</xmin>
			<ymin>488.631</ymin>
			<xmax>481.814</xmax>
			<ymax>520.631</ymax>
		</bndbox>
	</object>
	<object>
		<name>b8</name>
		<pose>Unspecified</pose>
		<truncated>0</truncated>
		<difficult>0</difficult>
		<bndbox>
			<xmin>403.232</xmin>
			<ymin>539.393</ymin>
			<xmax>435.232</xmax>
			<ymax>571.393</ymax>
		</bndbox>
	</object>
	<object>
		<name>b7</name>
		<pose>Unspecified</pose>
		<truncated>0</truncated>
		<difficult>0</difficult>
		<bndbox>
			<xmin>449.814</xmin>
			<ymin>485.645</ymin>
			<xmax>481.814</xmax>
			<ymax>517.645</ymax>
		</bndbox>
	</object>
</annotation>
