<annotation>
	<folder>VOC2007</folder>
	<filename>000362.jpg</filename>
	<source>
		<database>My Database</database>
		<annotation>VOC2007</annotation>
		<image>flickr</image>
		<flickrid>NULL</flickrid>
	</source>
	<owner>
		<flickrid>NULL</flickrid>
		<name>shaochunyan</name>
	</owner>
	<size>
		<width>720</width>
		<height>1280</height>
		<depth>3</depth>
	</size>
	<segmented>0</segmented>
	<object>
		<name>b5</name>
		<pose>Unspecified</pose>
		<truncated>0</truncated>
		<difficult>0</difficult>
		<bndbox>
			<xmin>189</xmin>
			<ymin>443</ymin>
			<xmax>221</xmax>
			<ymax>475</ymax>
		</bndbox>
	</object>
	<object>
		<name>b5</name>
		<pose>Unspecified</pose>
		<truncated>0</truncated>
		<difficult>0</difficult>
		<bndbox>
			<xmin>23</xmin>
			<ymin>622</ymin>
			<xmax>55</xmax>
			<ymax>654</ymax>
		</bndbox>
	</object>
	<object>
		<name>b7</name>
		<pose>Unspecified</pose>
		<truncated>0</truncated>
		<difficult>0</difficult>
		<bndbox>
			<xmin>120</xmin>
			<ymin>464</ymin>
			<xmax>152</xmax>
			<ymax>496</ymax>
		</bndbox>
	</object>
	<object>
		<name>b9</name>
		<pose>Unspecified</pose>
		<truncated>0</truncated>
		<difficult>0</difficult>
		<bndbox>
			<xmin>489</xmin>
			<ymin>648</ymin>
			<xmax>521</xmax>
			<ymax>680</ymax>
		</bndbox>
	</object>
	<object>
		<name>b4</name>
		<pose>Unspecified</pose>
		<truncated>0</truncated>
		<difficult>0</difficult>
		<bndbox>
			<xmin>192.8</xmin>
			<ymin>644</ymin>
			<xmax>224.8</xmax>
			<ymax>676</ymax>
		</bndbox>
	</object>
	<object>
		<name>b9</name>
		<pose>Unspecified</pose>
		<truncated>0</truncated>
		<difficult>0</difficult>
		<bndbox>
			<xmin>54.8</xmin>
			<ymin>566</ymin>
			<xmax>86.8</xmax>
			<ymax>598</ymax>
		</bndbox>
	</object>
	<object>
		<name>b8</name>
		<pose>Unspecified</pose>
		<truncated>0</truncated>
		<difficult>0</difficult>
		<bndbox>
			<xmin>206</xmin>
			<ymin>442.4</ymin>
			<xmax>238</xmax>
			<ymax>474.4</ymax>
		</bndbox>
	</object>
	<object>
		<name>b10</name>
		<pose>Unspecified</pose>
		<truncated>0</truncated>
		<difficult>0</difficult>
		<bndbox>
			<xmin>261.2</xmin>
			<ymin>632</ymin>
			<xmax>293.2</xmax>
			<ymax>664</ymax>
		</bndbox>
	</object>
	<object>
		<name>b4</name>
		<pose>Unspecified</pose>
		<truncated>0</truncated>
		<difficult>0</difficult>
		<bndbox>
			<xmin>207.2</xmin>
			<ymin>639.2</ymin>
			<xmax>239.2</xmax>
			<ymax>671.2</ymax>
		</bndbox>
	</object>
	<object>
		<name>b4</name>
		<pose>Unspecified</pose>
		<truncated>0</truncated>
		<difficult>0</difficult>
		<bndbox>
			<xmin>191.36</xmin>
			<ymin>643.52</ymin>
			<xmax>223.36</xmax>
			<ymax>675.52</ymax>
		</bndbox>
	</object>
	<object>
		<name>b7</name>
		<pose>Unspecified</pose>
		<truncated>0</truncated>
		<difficult>0</difficult>
		<bndbox>
			<xmin>153.92</xmin>
			<ymin>666.56</ymin>
			<xmax>185.92</xmax>
			<ymax>698.56</ymax>
		</bndbox>
	</object>
	<object>
		<name>b10</name>
		<pose>Unspecified</pose>
		<truncated>0</truncated>
		<difficult>0</difficult>
		<bndbox>
			<xmin>178.4</xmin>
			<ymin>591.68</ymin>
			<xmax>210.4</xmax>
			<ymax>623.68</ymax>
		</bndbox>
	</object>
	<object>
		<name>b5</name>
		<pose>Unspecified</pose>
		<truncated>0</truncated>
		<difficult>0</difficult>
		<bndbox>
			<xmin>188.48</xmin>
			<ymin>450.56</ymin>
			<xmax>220.48</xmax>
			<ymax>482.56</ymax>
		</bndbox>
	</object>
	<object>
		<name>b4</name>
		<pose>Unspecified</pose>
		<truncated>0</truncated>
		<difficult>0</difficult>
		<bndbox>
			<xmin>198.56</xmin>
			<ymin>636.32</ymin>
			<xmax>230.56</xmax>
			<ymax>668.32</ymax>
		</bndbox>
	</object>
	<object>
		<name>b3</name>
		<pose>Unspecified</pose>
		<truncated>0</truncated>
		<difficult>0</difficult>
		<bndbox>
			<xmin>198.56</xmin>
			<ymin>623.36</ymin>
			<xmax>230.56</xmax>
			<ymax>655.36</ymax>
		</bndbox>
	</object>
	<object>
		<name>b4</name>
		<pose>Unspecified</pose>
		<truncated>0</truncated>
		<difficult>0</difficult>
		<bndbox>
			<xmin>198.272</xmin>
			<ymin>635.456</ymin>
			<xmax>230.272</xmax>
			<ymax>667.456</ymax>
		</bndbox>
	</object>
	<object>
		<name>b4</name>
		<pose>Unspecified</pose>
		<truncated>0</truncated>
		<difficult>0</difficult>
		<bndbox>
			<xmin>208.64</xmin>
			<ymin>642.368</ymin>
			<xmax>240.64</xmax>
			<ymax>674.368</ymax>
		</bndbox>
	</object>
	<object>
		<name>b9</name>
		<pose>Unspecified</pose>
		<truncated>0</truncated>
		<difficult>0</difficult>
		<bndbox>
			<xmin>358.976</xmin>
			<ymin>638.912</ymin>
			<xmax>390.976</xmax>
			<ymax>670.912</ymax>
		</bndbox>
	</object>
	<object>
		<name>b6</name>
		<pose>Unspecified</pose>
		<truncated>0</truncated>
		<difficult>0</difficult>
		<bndbox>
			<xmin>49.664</xmin>
			<ymin>621.632</ymin>
			<xmax>81.664</xmax>
			<ymax>653.632</ymax>
		</bndbox>
	</object>
	<object>
		<name>b9</name>
		<pose>Unspecified</pose>
		<truncated>0</truncated>
		<difficult>0</difficult>
		<bndbox>
			<xmin>236.979</xmin>
			<ymin>639.258</ymin>
			<xmax>268.979</xmax>
			<ymax>671.258</ymax>
		</bndbox>
	</object>
	<object>
		<name>b4</name>
		<pose>Unspecified</pose>
		<truncated>0</truncated>
		<difficult>0</difficult>
		<bndbox>
			<xmin>207.949</xmin>
			<ymin>640.917</ymin>
			<xmax>239.949</xmax>
			<ymax>672.917</ymax>
		</bndbox>
	</object>
	<object>
		<name>b5</name>
		<pose>Unspecified</pose>
		<truncated>0</truncated>
		<difficult>0</difficult>
		<bndbox>
			<xmin>188.042</xmin>
			<ymin>439.363</ymin>
			<xmax>220.042</xmax>
			<ymax>471.363</ymax>
		</bndbox>
	</object>
	<object>
		<name>b7</name>
		<pose>Unspecified</pose>
		<truncated>0</truncated>
		<difficult>0</difficult>
		<bndbox>
			<xmin>160.173</xmin>
			<ymin>679.734</ymin>
			<xmax>192.173</xmax>
			<ymax>711.734</ymax>
		</bndbox>
	</object>
	<object>
		<name>b4</name>
		<pose>Unspecified</pose>
		<truncated>0</truncated>
		<difficult>0</difficult>
		<bndbox>
			<xmin>196.005</xmin>
			<ymin>623.001</ymin>
			<xmax>228.005</xmax>
			<ymax>655.001</ymax>
		</bndbox>
	</object>
	<object>
		<name>b7</name>
		<pose>Unspecified</pose>
		<truncated>0</truncated>
		<difficult>0</difficult>
		<bndbox>
			<xmin>120.161</xmin>
			<ymin>478.479</ymin>
			<xmax>152.161</xmax>
			<ymax>510.479</ymax>
		</bndbox>
	</object>
	<object>
		<name>b5</name>
		<pose>Unspecified</pose>
		<truncated>0</truncated>
		<difficult>0</difficult>
		<bndbox>
			<xmin>189</xmin>
			<ymin>443</ymin>
			<xmax>221</xmax>
			<ymax>475</ymax>
		</bndbox>
	</object>
	<object>
		<name>b5</name>
		<pose>Unspecified</pose>
		<truncated>0</truncated>
		<difficult>0</difficult>
		<bndbox>
			<xmin>23</xmin>
			<ymin>622</ymin>
			<xmax>55</xmax>
			<ymax>654</ymax>
		</bndbox>
	</object>
	<object>
		<name>b7</name>
		<pose>Unspecified</pose>
		<truncated>0</truncated>
		<difficult>0</difficult>
		<bndbox>
			<xmin>120</xmin>
			<ymin>464</ymin>
			<xmax>152</xmax>
			<ymax>496</ymax>
		</bndbox>
	</object>
	<object>
		<name>b9</name>
		<pose>Unspecified</pose>
		<truncated>0</truncated>
		<difficult>0</difficult>
		<bndbox>
			<xmin>489</xmin>
			<ymin>648</ymin>
			<xmax>521</xmax>
			<ymax>680</ymax>
		</bndbox>
	</object>
	<object>
		<name>b4</name>
		<pose>Unspecified</pose>
		<truncated>0</truncated>
		<difficult>0</difficult>
		<bndbox>
			<xmin>192.8</xmin>
			<ymin>644</ymin>
			<xmax>224.8</xmax>
			<ymax>676</ymax>
		</bndbox>
	</object>
	<object>
		<name>b9</name>
		<pose>Unspecified</pose>
		<truncated>0</truncated>
		<difficult>0</difficult>
		<bndbox>
			<xmin>54.8</xmin>
			<ymin>566</ymin>
			<xmax>86.8</xmax>
			<ymax>598</ymax>
		</bndbox>
	</object>
	<object>
		<name>b8</name>
		<pose>Unspecified</pose>
		<truncated>0</truncated>
		<difficult>0</difficult>
		<bndbox>
			<xmin>206</xmin>
			<ymin>442.4</ymin>
			<xmax>238</xmax>
			<ymax>474.4</ymax>
		</bndbox>
	</object>
	<object>
		<name>b10</name>
		<pose>Unspecified</pose>
		<truncated>0</truncated>
		<difficult>0</difficult>
		<bndbox>
			<xmin>261.2</xmin>
			<ymin>632</ymin>
			<xmax>293.2</xmax>
			<ymax>664</ymax>
		</bndbox>
	</object>
	<object>
		<name>b4</name>
		<pose>Unspecified</pose>
		<truncated>0</truncated>
		<difficult>0</difficult>
		<bndbox>
			<xmin>207.2</xmin>
			<ymin>639.2</ymin>
			<xmax>239.2</xmax>
			<ymax>671.2</ymax>
		</bndbox>
	</object>
	<object>
		<name>b4</name>
		<pose>Unspecified</pose>
		<truncated>0</truncated>
		<difficult>0</difficult>
		<bndbox>
			<xmin>191.36</xmin>
			<ymin>643.52</ymin>
			<xmax>223.36</xmax>
			<ymax>675.52</ymax>
		</bndbox>
	</object>
	<object>
		<name>b7</name>
		<pose>Unspecified</pose>
		<truncated>0</truncated>
		<difficult>0</difficult>
		<bndbox>
			<xmin>153.92</xmin>
			<ymin>666.56</ymin>
			<xmax>185.92</xmax>
			<ymax>698.56</ymax>
		</bndbox>
	</object>
	<object>
		<name>b10</name>
		<pose>Unspecified</pose>
		<truncated>0</truncated>
		<difficult>0</difficult>
		<bndbox>
			<xmin>178.4</xmin>
			<ymin>591.68</ymin>
			<xmax>210.4</xmax>
			<ymax>623.68</ymax>
		</bndbox>
	</object>
	<object>
		<name>b5</name>
		<pose>Unspecified</pose>
		<truncated>0</truncated>
		<difficult>0</difficult>
		<bndbox>
			<xmin>188.48</xmin>
			<ymin>450.56</ymin>
			<xmax>220.48</xmax>
			<ymax>482.56</ymax>
		</bndbox>
	</object>
	<object>
		<name>b4</name>
		<pose>Unspecified</pose>
		<truncated>0</truncated>
		<difficult>0</difficult>
		<bndbox>
			<xmin>198.56</xmin>
			<ymin>636.32</ymin>
			<xmax>230.56</xmax>
			<ymax>668.32</ymax>
		</bndbox>
	</object>
	<object>
		<name>b3</name>
		<pose>Unspecified</pose>
		<truncated>0</truncated>
		<difficult>0</difficult>
		<bndbox>
			<xmin>198.56</xmin>
			<ymin>623.36</ymin>
			<xmax>230.56</xmax>
			<ymax>655.36</ymax>
		</bndbox>
	</object>
	<object>
		<name>b4</name>
		<pose>Unspecified</pose>
		<truncated>0</truncated>
		<difficult>0</difficult>
		<bndbox>
			<xmin>198.272</xmin>
			<ymin>635.456</ymin>
			<xmax>230.272</xmax>
			<ymax>667.456</ymax>
		</bndbox>
	</object>
	<object>
		<name>b4</name>
		<pose>Unspecified</pose>
		<truncated>0</truncated>
		<difficult>0</difficult>
		<bndbox>
			<xmin>208.64</xmin>
			<ymin>642.368</ymin>
			<xmax>240.64</xmax>
			<ymax>674.368</ymax>
		</bndbox>
	</object>
	<object>
		<name>b9</name>
		<pose>Unspecified</pose>
		<truncated>0</truncated>
		<difficult>0</difficult>
		<bndbox>
			<xmin>358.976</xmin>
			<ymin>638.912</ymin>
			<xmax>390.976</xmax>
			<ymax>670.912</ymax>
		</bndbox>
	</object>
	<object>
		<name>b6</name>
		<pose>Unspecified</pose>
		<truncated>0</truncated>
		<difficult>0</difficult>
		<bndbox>
			<xmin>49.664</xmin>
			<ymin>621.632</ymin>
			<xmax>81.664</xmax>
			<ymax>653.632</ymax>
		</bndbox>
	</object>
	<object>
		<name>b9</name>
		<pose>Unspecified</pose>
		<truncated>0</truncated>
		<difficult>0</difficult>
		<bndbox>
			<xmin>236.979</xmin>
			<ymin>639.258</ymin>
			<xmax>268.979</xmax>
			<ymax>671.258</ymax>
		</bndbox>
	</object>
	<object>
		<name>b4</name>
		<pose>Unspecified</pose>
		<truncated>0</truncated>
		<difficult>0</difficult>
		<bndbox>
			<xmin>207.949</xmin>
			<ymin>640.917</ymin>
			<xmax>239.949</xmax>
			<ymax>672.917</ymax>
		</bndbox>
	</object>
	<object>
		<name>b5</name>
		<pose>Unspecified</pose>
		<truncated>0</truncated>
		<difficult>0</difficult>
		<bndbox>
			<xmin>188.042</xmin>
			<ymin>439.363</ymin>
			<xmax>220.042</xmax>
			<ymax>471.363</ymax>
		</bndbox>
	</object>
	<object>
		<name>b7</name>
		<pose>Unspecified</pose>
		<truncated>0</truncated>
		<difficult>0</difficult>
		<bndbox>
			<xmin>160.173</xmin>
			<ymin>679.734</ymin>
			<xmax>192.173</xmax>
			<ymax>711.734</ymax>
		</bndbox>
	</object>
	<object>
		<name>b4</name>
		<pose>Unspecified</pose>
		<truncated>0</truncated>
		<difficult>0</difficult>
		<bndbox>
			<xmin>196.005</xmin>
			<ymin>623.001</ymin>
			<xmax>228.005</xmax>
			<ymax>655.001</ymax>
		</bndbox>
	</object>
	<object>
		<name>b7</name>
		<pose>Unspecified</pose>
		<truncated>0</truncated>
		<difficult>0</difficult>
		<bndbox>
			<xmin>120.161</xmin>
			<ymin>478.479</ymin>
			<xmax>152.161</xmax>
			<ymax>510.479</ymax>
		</bndbox>
	</object>
	<object>
		<name>b5</name>
		<pose>Unspecified</pose>
		<truncated>0</truncated>
		<difficult>0</difficult>
		<bndbox>
			<xmin>189</xmin>
			<ymin>443</ymin>
			<xmax>221</xmax>
			<ymax>475</ymax>
		</bndbox>
	</object>
	<object>
		<name>b5</name>
		<pose>Unspecified</pose>
		<truncated>0</truncated>
		<difficult>0</difficult>
		<bndbox>
			<xmin>23</xmin>
			<ymin>622</ymin>
			<xmax>55</xmax>
			<ymax>654</ymax>
		</bndbox>
	</object>
	<object>
		<name>b7</name>
		<pose>Unspecified</pose>
		<truncated>0</truncated>
		<difficult>0</difficult>
		<bndbox>
			<xmin>120</xmin>
			<ymin>464</ymin>
			<xmax>152</xmax>
			<ymax>496</ymax>
		</bndbox>
	</object>
	<object>
		<name>b9</name>
		<pose>Unspecified</pose>
		<truncated>0</truncated>
		<difficult>0</difficult>
		<bndbox>
			<xmin>489</xmin>
			<ymin>648</ymin>
			<xmax>521</xmax>
			<ymax>680</ymax>
		</bndbox>
	</object>
	<object>
		<name>b4</name>
		<pose>Unspecified</pose>
		<truncated>0</truncated>
		<difficult>0</difficult>
		<bndbox>
			<xmin>192.8</xmin>
			<ymin>644</ymin>
			<xmax>224.8</xmax>
			<ymax>676</ymax>
		</bndbox>
	</object>
	<object>
		<name>b9</name>
		<pose>Unspecified</pose>
		<truncated>0</truncated>
		<difficult>0</difficult>
		<bndbox>
			<xmin>54.8</xmin>
			<ymin>566</ymin>
			<xmax>86.8</xmax>
			<ymax>598</ymax>
		</bndbox>
	</object>
	<object>
		<name>b8</name>
		<pose>Unspecified</pose>
		<truncated>0</truncated>
		<difficult>0</difficult>
		<bndbox>
			<xmin>206</xmin>
			<ymin>442.4</ymin>
			<xmax>238</xmax>
			<ymax>474.4</ymax>
		</bndbox>
	</object>
	<object>
		<name>b10</name>
		<pose>Unspecified</pose>
		<truncated>0</truncated>
		<difficult>0</difficult>
		<bndbox>
			<xmin>261.2</xmin>
			<ymin>632</ymin>
			<xmax>293.2</xmax>
			<ymax>664</ymax>
		</bndbox>
	</object>
	<object>
		<name>b4</name>
		<pose>Unspecified</pose>
		<truncated>0</truncated>
		<difficult>0</difficult>
		<bndbox>
			<xmin>207.2</xmin>
			<ymin>639.2</ymin>
			<xmax>239.2</xmax>
			<ymax>671.2</ymax>
		</bndbox>
	</object>
	<object>
		<name>b4</name>
		<pose>Unspecified</pose>
		<truncated>0</truncated>
		<difficult>0</difficult>
		<bndbox>
			<xmin>191.36</xmin>
			<ymin>643.52</ymin>
			<xmax>223.36</xmax>
			<ymax>675.52</ymax>
		</bndbox>
	</object>
	<object>
		<name>b7</name>
		<pose>Unspecified</pose>
		<truncated>0</truncated>
		<difficult>0</difficult>
		<bndbox>
			<xmin>153.92</xmin>
			<ymin>666.56</ymin>
			<xmax>185.92</xmax>
			<ymax>698.56</ymax>
		</bndbox>
	</object>
	<object>
		<name>b10</name>
		<pose>Unspecified</pose>
		<truncated>0</truncated>
		<difficult>0</difficult>
		<bndbox>
			<xmin>178.4</xmin>
			<ymin>591.68</ymin>
			<xmax>210.4</xmax>
			<ymax>623.68</ymax>
		</bndbox>
	</object>
	<object>
		<name>b5</name>
		<pose>Unspecified</pose>
		<truncated>0</truncated>
		<difficult>0</difficult>
		<bndbox>
			<xmin>188.48</xmin>
			<ymin>450.56</ymin>
			<xmax>220.48</xmax>
			<ymax>482.56</ymax>
		</bndbox>
	</object>
	<object>
		<name>b4</name>
		<pose>Unspecified</pose>
		<truncated>0</truncated>
		<difficult>0</difficult>
		<bndbox>
			<xmin>198.56</xmin>
			<ymin>636.32</ymin>
			<xmax>230.56</xmax>
			<ymax>668.32</ymax>
		</bndbox>
	</object>
	<object>
		<name>b3</name>
		<pose>Unspecified</pose>
		<truncated>0</truncated>
		<difficult>0</difficult>
		<bndbox>
			<xmin>198.56</xmin>
			<ymin>623.36</ymin>
			<xmax>230.56</xmax>
			<ymax>655.36</ymax>
		</bndbox>
	</object>
	<object>
		<name>b4</name>
		<pose>Unspecified</pose>
		<truncated>0</truncated>
		<difficult>0</difficult>
		<bndbox>
			<xmin>198.272</xmin>
			<ymin>635.456</ymin>
			<xmax>230.272</xmax>
			<ymax>667.456</ymax>
		</bndbox>
	</object>
	<object>
		<name>b4</name>
		<pose>Unspecified</pose>
		<truncated>0</truncated>
		<difficult>0</difficult>
		<bndbox>
			<xmin>208.64</xmin>
			<ymin>642.368</ymin>
			<xmax>240.64</xmax>
			<ymax>674.368</ymax>
		</bndbox>
	</object>
	<object>
		<name>b9</name>
		<pose>Unspecified</pose>
		<truncated>0</truncated>
		<difficult>0</difficult>
		<bndbox>
			<xmin>358.976</xmin>
			<ymin>638.912</ymin>
			<xmax>390.976</xmax>
			<ymax>670.912</ymax>
		</bndbox>
	</object>
	<object>
		<name>b6</name>
		<pose>Unspecified</pose>
		<truncated>0</truncated>
		<difficult>0</difficult>
		<bndbox>
			<xmin>49.664</xmin>
			<ymin>621.632</ymin>
			<xmax>81.664</xmax>
			<ymax>653.632</ymax>
		</bndbox>
	</object>
	<object>
		<name>b9</name>
		<pose>Unspecified</pose>
		<truncated>0</truncated>
		<difficult>0</difficult>
		<bndbox>
			<xmin>236.979</xmin>
			<ymin>639.258</ymin>
			<xmax>268.979</xmax>
			<ymax>671.258</ymax>
		</bndbox>
	</object>
	<object>
		<name>b4</name>
		<pose>Unspecified</pose>
		<truncated>0</truncated>
		<difficult>0</difficult>
		<bndbox>
			<xmin>207.949</xmin>
			<ymin>640.917</ymin>
			<xmax>239.949</xmax>
			<ymax>672.917</ymax>
		</bndbox>
	</object>
	<object>
		<name>b5</name>
		<pose>Unspecified</pose>
		<truncated>0</truncated>
		<difficult>0</difficult>
		<bndbox>
			<xmin>188.042</xmin>
			<ymin>439.363</ymin>
			<xmax>220.042</xmax>
			<ymax>471.363</ymax>
		</bndbox>
	</object>
	<object>
		<name>b7</name>
		<pose>Unspecified</pose>
		<truncated>0</truncated>
		<difficult>0</difficult>
		<bndbox>
			<xmin>160.173</xmin>
			<ymin>679.734</ymin>
			<xmax>192.173</xmax>
			<ymax>711.734</ymax>
		</bndbox>
	</object>
	<object>
		<name>b4</name>
		<pose>Unspecified</pose>
		<truncated>0</truncated>
		<difficult>0</difficult>
		<bndbox>
			<xmin>196.005</xmin>
			<ymin>623.001</ymin>
			<xmax>228.005</xmax>
			<ymax>655.001</ymax>
		</bndbox>
	</object>
	<object>
		<name>b7</name>
		<pose>Unspecified</pose>
		<truncated>0</truncated>
		<difficult>0</difficult>
		<bndbox>
			<xmin>120.161</xmin>
			<ymin>478.479</ymin>
			<xmax>152.161</xmax>
			<ymax>510.479</ymax>
		</bndbox>
	</object>
</annotation>
