<annotation>
	<folder>VOC2007</folder>
	<filename>000319.jpg</filename>
	<source>
		<database>My Database</database>
		<annotation>VOC2007</annotation>
		<image>flickr</image>
		<flickrid>NULL</flickrid>
	</source>
	<owner>
		<flickrid>NULL</flickrid>
		<name>shaochunyan</name>
	</owner>
	<size>
		<width>720</width>
		<height>1280</height>
		<depth>3</depth>
	</size>
	<segmented>0</segmented>
	<object>
		<name>b5</name>
		<pose>Unspecified</pose>
		<truncated>0</truncated>
		<difficult>0</difficult>
		<bndbox>
			<xmin>276</xmin>
			<ymin>542</ymin>
			<xmax>308</xmax>
			<ymax>574</ymax>
		</bndbox>
	</object>
	<object>
		<name>b9</name>
		<pose>Unspecified</pose>
		<truncated>0</truncated>
		<difficult>0</difficult>
		<bndbox>
			<xmin>540.8</xmin>
			<ymin>652.4</ymin>
			<xmax>572.8</xmax>
			<ymax>684.4</ymax>
		</bndbox>
	</object>
	<object>
		<name>b9</name>
		<pose>Unspecified</pose>
		<truncated>0</truncated>
		<difficult>0</difficult>
		<bndbox>
			<xmin>502.4</xmin>
			<ymin>627.2</ymin>
			<xmax>534.4</xmax>
			<ymax>659.2</ymax>
		</bndbox>
	</object>
	<object>
		<name>b9</name>
		<pose>Unspecified</pose>
		<truncated>0</truncated>
		<difficult>0</difficult>
		<bndbox>
			<xmin>484.4</xmin>
			<ymin>621.2</ymin>
			<xmax>516.4</xmax>
			<ymax>653.2</ymax>
		</bndbox>
	</object>
	<object>
		<name>b8</name>
		<pose>Unspecified</pose>
		<truncated>0</truncated>
		<difficult>0</difficult>
		<bndbox>
			<xmin>64.4</xmin>
			<ymin>453.2</ymin>
			<xmax>96.4</xmax>
			<ymax>485.2</ymax>
		</bndbox>
	</object>
	<object>
		<name>b9</name>
		<pose>Unspecified</pose>
		<truncated>0</truncated>
		<difficult>0</difficult>
		<bndbox>
			<xmin>57.44</xmin>
			<ymin>416</ymin>
			<xmax>89.44</xmax>
			<ymax>448</ymax>
		</bndbox>
	</object>
	<object>
		<name>b9</name>
		<pose>Unspecified</pose>
		<truncated>0</truncated>
		<difficult>0</difficult>
		<bndbox>
			<xmin>598.88</xmin>
			<ymin>669.44</ymin>
			<xmax>630.88</xmax>
			<ymax>701.44</ymax>
		</bndbox>
	</object>
	<object>
		<name>b8</name>
		<pose>Unspecified</pose>
		<truncated>0</truncated>
		<difficult>0</difficult>
		<bndbox>
			<xmin>103.52</xmin>
			<ymin>452</ymin>
			<xmax>135.52</xmax>
			<ymax>484</ymax>
		</bndbox>
	</object>
	<object>
		<name>b9</name>
		<pose>Unspecified</pose>
		<truncated>0</truncated>
		<difficult>0</difficult>
		<bndbox>
			<xmin>542.144</xmin>
			<ymin>647.552</ymin>
			<xmax>574.144</xmax>
			<ymax>679.552</ymax>
		</bndbox>
	</object>
	<object>
		<name>b8</name>
		<pose>Unspecified</pose>
		<truncated>0</truncated>
		<difficult>0</difficult>
		<bndbox>
			<xmin>570.829</xmin>
			<ymin>577.05</ymin>
			<xmax>602.829</xmax>
			<ymax>609.05</ymax>
		</bndbox>
	</object>
	<object>
		<name>b4</name>
		<pose>Unspecified</pose>
		<truncated>0</truncated>
		<difficult>0</difficult>
		<bndbox>
			<xmin>334.853</xmin>
			<ymin>516.501</ymin>
			<xmax>366.853</xmax>
			<ymax>548.501</ymax>
		</bndbox>
	</object>
	<object>
		<name>b7</name>
		<pose>Unspecified</pose>
		<truncated>0</truncated>
		<difficult>0</difficult>
		<bndbox>
			<xmin>434.884</xmin>
			<ymin>488.631</ymin>
			<xmax>466.884</xmax>
			<ymax>520.631</ymax>
		</bndbox>
	</object>
	<object>
		<name>b8</name>
		<pose>Unspecified</pose>
		<truncated>0</truncated>
		<difficult>0</difficult>
		<bndbox>
			<xmin>378.15</xmin>
			<ymin>497.589</ymin>
			<xmax>410.15</xmax>
			<ymax>529.589</ymax>
		</bndbox>
	</object>
	<object>
		<name>b10</name>
		<pose>Unspecified</pose>
		<truncated>0</truncated>
		<difficult>0</difficult>
		<bndbox>
			<xmin>121.355</xmin>
			<ymin>652.861</ymin>
			<xmax>153.355</xmax>
			<ymax>684.861</ymax>
		</bndbox>
	</object>
	<object>
		<name>b5</name>
		<pose>Unspecified</pose>
		<truncated>0</truncated>
		<difficult>0</difficult>
		<bndbox>
			<xmin>133</xmin>
			<ymin>544</ymin>
			<xmax>165</xmax>
			<ymax>576</ymax>
		</bndbox>
	</object>
	<object>
		<name>g1</name>
		<pose>Unspecified</pose>
		<truncated>0</truncated>
		<difficult>0</difficult>
		<bndbox>
			<xmin>142</xmin>
			<ymin>573</ymin>
			<xmax>174</xmax>
			<ymax>605</ymax>
		</bndbox>
	</object>
	<object>
		<name>b6</name>
		<pose>Unspecified</pose>
		<truncated>0</truncated>
		<difficult>0</difficult>
		<bndbox>
			<xmin>124</xmin>
			<ymin>534</ymin>
			<xmax>156</xmax>
			<ymax>566</ymax>
		</bndbox>
	</object>
	<object>
		<name>b8</name>
		<pose>Unspecified</pose>
		<truncated>0</truncated>
		<difficult>0</difficult>
		<bndbox>
			<xmin>618</xmin>
			<ymin>617</ymin>
			<xmax>650</xmax>
			<ymax>649</ymax>
		</bndbox>
	</object>
	<object>
		<name>b8</name>
		<pose>Unspecified</pose>
		<truncated>0</truncated>
		<difficult>0</difficult>
		<bndbox>
			<xmin>502.4</xmin>
			<ymin>627.2</ymin>
			<xmax>534.4</xmax>
			<ymax>659.2</ymax>
		</bndbox>
	</object>
	<object>
		<name>b7</name>
		<pose>Unspecified</pose>
		<truncated>0</truncated>
		<difficult>0</difficult>
		<bndbox>
			<xmin>588.8</xmin>
			<ymin>636.8</ymin>
			<xmax>620.8</xmax>
			<ymax>668.8</ymax>
		</bndbox>
	</object>
	<object>
		<name>b9</name>
		<pose>Unspecified</pose>
		<truncated>0</truncated>
		<difficult>0</difficult>
		<bndbox>
			<xmin>38</xmin>
			<ymin>420.8</ymin>
			<xmax>70</xmax>
			<ymax>452.8</ymax>
		</bndbox>
	</object>
	<object>
		<name>g10</name>
		<pose>Unspecified</pose>
		<truncated>0</truncated>
		<difficult>0</difficult>
		<bndbox>
			<xmin>420.8</xmin>
			<ymin>537.2</ymin>
			<xmax>452.8</xmax>
			<ymax>569.2</ymax>
		</bndbox>
	</object>
	<object>
		<name>b8</name>
		<pose>Unspecified</pose>
		<truncated>0</truncated>
		<difficult>0</difficult>
		<bndbox>
			<xmin>374</xmin>
			<ymin>519.2</ymin>
			<xmax>406</xmax>
			<ymax>551.2</ymax>
		</bndbox>
	</object>
	<object>
		<name>b8</name>
		<pose>Unspecified</pose>
		<truncated>0</truncated>
		<difficult>0</difficult>
		<bndbox>
			<xmin>588.8</xmin>
			<ymin>637.76</ymin>
			<xmax>620.8</xmax>
			<ymax>669.76</ymax>
		</bndbox>
	</object>
	<object>
		<name>b4</name>
		<pose>Unspecified</pose>
		<truncated>0</truncated>
		<difficult>0</difficult>
		<bndbox>
			<xmin>380</xmin>
			<ymin>588.8</ymin>
			<xmax>412</xmax>
			<ymax>620.8</ymax>
		</bndbox>
	</object>
	<object>
		<name>b5</name>
		<pose>Unspecified</pose>
		<truncated>0</truncated>
		<difficult>0</difficult>
		<bndbox>
			<xmin>274.88</xmin>
			<ymin>544.16</ymin>
			<xmax>306.88</xmax>
			<ymax>576.16</ymax>
		</bndbox>
	</object>
	<object>
		<name>b7</name>
		<pose>Unspecified</pose>
		<truncated>0</truncated>
		<difficult>0</difficult>
		<bndbox>
			<xmin>372.8</xmin>
			<ymin>531.776</ymin>
			<xmax>404.8</xmax>
			<ymax>563.776</ymax>
		</bndbox>
	</object>
	<object>
		<name>b8</name>
		<pose>Unspecified</pose>
		<truncated>0</truncated>
		<difficult>0</difficult>
		<bndbox>
			<xmin>377.984</xmin>
			<ymin>498.253</ymin>
			<xmax>409.984</xmax>
			<ymax>530.253</ymax>
		</bndbox>
	</object>
	<object>
		<name>b9</name>
		<pose>Unspecified</pose>
		<truncated>0</truncated>
		<difficult>0</difficult>
		<bndbox>
			<xmin>130.811</xmin>
			<ymin>451.804</ymin>
			<xmax>162.811</xmax>
			<ymax>483.804</ymax>
		</bndbox>
	</object>
	<object>
		<name>b8</name>
		<pose>Unspecified</pose>
		<truncated>0</truncated>
		<difficult>0</difficult>
		<bndbox>
			<xmin>501.571</xmin>
			<ymin>625.987</ymin>
			<xmax>533.571</xmax>
			<ymax>657.987</ymax>
		</bndbox>
	</object>
	<object>
		<name>b9</name>
		<pose>Unspecified</pose>
		<truncated>0</truncated>
		<difficult>0</difficult>
		<bndbox>
			<xmin>613.545</xmin>
			<ymin>665.8</ymin>
			<xmax>645.545</xmax>
			<ymax>697.8</ymax>
		</bndbox>
	</object>
	<object>
		<name>g1</name>
		<pose>Unspecified</pose>
		<truncated>0</truncated>
		<difficult>0</difficult>
		<bndbox>
			<xmin>599.113</xmin>
			<ymin>551.337</ymin>
			<xmax>631.113</xmax>
			<ymax>583.337</ymax>
		</bndbox>
	</object>
	<object>
		<name>b2</name>
		<pose>Unspecified</pose>
		<truncated>0</truncated>
		<difficult>0</difficult>
		<bndbox>
			<xmin>58</xmin>
			<ymin>416</ymin>
			<xmax>90</xmax>
			<ymax>448</ymax>
		</bndbox>
	</object>
	<object>
		<name>b2</name>
		<pose>Unspecified</pose>
		<truncated>0</truncated>
		<difficult>0</difficult>
		<bndbox>
			<xmin>61</xmin>
			<ymin>417</ymin>
			<xmax>93</xmax>
			<ymax>449</ymax>
		</bndbox>
	</object>
	<object>
		<name>b9</name>
		<pose>Unspecified</pose>
		<truncated>0</truncated>
		<difficult>0</difficult>
		<bndbox>
			<xmin>578</xmin>
			<ymin>563</ymin>
			<xmax>610</xmax>
			<ymax>595</ymax>
		</bndbox>
	</object>
	<object>
		<name>g4</name>
		<pose>Unspecified</pose>
		<truncated>0</truncated>
		<difficult>0</difficult>
		<bndbox>
			<xmin>369</xmin>
			<ymin>430</ymin>
			<xmax>401</xmax>
			<ymax>462</ymax>
		</bndbox>
	</object>
	<object>
		<name>b3</name>
		<pose>Unspecified</pose>
		<truncated>0</truncated>
		<difficult>0</difficult>
		<bndbox>
			<xmin>46.4</xmin>
			<ymin>416</ymin>
			<xmax>78.4</xmax>
			<ymax>448</ymax>
		</bndbox>
	</object>
	<object>
		<name>b2</name>
		<pose>Unspecified</pose>
		<truncated>0</truncated>
		<difficult>0</difficult>
		<bndbox>
			<xmin>57.2</xmin>
			<ymin>416</ymin>
			<xmax>89.2</xmax>
			<ymax>448</ymax>
		</bndbox>
	</object>
	<object>
		<name>b2</name>
		<pose>Unspecified</pose>
		<truncated>0</truncated>
		<difficult>0</difficult>
		<bndbox>
			<xmin>60.8</xmin>
			<ymin>416</ymin>
			<xmax>92.8</xmax>
			<ymax>448</ymax>
		</bndbox>
	</object>
	<object>
		<name>b4</name>
		<pose>Unspecified</pose>
		<truncated>0</truncated>
		<difficult>0</difficult>
		<bndbox>
			<xmin>42.8</xmin>
			<ymin>417.2</ymin>
			<xmax>74.8</xmax>
			<ymax>449.2</ymax>
		</bndbox>
	</object>
	<object>
		<name>g10</name>
		<pose>Unspecified</pose>
		<truncated>0</truncated>
		<difficult>0</difficult>
		<bndbox>
			<xmin>660.8</xmin>
			<ymin>646.4</ymin>
			<xmax>692.8</xmax>
			<ymax>678.4</ymax>
		</bndbox>
	</object>
	<object>
		<name>b6</name>
		<pose>Unspecified</pose>
		<truncated>0</truncated>
		<difficult>0</difficult>
		<bndbox>
			<xmin>34.4</xmin>
			<ymin>418.4</ymin>
			<xmax>66.4</xmax>
			<ymax>450.4</ymax>
		</bndbox>
	</object>
	<object>
		<name>b4</name>
		<pose>Unspecified</pose>
		<truncated>0</truncated>
		<difficult>0</difficult>
		<bndbox>
			<xmin>33.2</xmin>
			<ymin>462.8</ymin>
			<xmax>65.2</xmax>
			<ymax>494.8</ymax>
		</bndbox>
	</object>
	<object>
		<name>b4</name>
		<pose>Unspecified</pose>
		<truncated>0</truncated>
		<difficult>0</difficult>
		<bndbox>
			<xmin>43.04</xmin>
			<ymin>416</ymin>
			<xmax>75.04</xmax>
			<ymax>448</ymax>
		</bndbox>
	</object>
	<object>
		<name>b2</name>
		<pose>Unspecified</pose>
		<truncated>0</truncated>
		<difficult>0</difficult>
		<bndbox>
			<xmin>57.44</xmin>
			<ymin>416</ymin>
			<xmax>89.44</xmax>
			<ymax>448</ymax>
		</bndbox>
	</object>
	<object>
		<name>b9</name>
		<pose>Unspecified</pose>
		<truncated>0</truncated>
		<difficult>0</difficult>
		<bndbox>
			<xmin>138.08</xmin>
			<ymin>669.44</ymin>
			<xmax>170.08</xmax>
			<ymax>701.44</ymax>
		</bndbox>
	</object>
	<object>
		<name>b4</name>
		<pose>Unspecified</pose>
		<truncated>0</truncated>
		<difficult>0</difficult>
		<bndbox>
			<xmin>32.96</xmin>
			<ymin>462.08</ymin>
			<xmax>64.96</xmax>
			<ymax>494.08</ymax>
		</bndbox>
	</object>
	<object>
		<name>b9</name>
		<pose>Unspecified</pose>
		<truncated>0</truncated>
		<difficult>0</difficult>
		<bndbox>
			<xmin>130.88</xmin>
			<ymin>452.288</ymin>
			<xmax>162.88</xmax>
			<ymax>484.288</ymax>
		</bndbox>
	</object>
	<object>
		<name>b8</name>
		<pose>Unspecified</pose>
		<truncated>0</truncated>
		<difficult>0</difficult>
		<bndbox>
			<xmin>56.576</xmin>
			<ymin>454.016</ymin>
			<xmax>88.576</xmax>
			<ymax>486.016</ymax>
		</bndbox>
	</object>
	<object>
		<name>b4</name>
		<pose>Unspecified</pose>
		<truncated>0</truncated>
		<difficult>0</difficult>
		<bndbox>
			<xmin>334.853</xmin>
			<ymin>516.501</ymin>
			<xmax>366.853</xmax>
			<ymax>548.501</ymax>
		</bndbox>
	</object>
	<object>
		<name>b7</name>
		<pose>Unspecified</pose>
		<truncated>0</truncated>
		<difficult>0</difficult>
		<bndbox>
			<xmin>503.561</xmin>
			<ymin>587.169</ymin>
			<xmax>535.561</xmax>
			<ymax>619.169</ymax>
		</bndbox>
	</object>
	<object>
		<name>b8</name>
		<pose>Unspecified</pose>
		<truncated>0</truncated>
		<difficult>0</difficult>
		<bndbox>
			<xmin>554.323</xmin>
			<ymin>521.477</ymin>
			<xmax>586.323</xmax>
			<ymax>553.477</ymax>
		</bndbox>
	</object>
	<object>
		<name>g4</name>
		<pose>Unspecified</pose>
		<truncated>0</truncated>
		<difficult>0</difficult>
		<bndbox>
			<xmin>354.262</xmin>
			<ymin>431.898</ymin>
			<xmax>386.262</xmax>
			<ymax>463.898</ymax>
		</bndbox>
	</object>
	<object>
		<name>g1</name>
		<pose>Unspecified</pose>
		<truncated>0</truncated>
		<difficult>0</difficult>
		<bndbox>
			<xmin>599.113</xmin>
			<ymin>551.337</ymin>
			<xmax>631.113</xmax>
			<ymax>583.337</ymax>
		</bndbox>
	</object>
</annotation>
