<annotation>
	<folder>VOC2007</folder>
	<filename>000346.jpg</filename>
	<source>
		<database>My Database</database>
		<annotation>VOC2007</annotation>
		<image>flickr</image>
		<flickrid>NULL</flickrid>
	</source>
	<owner>
		<flickrid>NULL</flickrid>
		<name>shaochunyan</name>
	</owner>
	<size>
		<width>720</width>
		<height>1280</height>
		<depth>3</depth>
	</size>
	<segmented>0</segmented>
	<object>
		<name>b6</name>
		<pose>Unspecified</pose>
		<truncated>0</truncated>
		<difficult>0</difficult>
		<bndbox>
			<xmin>565</xmin>
			<ymin>584</ymin>
			<xmax>597</xmax>
			<ymax>616</ymax>
		</bndbox>
	</object>
	<object>
		<name>b7</name>
		<pose>Unspecified</pose>
		<truncated>0</truncated>
		<difficult>0</difficult>
		<bndbox>
			<xmin>361</xmin>
			<ymin>611</ymin>
			<xmax>393</xmax>
			<ymax>643</ymax>
		</bndbox>
	</object>
	<object>
		<name>b9</name>
		<pose>Unspecified</pose>
		<truncated>0</truncated>
		<difficult>0</difficult>
		<bndbox>
			<xmin>606</xmin>
			<ymin>607</ymin>
			<xmax>638</xmax>
			<ymax>639</ymax>
		</bndbox>
	</object>
	<object>
		<name>g1</name>
		<pose>Unspecified</pose>
		<truncated>0</truncated>
		<difficult>0</difficult>
		<bndbox>
			<xmin>77</xmin>
			<ymin>416</ymin>
			<xmax>109</xmax>
			<ymax>448</ymax>
		</bndbox>
	</object>
	<object>
		<name>b5</name>
		<pose>Unspecified</pose>
		<truncated>0</truncated>
		<difficult>0</difficult>
		<bndbox>
			<xmin>187</xmin>
			<ymin>501</ymin>
			<xmax>219</xmax>
			<ymax>533</ymax>
		</bndbox>
	</object>
	<object>
		<name>b9</name>
		<pose>Unspecified</pose>
		<truncated>0</truncated>
		<difficult>0</difficult>
		<bndbox>
			<xmin>543.2</xmin>
			<ymin>616.4</ymin>
			<xmax>575.2</xmax>
			<ymax>648.4</ymax>
		</bndbox>
	</object>
	<object>
		<name>b8</name>
		<pose>Unspecified</pose>
		<truncated>0</truncated>
		<difficult>0</difficult>
		<bndbox>
			<xmin>316.4</xmin>
			<ymin>563.6</ymin>
			<xmax>348.4</xmax>
			<ymax>595.6</ymax>
		</bndbox>
	</object>
	<object>
		<name>b6</name>
		<pose>Unspecified</pose>
		<truncated>0</truncated>
		<difficult>0</difficult>
		<bndbox>
			<xmin>583.04</xmin>
			<ymin>632</ymin>
			<xmax>615.04</xmax>
			<ymax>664</ymax>
		</bndbox>
	</object>
	<object>
		<name>b4</name>
		<pose>Unspecified</pose>
		<truncated>0</truncated>
		<difficult>0</difficult>
		<bndbox>
			<xmin>424.64</xmin>
			<ymin>594.56</ymin>
			<xmax>456.64</xmax>
			<ymax>626.56</ymax>
		</bndbox>
	</object>
	<object>
		<name>b7</name>
		<pose>Unspecified</pose>
		<truncated>0</truncated>
		<difficult>0</difficult>
		<bndbox>
			<xmin>361.28</xmin>
			<ymin>610.4</ymin>
			<xmax>393.28</xmax>
			<ymax>642.4</ymax>
		</bndbox>
	</object>
	<object>
		<name>b7</name>
		<pose>Unspecified</pose>
		<truncated>0</truncated>
		<difficult>0</difficult>
		<bndbox>
			<xmin>316.64</xmin>
			<ymin>561.44</ymin>
			<xmax>348.64</xmax>
			<ymax>593.44</ymax>
		</bndbox>
	</object>
	<object>
		<name>b8</name>
		<pose>Unspecified</pose>
		<truncated>0</truncated>
		<difficult>0</difficult>
		<bndbox>
			<xmin>649.28</xmin>
			<ymin>567.2</ymin>
			<xmax>681.28</xmax>
			<ymax>599.2</ymax>
		</bndbox>
	</object>
	<object>
		<name>b6</name>
		<pose>Unspecified</pose>
		<truncated>0</truncated>
		<difficult>0</difficult>
		<bndbox>
			<xmin>629.12</xmin>
			<ymin>561.44</ymin>
			<xmax>661.12</xmax>
			<ymax>593.44</ymax>
		</bndbox>
	</object>
	<object>
		<name>b6</name>
		<pose>Unspecified</pose>
		<truncated>0</truncated>
		<difficult>0</difficult>
		<bndbox>
			<xmin>58.88</xmin>
			<ymin>427.52</ymin>
			<xmax>90.88</xmax>
			<ymax>459.52</ymax>
		</bndbox>
	</object>
	<object>
		<name>b9</name>
		<pose>Unspecified</pose>
		<truncated>0</truncated>
		<difficult>0</difficult>
		<bndbox>
			<xmin>250.4</xmin>
			<ymin>466.4</ymin>
			<xmax>282.4</xmax>
			<ymax>498.4</ymax>
		</bndbox>
	</object>
	<object>
		<name>b6</name>
		<pose>Unspecified</pose>
		<truncated>0</truncated>
		<difficult>0</difficult>
		<bndbox>
			<xmin>595.712</xmin>
			<ymin>566.336</ymin>
			<xmax>627.712</xmax>
			<ymax>598.336</ymax>
		</bndbox>
	</object>
	<object>
		<name>b4</name>
		<pose>Unspecified</pose>
		<truncated>0</truncated>
		<difficult>0</difficult>
		<bndbox>
			<xmin>41.024</xmin>
			<ymin>417.728</ymin>
			<xmax>73.024</xmax>
			<ymax>449.728</ymax>
		</bndbox>
	</object>
	<object>
		<name>b9</name>
		<pose>Unspecified</pose>
		<truncated>0</truncated>
		<difficult>0</difficult>
		<bndbox>
			<xmin>542.144</xmin>
			<ymin>616.448</ymin>
			<xmax>574.144</xmax>
			<ymax>648.448</ymax>
		</bndbox>
	</object>
	<object>
		<name>b9</name>
		<pose>Unspecified</pose>
		<truncated>0</truncated>
		<difficult>0</difficult>
		<bndbox>
			<xmin>547.328</xmin>
			<ymin>447.104</ymin>
			<xmax>579.328</xmax>
			<ymax>479.104</ymax>
		</bndbox>
	</object>
	<object>
		<name>b5</name>
		<pose>Unspecified</pose>
		<truncated>0</truncated>
		<difficult>0</difficult>
		<bndbox>
			<xmin>182.72</xmin>
			<ymin>514.496</ymin>
			<xmax>214.72</xmax>
			<ymax>546.496</ymax>
		</bndbox>
	</object>
	<object>
		<name>b8</name>
		<pose>Unspecified</pose>
		<truncated>0</truncated>
		<difficult>0</difficult>
		<bndbox>
			<xmin>523.136</xmin>
			<ymin>562.534</ymin>
			<xmax>555.136</xmax>
			<ymax>594.534</ymax>
		</bndbox>
	</object>
	<object>
		<name>b7</name>
		<pose>Unspecified</pose>
		<truncated>0</truncated>
		<difficult>0</difficult>
		<bndbox>
			<xmin>311.629</xmin>
			<ymin>537.651</ymin>
			<xmax>343.629</xmax>
			<ymax>569.651</ymax>
		</bndbox>
	</object>
	<object>
		<name>b8</name>
		<pose>Unspecified</pose>
		<truncated>0</truncated>
		<difficult>0</difficult>
		<bndbox>
			<xmin>516.501</xmin>
			<ymin>558.802</ymin>
			<xmax>548.501</xmax>
			<ymax>590.802</ymax>
		</bndbox>
	</object>
	<object>
		<name>b5</name>
		<pose>Unspecified</pose>
		<truncated>0</truncated>
		<difficult>0</difficult>
		<bndbox>
			<xmin>188.241</xmin>
			<ymin>456.98</ymin>
			<xmax>220.241</xmax>
			<ymax>488.98</ymax>
		</bndbox>
	</object>
	<object>
		<name>b6</name>
		<pose>Unspecified</pose>
		<truncated>0</truncated>
		<difficult>0</difficult>
		<bndbox>
			<xmin>565</xmin>
			<ymin>584</ymin>
			<xmax>597</xmax>
			<ymax>616</ymax>
		</bndbox>
	</object>
	<object>
		<name>b7</name>
		<pose>Unspecified</pose>
		<truncated>0</truncated>
		<difficult>0</difficult>
		<bndbox>
			<xmin>361</xmin>
			<ymin>611</ymin>
			<xmax>393</xmax>
			<ymax>643</ymax>
		</bndbox>
	</object>
	<object>
		<name>b9</name>
		<pose>Unspecified</pose>
		<truncated>0</truncated>
		<difficult>0</difficult>
		<bndbox>
			<xmin>606</xmin>
			<ymin>607</ymin>
			<xmax>638</xmax>
			<ymax>639</ymax>
		</bndbox>
	</object>
	<object>
		<name>g1</name>
		<pose>Unspecified</pose>
		<truncated>0</truncated>
		<difficult>0</difficult>
		<bndbox>
			<xmin>77</xmin>
			<ymin>416</ymin>
			<xmax>109</xmax>
			<ymax>448</ymax>
		</bndbox>
	</object>
	<object>
		<name>b5</name>
		<pose>Unspecified</pose>
		<truncated>0</truncated>
		<difficult>0</difficult>
		<bndbox>
			<xmin>187</xmin>
			<ymin>501</ymin>
			<xmax>219</xmax>
			<ymax>533</ymax>
		</bndbox>
	</object>
	<object>
		<name>b9</name>
		<pose>Unspecified</pose>
		<truncated>0</truncated>
		<difficult>0</difficult>
		<bndbox>
			<xmin>543.2</xmin>
			<ymin>616.4</ymin>
			<xmax>575.2</xmax>
			<ymax>648.4</ymax>
		</bndbox>
	</object>
	<object>
		<name>b8</name>
		<pose>Unspecified</pose>
		<truncated>0</truncated>
		<difficult>0</difficult>
		<bndbox>
			<xmin>316.4</xmin>
			<ymin>563.6</ymin>
			<xmax>348.4</xmax>
			<ymax>595.6</ymax>
		</bndbox>
	</object>
	<object>
		<name>b6</name>
		<pose>Unspecified</pose>
		<truncated>0</truncated>
		<difficult>0</difficult>
		<bndbox>
			<xmin>583.04</xmin>
			<ymin>632</ymin>
			<xmax>615.04</xmax>
			<ymax>664</ymax>
		</bndbox>
	</object>
	<object>
		<name>b4</name>
		<pose>Unspecified</pose>
		<truncated>0</truncated>
		<difficult>0</difficult>
		<bndbox>
			<xmin>424.64</xmin>
			<ymin>594.56</ymin>
			<xmax>456.64</xmax>
			<ymax>626.56</ymax>
		</bndbox>
	</object>
	<object>
		<name>b7</name>
		<pose>Unspecified</pose>
		<truncated>0</truncated>
		<difficult>0</difficult>
		<bndbox>
			<xmin>361.28</xmin>
			<ymin>610.4</ymin>
			<xmax>393.28</xmax>
			<ymax>642.4</ymax>
		</bndbox>
	</object>
	<object>
		<name>b7</name>
		<pose>Unspecified</pose>
		<truncated>0</truncated>
		<difficult>0</difficult>
		<bndbox>
			<xmin>316.64</xmin>
			<ymin>561.44</ymin>
			<xmax>348.64</xmax>
			<ymax>593.44</ymax>
		</bndbox>
	</object>
	<object>
		<name>b8</name>
		<pose>Unspecified</pose>
		<truncated>0</truncated>
		<difficult>0</difficult>
		<bndbox>
			<xmin>649.28</xmin>
			<ymin>567.2</ymin>
			<xmax>681.28</xmax>
			<ymax>599.2</ymax>
		</bndbox>
	</object>
	<object>
		<name>b6</name>
		<pose>Unspecified</pose>
		<truncated>0</truncated>
		<difficult>0</difficult>
		<bndbox>
			<xmin>629.12</xmin>
			<ymin>561.44</ymin>
			<xmax>661.12</xmax>
			<ymax>593.44</ymax>
		</bndbox>
	</object>
	<object>
		<name>b6</name>
		<pose>Unspecified</pose>
		<truncated>0</truncated>
		<difficult>0</difficult>
		<bndbox>
			<xmin>58.88</xmin>
			<ymin>427.52</ymin>
			<xmax>90.88</xmax>
			<ymax>459.52</ymax>
		</bndbox>
	</object>
	<object>
		<name>b9</name>
		<pose>Unspecified</pose>
		<truncated>0</truncated>
		<difficult>0</difficult>
		<bndbox>
			<xmin>250.4</xmin>
			<ymin>466.4</ymin>
			<xmax>282.4</xmax>
			<ymax>498.4</ymax>
		</bndbox>
	</object>
	<object>
		<name>b6</name>
		<pose>Unspecified</pose>
		<truncated>0</truncated>
		<difficult>0</difficult>
		<bndbox>
			<xmin>595.712</xmin>
			<ymin>566.336</ymin>
			<xmax>627.712</xmax>
			<ymax>598.336</ymax>
		</bndbox>
	</object>
	<object>
		<name>b4</name>
		<pose>Unspecified</pose>
		<truncated>0</truncated>
		<difficult>0</difficult>
		<bndbox>
			<xmin>41.024</xmin>
			<ymin>417.728</ymin>
			<xmax>73.024</xmax>
			<ymax>449.728</ymax>
		</bndbox>
	</object>
	<object>
		<name>b9</name>
		<pose>Unspecified</pose>
		<truncated>0</truncated>
		<difficult>0</difficult>
		<bndbox>
			<xmin>542.144</xmin>
			<ymin>616.448</ymin>
			<xmax>574.144</xmax>
			<ymax>648.448</ymax>
		</bndbox>
	</object>
	<object>
		<name>b9</name>
		<pose>Unspecified</pose>
		<truncated>0</truncated>
		<difficult>0</difficult>
		<bndbox>
			<xmin>547.328</xmin>
			<ymin>447.104</ymin>
			<xmax>579.328</xmax>
			<ymax>479.104</ymax>
		</bndbox>
	</object>
	<object>
		<name>b5</name>
		<pose>Unspecified</pose>
		<truncated>0</truncated>
		<difficult>0</difficult>
		<bndbox>
			<xmin>182.72</xmin>
			<ymin>514.496</ymin>
			<xmax>214.72</xmax>
			<ymax>546.496</ymax>
		</bndbox>
	</object>
	<object>
		<name>b8</name>
		<pose>Unspecified</pose>
		<truncated>0</truncated>
		<difficult>0</difficult>
		<bndbox>
			<xmin>523.136</xmin>
			<ymin>562.534</ymin>
			<xmax>555.136</xmax>
			<ymax>594.534</ymax>
		</bndbox>
	</object>
	<object>
		<name>b7</name>
		<pose>Unspecified</pose>
		<truncated>0</truncated>
		<difficult>0</difficult>
		<bndbox>
			<xmin>311.629</xmin>
			<ymin>537.651</ymin>
			<xmax>343.629</xmax>
			<ymax>569.651</ymax>
		</bndbox>
	</object>
	<object>
		<name>b8</name>
		<pose>Unspecified</pose>
		<truncated>0</truncated>
		<difficult>0</difficult>
		<bndbox>
			<xmin>516.501</xmin>
			<ymin>558.802</ymin>
			<xmax>548.501</xmax>
			<ymax>590.802</ymax>
		</bndbox>
	</object>
	<object>
		<name>b5</name>
		<pose>Unspecified</pose>
		<truncated>0</truncated>
		<difficult>0</difficult>
		<bndbox>
			<xmin>188.241</xmin>
			<ymin>456.98</ymin>
			<xmax>220.241</xmax>
			<ymax>488.98</ymax>
		</bndbox>
	</object>
	<object>
		<name>b6</name>
		<pose>Unspecified</pose>
		<truncated>0</truncated>
		<difficult>0</difficult>
		<bndbox>
			<xmin>565</xmin>
			<ymin>584</ymin>
			<xmax>597</xmax>
			<ymax>616</ymax>
		</bndbox>
	</object>
	<object>
		<name>b7</name>
		<pose>Unspecified</pose>
		<truncated>0</truncated>
		<difficult>0</difficult>
		<bndbox>
			<xmin>361</xmin>
			<ymin>611</ymin>
			<xmax>393</xmax>
			<ymax>643</ymax>
		</bndbox>
	</object>
	<object>
		<name>b9</name>
		<pose>Unspecified</pose>
		<truncated>0</truncated>
		<difficult>0</difficult>
		<bndbox>
			<xmin>606</xmin>
			<ymin>607</ymin>
			<xmax>638</xmax>
			<ymax>639</ymax>
		</bndbox>
	</object>
	<object>
		<name>g1</name>
		<pose>Unspecified</pose>
		<truncated>0</truncated>
		<difficult>0</difficult>
		<bndbox>
			<xmin>77</xmin>
			<ymin>416</ymin>
			<xmax>109</xmax>
			<ymax>448</ymax>
		</bndbox>
	</object>
	<object>
		<name>b5</name>
		<pose>Unspecified</pose>
		<truncated>0</truncated>
		<difficult>0</difficult>
		<bndbox>
			<xmin>187</xmin>
			<ymin>501</ymin>
			<xmax>219</xmax>
			<ymax>533</ymax>
		</bndbox>
	</object>
	<object>
		<name>b9</name>
		<pose>Unspecified</pose>
		<truncated>0</truncated>
		<difficult>0</difficult>
		<bndbox>
			<xmin>543.2</xmin>
			<ymin>616.4</ymin>
			<xmax>575.2</xmax>
			<ymax>648.4</ymax>
		</bndbox>
	</object>
	<object>
		<name>b8</name>
		<pose>Unspecified</pose>
		<truncated>0</truncated>
		<difficult>0</difficult>
		<bndbox>
			<xmin>316.4</xmin>
			<ymin>563.6</ymin>
			<xmax>348.4</xmax>
			<ymax>595.6</ymax>
		</bndbox>
	</object>
	<object>
		<name>b6</name>
		<pose>Unspecified</pose>
		<truncated>0</truncated>
		<difficult>0</difficult>
		<bndbox>
			<xmin>583.04</xmin>
			<ymin>632</ymin>
			<xmax>615.04</xmax>
			<ymax>664</ymax>
		</bndbox>
	</object>
	<object>
		<name>b4</name>
		<pose>Unspecified</pose>
		<truncated>0</truncated>
		<difficult>0</difficult>
		<bndbox>
			<xmin>424.64</xmin>
			<ymin>594.56</ymin>
			<xmax>456.64</xmax>
			<ymax>626.56</ymax>
		</bndbox>
	</object>
	<object>
		<name>b7</name>
		<pose>Unspecified</pose>
		<truncated>0</truncated>
		<difficult>0</difficult>
		<bndbox>
			<xmin>361.28</xmin>
			<ymin>610.4</ymin>
			<xmax>393.28</xmax>
			<ymax>642.4</ymax>
		</bndbox>
	</object>
	<object>
		<name>b7</name>
		<pose>Unspecified</pose>
		<truncated>0</truncated>
		<difficult>0</difficult>
		<bndbox>
			<xmin>316.64</xmin>
			<ymin>561.44</ymin>
			<xmax>348.64</xmax>
			<ymax>593.44</ymax>
		</bndbox>
	</object>
	<object>
		<name>b8</name>
		<pose>Unspecified</pose>
		<truncated>0</truncated>
		<difficult>0</difficult>
		<bndbox>
			<xmin>649.28</xmin>
			<ymin>567.2</ymin>
			<xmax>681.28</xmax>
			<ymax>599.2</ymax>
		</bndbox>
	</object>
	<object>
		<name>b6</name>
		<pose>Unspecified</pose>
		<truncated>0</truncated>
		<difficult>0</difficult>
		<bndbox>
			<xmin>629.12</xmin>
			<ymin>561.44</ymin>
			<xmax>661.12</xmax>
			<ymax>593.44</ymax>
		</bndbox>
	</object>
	<object>
		<name>b6</name>
		<pose>Unspecified</pose>
		<truncated>0</truncated>
		<difficult>0</difficult>
		<bndbox>
			<xmin>58.88</xmin>
			<ymin>427.52</ymin>
			<xmax>90.88</xmax>
			<ymax>459.52</ymax>
		</bndbox>
	</object>
	<object>
		<name>b9</name>
		<pose>Unspecified</pose>
		<truncated>0</truncated>
		<difficult>0</difficult>
		<bndbox>
			<xmin>250.4</xmin>
			<ymin>466.4</ymin>
			<xmax>282.4</xmax>
			<ymax>498.4</ymax>
		</bndbox>
	</object>
	<object>
		<name>b6</name>
		<pose>Unspecified</pose>
		<truncated>0</truncated>
		<difficult>0</difficult>
		<bndbox>
			<xmin>595.712</xmin>
			<ymin>566.336</ymin>
			<xmax>627.712</xmax>
			<ymax>598.336</ymax>
		</bndbox>
	</object>
	<object>
		<name>b4</name>
		<pose>Unspecified</pose>
		<truncated>0</truncated>
		<difficult>0</difficult>
		<bndbox>
			<xmin>41.024</xmin>
			<ymin>417.728</ymin>
			<xmax>73.024</xmax>
			<ymax>449.728</ymax>
		</bndbox>
	</object>
	<object>
		<name>b9</name>
		<pose>Unspecified</pose>
		<truncated>0</truncated>
		<difficult>0</difficult>
		<bndbox>
			<xmin>542.144</xmin>
			<ymin>616.448</ymin>
			<xmax>574.144</xmax>
			<ymax>648.448</ymax>
		</bndbox>
	</object>
	<object>
		<name>b9</name>
		<pose>Unspecified</pose>
		<truncated>0</truncated>
		<difficult>0</difficult>
		<bndbox>
			<xmin>547.328</xmin>
			<ymin>447.104</ymin>
			<xmax>579.328</xmax>
			<ymax>479.104</ymax>
		</bndbox>
	</object>
	<object>
		<name>b5</name>
		<pose>Unspecified</pose>
		<truncated>0</truncated>
		<difficult>0</difficult>
		<bndbox>
			<xmin>182.72</xmin>
			<ymin>514.496</ymin>
			<xmax>214.72</xmax>
			<ymax>546.496</ymax>
		</bndbox>
	</object>
	<object>
		<name>b8</name>
		<pose>Unspecified</pose>
		<truncated>0</truncated>
		<difficult>0</difficult>
		<bndbox>
			<xmin>523.136</xmin>
			<ymin>562.534</ymin>
			<xmax>555.136</xmax>
			<ymax>594.534</ymax>
		</bndbox>
	</object>
	<object>
		<name>b7</name>
		<pose>Unspecified</pose>
		<truncated>0</truncated>
		<difficult>0</difficult>
		<bndbox>
			<xmin>311.629</xmin>
			<ymin>537.651</ymin>
			<xmax>343.629</xmax>
			<ymax>569.651</ymax>
		</bndbox>
	</object>
	<object>
		<name>b8</name>
		<pose>Unspecified</pose>
		<truncated>0</truncated>
		<difficult>0</difficult>
		<bndbox>
			<xmin>516.501</xmin>
			<ymin>558.802</ymin>
			<xmax>548.501</xmax>
			<ymax>590.802</ymax>
		</bndbox>
	</object>
	<object>
		<name>b5</name>
		<pose>Unspecified</pose>
		<truncated>0</truncated>
		<difficult>0</difficult>
		<bndbox>
			<xmin>188.241</xmin>
			<ymin>456.98</ymin>
			<xmax>220.241</xmax>
			<ymax>488.98</ymax>
		</bndbox>
	</object>
</annotation>
