<annotation>
	<folder>VOC2007</folder>
	<filename>000339.jpg</filename>
	<source>
		<database>My Database</database>
		<annotation>VOC2007</annotation>
		<image>flickr</image>
		<flickrid>NULL</flickrid>
	</source>
	<owner>
		<flickrid>NULL</flickrid>
		<name>shaochunyan</name>
	</owner>
	<size>
		<width>720</width>
		<height>1280</height>
		<depth>3</depth>
	</size>
	<segmented>0</segmented>
	<object>
		<name>b7</name>
		<pose>Unspecified</pose>
		<truncated>0</truncated>
		<difficult>0</difficult>
		<bndbox>
			<xmin>546</xmin>
			<ymin>615</ymin>
			<xmax>578</xmax>
			<ymax>647</ymax>
		</bndbox>
	</object>
	<object>
		<name>b7</name>
		<pose>Unspecified</pose>
		<truncated>0</truncated>
		<difficult>0</difficult>
		<bndbox>
			<xmin>525</xmin>
			<ymin>517</ymin>
			<xmax>557</xmax>
			<ymax>549</ymax>
		</bndbox>
	</object>
	<object>
		<name>b8</name>
		<pose>Unspecified</pose>
		<truncated>0</truncated>
		<difficult>0</difficult>
		<bndbox>
			<xmin>554</xmin>
			<ymin>626</ymin>
			<xmax>586</xmax>
			<ymax>658</ymax>
		</bndbox>
	</object>
	<object>
		<name>b6</name>
		<pose>Unspecified</pose>
		<truncated>0</truncated>
		<difficult>0</difficult>
		<bndbox>
			<xmin>588.8</xmin>
			<ymin>449.6</ymin>
			<xmax>620.8</xmax>
			<ymax>481.6</ymax>
		</bndbox>
	</object>
	<object>
		<name>b8</name>
		<pose>Unspecified</pose>
		<truncated>0</truncated>
		<difficult>0</difficult>
		<bndbox>
			<xmin>549.2</xmin>
			<ymin>456.8</ymin>
			<xmax>581.2</xmax>
			<ymax>488.8</ymax>
		</bndbox>
	</object>
	<object>
		<name>g1</name>
		<pose>Unspecified</pose>
		<truncated>0</truncated>
		<difficult>0</difficult>
		<bndbox>
			<xmin>218</xmin>
			<ymin>830</ymin>
			<xmax>250</xmax>
			<ymax>862</ymax>
		</bndbox>
	</object>
	<object>
		<name>b8</name>
		<pose>Unspecified</pose>
		<truncated>0</truncated>
		<difficult>0</difficult>
		<bndbox>
			<xmin>528.32</xmin>
			<ymin>630.56</ymin>
			<xmax>560.32</xmax>
			<ymax>662.56</ymax>
		</bndbox>
	</object>
	<object>
		<name>b8</name>
		<pose>Unspecified</pose>
		<truncated>0</truncated>
		<difficult>0</difficult>
		<bndbox>
			<xmin>584.48</xmin>
			<ymin>549.92</ymin>
			<xmax>616.48</xmax>
			<ymax>581.92</ymax>
		</bndbox>
	</object>
	<object>
		<name>b6</name>
		<pose>Unspecified</pose>
		<truncated>0</truncated>
		<difficult>0</difficult>
		<bndbox>
			<xmin>588.8</xmin>
			<ymin>449.12</ymin>
			<xmax>620.8</xmax>
			<ymax>481.12</ymax>
		</bndbox>
	</object>
	<object>
		<name>b6</name>
		<pose>Unspecified</pose>
		<truncated>0</truncated>
		<difficult>0</difficult>
		<bndbox>
			<xmin>580.16</xmin>
			<ymin>450.56</ymin>
			<xmax>612.16</xmax>
			<ymax>482.56</ymax>
		</bndbox>
	</object>
	<object>
		<name>b8</name>
		<pose>Unspecified</pose>
		<truncated>0</truncated>
		<difficult>0</difficult>
		<bndbox>
			<xmin>554.24</xmin>
			<ymin>618.522</ymin>
			<xmax>586.24</xmax>
			<ymax>650.522</ymax>
		</bndbox>
	</object>
	<object>
		<name>b6</name>
		<pose>Unspecified</pose>
		<truncated>0</truncated>
		<difficult>0</difficult>
		<bndbox>
			<xmin>509.036</xmin>
			<ymin>541.384</ymin>
			<xmax>541.036</xmax>
			<ymax>573.384</ymax>
		</bndbox>
	</object>
	<object>
		<name>b4</name>
		<pose>Unspecified</pose>
		<truncated>0</truncated>
		<difficult>0</difficult>
		<bndbox>
			<xmin>536.407</xmin>
			<ymin>499.082</ymin>
			<xmax>568.407</xmax>
			<ymax>531.082</ymax>
		</bndbox>
	</object>
	<object>
		<name>b6</name>
		<pose>Unspecified</pose>
		<truncated>0</truncated>
		<difficult>0</difficult>
		<bndbox>
			<xmin>539.393</xmin>
			<ymin>625.987</ymin>
			<xmax>571.393</xmax>
			<ymax>657.987</ymax>
		</bndbox>
	</object>
	<object>
		<name>b8</name>
		<pose>Unspecified</pose>
		<truncated>0</truncated>
		<difficult>0</difficult>
		<bndbox>
			<xmin>106.425</xmin>
			<ymin>509.533</ymin>
			<xmax>138.425</xmax>
			<ymax>541.533</ymax>
		</bndbox>
	</object>
	<object>
		<name>b8</name>
		<pose>Unspecified</pose>
		<truncated>0</truncated>
		<difficult>0</difficult>
		<bndbox>
			<xmin>550.143</xmin>
			<ymin>618.223</ymin>
			<xmax>582.143</xmax>
			<ymax>650.223</ymax>
		</bndbox>
	</object>
	<object>
		<name>b4</name>
		<pose>Unspecified</pose>
		<truncated>0</truncated>
		<difficult>0</difficult>
		<bndbox>
			<xmin>553</xmin>
			<ymin>502</ymin>
			<xmax>585</xmax>
			<ymax>534</ymax>
		</bndbox>
	</object>
	<object>
		<name>b4</name>
		<pose>Unspecified</pose>
		<truncated>0</truncated>
		<difficult>0</difficult>
		<bndbox>
			<xmin>415</xmin>
			<ymin>650</ymin>
			<xmax>447</xmax>
			<ymax>682</ymax>
		</bndbox>
	</object>
	<object>
		<name>b9</name>
		<pose>Unspecified</pose>
		<truncated>0</truncated>
		<difficult>0</difficult>
		<bndbox>
			<xmin>554</xmin>
			<ymin>614</ymin>
			<xmax>586</xmax>
			<ymax>646</ymax>
		</bndbox>
	</object>
	<object>
		<name>b8</name>
		<pose>Unspecified</pose>
		<truncated>0</truncated>
		<difficult>0</difficult>
		<bndbox>
			<xmin>514.4</xmin>
			<ymin>620</ymin>
			<xmax>546.4</xmax>
			<ymax>652</ymax>
		</bndbox>
	</object>
	<object>
		<name>b8</name>
		<pose>Unspecified</pose>
		<truncated>0</truncated>
		<difficult>0</difficult>
		<bndbox>
			<xmin>124.4</xmin>
			<ymin>556.4</ymin>
			<xmax>156.4</xmax>
			<ymax>588.4</ymax>
		</bndbox>
	</object>
	<object>
		<name>b9</name>
		<pose>Unspecified</pose>
		<truncated>0</truncated>
		<difficult>0</difficult>
		<bndbox>
			<xmin>554.24</xmin>
			<ymin>614.72</ymin>
			<xmax>586.24</xmax>
			<ymax>646.72</ymax>
		</bndbox>
	</object>
	<object>
		<name>b8</name>
		<pose>Unspecified</pose>
		<truncated>0</truncated>
		<difficult>0</difficult>
		<bndbox>
			<xmin>587.36</xmin>
			<ymin>646.4</ymin>
			<xmax>619.36</xmax>
			<ymax>678.4</ymax>
		</bndbox>
	</object>
	<object>
		<name>b6</name>
		<pose>Unspecified</pose>
		<truncated>0</truncated>
		<difficult>0</difficult>
		<bndbox>
			<xmin>218.72</xmin>
			<ymin>646.4</ymin>
			<xmax>250.72</xmax>
			<ymax>678.4</ymax>
		</bndbox>
	</object>
	<object>
		<name>b8</name>
		<pose>Unspecified</pose>
		<truncated>0</truncated>
		<difficult>0</difficult>
		<bndbox>
			<xmin>513.92</xmin>
			<ymin>623.36</ymin>
			<xmax>545.92</xmax>
			<ymax>655.36</ymax>
		</bndbox>
	</object>
	<object>
		<name>b4</name>
		<pose>Unspecified</pose>
		<truncated>0</truncated>
		<difficult>0</difficult>
		<bndbox>
			<xmin>214.4</xmin>
			<ymin>731.36</ymin>
			<xmax>246.4</xmax>
			<ymax>763.36</ymax>
		</bndbox>
	</object>
	<object>
		<name>b6</name>
		<pose>Unspecified</pose>
		<truncated>0</truncated>
		<difficult>0</difficult>
		<bndbox>
			<xmin>229.376</xmin>
			<ymin>640.64</ymin>
			<xmax>261.376</xmax>
			<ymax>672.64</ymax>
		</bndbox>
	</object>
	<object>
		<name>b9</name>
		<pose>Unspecified</pose>
		<truncated>0</truncated>
		<difficult>0</difficult>
		<bndbox>
			<xmin>315.776</xmin>
			<ymin>595.712</ymin>
			<xmax>347.776</xmax>
			<ymax>627.712</ymax>
		</bndbox>
	</object>
	<object>
		<name>b8</name>
		<pose>Unspecified</pose>
		<truncated>0</truncated>
		<difficult>0</difficult>
		<bndbox>
			<xmin>274.304</xmin>
			<ymin>649.626</ymin>
			<xmax>306.304</xmax>
			<ymax>681.626</ymax>
		</bndbox>
	</object>
	<object>
		<name>b8</name>
		<pose>Unspecified</pose>
		<truncated>0</truncated>
		<difficult>0</difficult>
		<bndbox>
			<xmin>518.989</xmin>
			<ymin>571.244</ymin>
			<xmax>550.989</xmax>
			<ymax>603.244</ymax>
		</bndbox>
	</object>
	<object>
		<name>b6</name>
		<pose>Unspecified</pose>
		<truncated>0</truncated>
		<difficult>0</difficult>
		<bndbox>
			<xmin>227.855</xmin>
			<ymin>640.917</ymin>
			<xmax>259.855</xmax>
			<ymax>672.917</ymax>
		</bndbox>
	</object>
	<object>
		<name>b9</name>
		<pose>Unspecified</pose>
		<truncated>0</truncated>
		<difficult>0</difficult>
		<bndbox>
			<xmin>257.715</xmin>
			<ymin>484.152</ymin>
			<xmax>289.715</xmax>
			<ymax>516.152</ymax>
		</bndbox>
	</object>
	<object>
		<name>b9</name>
		<pose>Unspecified</pose>
		<truncated>0</truncated>
		<difficult>0</difficult>
		<bndbox>
			<xmin>557.309</xmin>
			<ymin>628.973</ymin>
			<xmax>589.309</xmax>
			<ymax>660.973</ymax>
		</bndbox>
	</object>
	<object>
		<name>b8</name>
		<pose>Unspecified</pose>
		<truncated>0</truncated>
		<difficult>0</difficult>
		<bndbox>
			<xmin>527.449</xmin>
			<ymin>575.225</ymin>
			<xmax>559.449</xmax>
			<ymax>607.225</ymax>
		</bndbox>
	</object>
	<object>
		<name>b8</name>
		<pose>Unspecified</pose>
		<truncated>0</truncated>
		<difficult>0</difficult>
		<bndbox>
			<xmin>193.019</xmin>
			<ymin>817.09</ymin>
			<xmax>225.019</xmax>
			<ymax>849.09</ymax>
		</bndbox>
	</object>
	<object>
		<name>b5</name>
		<pose>Unspecified</pose>
		<truncated>0</truncated>
		<difficult>0</difficult>
		<bndbox>
			<xmin>184.658</xmin>
			<ymin>671.971</ymin>
			<xmax>216.658</xmax>
			<ymax>703.971</ymax>
		</bndbox>
	</object>
	<object>
		<name>g1</name>
		<pose>Unspecified</pose>
		<truncated>0</truncated>
		<difficult>0</difficult>
		<bndbox>
			<xmin>589</xmin>
			<ymin>376</ymin>
			<xmax>621</xmax>
			<ymax>408</ymax>
		</bndbox>
	</object>
	<object>
		<name>b6</name>
		<pose>Unspecified</pose>
		<truncated>0</truncated>
		<difficult>0</difficult>
		<bndbox>
			<xmin>515</xmin>
			<ymin>619</ymin>
			<xmax>547</xmax>
			<ymax>651</ymax>
		</bndbox>
	</object>
	<object>
		<name>b7</name>
		<pose>Unspecified</pose>
		<truncated>0</truncated>
		<difficult>0</difficult>
		<bndbox>
			<xmin>525</xmin>
			<ymin>517</ymin>
			<xmax>557</xmax>
			<ymax>549</ymax>
		</bndbox>
	</object>
	<object>
		<name>g1</name>
		<pose>Unspecified</pose>
		<truncated>0</truncated>
		<difficult>0</difficult>
		<bndbox>
			<xmin>112</xmin>
			<ymin>634</ymin>
			<xmax>144</xmax>
			<ymax>666</ymax>
		</bndbox>
	</object>
	<object>
		<name>b8</name>
		<pose>Unspecified</pose>
		<truncated>0</truncated>
		<difficult>0</difficult>
		<bndbox>
			<xmin>562.4</xmin>
			<ymin>622.4</ymin>
			<xmax>594.4</xmax>
			<ymax>654.4</ymax>
		</bndbox>
	</object>
	<object>
		<name>b6</name>
		<pose>Unspecified</pose>
		<truncated>0</truncated>
		<difficult>0</difficult>
		<bndbox>
			<xmin>508.4</xmin>
			<ymin>623.6</ymin>
			<xmax>540.4</xmax>
			<ymax>655.6</ymax>
		</bndbox>
	</object>
	<object>
		<name>b6</name>
		<pose>Unspecified</pose>
		<truncated>0</truncated>
		<difficult>0</difficult>
		<bndbox>
			<xmin>550.4</xmin>
			<ymin>471.2</ymin>
			<xmax>582.4</xmax>
			<ymax>503.2</ymax>
		</bndbox>
	</object>
	<object>
		<name>b5</name>
		<pose>Unspecified</pose>
		<truncated>0</truncated>
		<difficult>0</difficult>
		<bndbox>
			<xmin>246.08</xmin>
			<ymin>601.76</ymin>
			<xmax>278.08</xmax>
			<ymax>633.76</ymax>
		</bndbox>
	</object>
	<object>
		<name>b8</name>
		<pose>Unspecified</pose>
		<truncated>0</truncated>
		<difficult>0</difficult>
		<bndbox>
			<xmin>522.56</xmin>
			<ymin>574.4</ymin>
			<xmax>554.56</xmax>
			<ymax>606.4</ymax>
		</bndbox>
	</object>
	<object>
		<name>b6</name>
		<pose>Unspecified</pose>
		<truncated>0</truncated>
		<difficult>0</difficult>
		<bndbox>
			<xmin>509.6</xmin>
			<ymin>623.36</ymin>
			<xmax>541.6</xmax>
			<ymax>655.36</ymax>
		</bndbox>
	</object>
	<object>
		<name>b5</name>
		<pose>Unspecified</pose>
		<truncated>0</truncated>
		<difficult>0</difficult>
		<bndbox>
			<xmin>246.656</xmin>
			<ymin>602.624</ymin>
			<xmax>278.656</xmax>
			<ymax>634.624</ymax>
		</bndbox>
	</object>
	<object>
		<name>b6</name>
		<pose>Unspecified</pose>
		<truncated>0</truncated>
		<difficult>0</difficult>
		<bndbox>
			<xmin>549.056</xmin>
			<ymin>457.472</ymin>
			<xmax>581.056</xmax>
			<ymax>489.472</ymax>
		</bndbox>
	</object>
	<object>
		<name>b4</name>
		<pose>Unspecified</pose>
		<truncated>0</truncated>
		<difficult>0</difficult>
		<bndbox>
			<xmin>251.84</xmin>
			<ymin>538.688</ymin>
			<xmax>283.84</xmax>
			<ymax>570.688</ymax>
		</bndbox>
	</object>
	<object>
		<name>b5</name>
		<pose>Unspecified</pose>
		<truncated>0</truncated>
		<difficult>0</difficult>
		<bndbox>
			<xmin>340.659</xmin>
			<ymin>593.638</ymin>
			<xmax>372.659</xmax>
			<ymax>625.638</ymax>
		</bndbox>
	</object>
	<object>
		<name>b4</name>
		<pose>Unspecified</pose>
		<truncated>0</truncated>
		<difficult>0</difficult>
		<bndbox>
			<xmin>168.55</xmin>
			<ymin>676.583</ymin>
			<xmax>200.55</xmax>
			<ymax>708.583</ymax>
		</bndbox>
	</object>
	<object>
		<name>b4</name>
		<pose>Unspecified</pose>
		<truncated>0</truncated>
		<difficult>0</difficult>
		<bndbox>
			<xmin>536.407</xmin>
			<ymin>499.082</ymin>
			<xmax>568.407</xmax>
			<ymax>531.082</ymax>
		</bndbox>
	</object>
	<object>
		<name>b6</name>
		<pose>Unspecified</pose>
		<truncated>0</truncated>
		<difficult>0</difficult>
		<bndbox>
			<xmin>523.966</xmin>
			<ymin>621.01</ymin>
			<xmax>555.966</xmax>
			<ymax>653.01</ymax>
		</bndbox>
	</object>
	<object>
		<name>b8</name>
		<pose>Unspecified</pose>
		<truncated>0</truncated>
		<difficult>0</difficult>
		<bndbox>
			<xmin>561.29</xmin>
			<ymin>633.452</ymin>
			<xmax>593.29</xmax>
			<ymax>665.452</ymax>
		</bndbox>
	</object>
	<object>
		<name>b9</name>
		<pose>Unspecified</pose>
		<truncated>0</truncated>
		<difficult>0</difficult>
		<bndbox>
			<xmin>313.653</xmin>
			<ymin>593.141</ymin>
			<xmax>345.653</xmax>
			<ymax>625.141</ymax>
		</bndbox>
	</object>
	<object>
		<name>b9</name>
		<pose>Unspecified</pose>
		<truncated>0</truncated>
		<difficult>0</difficult>
		<bndbox>
			<xmin>557.309</xmin>
			<ymin>607.474</ymin>
			<xmax>589.309</xmax>
			<ymax>639.474</ymax>
		</bndbox>
	</object>
	<object>
		<name>b6</name>
		<pose>Unspecified</pose>
		<truncated>0</truncated>
		<difficult>0</difficult>
		<bndbox>
			<xmin>184.658</xmin>
			<ymin>528.644</ymin>
			<xmax>216.658</xmax>
			<ymax>560.644</ymax>
		</bndbox>
	</object>
	<object>
		<name>b8</name>
		<pose>Unspecified</pose>
		<truncated>0</truncated>
		<difficult>0</difficult>
		<bndbox>
			<xmin>550.143</xmin>
			<ymin>618.223</ymin>
			<xmax>582.143</xmax>
			<ymax>650.223</ymax>
		</bndbox>
	</object>
	<object>
		<name>b8</name>
		<pose>Unspecified</pose>
		<truncated>0</truncated>
		<difficult>0</difficult>
		<bndbox>
			<xmin>525.06</xmin>
			<ymin>575.225</ymin>
			<xmax>557.06</xmax>
			<ymax>607.225</ymax>
		</bndbox>
	</object>
</annotation>
