<annotation>
	<folder>VOC2007</folder>
	<filename>000377.jpg</filename>
	<source>
		<database>My Database</database>
		<annotation>VOC2007</annotation>
		<image>flickr</image>
		<flickrid>NULL</flickrid>
	</source>
	<owner>
		<flickrid>NULL</flickrid>
		<name>shaochunyan</name>
	</owner>
	<size>
		<width>720</width>
		<height>1280</height>
		<depth>3</depth>
	</size>
	<segmented>0</segmented>
	<object>
		<name>b4</name>
		<pose>Unspecified</pose>
		<truncated>0</truncated>
		<difficult>0</difficult>
		<bndbox>
			<xmin>56</xmin>
			<ymin>598</ymin>
			<xmax>88</xmax>
			<ymax>630</ymax>
		</bndbox>
	</object>
	<object>
		<name>b5</name>
		<pose>Unspecified</pose>
		<truncated>0</truncated>
		<difficult>0</difficult>
		<bndbox>
			<xmin>318</xmin>
			<ymin>631</ymin>
			<xmax>350</xmax>
			<ymax>663</ymax>
		</bndbox>
	</object>
	<object>
		<name>g1</name>
		<pose>Unspecified</pose>
		<truncated>0</truncated>
		<difficult>0</difficult>
		<bndbox>
			<xmin>128</xmin>
			<ymin>626.24</ymin>
			<xmax>160</xmax>
			<ymax>658.24</ymax>
		</bndbox>
	</object>
	<object>
		<name>g10</name>
		<pose>Unspecified</pose>
		<truncated>0</truncated>
		<difficult>0</difficult>
		<bndbox>
			<xmin>473.6</xmin>
			<ymin>626.24</ymin>
			<xmax>505.6</xmax>
			<ymax>658.24</ymax>
		</bndbox>
	</object>
	<object>
		<name>b4</name>
		<pose>Unspecified</pose>
		<truncated>0</truncated>
		<difficult>0</difficult>
		<bndbox>
			<xmin>218.72</xmin>
			<ymin>627.68</ymin>
			<xmax>250.72</xmax>
			<ymax>659.68</ymax>
		</bndbox>
	</object>
	<object>
		<name>b6</name>
		<pose>Unspecified</pose>
		<truncated>0</truncated>
		<difficult>0</difficult>
		<bndbox>
			<xmin>178.918</xmin>
			<ymin>633.037</ymin>
			<xmax>210.918</xmax>
			<ymax>665.037</ymax>
		</bndbox>
	</object>
	<object>
		<name>b5</name>
		<pose>Unspecified</pose>
		<truncated>0</truncated>
		<difficult>0</difficult>
		<bndbox>
			<xmin>79.3856</xmin>
			<ymin>622.669</ymin>
			<xmax>111.386</xmax>
			<ymax>654.669</ymax>
		</bndbox>
	</object>
	<object>
		<name>b6</name>
		<pose>Unspecified</pose>
		<truncated>0</truncated>
		<difficult>0</difficult>
		<bndbox>
			<xmin>479.59</xmin>
			<ymin>537.651</ymin>
			<xmax>511.59</xmax>
			<ymax>569.651</ymax>
		</bndbox>
	</object>
	<object>
		<name>b6</name>
		<pose>Unspecified</pose>
		<truncated>0</truncated>
		<difficult>0</difficult>
		<bndbox>
			<xmin>178.089</xmin>
			<ymin>633.452</ymin>
			<xmax>210.089</xmax>
			<ymax>665.452</ymax>
		</bndbox>
	</object>
	<object>
		<name>b6</name>
		<pose>Unspecified</pose>
		<truncated>0</truncated>
		<difficult>0</difficult>
		<bndbox>
			<xmin>344.806</xmin>
			<ymin>628.475</ymin>
			<xmax>376.806</xmax>
			<ymax>660.475</ymax>
		</bndbox>
	</object>
	<object>
		<name>b7</name>
		<pose>Unspecified</pose>
		<truncated>0</truncated>
		<difficult>0</difficult>
		<bndbox>
			<xmin>183.066</xmin>
			<ymin>618.522</ymin>
			<xmax>215.066</xmax>
			<ymax>650.522</ymax>
		</bndbox>
	</object>
	<object>
		<name>b5</name>
		<pose>Unspecified</pose>
		<truncated>0</truncated>
		<difficult>0</difficult>
		<bndbox>
			<xmin>172.117</xmin>
			<ymin>643.903</ymin>
			<xmax>204.117</xmax>
			<ymax>675.903</ymax>
		</bndbox>
	</object>
	<object>
		<name>b4</name>
		<pose>Unspecified</pose>
		<truncated>0</truncated>
		<difficult>0</difficult>
		<bndbox>
			<xmin>336</xmin>
			<ymin>568</ymin>
			<xmax>368</xmax>
			<ymax>600</ymax>
		</bndbox>
	</object>
	<object>
		<name>b5</name>
		<pose>Unspecified</pose>
		<truncated>0</truncated>
		<difficult>0</difficult>
		<bndbox>
			<xmin>178.4</xmin>
			<ymin>626</ymin>
			<xmax>210.4</xmax>
			<ymax>658</ymax>
		</bndbox>
	</object>
	<object>
		<name>b4</name>
		<pose>Unspecified</pose>
		<truncated>0</truncated>
		<difficult>0</difficult>
		<bndbox>
			<xmin>366.8</xmin>
			<ymin>622.4</ymin>
			<xmax>398.8</xmax>
			<ymax>654.4</ymax>
		</bndbox>
	</object>
	<object>
		<name>g3</name>
		<pose>Unspecified</pose>
		<truncated>0</truncated>
		<difficult>0</difficult>
		<bndbox>
			<xmin>344</xmin>
			<ymin>628.4</ymin>
			<xmax>376</xmax>
			<ymax>660.4</ymax>
		</bndbox>
	</object>
	<object>
		<name>b4</name>
		<pose>Unspecified</pose>
		<truncated>0</truncated>
		<difficult>0</difficult>
		<bndbox>
			<xmin>632</xmin>
			<ymin>416</ymin>
			<xmax>664</xmax>
			<ymax>448</ymax>
		</bndbox>
	</object>
	<object>
		<name>b4</name>
		<pose>Unspecified</pose>
		<truncated>0</truncated>
		<difficult>0</difficult>
		<bndbox>
			<xmin>218.72</xmin>
			<ymin>627.68</ymin>
			<xmax>250.72</xmax>
			<ymax>659.68</ymax>
		</bndbox>
	</object>
	<object>
		<name>b4</name>
		<pose>Unspecified</pose>
		<truncated>0</truncated>
		<difficult>0</difficult>
		<bndbox>
			<xmin>87.68</xmin>
			<ymin>618.176</ymin>
			<xmax>119.68</xmax>
			<ymax>650.176</ymax>
		</bndbox>
	</object>
	<object>
		<name>g3</name>
		<pose>Unspecified</pose>
		<truncated>0</truncated>
		<difficult>0</difficult>
		<bndbox>
			<xmin>343.424</xmin>
			<ymin>628.544</ymin>
			<xmax>375.424</xmax>
			<ymax>660.544</ymax>
		</bndbox>
	</object>
	<object>
		<name>g4</name>
		<pose>Unspecified</pose>
		<truncated>0</truncated>
		<difficult>0</difficult>
		<bndbox>
			<xmin>95.9744</xmin>
			<ymin>626.816</ymin>
			<xmax>127.974</xmax>
			<ymax>658.816</ymax>
		</bndbox>
	</object>
	<object>
		<name>b4</name>
		<pose>Unspecified</pose>
		<truncated>0</truncated>
		<difficult>0</difficult>
		<bndbox>
			<xmin>193.434</xmin>
			<ymin>622.669</ymin>
			<xmax>225.434</xmax>
			<ymax>654.669</ymax>
		</bndbox>
	</object>
	<object>
		<name>b4</name>
		<pose>Unspecified</pose>
		<truncated>0</truncated>
		<difficult>0</difficult>
		<bndbox>
			<xmin>193.019</xmin>
			<ymin>623.498</ymin>
			<xmax>225.019</xmax>
			<ymax>655.498</ymax>
		</bndbox>
	</object>
	<object>
		<name>g3</name>
		<pose>Unspecified</pose>
		<truncated>0</truncated>
		<difficult>0</difficult>
		<bndbox>
			<xmin>344.806</xmin>
			<ymin>628.475</ymin>
			<xmax>376.806</xmax>
			<ymax>660.475</ymax>
		</bndbox>
	</object>
	<object>
		<name>b6</name>
		<pose>Unspecified</pose>
		<truncated>0</truncated>
		<difficult>0</difficult>
		<bndbox>
			<xmin>183.066</xmin>
			<ymin>618.522</ymin>
			<xmax>215.066</xmax>
			<ymax>650.522</ymax>
		</bndbox>
	</object>
	<object>
		<name>b5</name>
		<pose>Unspecified</pose>
		<truncated>0</truncated>
		<difficult>0</difficult>
		<bndbox>
			<xmin>284.987</xmin>
			<ymin>546.56</ymin>
			<xmax>316.987</xmax>
			<ymax>578.56</ymax>
		</bndbox>
	</object>
	<object>
		<name>b4</name>
		<pose>Unspecified</pose>
		<truncated>0</truncated>
		<difficult>0</difficult>
		<bndbox>
			<xmin>56</xmin>
			<ymin>598</ymin>
			<xmax>88</xmax>
			<ymax>630</ymax>
		</bndbox>
	</object>
	<object>
		<name>b3</name>
		<pose>Unspecified</pose>
		<truncated>0</truncated>
		<difficult>0</difficult>
		<bndbox>
			<xmin>178</xmin>
			<ymin>630</ymin>
			<xmax>210</xmax>
			<ymax>662</ymax>
		</bndbox>
	</object>
	<object>
		<name>g10</name>
		<pose>Unspecified</pose>
		<truncated>0</truncated>
		<difficult>0</difficult>
		<bndbox>
			<xmin>286.4</xmin>
			<ymin>627.2</ymin>
			<xmax>318.4</xmax>
			<ymax>659.2</ymax>
		</bndbox>
	</object>
	<object>
		<name>b5</name>
		<pose>Unspecified</pose>
		<truncated>0</truncated>
		<difficult>0</difficult>
		<bndbox>
			<xmin>76.4</xmin>
			<ymin>621.2</ymin>
			<xmax>108.4</xmax>
			<ymax>653.2</ymax>
		</bndbox>
	</object>
	<object>
		<name>b4</name>
		<pose>Unspecified</pose>
		<truncated>0</truncated>
		<difficult>0</difficult>
		<bndbox>
			<xmin>178.4</xmin>
			<ymin>626</ymin>
			<xmax>210.4</xmax>
			<ymax>658</ymax>
		</bndbox>
	</object>
	<object>
		<name>b2</name>
		<pose>Unspecified</pose>
		<truncated>0</truncated>
		<difficult>0</difficult>
		<bndbox>
			<xmin>344</xmin>
			<ymin>628.4</ymin>
			<xmax>376</xmax>
			<ymax>660.4</ymax>
		</bndbox>
	</object>
	<object>
		<name>b4</name>
		<pose>Unspecified</pose>
		<truncated>0</truncated>
		<difficult>0</difficult>
		<bndbox>
			<xmin>371.36</xmin>
			<ymin>623.36</ymin>
			<xmax>403.36</xmax>
			<ymax>655.36</ymax>
		</bndbox>
	</object>
	<object>
		<name>b4</name>
		<pose>Unspecified</pose>
		<truncated>0</truncated>
		<difficult>0</difficult>
		<bndbox>
			<xmin>218.72</xmin>
			<ymin>627.68</ymin>
			<xmax>250.72</xmax>
			<ymax>659.68</ymax>
		</bndbox>
	</object>
	<object>
		<name>b2</name>
		<pose>Unspecified</pose>
		<truncated>0</truncated>
		<difficult>0</difficult>
		<bndbox>
			<xmin>343.424</xmin>
			<ymin>628.544</ymin>
			<xmax>375.424</xmax>
			<ymax>660.544</ymax>
		</bndbox>
	</object>
	<object>
		<name>b5</name>
		<pose>Unspecified</pose>
		<truncated>0</truncated>
		<difficult>0</difficult>
		<bndbox>
			<xmin>276.032</xmin>
			<ymin>535.232</ymin>
			<xmax>308.032</xmax>
			<ymax>567.232</ymax>
		</bndbox>
	</object>
	<object>
		<name>b4</name>
		<pose>Unspecified</pose>
		<truncated>0</truncated>
		<difficult>0</difficult>
		<bndbox>
			<xmin>95.9744</xmin>
			<ymin>626.816</ymin>
			<xmax>127.974</xmax>
			<ymax>658.816</ymax>
		</bndbox>
	</object>
	<object>
		<name>b3</name>
		<pose>Unspecified</pose>
		<truncated>0</truncated>
		<difficult>0</difficult>
		<bndbox>
			<xmin>178.918</xmin>
			<ymin>633.037</ymin>
			<xmax>210.918</xmax>
			<ymax>665.037</ymax>
		</bndbox>
	</object>
	<object>
		<name>b3</name>
		<pose>Unspecified</pose>
		<truncated>0</truncated>
		<difficult>0</difficult>
		<bndbox>
			<xmin>178.089</xmin>
			<ymin>633.452</ymin>
			<xmax>210.089</xmax>
			<ymax>665.452</ymax>
		</bndbox>
	</object>
	<object>
		<name>b3</name>
		<pose>Unspecified</pose>
		<truncated>0</truncated>
		<difficult>0</difficult>
		<bndbox>
			<xmin>193.019</xmin>
			<ymin>623.498</ymin>
			<xmax>225.019</xmax>
			<ymax>655.498</ymax>
		</bndbox>
	</object>
	<object>
		<name>b3</name>
		<pose>Unspecified</pose>
		<truncated>0</truncated>
		<difficult>0</difficult>
		<bndbox>
			<xmin>173.112</xmin>
			<ymin>643.405</ymin>
			<xmax>205.112</xmax>
			<ymax>675.405</ymax>
		</bndbox>
	</object>
</annotation>
