<annotation>
	<folder>VOC2007</folder>
	<filename>000303.jpg</filename>
	<source>
		<database>My Database</database>
		<annotation>VOC2007</annotation>
		<image>flickr</image>
		<flickrid>NULL</flickrid>
	</source>
	<owner>
		<flickrid>NULL</flickrid>
		<name>shaochunyan</name>
	</owner>
	<size>
		<width>720</width>
		<height>1280</height>
		<depth>3</depth>
	</size>
	<segmented>0</segmented>
	<object>
		<name>b9</name>
		<pose>Unspecified</pose>
		<truncated>0</truncated>
		<difficult>0</difficult>
		<bndbox>
			<xmin>115</xmin>
			<ymin>401</ymin>
			<xmax>147</xmax>
			<ymax>433</ymax>
		</bndbox>
	</object>
	<object>
		<name>b7</name>
		<pose>Unspecified</pose>
		<truncated>0</truncated>
		<difficult>0</difficult>
		<bndbox>
			<xmin>257.6</xmin>
			<ymin>396.8</ymin>
			<xmax>289.6</xmax>
			<ymax>428.8</ymax>
		</bndbox>
	</object>
	<object>
		<name>b9</name>
		<pose>Unspecified</pose>
		<truncated>0</truncated>
		<difficult>0</difficult>
		<bndbox>
			<xmin>149.6</xmin>
			<ymin>372.8</ymin>
			<xmax>181.6</xmax>
			<ymax>404.8</ymax>
		</bndbox>
	</object>
	<object>
		<name>b5</name>
		<pose>Unspecified</pose>
		<truncated>0</truncated>
		<difficult>0</difficult>
		<bndbox>
			<xmin>120.8</xmin>
			<ymin>606.8</ymin>
			<xmax>152.8</xmax>
			<ymax>638.8</ymax>
		</bndbox>
	</object>
	<object>
		<name>b8</name>
		<pose>Unspecified</pose>
		<truncated>0</truncated>
		<difficult>0</difficult>
		<bndbox>
			<xmin>172.64</xmin>
			<ymin>377.12</ymin>
			<xmax>204.64</xmax>
			<ymax>409.12</ymax>
		</bndbox>
	</object>
	<object>
		<name>b5</name>
		<pose>Unspecified</pose>
		<truncated>0</truncated>
		<difficult>0</difficult>
		<bndbox>
			<xmin>569.792</xmin>
			<ymin>623.36</ymin>
			<xmax>601.792</xmax>
			<ymax>655.36</ymax>
		</bndbox>
	</object>
	<object>
		<name>b8</name>
		<pose>Unspecified</pose>
		<truncated>0</truncated>
		<difficult>0</difficult>
		<bndbox>
			<xmin>108.416</xmin>
			<ymin>381.44</ymin>
			<xmax>140.416</xmax>
			<ymax>413.44</ymax>
		</bndbox>
	</object>
	<object>
		<name>b8</name>
		<pose>Unspecified</pose>
		<truncated>0</truncated>
		<difficult>0</difficult>
		<bndbox>
			<xmin>238.016</xmin>
			<ymin>398.72</ymin>
			<xmax>270.016</xmax>
			<ymax>430.72</ymax>
		</bndbox>
	</object>
	<object>
		<name>b7</name>
		<pose>Unspecified</pose>
		<truncated>0</truncated>
		<difficult>0</difficult>
		<bndbox>
			<xmin>258.752</xmin>
			<ymin>396.992</ymin>
			<xmax>290.752</xmax>
			<ymax>428.992</ymax>
		</bndbox>
	</object>
	<object>
		<name>b10</name>
		<pose>Unspecified</pose>
		<truncated>0</truncated>
		<difficult>0</difficult>
		<bndbox>
			<xmin>168.896</xmin>
			<ymin>628.544</ymin>
			<xmax>200.896</xmax>
			<ymax>660.544</ymax>
		</bndbox>
	</object>
	<object>
		<name>b5</name>
		<pose>Unspecified</pose>
		<truncated>0</truncated>
		<difficult>0</difficult>
		<bndbox>
			<xmin>637.184</xmin>
			<ymin>415.309</ymin>
			<xmax>669.184</xmax>
			<ymax>447.309</ymax>
		</bndbox>
	</object>
	<object>
		<name>b9</name>
		<pose>Unspecified</pose>
		<truncated>0</truncated>
		<difficult>0</difficult>
		<bndbox>
			<xmin>115.383</xmin>
			<ymin>378.15</ymin>
			<xmax>147.383</xmax>
			<ymax>410.15</ymax>
		</bndbox>
	</object>
	<object>
		<name>b9</name>
		<pose>Unspecified</pose>
		<truncated>0</truncated>
		<difficult>0</difficult>
		<bndbox>
			<xmin>102.245</xmin>
			<ymin>396.066</ymin>
			<xmax>134.245</xmax>
			<ymax>428.066</ymax>
		</bndbox>
	</object>
	<object>
		<name>b8</name>
		<pose>Unspecified</pose>
		<truncated>0</truncated>
		<difficult>0</difficult>
		<bndbox>
			<xmin>92</xmin>
			<ymin>433</ymin>
			<xmax>124</xmax>
			<ymax>465</ymax>
		</bndbox>
	</object>
	<object>
		<name>b8</name>
		<pose>Unspecified</pose>
		<truncated>0</truncated>
		<difficult>0</difficult>
		<bndbox>
			<xmin>215</xmin>
			<ymin>422</ymin>
			<xmax>247</xmax>
			<ymax>454</ymax>
		</bndbox>
	</object>
	<object>
		<name>b3</name>
		<pose>Unspecified</pose>
		<truncated>0</truncated>
		<difficult>0</difficult>
		<bndbox>
			<xmin>125.6</xmin>
			<ymin>369.2</ymin>
			<xmax>157.6</xmax>
			<ymax>401.2</ymax>
		</bndbox>
	</object>
	<object>
		<name>b5</name>
		<pose>Unspecified</pose>
		<truncated>0</truncated>
		<difficult>0</difficult>
		<bndbox>
			<xmin>129.2</xmin>
			<ymin>374</ymin>
			<xmax>161.2</xmax>
			<ymax>406</ymax>
		</bndbox>
	</object>
	<object>
		<name>b2</name>
		<pose>Unspecified</pose>
		<truncated>0</truncated>
		<difficult>0</difficult>
		<bndbox>
			<xmin>622.4</xmin>
			<ymin>441.2</ymin>
			<xmax>654.4</xmax>
			<ymax>473.2</ymax>
		</bndbox>
	</object>
	<object>
		<name>b8</name>
		<pose>Unspecified</pose>
		<truncated>0</truncated>
		<difficult>0</difficult>
		<bndbox>
			<xmin>110</xmin>
			<ymin>383.6</ymin>
			<xmax>142</xmax>
			<ymax>415.6</ymax>
		</bndbox>
	</object>
	<object>
		<name>b6</name>
		<pose>Unspecified</pose>
		<truncated>0</truncated>
		<difficult>0</difficult>
		<bndbox>
			<xmin>238.4</xmin>
			<ymin>398</ymin>
			<xmax>270.4</xmax>
			<ymax>430</ymax>
		</bndbox>
	</object>
	<object>
		<name>b5</name>
		<pose>Unspecified</pose>
		<truncated>0</truncated>
		<difficult>0</difficult>
		<bndbox>
			<xmin>129.44</xmin>
			<ymin>372.8</ymin>
			<xmax>161.44</xmax>
			<ymax>404.8</ymax>
		</bndbox>
	</object>
	<object>
		<name>b8</name>
		<pose>Unspecified</pose>
		<truncated>0</truncated>
		<difficult>0</difficult>
		<bndbox>
			<xmin>110.72</xmin>
			<ymin>382.88</ymin>
			<xmax>142.72</xmax>
			<ymax>414.88</ymax>
		</bndbox>
	</object>
	<object>
		<name>b2</name>
		<pose>Unspecified</pose>
		<truncated>0</truncated>
		<difficult>0</difficult>
		<bndbox>
			<xmin>621.92</xmin>
			<ymin>441.92</ymin>
			<xmax>653.92</xmax>
			<ymax>473.92</ymax>
		</bndbox>
	</object>
	<object>
		<name>b8</name>
		<pose>Unspecified</pose>
		<truncated>0</truncated>
		<difficult>0</difficult>
		<bndbox>
			<xmin>246.08</xmin>
			<ymin>395.84</ymin>
			<xmax>278.08</xmax>
			<ymax>427.84</ymax>
		</bndbox>
	</object>
	<object>
		<name>b5</name>
		<pose>Unspecified</pose>
		<truncated>0</truncated>
		<difficult>0</difficult>
		<bndbox>
			<xmin>129.152</xmin>
			<ymin>372.8</ymin>
			<xmax>161.152</xmax>
			<ymax>404.8</ymax>
		</bndbox>
	</object>
	<object>
		<name>b8</name>
		<pose>Unspecified</pose>
		<truncated>0</truncated>
		<difficult>0</difficult>
		<bndbox>
			<xmin>111.872</xmin>
			<ymin>381.44</ymin>
			<xmax>143.872</xmax>
			<ymax>413.44</ymax>
		</bndbox>
	</object>
	<object>
		<name>b5</name>
		<pose>Unspecified</pose>
		<truncated>0</truncated>
		<difficult>0</difficult>
		<bndbox>
			<xmin>129.152</xmin>
			<ymin>371.763</ymin>
			<xmax>161.152</xmax>
			<ymax>403.763</ymax>
		</bndbox>
	</object>
	<object>
		<name>b5</name>
		<pose>Unspecified</pose>
		<truncated>0</truncated>
		<difficult>0</difficult>
		<bndbox>
			<xmin>637.184</xmin>
			<ymin>415.309</ymin>
			<xmax>669.184</xmax>
			<ymax>447.309</ymax>
		</bndbox>
	</object>
	<object>
		<name>b6</name>
		<pose>Unspecified</pose>
		<truncated>0</truncated>
		<difficult>0</difficult>
		<bndbox>
			<xmin>148.229</xmin>
			<ymin>374.666</ymin>
			<xmax>180.229</xmax>
			<ymax>406.666</ymax>
		</bndbox>
	</object>
	<object>
		<name>b6</name>
		<pose>Unspecified</pose>
		<truncated>0</truncated>
		<difficult>0</difficult>
		<bndbox>
			<xmin>170.624</xmin>
			<ymin>379.643</ymin>
			<xmax>202.624</xmax>
			<ymax>411.643</ymax>
		</bndbox>
	</object>
	<object>
		<name>b6</name>
		<pose>Unspecified</pose>
		<truncated>0</truncated>
		<difficult>0</difficult>
		<bndbox>
			<xmin>148.229</xmin>
			<ymin>375.164</ymin>
			<xmax>180.229</xmax>
			<ymax>407.164</ymax>
		</bndbox>
	</object>
	<object>
		<name>b5</name>
		<pose>Unspecified</pose>
		<truncated>0</truncated>
		<difficult>0</difficult>
		<bndbox>
			<xmin>155.993</xmin>
			<ymin>378.15</ymin>
			<xmax>187.993</xmax>
			<ymax>410.15</ymax>
		</bndbox>
	</object>
	<object>
		<name>b8</name>
		<pose>Unspecified</pose>
		<truncated>0</truncated>
		<difficult>0</difficult>
		<bndbox>
			<xmin>92</xmin>
			<ymin>433</ymin>
			<xmax>124</xmax>
			<ymax>465</ymax>
		</bndbox>
	</object>
	<object>
		<name>b8</name>
		<pose>Unspecified</pose>
		<truncated>0</truncated>
		<difficult>0</difficult>
		<bndbox>
			<xmin>215</xmin>
			<ymin>422</ymin>
			<xmax>247</xmax>
			<ymax>454</ymax>
		</bndbox>
	</object>
	<object>
		<name>b2</name>
		<pose>Unspecified</pose>
		<truncated>0</truncated>
		<difficult>0</difficult>
		<bndbox>
			<xmin>125.6</xmin>
			<ymin>369.2</ymin>
			<xmax>157.6</xmax>
			<ymax>401.2</ymax>
		</bndbox>
	</object>
	<object>
		<name>b3</name>
		<pose>Unspecified</pose>
		<truncated>0</truncated>
		<difficult>0</difficult>
		<bndbox>
			<xmin>129.2</xmin>
			<ymin>374</ymin>
			<xmax>161.2</xmax>
			<ymax>406</ymax>
		</bndbox>
	</object>
	<object>
		<name>b2</name>
		<pose>Unspecified</pose>
		<truncated>0</truncated>
		<difficult>0</difficult>
		<bndbox>
			<xmin>622.4</xmin>
			<ymin>441.2</ymin>
			<xmax>654.4</xmax>
			<ymax>473.2</ymax>
		</bndbox>
	</object>
	<object>
		<name>b7</name>
		<pose>Unspecified</pose>
		<truncated>0</truncated>
		<difficult>0</difficult>
		<bndbox>
			<xmin>110</xmin>
			<ymin>383.6</ymin>
			<xmax>142</xmax>
			<ymax>415.6</ymax>
		</bndbox>
	</object>
	<object>
		<name>b4</name>
		<pose>Unspecified</pose>
		<truncated>0</truncated>
		<difficult>0</difficult>
		<bndbox>
			<xmin>238.4</xmin>
			<ymin>398</ymin>
			<xmax>270.4</xmax>
			<ymax>430</ymax>
		</bndbox>
	</object>
	<object>
		<name>b3</name>
		<pose>Unspecified</pose>
		<truncated>0</truncated>
		<difficult>0</difficult>
		<bndbox>
			<xmin>129.44</xmin>
			<ymin>372.8</ymin>
			<xmax>161.44</xmax>
			<ymax>404.8</ymax>
		</bndbox>
	</object>
	<object>
		<name>b7</name>
		<pose>Unspecified</pose>
		<truncated>0</truncated>
		<difficult>0</difficult>
		<bndbox>
			<xmin>257.6</xmin>
			<ymin>397.28</ymin>
			<xmax>289.6</xmax>
			<ymax>429.28</ymax>
		</bndbox>
	</object>
	<object>
		<name>b7</name>
		<pose>Unspecified</pose>
		<truncated>0</truncated>
		<difficult>0</difficult>
		<bndbox>
			<xmin>110.72</xmin>
			<ymin>382.88</ymin>
			<xmax>142.72</xmax>
			<ymax>414.88</ymax>
		</bndbox>
	</object>
	<object>
		<name>b2</name>
		<pose>Unspecified</pose>
		<truncated>0</truncated>
		<difficult>0</difficult>
		<bndbox>
			<xmin>621.92</xmin>
			<ymin>441.92</ymin>
			<xmax>653.92</xmax>
			<ymax>473.92</ymax>
		</bndbox>
	</object>
	<object>
		<name>b5</name>
		<pose>Unspecified</pose>
		<truncated>0</truncated>
		<difficult>0</difficult>
		<bndbox>
			<xmin>246.08</xmin>
			<ymin>395.84</ymin>
			<xmax>278.08</xmax>
			<ymax>427.84</ymax>
		</bndbox>
	</object>
	<object>
		<name>b3</name>
		<pose>Unspecified</pose>
		<truncated>0</truncated>
		<difficult>0</difficult>
		<bndbox>
			<xmin>129.152</xmin>
			<ymin>372.8</ymin>
			<xmax>161.152</xmax>
			<ymax>404.8</ymax>
		</bndbox>
	</object>
	<object>
		<name>b7</name>
		<pose>Unspecified</pose>
		<truncated>0</truncated>
		<difficult>0</difficult>
		<bndbox>
			<xmin>111.872</xmin>
			<ymin>381.44</ymin>
			<xmax>143.872</xmax>
			<ymax>413.44</ymax>
		</bndbox>
	</object>
	<object>
		<name>b4</name>
		<pose>Unspecified</pose>
		<truncated>0</truncated>
		<difficult>0</difficult>
		<bndbox>
			<xmin>238.016</xmin>
			<ymin>398.72</ymin>
			<xmax>270.016</xmax>
			<ymax>430.72</ymax>
		</bndbox>
	</object>
	<object>
		<name>b3</name>
		<pose>Unspecified</pose>
		<truncated>0</truncated>
		<difficult>0</difficult>
		<bndbox>
			<xmin>129.152</xmin>
			<ymin>371.763</ymin>
			<xmax>161.152</xmax>
			<ymax>403.763</ymax>
		</bndbox>
	</object>
	<object>
		<name>b5</name>
		<pose>Unspecified</pose>
		<truncated>0</truncated>
		<difficult>0</difficult>
		<bndbox>
			<xmin>637.184</xmin>
			<ymin>415.309</ymin>
			<xmax>669.184</xmax>
			<ymax>447.309</ymax>
		</bndbox>
	</object>
	<object>
		<name>b6</name>
		<pose>Unspecified</pose>
		<truncated>0</truncated>
		<difficult>0</difficult>
		<bndbox>
			<xmin>148.229</xmin>
			<ymin>374.666</ymin>
			<xmax>180.229</xmax>
			<ymax>406.666</ymax>
		</bndbox>
	</object>
	<object>
		<name>b6</name>
		<pose>Unspecified</pose>
		<truncated>0</truncated>
		<difficult>0</difficult>
		<bndbox>
			<xmin>170.624</xmin>
			<ymin>379.643</ymin>
			<xmax>202.624</xmax>
			<ymax>411.643</ymax>
		</bndbox>
	</object>
	<object>
		<name>b4</name>
		<pose>Unspecified</pose>
		<truncated>0</truncated>
		<difficult>0</difficult>
		<bndbox>
			<xmin>121.355</xmin>
			<ymin>372.178</ymin>
			<xmax>153.355</xmax>
			<ymax>404.178</ymax>
		</bndbox>
	</object>
	<object>
		<name>b6</name>
		<pose>Unspecified</pose>
		<truncated>0</truncated>
		<difficult>0</difficult>
		<bndbox>
			<xmin>148.229</xmin>
			<ymin>375.164</ymin>
			<xmax>180.229</xmax>
			<ymax>407.164</ymax>
		</bndbox>
	</object>
	<object>
		<name>b5</name>
		<pose>Unspecified</pose>
		<truncated>0</truncated>
		<difficult>0</difficult>
		<bndbox>
			<xmin>155.993</xmin>
			<ymin>378.15</ymin>
			<xmax>187.993</xmax>
			<ymax>410.15</ymax>
		</bndbox>
	</object>
</annotation>
