<annotation>
	<folder>VOC2007</folder>
	<filename>000395.jpg</filename>
	<source>
		<database>My Database</database>
		<annotation>VOC2007</annotation>
		<image>flickr</image>
		<flickrid>NULL</flickrid>
	</source>
	<owner>
		<flickrid>NULL</flickrid>
		<name>shaochunyan</name>
	</owner>
	<size>
		<width>720</width>
		<height>1280</height>
		<depth>3</depth>
	</size>
	<segmented>0</segmented>
	<object>
		<name>b8</name>
		<pose>Unspecified</pose>
		<truncated>0</truncated>
		<difficult>0</difficult>
		<bndbox>
			<xmin>47</xmin>
			<ymin>515</ymin>
			<xmax>79</xmax>
			<ymax>547</ymax>
		</bndbox>
	</object>
	<object>
		<name>b10</name>
		<pose>Unspecified</pose>
		<truncated>0</truncated>
		<difficult>0</difficult>
		<bndbox>
			<xmin>95</xmin>
			<ymin>570</ymin>
			<xmax>127</xmax>
			<ymax>602</ymax>
		</bndbox>
	</object>
	<object>
		<name>b9</name>
		<pose>Unspecified</pose>
		<truncated>0</truncated>
		<difficult>0</difficult>
		<bndbox>
			<xmin>343</xmin>
			<ymin>578</ymin>
			<xmax>375</xmax>
			<ymax>610</ymax>
		</bndbox>
	</object>
	<object>
		<name>b9</name>
		<pose>Unspecified</pose>
		<truncated>0</truncated>
		<difficult>0</difficult>
		<bndbox>
			<xmin>80</xmin>
			<ymin>507.2</ymin>
			<xmax>112</xmax>
			<ymax>539.2</ymax>
		</bndbox>
	</object>
	<object>
		<name>b9</name>
		<pose>Unspecified</pose>
		<truncated>0</truncated>
		<difficult>0</difficult>
		<bndbox>
			<xmin>443.6</xmin>
			<ymin>596</ymin>
			<xmax>475.6</xmax>
			<ymax>628</ymax>
		</bndbox>
	</object>
	<object>
		<name>b9</name>
		<pose>Unspecified</pose>
		<truncated>0</truncated>
		<difficult>0</difficult>
		<bndbox>
			<xmin>64.4</xmin>
			<ymin>531.2</ymin>
			<xmax>96.4</xmax>
			<ymax>563.2</ymax>
		</bndbox>
	</object>
	<object>
		<name>b10</name>
		<pose>Unspecified</pose>
		<truncated>0</truncated>
		<difficult>0</difficult>
		<bndbox>
			<xmin>70.4</xmin>
			<ymin>527.6</ymin>
			<xmax>102.4</xmax>
			<ymax>559.6</ymax>
		</bndbox>
	</object>
	<object>
		<name>b8</name>
		<pose>Unspecified</pose>
		<truncated>0</truncated>
		<difficult>0</difficult>
		<bndbox>
			<xmin>48.8</xmin>
			<ymin>520.4</ymin>
			<xmax>80.8</xmax>
			<ymax>552.4</ymax>
		</bndbox>
	</object>
	<object>
		<name>b8</name>
		<pose>Unspecified</pose>
		<truncated>0</truncated>
		<difficult>0</difficult>
		<bndbox>
			<xmin>48.8</xmin>
			<ymin>518.24</ymin>
			<xmax>80.8</xmax>
			<ymax>550.24</ymax>
		</bndbox>
	</object>
	<object>
		<name>b9</name>
		<pose>Unspecified</pose>
		<truncated>0</truncated>
		<difficult>0</difficult>
		<bndbox>
			<xmin>452</xmin>
			<ymin>598.88</ymin>
			<xmax>484</xmax>
			<ymax>630.88</ymax>
		</bndbox>
	</object>
	<object>
		<name>b8</name>
		<pose>Unspecified</pose>
		<truncated>0</truncated>
		<difficult>0</difficult>
		<bndbox>
			<xmin>325.28</xmin>
			<ymin>575.84</ymin>
			<xmax>357.28</xmax>
			<ymax>607.84</ymax>
		</bndbox>
	</object>
	<object>
		<name>b8</name>
		<pose>Unspecified</pose>
		<truncated>0</truncated>
		<difficult>0</difficult>
		<bndbox>
			<xmin>358.4</xmin>
			<ymin>577.28</ymin>
			<xmax>390.4</xmax>
			<ymax>609.28</ymax>
		</bndbox>
	</object>
	<object>
		<name>b7</name>
		<pose>Unspecified</pose>
		<truncated>0</truncated>
		<difficult>0</difficult>
		<bndbox>
			<xmin>460.928</xmin>
			<ymin>80.768</ymin>
			<xmax>492.928</xmax>
			<ymax>112.768</ymax>
		</bndbox>
	</object>
	<object>
		<name>b7</name>
		<pose>Unspecified</pose>
		<truncated>0</truncated>
		<difficult>0</difficult>
		<bndbox>
			<xmin>91.8272</xmin>
			<ymin>494.106</ymin>
			<xmax>123.827</xmax>
			<ymax>526.106</ymax>
		</bndbox>
	</object>
	<object>
		<name>b10</name>
		<pose>Unspecified</pose>
		<truncated>0</truncated>
		<difficult>0</difficult>
		<bndbox>
			<xmin>220.39</xmin>
			<ymin>579.123</ymin>
			<xmax>252.39</xmax>
			<ymax>611.123</ymax>
		</bndbox>
	</object>
	<object>
		<name>b9</name>
		<pose>Unspecified</pose>
		<truncated>0</truncated>
		<difficult>0</difficult>
		<bndbox>
			<xmin>360.234</xmin>
			<ymin>575.225</ymin>
			<xmax>392.234</xmax>
			<ymax>607.225</ymax>
		</bndbox>
	</object>
	<object>
		<name>b8</name>
		<pose>Unspecified</pose>
		<truncated>0</truncated>
		<difficult>0</difficult>
		<bndbox>
			<xmin>98.6618</xmin>
			<ymin>496.395</ymin>
			<xmax>130.662</xmax>
			<ymax>528.395</ymax>
		</bndbox>
	</object>
	<object>
		<name>b8</name>
		<pose>Unspecified</pose>
		<truncated>0</truncated>
		<difficult>0</difficult>
		<bndbox>
			<xmin>138.077</xmin>
			<ymin>582.391</ymin>
			<xmax>170.077</xmax>
			<ymax>614.391</ymax>
		</bndbox>
	</object>
	<object>
		<name>b8</name>
		<pose>Unspecified</pose>
		<truncated>0</truncated>
		<difficult>0</difficult>
		<bndbox>
			<xmin>216</xmin>
			<ymin>578</ymin>
			<xmax>248</xmax>
			<ymax>610</ymax>
		</bndbox>
	</object>
	<object>
		<name>b6</name>
		<pose>Unspecified</pose>
		<truncated>0</truncated>
		<difficult>0</difficult>
		<bndbox>
			<xmin>251</xmin>
			<ymin>582</ymin>
			<xmax>283</xmax>
			<ymax>614</ymax>
		</bndbox>
	</object>
	<object>
		<name>b9</name>
		<pose>Unspecified</pose>
		<truncated>0</truncated>
		<difficult>0</difficult>
		<bndbox>
			<xmin>328</xmin>
			<ymin>579</ymin>
			<xmax>360</xmax>
			<ymax>611</ymax>
		</bndbox>
	</object>
	<object>
		<name>b10</name>
		<pose>Unspecified</pose>
		<truncated>0</truncated>
		<difficult>0</difficult>
		<bndbox>
			<xmin>95</xmin>
			<ymin>570</ymin>
			<xmax>127</xmax>
			<ymax>602</ymax>
		</bndbox>
	</object>
	<object>
		<name>b10</name>
		<pose>Unspecified</pose>
		<truncated>0</truncated>
		<difficult>0</difficult>
		<bndbox>
			<xmin>64</xmin>
			<ymin>532</ymin>
			<xmax>96</xmax>
			<ymax>564</ymax>
		</bndbox>
	</object>
	<object>
		<name>b3</name>
		<pose>Unspecified</pose>
		<truncated>0</truncated>
		<difficult>0</difficult>
		<bndbox>
			<xmin>24</xmin>
			<ymin>526</ymin>
			<xmax>56</xmax>
			<ymax>558</ymax>
		</bndbox>
	</object>
	<object>
		<name>b9</name>
		<pose>Unspecified</pose>
		<truncated>0</truncated>
		<difficult>0</difficult>
		<bndbox>
			<xmin>59</xmin>
			<ymin>514</ymin>
			<xmax>91</xmax>
			<ymax>546</ymax>
		</bndbox>
	</object>
	<object>
		<name>b9</name>
		<pose>Unspecified</pose>
		<truncated>0</truncated>
		<difficult>0</difficult>
		<bndbox>
			<xmin>443.6</xmin>
			<ymin>596</ymin>
			<xmax>475.6</xmax>
			<ymax>628</ymax>
		</bndbox>
	</object>
	<object>
		<name>b5</name>
		<pose>Unspecified</pose>
		<truncated>0</truncated>
		<difficult>0</difficult>
		<bndbox>
			<xmin>252.8</xmin>
			<ymin>581.6</ymin>
			<xmax>284.8</xmax>
			<ymax>613.6</ymax>
		</bndbox>
	</object>
	<object>
		<name>b8</name>
		<pose>Unspecified</pose>
		<truncated>0</truncated>
		<difficult>0</difficult>
		<bndbox>
			<xmin>394.4</xmin>
			<ymin>468.8</ymin>
			<xmax>426.4</xmax>
			<ymax>500.8</ymax>
		</bndbox>
	</object>
	<object>
		<name>b8</name>
		<pose>Unspecified</pose>
		<truncated>0</truncated>
		<difficult>0</difficult>
		<bndbox>
			<xmin>207.2</xmin>
			<ymin>575.6</ymin>
			<xmax>239.2</xmax>
			<ymax>607.6</ymax>
		</bndbox>
	</object>
	<object>
		<name>b7</name>
		<pose>Unspecified</pose>
		<truncated>0</truncated>
		<difficult>0</difficult>
		<bndbox>
			<xmin>346.4</xmin>
			<ymin>575.6</ymin>
			<xmax>378.4</xmax>
			<ymax>607.6</ymax>
		</bndbox>
	</object>
	<object>
		<name>b9</name>
		<pose>Unspecified</pose>
		<truncated>0</truncated>
		<difficult>0</difficult>
		<bndbox>
			<xmin>126.56</xmin>
			<ymin>580.16</ymin>
			<xmax>158.56</xmax>
			<ymax>612.16</ymax>
		</bndbox>
	</object>
	<object>
		<name>b9</name>
		<pose>Unspecified</pose>
		<truncated>0</truncated>
		<difficult>0</difficult>
		<bndbox>
			<xmin>70.4</xmin>
			<ymin>526.88</ymin>
			<xmax>102.4</xmax>
			<ymax>558.88</ymax>
		</bndbox>
	</object>
	<object>
		<name>b8</name>
		<pose>Unspecified</pose>
		<truncated>0</truncated>
		<difficult>0</difficult>
		<bndbox>
			<xmin>38.72</xmin>
			<ymin>515.36</ymin>
			<xmax>70.72</xmax>
			<ymax>547.36</ymax>
		</bndbox>
	</object>
	<object>
		<name>b9</name>
		<pose>Unspecified</pose>
		<truncated>0</truncated>
		<difficult>0</difficult>
		<bndbox>
			<xmin>452</xmin>
			<ymin>598.88</ymin>
			<xmax>484</xmax>
			<ymax>630.88</ymax>
		</bndbox>
	</object>
	<object>
		<name>b5</name>
		<pose>Unspecified</pose>
		<truncated>0</truncated>
		<difficult>0</difficult>
		<bndbox>
			<xmin>34.4</xmin>
			<ymin>488</ymin>
			<xmax>66.4</xmax>
			<ymax>520</ymax>
		</bndbox>
	</object>
	<object>
		<name>b8</name>
		<pose>Unspecified</pose>
		<truncated>0</truncated>
		<difficult>0</difficult>
		<bndbox>
			<xmin>394.4</xmin>
			<ymin>469.28</ymin>
			<xmax>426.4</xmax>
			<ymax>501.28</ymax>
		</bndbox>
	</object>
	<object>
		<name>b8</name>
		<pose>Unspecified</pose>
		<truncated>0</truncated>
		<difficult>0</difficult>
		<bndbox>
			<xmin>358.4</xmin>
			<ymin>577.28</ymin>
			<xmax>390.4</xmax>
			<ymax>609.28</ymax>
		</bndbox>
	</object>
	<object>
		<name>b10</name>
		<pose>Unspecified</pose>
		<truncated>0</truncated>
		<difficult>0</difficult>
		<bndbox>
			<xmin>450.56</xmin>
			<ymin>616.448</ymin>
			<xmax>482.56</xmax>
			<ymax>648.448</ymax>
		</bndbox>
	</object>
	<object>
		<name>b8</name>
		<pose>Unspecified</pose>
		<truncated>0</truncated>
		<difficult>0</difficult>
		<bndbox>
			<xmin>39.296</xmin>
			<ymin>516.224</ymin>
			<xmax>71.296</xmax>
			<ymax>548.224</ymax>
		</bndbox>
	</object>
	<object>
		<name>b7</name>
		<pose>Unspecified</pose>
		<truncated>0</truncated>
		<difficult>0</difficult>
		<bndbox>
			<xmin>352.064</xmin>
			<ymin>574.976</ymin>
			<xmax>384.064</xmax>
			<ymax>606.976</ymax>
		</bndbox>
	</object>
	<object>
		<name>b9</name>
		<pose>Unspecified</pose>
		<truncated>0</truncated>
		<difficult>0</difficult>
		<bndbox>
			<xmin>450.56</xmin>
			<ymin>597.786</ymin>
			<xmax>482.56</xmax>
			<ymax>629.786</ymax>
		</bndbox>
	</object>
	<object>
		<name>b9</name>
		<pose>Unspecified</pose>
		<truncated>0</truncated>
		<difficult>0</difficult>
		<bndbox>
			<xmin>106.342</xmin>
			<ymin>498.253</ymin>
			<xmax>138.342</xmax>
			<ymax>530.253</ymax>
		</bndbox>
	</object>
	<object>
		<name>b6</name>
		<pose>Unspecified</pose>
		<truncated>0</truncated>
		<difficult>0</difficult>
		<bndbox>
			<xmin>251.494</xmin>
			<ymin>581.197</ymin>
			<xmax>283.494</xmax>
			<ymax>613.197</ymax>
		</bndbox>
	</object>
	<object>
		<name>b5</name>
		<pose>Unspecified</pose>
		<truncated>0</truncated>
		<difficult>0</difficult>
		<bndbox>
			<xmin>245.274</xmin>
			<ymin>579.123</ymin>
			<xmax>277.274</xmax>
			<ymax>611.123</ymax>
		</bndbox>
	</object>
	<object>
		<name>b10</name>
		<pose>Unspecified</pose>
		<truncated>0</truncated>
		<difficult>0</difficult>
		<bndbox>
			<xmin>95.9744</xmin>
			<ymin>523.966</ymin>
			<xmax>127.974</xmax>
			<ymax>555.966</ymax>
		</bndbox>
	</object>
	<object>
		<name>b8</name>
		<pose>Unspecified</pose>
		<truncated>0</truncated>
		<difficult>0</difficult>
		<bndbox>
			<xmin>100.453</xmin>
			<ymin>497.589</ymin>
			<xmax>132.453</xmax>
			<ymax>529.589</ymax>
		</bndbox>
	</object>
	<object>
		<name>b8</name>
		<pose>Unspecified</pose>
		<truncated>0</truncated>
		<difficult>0</difficult>
		<bndbox>
			<xmin>231.24</xmin>
			<ymin>578.808</ymin>
			<xmax>263.24</xmax>
			<ymax>610.808</ymax>
		</bndbox>
	</object>
	<object>
		<name>b8</name>
		<pose>Unspecified</pose>
		<truncated>0</truncated>
		<difficult>0</difficult>
		<bndbox>
			<xmin>82</xmin>
			<ymin>537</ymin>
			<xmax>114</xmax>
			<ymax>569</ymax>
		</bndbox>
	</object>
	<object>
		<name>b7</name>
		<pose>Unspecified</pose>
		<truncated>0</truncated>
		<difficult>0</difficult>
		<bndbox>
			<xmin>224</xmin>
			<ymin>583</ymin>
			<xmax>256</xmax>
			<ymax>615</ymax>
		</bndbox>
	</object>
	<object>
		<name>b6</name>
		<pose>Unspecified</pose>
		<truncated>0</truncated>
		<difficult>0</difficult>
		<bndbox>
			<xmin>17</xmin>
			<ymin>516</ymin>
			<xmax>49</xmax>
			<ymax>548</ymax>
		</bndbox>
	</object>
	<object>
		<name>b9</name>
		<pose>Unspecified</pose>
		<truncated>0</truncated>
		<difficult>0</difficult>
		<bndbox>
			<xmin>446</xmin>
			<ymin>602</ymin>
			<xmax>478</xmax>
			<ymax>634</ymax>
		</bndbox>
	</object>
	<object>
		<name>b6</name>
		<pose>Unspecified</pose>
		<truncated>0</truncated>
		<difficult>0</difficult>
		<bndbox>
			<xmin>56</xmin>
			<ymin>531</ymin>
			<xmax>88</xmax>
			<ymax>563</ymax>
		</bndbox>
	</object>
	<object>
		<name>b10</name>
		<pose>Unspecified</pose>
		<truncated>0</truncated>
		<difficult>0</difficult>
		<bndbox>
			<xmin>91</xmin>
			<ymin>569</ymin>
			<xmax>123</xmax>
			<ymax>601</ymax>
		</bndbox>
	</object>
	<object>
		<name>b7</name>
		<pose>Unspecified</pose>
		<truncated>0</truncated>
		<difficult>0</difficult>
		<bndbox>
			<xmin>124</xmin>
			<ymin>581</ymin>
			<xmax>156</xmax>
			<ymax>613</ymax>
		</bndbox>
	</object>
	<object>
		<name>b8</name>
		<pose>Unspecified</pose>
		<truncated>0</truncated>
		<difficult>0</difficult>
		<bndbox>
			<xmin>82.4</xmin>
			<ymin>536</ymin>
			<xmax>114.4</xmax>
			<ymax>568</ymax>
		</bndbox>
	</object>
	<object>
		<name>b8</name>
		<pose>Unspecified</pose>
		<truncated>0</truncated>
		<difficult>0</difficult>
		<bndbox>
			<xmin>64.4</xmin>
			<ymin>531.2</ymin>
			<xmax>96.4</xmax>
			<ymax>563.2</ymax>
		</bndbox>
	</object>
	<object>
		<name>b7</name>
		<pose>Unspecified</pose>
		<truncated>0</truncated>
		<difficult>0</difficult>
		<bndbox>
			<xmin>70.4</xmin>
			<ymin>527.6</ymin>
			<xmax>102.4</xmax>
			<ymax>559.6</ymax>
		</bndbox>
	</object>
	<object>
		<name>b7</name>
		<pose>Unspecified</pose>
		<truncated>0</truncated>
		<difficult>0</difficult>
		<bndbox>
			<xmin>53.6</xmin>
			<ymin>525.2</ymin>
			<xmax>85.6</xmax>
			<ymax>557.2</ymax>
		</bndbox>
	</object>
	<object>
		<name>b8</name>
		<pose>Unspecified</pose>
		<truncated>0</truncated>
		<difficult>0</difficult>
		<bndbox>
			<xmin>48.8</xmin>
			<ymin>520.4</ymin>
			<xmax>80.8</xmax>
			<ymax>552.4</ymax>
		</bndbox>
	</object>
	<object>
		<name>b7</name>
		<pose>Unspecified</pose>
		<truncated>0</truncated>
		<difficult>0</difficult>
		<bndbox>
			<xmin>117.2</xmin>
			<ymin>579.2</ymin>
			<xmax>149.2</xmax>
			<ymax>611.2</ymax>
		</bndbox>
	</object>
	<object>
		<name>b6</name>
		<pose>Unspecified</pose>
		<truncated>0</truncated>
		<difficult>0</difficult>
		<bndbox>
			<xmin>346.4</xmin>
			<ymin>575.6</ymin>
			<xmax>378.4</xmax>
			<ymax>607.6</ymax>
		</bndbox>
	</object>
	<object>
		<name>b9</name>
		<pose>Unspecified</pose>
		<truncated>0</truncated>
		<difficult>0</difficult>
		<bndbox>
			<xmin>80.48</xmin>
			<ymin>515.36</ymin>
			<xmax>112.48</xmax>
			<ymax>547.36</ymax>
		</bndbox>
	</object>
	<object>
		<name>b9</name>
		<pose>Unspecified</pose>
		<truncated>0</truncated>
		<difficult>0</difficult>
		<bndbox>
			<xmin>450.56</xmin>
			<ymin>616.448</ymin>
			<xmax>482.56</xmax>
			<ymax>648.448</ymax>
		</bndbox>
	</object>
	<object>
		<name>b9</name>
		<pose>Unspecified</pose>
		<truncated>0</truncated>
		<difficult>0</difficult>
		<bndbox>
			<xmin>123.968</xmin>
			<ymin>536.96</ymin>
			<xmax>155.968</xmax>
			<ymax>568.96</ymax>
		</bndbox>
	</object>
	<object>
		<name>b8</name>
		<pose>Unspecified</pose>
		<truncated>0</truncated>
		<difficult>0</difficult>
		<bndbox>
			<xmin>251.84</xmin>
			<ymin>581.888</ymin>
			<xmax>283.84</xmax>
			<ymax>613.888</ymax>
		</bndbox>
	</object>
	<object>
		<name>b7</name>
		<pose>Unspecified</pose>
		<truncated>0</truncated>
		<difficult>0</difficult>
		<bndbox>
			<xmin>352.064</xmin>
			<ymin>574.976</ymin>
			<xmax>384.064</xmax>
			<ymax>606.976</ymax>
		</bndbox>
	</object>
	<object>
		<name>b8</name>
		<pose>Unspecified</pose>
		<truncated>0</truncated>
		<difficult>0</difficult>
		<bndbox>
			<xmin>358.976</xmin>
			<ymin>576.704</ymin>
			<xmax>390.976</xmax>
			<ymax>608.704</ymax>
		</bndbox>
	</object>
	<object>
		<name>b7</name>
		<pose>Unspecified</pose>
		<truncated>0</truncated>
		<difficult>0</difficult>
		<bndbox>
			<xmin>54.5024</xmin>
			<ymin>527.283</ymin>
			<xmax>86.5024</xmax>
			<ymax>559.283</ymax>
		</bndbox>
	</object>
	<object>
		<name>b9</name>
		<pose>Unspecified</pose>
		<truncated>0</truncated>
		<difficult>0</difficult>
		<bndbox>
			<xmin>112.563</xmin>
			<ymin>504.474</ymin>
			<xmax>144.563</xmax>
			<ymax>536.474</ymax>
		</bndbox>
	</object>
	<object>
		<name>b8</name>
		<pose>Unspecified</pose>
		<truncated>0</truncated>
		<difficult>0</difficult>
		<bndbox>
			<xmin>145.741</xmin>
			<ymin>550.093</ymin>
			<xmax>177.741</xmax>
			<ymax>582.093</ymax>
		</bndbox>
	</object>
	<object>
		<name>b10</name>
		<pose>Unspecified</pose>
		<truncated>0</truncated>
		<difficult>0</difficult>
		<bndbox>
			<xmin>203.802</xmin>
			<ymin>572.902</ymin>
			<xmax>235.802</xmax>
			<ymax>604.902</ymax>
		</bndbox>
	</object>
	<object>
		<name>b8</name>
		<pose>Unspecified</pose>
		<truncated>0</truncated>
		<difficult>0</difficult>
		<bndbox>
			<xmin>220.39</xmin>
			<ymin>579.123</ymin>
			<xmax>252.39</xmax>
			<ymax>611.123</ymax>
		</bndbox>
	</object>
	<object>
		<name>b9</name>
		<pose>Unspecified</pose>
		<truncated>0</truncated>
		<difficult>0</difficult>
		<bndbox>
			<xmin>115.881</xmin>
			<ymin>516.501</ymin>
			<xmax>147.881</xmax>
			<ymax>548.501</ymax>
		</bndbox>
	</object>
	<object>
		<name>b8</name>
		<pose>Unspecified</pose>
		<truncated>0</truncated>
		<difficult>0</difficult>
		<bndbox>
			<xmin>100.453</xmin>
			<ymin>497.589</ymin>
			<xmax>132.453</xmax>
			<ymax>529.589</ymax>
		</bndbox>
	</object>
	<object>
		<name>b8</name>
		<pose>Unspecified</pose>
		<truncated>0</truncated>
		<difficult>0</difficult>
		<bndbox>
			<xmin>228.851</xmin>
			<ymin>581.197</ymin>
			<xmax>260.851</xmax>
			<ymax>613.197</ymax>
		</bndbox>
	</object>
	<object>
		<name>b6</name>
		<pose>Unspecified</pose>
		<truncated>0</truncated>
		<difficult>0</difficult>
		<bndbox>
			<xmin>120.161</xmin>
			<ymin>575.225</ymin>
			<xmax>152.161</xmax>
			<ymax>607.225</ymax>
		</bndbox>
	</object>
	<object>
		<name>b8</name>
		<pose>Unspecified</pose>
		<truncated>0</truncated>
		<difficult>0</difficult>
		<bndbox>
			<xmin>152.41</xmin>
			<ymin>542.976</ymin>
			<xmax>184.41</xmax>
			<ymax>574.976</ymax>
		</bndbox>
	</object>
	<object>
		<name>b9</name>
		<pose>Unspecified</pose>
		<truncated>0</truncated>
		<difficult>0</difficult>
		<bndbox>
			<xmin>449.814</xmin>
			<ymin>596.724</ymin>
			<xmax>481.814</xmax>
			<ymax>628.724</ymax>
		</bndbox>
	</object>
	<object>
		<name>b8</name>
		<pose>Unspecified</pose>
		<truncated>0</truncated>
		<difficult>0</difficult>
		<bndbox>
			<xmin>335.152</xmin>
			<ymin>575.225</ymin>
			<xmax>367.152</xmax>
			<ymax>607.225</ymax>
		</bndbox>
	</object>
	<object>
		<name>b8</name>
		<pose>Unspecified</pose>
		<truncated>0</truncated>
		<difficult>0</difficult>
		<bndbox>
			<xmin>256.322</xmin>
			<ymin>578.808</ymin>
			<xmax>288.322</xmax>
			<ymax>610.808</ymax>
		</bndbox>
	</object>
</annotation>
