<annotation>
	<folder>VOC2007</folder>
	<filename>000351.jpg</filename>
	<source>
		<database>My Database</database>
		<annotation>VOC2007</annotation>
		<image>flickr</image>
		<flickrid>NULL</flickrid>
	</source>
	<owner>
		<flickrid>NULL</flickrid>
		<name>shaochunyan</name>
	</owner>
	<size>
		<width>720</width>
		<height>1280</height>
		<depth>3</depth>
	</size>
	<segmented>0</segmented>
	<object>
		<name>b5</name>
		<pose>Unspecified</pose>
		<truncated>0</truncated>
		<difficult>0</difficult>
		<bndbox>
			<xmin>591</xmin>
			<ymin>597</ymin>
			<xmax>623</xmax>
			<ymax>629</ymax>
		</bndbox>
	</object>
	<object>
		<name>b7</name>
		<pose>Unspecified</pose>
		<truncated>0</truncated>
		<difficult>0</difficult>
		<bndbox>
			<xmin>348.8</xmin>
			<ymin>633.2</ymin>
			<xmax>380.8</xmax>
			<ymax>665.2</ymax>
		</bndbox>
	</object>
	<object>
		<name>b5</name>
		<pose>Unspecified</pose>
		<truncated>0</truncated>
		<difficult>0</difficult>
		<bndbox>
			<xmin>611.6</xmin>
			<ymin>599.6</ymin>
			<xmax>643.6</xmax>
			<ymax>631.6</ymax>
		</bndbox>
	</object>
	<object>
		<name>b9</name>
		<pose>Unspecified</pose>
		<truncated>0</truncated>
		<difficult>0</difficult>
		<bndbox>
			<xmin>320</xmin>
			<ymin>608</ymin>
			<xmax>352</xmax>
			<ymax>640</ymax>
		</bndbox>
	</object>
	<object>
		<name>b9</name>
		<pose>Unspecified</pose>
		<truncated>0</truncated>
		<difficult>0</difficult>
		<bndbox>
			<xmin>509.6</xmin>
			<ymin>442.4</ymin>
			<xmax>541.6</xmax>
			<ymax>474.4</ymax>
		</bndbox>
	</object>
	<object>
		<name>b5</name>
		<pose>Unspecified</pose>
		<truncated>0</truncated>
		<difficult>0</difficult>
		<bndbox>
			<xmin>584.48</xmin>
			<ymin>597.44</ymin>
			<xmax>616.48</xmax>
			<ymax>629.44</ymax>
		</bndbox>
	</object>
	<object>
		<name>b5</name>
		<pose>Unspecified</pose>
		<truncated>0</truncated>
		<difficult>0</difficult>
		<bndbox>
			<xmin>611.84</xmin>
			<ymin>598.88</ymin>
			<xmax>643.84</xmax>
			<ymax>630.88</ymax>
		</bndbox>
	</object>
	<object>
		<name>b8</name>
		<pose>Unspecified</pose>
		<truncated>0</truncated>
		<difficult>0</difficult>
		<bndbox>
			<xmin>436.736</xmin>
			<ymin>606.08</ymin>
			<xmax>468.736</xmax>
			<ymax>638.08</ymax>
		</bndbox>
	</object>
	<object>
		<name>g1</name>
		<pose>Unspecified</pose>
		<truncated>0</truncated>
		<difficult>0</difficult>
		<bndbox>
			<xmin>239.744</xmin>
			<ymin>600.896</ymin>
			<xmax>271.744</xmax>
			<ymax>632.896</ymax>
		</bndbox>
	</object>
	<object>
		<name>b9</name>
		<pose>Unspecified</pose>
		<truncated>0</truncated>
		<difficult>0</difficult>
		<bndbox>
			<xmin>111.872</xmin>
			<ymin>561.152</ymin>
			<xmax>143.872</xmax>
			<ymax>593.152</ymax>
		</bndbox>
	</object>
	<object>
		<name>b7</name>
		<pose>Unspecified</pose>
		<truncated>0</truncated>
		<difficult>0</difficult>
		<bndbox>
			<xmin>351.027</xmin>
			<ymin>630.963</ymin>
			<xmax>383.027</xmax>
			<ymax>662.963</ymax>
		</bndbox>
	</object>
	<object>
		<name>b7</name>
		<pose>Unspecified</pose>
		<truncated>0</truncated>
		<difficult>0</difficult>
		<bndbox>
			<xmin>587.418</xmin>
			<ymin>612.301</ymin>
			<xmax>619.418</xmax>
			<ymax>644.301</ymax>
		</bndbox>
	</object>
	<object>
		<name>b4</name>
		<pose>Unspecified</pose>
		<truncated>0</truncated>
		<difficult>0</difficult>
		<bndbox>
			<xmin>599.859</xmin>
			<ymin>597.786</ymin>
			<xmax>631.859</xmax>
			<ymax>629.786</ymax>
		</bndbox>
	</object>
	<object>
		<name>b8</name>
		<pose>Unspecified</pose>
		<truncated>0</truncated>
		<difficult>0</difficult>
		<bndbox>
			<xmin>529.357</xmin>
			<ymin>487.885</ymin>
			<xmax>561.357</xmax>
			<ymax>519.885</ymax>
		</bndbox>
	</object>
	<object>
		<name>b4</name>
		<pose>Unspecified</pose>
		<truncated>0</truncated>
		<difficult>0</difficult>
		<bndbox>
			<xmin>313.653</xmin>
			<ymin>521.477</ymin>
			<xmax>345.653</xmax>
			<ymax>553.477</ymax>
		</bndbox>
	</object>
	<object>
		<name>b7</name>
		<pose>Unspecified</pose>
		<truncated>0</truncated>
		<difficult>0</difficult>
		<bndbox>
			<xmin>582.391</xmin>
			<ymin>603.89</ymin>
			<xmax>614.391</xmax>
			<ymax>635.89</ymax>
		</bndbox>
	</object>
	<object>
		<name>b9</name>
		<pose>Unspecified</pose>
		<truncated>0</truncated>
		<difficult>0</difficult>
		<bndbox>
			<xmin>349</xmin>
			<ymin>633</ymin>
			<xmax>381</xmax>
			<ymax>665</ymax>
		</bndbox>
	</object>
	<object>
		<name>b8</name>
		<pose>Unspecified</pose>
		<truncated>0</truncated>
		<difficult>0</difficult>
		<bndbox>
			<xmin>327</xmin>
			<ymin>556</ymin>
			<xmax>359</xmax>
			<ymax>588</ymax>
		</bndbox>
	</object>
	<object>
		<name>b10</name>
		<pose>Unspecified</pose>
		<truncated>0</truncated>
		<difficult>0</difficult>
		<bndbox>
			<xmin>404</xmin>
			<ymin>602</ymin>
			<xmax>436</xmax>
			<ymax>634</ymax>
		</bndbox>
	</object>
	<object>
		<name>b9</name>
		<pose>Unspecified</pose>
		<truncated>0</truncated>
		<difficult>0</difficult>
		<bndbox>
			<xmin>385</xmin>
			<ymin>628</ymin>
			<xmax>417</xmax>
			<ymax>660</ymax>
		</bndbox>
	</object>
	<object>
		<name>b3</name>
		<pose>Unspecified</pose>
		<truncated>0</truncated>
		<difficult>0</difficult>
		<bndbox>
			<xmin>133</xmin>
			<ymin>628</ymin>
			<xmax>165</xmax>
			<ymax>660</ymax>
		</bndbox>
	</object>
	<object>
		<name>b6</name>
		<pose>Unspecified</pose>
		<truncated>0</truncated>
		<difficult>0</difficult>
		<bndbox>
			<xmin>132</xmin>
			<ymin>580</ymin>
			<xmax>164</xmax>
			<ymax>612</ymax>
		</bndbox>
	</object>
	<object>
		<name>b3</name>
		<pose>Unspecified</pose>
		<truncated>0</truncated>
		<difficult>0</difficult>
		<bndbox>
			<xmin>132.8</xmin>
			<ymin>627.2</ymin>
			<xmax>164.8</xmax>
			<ymax>659.2</ymax>
		</bndbox>
	</object>
	<object>
		<name>b9</name>
		<pose>Unspecified</pose>
		<truncated>0</truncated>
		<difficult>0</difficult>
		<bndbox>
			<xmin>308</xmin>
			<ymin>616.16</ymin>
			<xmax>340</xmax>
			<ymax>648.16</ymax>
		</bndbox>
	</object>
	<object>
		<name>b5</name>
		<pose>Unspecified</pose>
		<truncated>0</truncated>
		<difficult>0</difficult>
		<bndbox>
			<xmin>156.8</xmin>
			<ymin>607.52</ymin>
			<xmax>188.8</xmax>
			<ymax>639.52</ymax>
		</bndbox>
	</object>
	<object>
		<name>b8</name>
		<pose>Unspecified</pose>
		<truncated>0</truncated>
		<difficult>0</difficult>
		<bndbox>
			<xmin>443.648</xmin>
			<ymin>623.36</ymin>
			<xmax>475.648</xmax>
			<ymax>655.36</ymax>
		</bndbox>
	</object>
	<object>
		<name>b8</name>
		<pose>Unspecified</pose>
		<truncated>0</truncated>
		<difficult>0</difficult>
		<bndbox>
			<xmin>587.072</xmin>
			<ymin>436.736</ymin>
			<xmax>619.072</xmax>
			<ymax>468.736</ymax>
		</bndbox>
	</object>
	<object>
		<name>b8</name>
		<pose>Unspecified</pose>
		<truncated>0</truncated>
		<difficult>0</difficult>
		<bndbox>
			<xmin>529.357</xmin>
			<ymin>487.885</ymin>
			<xmax>561.357</xmax>
			<ymax>519.885</ymax>
		</bndbox>
	</object>
	<object>
		<name>b8</name>
		<pose>Unspecified</pose>
		<truncated>0</truncated>
		<difficult>0</difficult>
		<bndbox>
			<xmin>324.9</xmin>
			<ymin>551.337</ymin>
			<xmax>356.9</xmax>
			<ymax>583.337</ymax>
		</bndbox>
	</object>
	<object>
		<name>b3</name>
		<pose>Unspecified</pose>
		<truncated>0</truncated>
		<difficult>0</difficult>
		<bndbox>
			<xmin>130.811</xmin>
			<ymin>625.987</ymin>
			<xmax>162.811</xmax>
			<ymax>657.987</ymax>
		</bndbox>
	</object>
	<object>
		<name>b7</name>
		<pose>Unspecified</pose>
		<truncated>0</truncated>
		<difficult>0</difficult>
		<bndbox>
			<xmin>568.755</xmin>
			<ymin>618.522</ymin>
			<xmax>600.755</xmax>
			<ymax>650.522</ymax>
		</bndbox>
	</object>
	<object>
		<name>b6</name>
		<pose>Unspecified</pose>
		<truncated>0</truncated>
		<difficult>0</difficult>
		<bndbox>
			<xmin>130.811</xmin>
			<ymin>573.732</ymin>
			<xmax>162.811</xmax>
			<ymax>605.732</ymax>
		</bndbox>
	</object>
	<object>
		<name>b9</name>
		<pose>Unspecified</pose>
		<truncated>0</truncated>
		<difficult>0</difficult>
		<bndbox>
			<xmin>491.617</xmin>
			<ymin>571.244</ymin>
			<xmax>523.617</xmax>
			<ymax>603.244</ymax>
		</bndbox>
	</object>
	<object>
		<name>b5</name>
		<pose>Unspecified</pose>
		<truncated>0</truncated>
		<difficult>0</difficult>
		<bndbox>
			<xmin>554.323</xmin>
			<ymin>617.029</ymin>
			<xmax>586.323</xmax>
			<ymax>649.029</ymax>
		</bndbox>
	</object>
	<object>
		<name>b5</name>
		<pose>Unspecified</pose>
		<truncated>0</truncated>
		<difficult>0</difficult>
		<bndbox>
			<xmin>163.159</xmin>
			<ymin>621.806</ymin>
			<xmax>195.159</xmax>
			<ymax>653.806</ymax>
		</bndbox>
	</object>
	<object>
		<name>b5</name>
		<pose>Unspecified</pose>
		<truncated>0</truncated>
		<difficult>0</difficult>
		<bndbox>
			<xmin>604</xmin>
			<ymin>600</ymin>
			<xmax>636</xmax>
			<ymax>632</ymax>
		</bndbox>
	</object>
	<object>
		<name>g10</name>
		<pose>Unspecified</pose>
		<truncated>0</truncated>
		<difficult>0</difficult>
		<bndbox>
			<xmin>279</xmin>
			<ymin>621</ymin>
			<xmax>311</xmax>
			<ymax>653</ymax>
		</bndbox>
	</object>
	<object>
		<name>b7</name>
		<pose>Unspecified</pose>
		<truncated>0</truncated>
		<difficult>0</difficult>
		<bndbox>
			<xmin>303</xmin>
			<ymin>608</ymin>
			<xmax>335</xmax>
			<ymax>640</ymax>
		</bndbox>
	</object>
	<object>
		<name>b9</name>
		<pose>Unspecified</pose>
		<truncated>0</truncated>
		<difficult>0</difficult>
		<bndbox>
			<xmin>108</xmin>
			<ymin>578</ymin>
			<xmax>140</xmax>
			<ymax>610</ymax>
		</bndbox>
	</object>
	<object>
		<name>b9</name>
		<pose>Unspecified</pose>
		<truncated>0</truncated>
		<difficult>0</difficult>
		<bndbox>
			<xmin>509</xmin>
			<ymin>443</ymin>
			<xmax>541</xmax>
			<ymax>475</ymax>
		</bndbox>
	</object>
	<object>
		<name>b9</name>
		<pose>Unspecified</pose>
		<truncated>0</truncated>
		<difficult>0</difficult>
		<bndbox>
			<xmin>413.6</xmin>
			<ymin>606.8</ymin>
			<xmax>445.6</xmax>
			<ymax>638.8</ymax>
		</bndbox>
	</object>
	<object>
		<name>b4</name>
		<pose>Unspecified</pose>
		<truncated>0</truncated>
		<difficult>0</difficult>
		<bndbox>
			<xmin>611.6</xmin>
			<ymin>599.6</ymin>
			<xmax>643.6</xmax>
			<ymax>631.6</ymax>
		</bndbox>
	</object>
	<object>
		<name>b8</name>
		<pose>Unspecified</pose>
		<truncated>0</truncated>
		<difficult>0</difficult>
		<bndbox>
			<xmin>526.4</xmin>
			<ymin>432.8</ymin>
			<xmax>558.4</xmax>
			<ymax>464.8</ymax>
		</bndbox>
	</object>
	<object>
		<name>b8</name>
		<pose>Unspecified</pose>
		<truncated>0</truncated>
		<difficult>0</difficult>
		<bndbox>
			<xmin>344</xmin>
			<ymin>563.6</ymin>
			<xmax>376</xmax>
			<ymax>595.6</ymax>
		</bndbox>
	</object>
	<object>
		<name>b5</name>
		<pose>Unspecified</pose>
		<truncated>0</truncated>
		<difficult>0</difficult>
		<bndbox>
			<xmin>420.8</xmin>
			<ymin>561.2</ymin>
			<xmax>452.8</xmax>
			<ymax>593.2</ymax>
		</bndbox>
	</object>
	<object>
		<name>b6</name>
		<pose>Unspecified</pose>
		<truncated>0</truncated>
		<difficult>0</difficult>
		<bndbox>
			<xmin>603.2</xmin>
			<ymin>598.88</ymin>
			<xmax>635.2</xmax>
			<ymax>630.88</ymax>
		</bndbox>
	</object>
	<object>
		<name>b8</name>
		<pose>Unspecified</pose>
		<truncated>0</truncated>
		<difficult>0</difficult>
		<bndbox>
			<xmin>341.12</xmin>
			<ymin>564.32</ymin>
			<xmax>373.12</xmax>
			<ymax>596.32</ymax>
		</bndbox>
	</object>
	<object>
		<name>b7</name>
		<pose>Unspecified</pose>
		<truncated>0</truncated>
		<difficult>0</difficult>
		<bndbox>
			<xmin>597.44</xmin>
			<ymin>600.32</ymin>
			<xmax>629.44</xmax>
			<ymax>632.32</ymax>
		</bndbox>
	</object>
	<object>
		<name>b5</name>
		<pose>Unspecified</pose>
		<truncated>0</truncated>
		<difficult>0</difficult>
		<bndbox>
			<xmin>156.8</xmin>
			<ymin>607.52</ymin>
			<xmax>188.8</xmax>
			<ymax>639.52</ymax>
		</bndbox>
	</object>
	<object>
		<name>b8</name>
		<pose>Unspecified</pose>
		<truncated>0</truncated>
		<difficult>0</difficult>
		<bndbox>
			<xmin>303.68</xmin>
			<ymin>607.52</ymin>
			<xmax>335.68</xmax>
			<ymax>639.52</ymax>
		</bndbox>
	</object>
	<object>
		<name>b8</name>
		<pose>Unspecified</pose>
		<truncated>0</truncated>
		<difficult>0</difficult>
		<bndbox>
			<xmin>528.32</xmin>
			<ymin>433.28</ymin>
			<xmax>560.32</xmax>
			<ymax>465.28</ymax>
		</bndbox>
	</object>
	<object>
		<name>g10</name>
		<pose>Unspecified</pose>
		<truncated>0</truncated>
		<difficult>0</difficult>
		<bndbox>
			<xmin>155.694</xmin>
			<ymin>548.849</ymin>
			<xmax>187.694</xmax>
			<ymax>580.849</ymax>
		</bndbox>
	</object>
	<object>
		<name>b9</name>
		<pose>Unspecified</pose>
		<truncated>0</truncated>
		<difficult>0</difficult>
		<bndbox>
			<xmin>402.038</xmin>
			<ymin>603.592</ymin>
			<xmax>434.038</xmax>
			<ymax>635.592</ymax>
		</bndbox>
	</object>
	<object>
		<name>b8</name>
		<pose>Unspecified</pose>
		<truncated>0</truncated>
		<difficult>0</difficult>
		<bndbox>
			<xmin>466.734</xmin>
			<ymin>479.176</ymin>
			<xmax>498.734</xmax>
			<ymax>511.176</ymax>
		</bndbox>
	</object>
	<object>
		<name>b5</name>
		<pose>Unspecified</pose>
		<truncated>0</truncated>
		<difficult>0</difficult>
		<bndbox>
			<xmin>155.694</xmin>
			<ymin>608.568</ymin>
			<xmax>187.694</xmax>
			<ymax>640.568</ymax>
		</bndbox>
	</object>
	<object>
		<name>b6</name>
		<pose>Unspecified</pose>
		<truncated>0</truncated>
		<difficult>0</difficult>
		<bndbox>
			<xmin>521.477</xmin>
			<ymin>485.645</ymin>
			<xmax>553.477</xmax>
			<ymax>517.645</ymax>
		</bndbox>
	</object>
	<object>
		<name>b8</name>
		<pose>Unspecified</pose>
		<truncated>0</truncated>
		<difficult>0</difficult>
		<bndbox>
			<xmin>396.066</xmin>
			<ymin>560.892</ymin>
			<xmax>428.066</xmax>
			<ymax>592.892</ymax>
		</bndbox>
	</object>
	<object>
		<name>b9</name>
		<pose>Unspecified</pose>
		<truncated>0</truncated>
		<difficult>0</difficult>
		<bndbox>
			<xmin>356.651</xmin>
			<ymin>628.973</ymin>
			<xmax>388.651</xmax>
			<ymax>660.973</ymax>
		</bndbox>
	</object>
</annotation>
