<annotation>
	<folder>VOC2007</folder>
	<filename>000374.jpg</filename>
	<source>
		<database>My Database</database>
		<annotation>VOC2007</annotation>
		<image>flickr</image>
		<flickrid>NULL</flickrid>
	</source>
	<owner>
		<flickrid>NULL</flickrid>
		<name>shaochunyan</name>
	</owner>
	<size>
		<width>720</width>
		<height>1280</height>
		<depth>3</depth>
	</size>
	<segmented>0</segmented>
	<object>
		<name>b10</name>
		<pose>Unspecified</pose>
		<truncated>0</truncated>
		<difficult>0</difficult>
		<bndbox>
			<xmin>70</xmin>
			<ymin>615</ymin>
			<xmax>102</xmax>
			<ymax>647</ymax>
		</bndbox>
	</object>
	<object>
		<name>b8</name>
		<pose>Unspecified</pose>
		<truncated>0</truncated>
		<difficult>0</difficult>
		<bndbox>
			<xmin>185</xmin>
			<ymin>617</ymin>
			<xmax>217</xmax>
			<ymax>649</ymax>
		</bndbox>
	</object>
	<object>
		<name>b9</name>
		<pose>Unspecified</pose>
		<truncated>0</truncated>
		<difficult>0</difficult>
		<bndbox>
			<xmin>296</xmin>
			<ymin>632</ymin>
			<xmax>328</xmax>
			<ymax>664</ymax>
		</bndbox>
	</object>
	<object>
		<name>b8</name>
		<pose>Unspecified</pose>
		<truncated>0</truncated>
		<difficult>0</difficult>
		<bndbox>
			<xmin>179.6</xmin>
			<ymin>616.4</ymin>
			<xmax>211.6</xmax>
			<ymax>648.4</ymax>
		</bndbox>
	</object>
	<object>
		<name>b8</name>
		<pose>Unspecified</pose>
		<truncated>0</truncated>
		<difficult>0</difficult>
		<bndbox>
			<xmin>184.4</xmin>
			<ymin>616.4</ymin>
			<xmax>216.4</xmax>
			<ymax>648.4</ymax>
		</bndbox>
	</object>
	<object>
		<name>b9</name>
		<pose>Unspecified</pose>
		<truncated>0</truncated>
		<difficult>0</difficult>
		<bndbox>
			<xmin>146</xmin>
			<ymin>633.2</ymin>
			<xmax>178</xmax>
			<ymax>665.2</ymax>
		</bndbox>
	</object>
	<object>
		<name>b8</name>
		<pose>Unspecified</pose>
		<truncated>0</truncated>
		<difficult>0</difficult>
		<bndbox>
			<xmin>327.2</xmin>
			<ymin>622.4</ymin>
			<xmax>359.2</xmax>
			<ymax>654.4</ymax>
		</bndbox>
	</object>
	<object>
		<name>b9</name>
		<pose>Unspecified</pose>
		<truncated>0</truncated>
		<difficult>0</difficult>
		<bndbox>
			<xmin>351.2</xmin>
			<ymin>616.4</ymin>
			<xmax>383.2</xmax>
			<ymax>648.4</ymax>
		</bndbox>
	</object>
	<object>
		<name>b8</name>
		<pose>Unspecified</pose>
		<truncated>0</truncated>
		<difficult>0</difficult>
		<bndbox>
			<xmin>452</xmin>
			<ymin>627.2</ymin>
			<xmax>484</xmax>
			<ymax>659.2</ymax>
		</bndbox>
	</object>
	<object>
		<name>b9</name>
		<pose>Unspecified</pose>
		<truncated>0</truncated>
		<difficult>0</difficult>
		<bndbox>
			<xmin>298.4</xmin>
			<ymin>551.6</ymin>
			<xmax>330.4</xmax>
			<ymax>583.6</ymax>
		</bndbox>
	</object>
	<object>
		<name>b9</name>
		<pose>Unspecified</pose>
		<truncated>0</truncated>
		<difficult>0</difficult>
		<bndbox>
			<xmin>611.6</xmin>
			<ymin>416</ymin>
			<xmax>643.6</xmax>
			<ymax>448</ymax>
		</bndbox>
	</object>
	<object>
		<name>b10</name>
		<pose>Unspecified</pose>
		<truncated>0</truncated>
		<difficult>0</difficult>
		<bndbox>
			<xmin>86.24</xmin>
			<ymin>603.2</ymin>
			<xmax>118.24</xmax>
			<ymax>635.2</ymax>
		</bndbox>
	</object>
	<object>
		<name>b6</name>
		<pose>Unspecified</pose>
		<truncated>0</truncated>
		<difficult>0</difficult>
		<bndbox>
			<xmin>266.24</xmin>
			<ymin>619.04</ymin>
			<xmax>298.24</xmax>
			<ymax>651.04</ymax>
		</bndbox>
	</object>
	<object>
		<name>b8</name>
		<pose>Unspecified</pose>
		<truncated>0</truncated>
		<difficult>0</difficult>
		<bndbox>
			<xmin>452</xmin>
			<ymin>620.48</ymin>
			<xmax>484</xmax>
			<ymax>652.48</ymax>
		</bndbox>
	</object>
	<object>
		<name>b8</name>
		<pose>Unspecified</pose>
		<truncated>0</truncated>
		<difficult>0</difficult>
		<bndbox>
			<xmin>192.8</xmin>
			<ymin>614.72</ymin>
			<xmax>224.8</xmax>
			<ymax>646.72</ymax>
		</bndbox>
	</object>
	<object>
		<name>b7</name>
		<pose>Unspecified</pose>
		<truncated>0</truncated>
		<difficult>0</difficult>
		<bndbox>
			<xmin>320.96</xmin>
			<ymin>620.48</ymin>
			<xmax>352.96</xmax>
			<ymax>652.48</ymax>
		</bndbox>
	</object>
	<object>
		<name>b7</name>
		<pose>Unspecified</pose>
		<truncated>0</truncated>
		<difficult>0</difficult>
		<bndbox>
			<xmin>261.92</xmin>
			<ymin>616.16</ymin>
			<xmax>293.92</xmax>
			<ymax>648.16</ymax>
		</bndbox>
	</object>
	<object>
		<name>b8</name>
		<pose>Unspecified</pose>
		<truncated>0</truncated>
		<difficult>0</difficult>
		<bndbox>
			<xmin>238.88</xmin>
			<ymin>597.44</ymin>
			<xmax>270.88</xmax>
			<ymax>629.44</ymax>
		</bndbox>
	</object>
	<object>
		<name>b9</name>
		<pose>Unspecified</pose>
		<truncated>0</truncated>
		<difficult>0</difficult>
		<bndbox>
			<xmin>148.16</xmin>
			<ymin>625.088</ymin>
			<xmax>180.16</xmax>
			<ymax>657.088</ymax>
		</bndbox>
	</object>
	<object>
		<name>b9</name>
		<pose>Unspecified</pose>
		<truncated>0</truncated>
		<difficult>0</difficult>
		<bndbox>
			<xmin>161.984</xmin>
			<ymin>609.536</ymin>
			<xmax>193.984</xmax>
			<ymax>641.536</ymax>
		</bndbox>
	</object>
	<object>
		<name>b7</name>
		<pose>Unspecified</pose>
		<truncated>0</truncated>
		<difficult>0</difficult>
		<bndbox>
			<xmin>197.581</xmin>
			<ymin>606.08</ymin>
			<xmax>229.581</xmax>
			<ymax>638.08</ymax>
		</bndbox>
	</object>
	<object>
		<name>b9</name>
		<pose>Unspecified</pose>
		<truncated>0</truncated>
		<difficult>0</difficult>
		<bndbox>
			<xmin>299.187</xmin>
			<ymin>614.375</ymin>
			<xmax>331.187</xmax>
			<ymax>646.375</ymax>
		</bndbox>
	</object>
	<object>
		<name>b8</name>
		<pose>Unspecified</pose>
		<truncated>0</truncated>
		<difficult>0</difficult>
		<bndbox>
			<xmin>195.507</xmin>
			<ymin>614.375</ymin>
			<xmax>227.507</xmax>
			<ymax>646.375</ymax>
		</bndbox>
	</object>
	<object>
		<name>b8</name>
		<pose>Unspecified</pose>
		<truncated>0</truncated>
		<difficult>0</difficult>
		<bndbox>
			<xmin>326.144</xmin>
			<ymin>620.595</ymin>
			<xmax>358.144</xmax>
			<ymax>652.595</ymax>
		</bndbox>
	</object>
	<object>
		<name>b6</name>
		<pose>Unspecified</pose>
		<truncated>0</truncated>
		<difficult>0</difficult>
		<bndbox>
			<xmin>170.624</xmin>
			<ymin>637.184</ymin>
			<xmax>202.624</xmax>
			<ymax>669.184</ymax>
		</bndbox>
	</object>
	<object>
		<name>b5</name>
		<pose>Unspecified</pose>
		<truncated>0</truncated>
		<difficult>0</difficult>
		<bndbox>
			<xmin>241.126</xmin>
			<ymin>587.418</ymin>
			<xmax>273.126</xmax>
			<ymax>619.418</ymax>
		</bndbox>
	</object>
	<object>
		<name>b6</name>
		<pose>Unspecified</pose>
		<truncated>0</truncated>
		<difficult>0</difficult>
		<bndbox>
			<xmin>170.624</xmin>
			<ymin>638.428</ymin>
			<xmax>202.624</xmax>
			<ymax>670.428</ymax>
		</bndbox>
	</object>
	<object>
		<name>b9</name>
		<pose>Unspecified</pose>
		<truncated>0</truncated>
		<difficult>0</difficult>
		<bndbox>
			<xmin>270.157</xmin>
			<ymin>531.431</ymin>
			<xmax>302.157</xmax>
			<ymax>563.431</ymax>
		</bndbox>
	</object>
	<object>
		<name>b9</name>
		<pose>Unspecified</pose>
		<truncated>0</truncated>
		<difficult>0</difficult>
		<bndbox>
			<xmin>150.717</xmin>
			<ymin>621.01</ymin>
			<xmax>182.717</xmax>
			<ymax>653.01</ymax>
		</bndbox>
	</object>
	<object>
		<name>b8</name>
		<pose>Unspecified</pose>
		<truncated>0</truncated>
		<difficult>0</difficult>
		<bndbox>
			<xmin>291.556</xmin>
			<ymin>628.973</ymin>
			<xmax>323.556</xmax>
			<ymax>660.973</ymax>
		</bndbox>
	</object>
	<object>
		<name>b7</name>
		<pose>Unspecified</pose>
		<truncated>0</truncated>
		<difficult>0</difficult>
		<bndbox>
			<xmin>169.131</xmin>
			<ymin>637.931</ymin>
			<xmax>201.131</xmax>
			<ymax>669.931</ymax>
		</bndbox>
	</object>
	<object>
		<name>b10</name>
		<pose>Unspecified</pose>
		<truncated>0</truncated>
		<difficult>0</difficult>
		<bndbox>
			<xmin>181.075</xmin>
			<ymin>596.724</ymin>
			<xmax>213.075</xmax>
			<ymax>628.724</ymax>
		</bndbox>
	</object>
	<object>
		<name>b9</name>
		<pose>Unspecified</pose>
		<truncated>0</truncated>
		<difficult>0</difficult>
		<bndbox>
			<xmin>141.66</xmin>
			<ymin>646.889</ymin>
			<xmax>173.66</xmax>
			<ymax>678.889</ymax>
		</bndbox>
	</object>
	<object>
		<name>b10</name>
		<pose>Unspecified</pose>
		<truncated>0</truncated>
		<difficult>0</difficult>
		<bndbox>
			<xmin>70</xmin>
			<ymin>615</ymin>
			<xmax>102</xmax>
			<ymax>647</ymax>
		</bndbox>
	</object>
	<object>
		<name>b8</name>
		<pose>Unspecified</pose>
		<truncated>0</truncated>
		<difficult>0</difficult>
		<bndbox>
			<xmin>185</xmin>
			<ymin>617</ymin>
			<xmax>217</xmax>
			<ymax>649</ymax>
		</bndbox>
	</object>
	<object>
		<name>b9</name>
		<pose>Unspecified</pose>
		<truncated>0</truncated>
		<difficult>0</difficult>
		<bndbox>
			<xmin>296</xmin>
			<ymin>632</ymin>
			<xmax>328</xmax>
			<ymax>664</ymax>
		</bndbox>
	</object>
	<object>
		<name>b8</name>
		<pose>Unspecified</pose>
		<truncated>0</truncated>
		<difficult>0</difficult>
		<bndbox>
			<xmin>179.6</xmin>
			<ymin>616.4</ymin>
			<xmax>211.6</xmax>
			<ymax>648.4</ymax>
		</bndbox>
	</object>
	<object>
		<name>b8</name>
		<pose>Unspecified</pose>
		<truncated>0</truncated>
		<difficult>0</difficult>
		<bndbox>
			<xmin>184.4</xmin>
			<ymin>616.4</ymin>
			<xmax>216.4</xmax>
			<ymax>648.4</ymax>
		</bndbox>
	</object>
	<object>
		<name>b9</name>
		<pose>Unspecified</pose>
		<truncated>0</truncated>
		<difficult>0</difficult>
		<bndbox>
			<xmin>146</xmin>
			<ymin>633.2</ymin>
			<xmax>178</xmax>
			<ymax>665.2</ymax>
		</bndbox>
	</object>
	<object>
		<name>b8</name>
		<pose>Unspecified</pose>
		<truncated>0</truncated>
		<difficult>0</difficult>
		<bndbox>
			<xmin>327.2</xmin>
			<ymin>622.4</ymin>
			<xmax>359.2</xmax>
			<ymax>654.4</ymax>
		</bndbox>
	</object>
	<object>
		<name>b9</name>
		<pose>Unspecified</pose>
		<truncated>0</truncated>
		<difficult>0</difficult>
		<bndbox>
			<xmin>351.2</xmin>
			<ymin>616.4</ymin>
			<xmax>383.2</xmax>
			<ymax>648.4</ymax>
		</bndbox>
	</object>
	<object>
		<name>b8</name>
		<pose>Unspecified</pose>
		<truncated>0</truncated>
		<difficult>0</difficult>
		<bndbox>
			<xmin>452</xmin>
			<ymin>627.2</ymin>
			<xmax>484</xmax>
			<ymax>659.2</ymax>
		</bndbox>
	</object>
	<object>
		<name>b9</name>
		<pose>Unspecified</pose>
		<truncated>0</truncated>
		<difficult>0</difficult>
		<bndbox>
			<xmin>298.4</xmin>
			<ymin>551.6</ymin>
			<xmax>330.4</xmax>
			<ymax>583.6</ymax>
		</bndbox>
	</object>
	<object>
		<name>b9</name>
		<pose>Unspecified</pose>
		<truncated>0</truncated>
		<difficult>0</difficult>
		<bndbox>
			<xmin>611.6</xmin>
			<ymin>416</ymin>
			<xmax>643.6</xmax>
			<ymax>448</ymax>
		</bndbox>
	</object>
	<object>
		<name>b10</name>
		<pose>Unspecified</pose>
		<truncated>0</truncated>
		<difficult>0</difficult>
		<bndbox>
			<xmin>86.24</xmin>
			<ymin>603.2</ymin>
			<xmax>118.24</xmax>
			<ymax>635.2</ymax>
		</bndbox>
	</object>
	<object>
		<name>b6</name>
		<pose>Unspecified</pose>
		<truncated>0</truncated>
		<difficult>0</difficult>
		<bndbox>
			<xmin>266.24</xmin>
			<ymin>619.04</ymin>
			<xmax>298.24</xmax>
			<ymax>651.04</ymax>
		</bndbox>
	</object>
	<object>
		<name>b8</name>
		<pose>Unspecified</pose>
		<truncated>0</truncated>
		<difficult>0</difficult>
		<bndbox>
			<xmin>452</xmin>
			<ymin>620.48</ymin>
			<xmax>484</xmax>
			<ymax>652.48</ymax>
		</bndbox>
	</object>
	<object>
		<name>b8</name>
		<pose>Unspecified</pose>
		<truncated>0</truncated>
		<difficult>0</difficult>
		<bndbox>
			<xmin>192.8</xmin>
			<ymin>614.72</ymin>
			<xmax>224.8</xmax>
			<ymax>646.72</ymax>
		</bndbox>
	</object>
	<object>
		<name>b7</name>
		<pose>Unspecified</pose>
		<truncated>0</truncated>
		<difficult>0</difficult>
		<bndbox>
			<xmin>320.96</xmin>
			<ymin>620.48</ymin>
			<xmax>352.96</xmax>
			<ymax>652.48</ymax>
		</bndbox>
	</object>
	<object>
		<name>b7</name>
		<pose>Unspecified</pose>
		<truncated>0</truncated>
		<difficult>0</difficult>
		<bndbox>
			<xmin>261.92</xmin>
			<ymin>616.16</ymin>
			<xmax>293.92</xmax>
			<ymax>648.16</ymax>
		</bndbox>
	</object>
	<object>
		<name>b8</name>
		<pose>Unspecified</pose>
		<truncated>0</truncated>
		<difficult>0</difficult>
		<bndbox>
			<xmin>238.88</xmin>
			<ymin>597.44</ymin>
			<xmax>270.88</xmax>
			<ymax>629.44</ymax>
		</bndbox>
	</object>
	<object>
		<name>b9</name>
		<pose>Unspecified</pose>
		<truncated>0</truncated>
		<difficult>0</difficult>
		<bndbox>
			<xmin>148.16</xmin>
			<ymin>625.088</ymin>
			<xmax>180.16</xmax>
			<ymax>657.088</ymax>
		</bndbox>
	</object>
	<object>
		<name>b9</name>
		<pose>Unspecified</pose>
		<truncated>0</truncated>
		<difficult>0</difficult>
		<bndbox>
			<xmin>161.984</xmin>
			<ymin>609.536</ymin>
			<xmax>193.984</xmax>
			<ymax>641.536</ymax>
		</bndbox>
	</object>
	<object>
		<name>b7</name>
		<pose>Unspecified</pose>
		<truncated>0</truncated>
		<difficult>0</difficult>
		<bndbox>
			<xmin>197.581</xmin>
			<ymin>606.08</ymin>
			<xmax>229.581</xmax>
			<ymax>638.08</ymax>
		</bndbox>
	</object>
	<object>
		<name>b9</name>
		<pose>Unspecified</pose>
		<truncated>0</truncated>
		<difficult>0</difficult>
		<bndbox>
			<xmin>299.187</xmin>
			<ymin>614.375</ymin>
			<xmax>331.187</xmax>
			<ymax>646.375</ymax>
		</bndbox>
	</object>
	<object>
		<name>b8</name>
		<pose>Unspecified</pose>
		<truncated>0</truncated>
		<difficult>0</difficult>
		<bndbox>
			<xmin>195.507</xmin>
			<ymin>614.375</ymin>
			<xmax>227.507</xmax>
			<ymax>646.375</ymax>
		</bndbox>
	</object>
	<object>
		<name>b8</name>
		<pose>Unspecified</pose>
		<truncated>0</truncated>
		<difficult>0</difficult>
		<bndbox>
			<xmin>326.144</xmin>
			<ymin>620.595</ymin>
			<xmax>358.144</xmax>
			<ymax>652.595</ymax>
		</bndbox>
	</object>
	<object>
		<name>b6</name>
		<pose>Unspecified</pose>
		<truncated>0</truncated>
		<difficult>0</difficult>
		<bndbox>
			<xmin>170.624</xmin>
			<ymin>637.184</ymin>
			<xmax>202.624</xmax>
			<ymax>669.184</ymax>
		</bndbox>
	</object>
	<object>
		<name>b5</name>
		<pose>Unspecified</pose>
		<truncated>0</truncated>
		<difficult>0</difficult>
		<bndbox>
			<xmin>241.126</xmin>
			<ymin>587.418</ymin>
			<xmax>273.126</xmax>
			<ymax>619.418</ymax>
		</bndbox>
	</object>
	<object>
		<name>b6</name>
		<pose>Unspecified</pose>
		<truncated>0</truncated>
		<difficult>0</difficult>
		<bndbox>
			<xmin>170.624</xmin>
			<ymin>638.428</ymin>
			<xmax>202.624</xmax>
			<ymax>670.428</ymax>
		</bndbox>
	</object>
	<object>
		<name>b9</name>
		<pose>Unspecified</pose>
		<truncated>0</truncated>
		<difficult>0</difficult>
		<bndbox>
			<xmin>270.157</xmin>
			<ymin>531.431</ymin>
			<xmax>302.157</xmax>
			<ymax>563.431</ymax>
		</bndbox>
	</object>
	<object>
		<name>b9</name>
		<pose>Unspecified</pose>
		<truncated>0</truncated>
		<difficult>0</difficult>
		<bndbox>
			<xmin>150.717</xmin>
			<ymin>621.01</ymin>
			<xmax>182.717</xmax>
			<ymax>653.01</ymax>
		</bndbox>
	</object>
	<object>
		<name>b8</name>
		<pose>Unspecified</pose>
		<truncated>0</truncated>
		<difficult>0</difficult>
		<bndbox>
			<xmin>291.556</xmin>
			<ymin>628.973</ymin>
			<xmax>323.556</xmax>
			<ymax>660.973</ymax>
		</bndbox>
	</object>
	<object>
		<name>b7</name>
		<pose>Unspecified</pose>
		<truncated>0</truncated>
		<difficult>0</difficult>
		<bndbox>
			<xmin>169.131</xmin>
			<ymin>637.931</ymin>
			<xmax>201.131</xmax>
			<ymax>669.931</ymax>
		</bndbox>
	</object>
	<object>
		<name>b10</name>
		<pose>Unspecified</pose>
		<truncated>0</truncated>
		<difficult>0</difficult>
		<bndbox>
			<xmin>181.075</xmin>
			<ymin>596.724</ymin>
			<xmax>213.075</xmax>
			<ymax>628.724</ymax>
		</bndbox>
	</object>
	<object>
		<name>b9</name>
		<pose>Unspecified</pose>
		<truncated>0</truncated>
		<difficult>0</difficult>
		<bndbox>
			<xmin>141.66</xmin>
			<ymin>646.889</ymin>
			<xmax>173.66</xmax>
			<ymax>678.889</ymax>
		</bndbox>
	</object>
	<object>
		<name>b10</name>
		<pose>Unspecified</pose>
		<truncated>0</truncated>
		<difficult>0</difficult>
		<bndbox>
			<xmin>70</xmin>
			<ymin>615</ymin>
			<xmax>102</xmax>
			<ymax>647</ymax>
		</bndbox>
	</object>
	<object>
		<name>b8</name>
		<pose>Unspecified</pose>
		<truncated>0</truncated>
		<difficult>0</difficult>
		<bndbox>
			<xmin>185</xmin>
			<ymin>617</ymin>
			<xmax>217</xmax>
			<ymax>649</ymax>
		</bndbox>
	</object>
	<object>
		<name>b9</name>
		<pose>Unspecified</pose>
		<truncated>0</truncated>
		<difficult>0</difficult>
		<bndbox>
			<xmin>296</xmin>
			<ymin>632</ymin>
			<xmax>328</xmax>
			<ymax>664</ymax>
		</bndbox>
	</object>
	<object>
		<name>b8</name>
		<pose>Unspecified</pose>
		<truncated>0</truncated>
		<difficult>0</difficult>
		<bndbox>
			<xmin>179.6</xmin>
			<ymin>616.4</ymin>
			<xmax>211.6</xmax>
			<ymax>648.4</ymax>
		</bndbox>
	</object>
	<object>
		<name>b8</name>
		<pose>Unspecified</pose>
		<truncated>0</truncated>
		<difficult>0</difficult>
		<bndbox>
			<xmin>184.4</xmin>
			<ymin>616.4</ymin>
			<xmax>216.4</xmax>
			<ymax>648.4</ymax>
		</bndbox>
	</object>
	<object>
		<name>b9</name>
		<pose>Unspecified</pose>
		<truncated>0</truncated>
		<difficult>0</difficult>
		<bndbox>
			<xmin>146</xmin>
			<ymin>633.2</ymin>
			<xmax>178</xmax>
			<ymax>665.2</ymax>
		</bndbox>
	</object>
	<object>
		<name>b8</name>
		<pose>Unspecified</pose>
		<truncated>0</truncated>
		<difficult>0</difficult>
		<bndbox>
			<xmin>327.2</xmin>
			<ymin>622.4</ymin>
			<xmax>359.2</xmax>
			<ymax>654.4</ymax>
		</bndbox>
	</object>
	<object>
		<name>b9</name>
		<pose>Unspecified</pose>
		<truncated>0</truncated>
		<difficult>0</difficult>
		<bndbox>
			<xmin>351.2</xmin>
			<ymin>616.4</ymin>
			<xmax>383.2</xmax>
			<ymax>648.4</ymax>
		</bndbox>
	</object>
	<object>
		<name>b8</name>
		<pose>Unspecified</pose>
		<truncated>0</truncated>
		<difficult>0</difficult>
		<bndbox>
			<xmin>452</xmin>
			<ymin>627.2</ymin>
			<xmax>484</xmax>
			<ymax>659.2</ymax>
		</bndbox>
	</object>
	<object>
		<name>b9</name>
		<pose>Unspecified</pose>
		<truncated>0</truncated>
		<difficult>0</difficult>
		<bndbox>
			<xmin>298.4</xmin>
			<ymin>551.6</ymin>
			<xmax>330.4</xmax>
			<ymax>583.6</ymax>
		</bndbox>
	</object>
	<object>
		<name>b9</name>
		<pose>Unspecified</pose>
		<truncated>0</truncated>
		<difficult>0</difficult>
		<bndbox>
			<xmin>611.6</xmin>
			<ymin>416</ymin>
			<xmax>643.6</xmax>
			<ymax>448</ymax>
		</bndbox>
	</object>
	<object>
		<name>b10</name>
		<pose>Unspecified</pose>
		<truncated>0</truncated>
		<difficult>0</difficult>
		<bndbox>
			<xmin>86.24</xmin>
			<ymin>603.2</ymin>
			<xmax>118.24</xmax>
			<ymax>635.2</ymax>
		</bndbox>
	</object>
	<object>
		<name>b6</name>
		<pose>Unspecified</pose>
		<truncated>0</truncated>
		<difficult>0</difficult>
		<bndbox>
			<xmin>266.24</xmin>
			<ymin>619.04</ymin>
			<xmax>298.24</xmax>
			<ymax>651.04</ymax>
		</bndbox>
	</object>
	<object>
		<name>b8</name>
		<pose>Unspecified</pose>
		<truncated>0</truncated>
		<difficult>0</difficult>
		<bndbox>
			<xmin>452</xmin>
			<ymin>620.48</ymin>
			<xmax>484</xmax>
			<ymax>652.48</ymax>
		</bndbox>
	</object>
	<object>
		<name>b8</name>
		<pose>Unspecified</pose>
		<truncated>0</truncated>
		<difficult>0</difficult>
		<bndbox>
			<xmin>192.8</xmin>
			<ymin>614.72</ymin>
			<xmax>224.8</xmax>
			<ymax>646.72</ymax>
		</bndbox>
	</object>
	<object>
		<name>b7</name>
		<pose>Unspecified</pose>
		<truncated>0</truncated>
		<difficult>0</difficult>
		<bndbox>
			<xmin>320.96</xmin>
			<ymin>620.48</ymin>
			<xmax>352.96</xmax>
			<ymax>652.48</ymax>
		</bndbox>
	</object>
	<object>
		<name>b7</name>
		<pose>Unspecified</pose>
		<truncated>0</truncated>
		<difficult>0</difficult>
		<bndbox>
			<xmin>261.92</xmin>
			<ymin>616.16</ymin>
			<xmax>293.92</xmax>
			<ymax>648.16</ymax>
		</bndbox>
	</object>
	<object>
		<name>b8</name>
		<pose>Unspecified</pose>
		<truncated>0</truncated>
		<difficult>0</difficult>
		<bndbox>
			<xmin>238.88</xmin>
			<ymin>597.44</ymin>
			<xmax>270.88</xmax>
			<ymax>629.44</ymax>
		</bndbox>
	</object>
	<object>
		<name>b9</name>
		<pose>Unspecified</pose>
		<truncated>0</truncated>
		<difficult>0</difficult>
		<bndbox>
			<xmin>148.16</xmin>
			<ymin>625.088</ymin>
			<xmax>180.16</xmax>
			<ymax>657.088</ymax>
		</bndbox>
	</object>
	<object>
		<name>b9</name>
		<pose>Unspecified</pose>
		<truncated>0</truncated>
		<difficult>0</difficult>
		<bndbox>
			<xmin>161.984</xmin>
			<ymin>609.536</ymin>
			<xmax>193.984</xmax>
			<ymax>641.536</ymax>
		</bndbox>
	</object>
	<object>
		<name>b7</name>
		<pose>Unspecified</pose>
		<truncated>0</truncated>
		<difficult>0</difficult>
		<bndbox>
			<xmin>197.581</xmin>
			<ymin>606.08</ymin>
			<xmax>229.581</xmax>
			<ymax>638.08</ymax>
		</bndbox>
	</object>
	<object>
		<name>b9</name>
		<pose>Unspecified</pose>
		<truncated>0</truncated>
		<difficult>0</difficult>
		<bndbox>
			<xmin>299.187</xmin>
			<ymin>614.375</ymin>
			<xmax>331.187</xmax>
			<ymax>646.375</ymax>
		</bndbox>
	</object>
	<object>
		<name>b8</name>
		<pose>Unspecified</pose>
		<truncated>0</truncated>
		<difficult>0</difficult>
		<bndbox>
			<xmin>195.507</xmin>
			<ymin>614.375</ymin>
			<xmax>227.507</xmax>
			<ymax>646.375</ymax>
		</bndbox>
	</object>
	<object>
		<name>b8</name>
		<pose>Unspecified</pose>
		<truncated>0</truncated>
		<difficult>0</difficult>
		<bndbox>
			<xmin>326.144</xmin>
			<ymin>620.595</ymin>
			<xmax>358.144</xmax>
			<ymax>652.595</ymax>
		</bndbox>
	</object>
	<object>
		<name>b6</name>
		<pose>Unspecified</pose>
		<truncated>0</truncated>
		<difficult>0</difficult>
		<bndbox>
			<xmin>170.624</xmin>
			<ymin>637.184</ymin>
			<xmax>202.624</xmax>
			<ymax>669.184</ymax>
		</bndbox>
	</object>
	<object>
		<name>b5</name>
		<pose>Unspecified</pose>
		<truncated>0</truncated>
		<difficult>0</difficult>
		<bndbox>
			<xmin>241.126</xmin>
			<ymin>587.418</ymin>
			<xmax>273.126</xmax>
			<ymax>619.418</ymax>
		</bndbox>
	</object>
	<object>
		<name>b6</name>
		<pose>Unspecified</pose>
		<truncated>0</truncated>
		<difficult>0</difficult>
		<bndbox>
			<xmin>170.624</xmin>
			<ymin>638.428</ymin>
			<xmax>202.624</xmax>
			<ymax>670.428</ymax>
		</bndbox>
	</object>
	<object>
		<name>b9</name>
		<pose>Unspecified</pose>
		<truncated>0</truncated>
		<difficult>0</difficult>
		<bndbox>
			<xmin>270.157</xmin>
			<ymin>531.431</ymin>
			<xmax>302.157</xmax>
			<ymax>563.431</ymax>
		</bndbox>
	</object>
	<object>
		<name>b9</name>
		<pose>Unspecified</pose>
		<truncated>0</truncated>
		<difficult>0</difficult>
		<bndbox>
			<xmin>150.717</xmin>
			<ymin>621.01</ymin>
			<xmax>182.717</xmax>
			<ymax>653.01</ymax>
		</bndbox>
	</object>
	<object>
		<name>b8</name>
		<pose>Unspecified</pose>
		<truncated>0</truncated>
		<difficult>0</difficult>
		<bndbox>
			<xmin>291.556</xmin>
			<ymin>628.973</ymin>
			<xmax>323.556</xmax>
			<ymax>660.973</ymax>
		</bndbox>
	</object>
	<object>
		<name>b7</name>
		<pose>Unspecified</pose>
		<truncated>0</truncated>
		<difficult>0</difficult>
		<bndbox>
			<xmin>169.131</xmin>
			<ymin>637.931</ymin>
			<xmax>201.131</xmax>
			<ymax>669.931</ymax>
		</bndbox>
	</object>
	<object>
		<name>b10</name>
		<pose>Unspecified</pose>
		<truncated>0</truncated>
		<difficult>0</difficult>
		<bndbox>
			<xmin>181.075</xmin>
			<ymin>596.724</ymin>
			<xmax>213.075</xmax>
			<ymax>628.724</ymax>
		</bndbox>
	</object>
	<object>
		<name>b9</name>
		<pose>Unspecified</pose>
		<truncated>0</truncated>
		<difficult>0</difficult>
		<bndbox>
			<xmin>141.66</xmin>
			<ymin>646.889</ymin>
			<xmax>173.66</xmax>
			<ymax>678.889</ymax>
		</bndbox>
	</object>
</annotation>
