<annotation>
	<folder>VOC2007</folder>
	<filename>000364.jpg</filename>
	<source>
		<database>My Database</database>
		<annotation>VOC2007</annotation>
		<image>flickr</image>
		<flickrid>NULL</flickrid>
	</source>
	<owner>
		<flickrid>NULL</flickrid>
		<name>shaochunyan</name>
	</owner>
	<size>
		<width>720</width>
		<height>1280</height>
		<depth>3</depth>
	</size>
	<segmented>0</segmented>
	<object>
		<name>b10</name>
		<pose>Unspecified</pose>
		<truncated>0</truncated>
		<difficult>0</difficult>
		<bndbox>
			<xmin>138</xmin>
			<ymin>450</ymin>
			<xmax>170</xmax>
			<ymax>482</ymax>
		</bndbox>
	</object>
	<object>
		<name>g1</name>
		<pose>Unspecified</pose>
		<truncated>0</truncated>
		<difficult>0</difficult>
		<bndbox>
			<xmin>20</xmin>
			<ymin>625</ymin>
			<xmax>52</xmax>
			<ymax>657</ymax>
		</bndbox>
	</object>
	<object>
		<name>b8</name>
		<pose>Unspecified</pose>
		<truncated>0</truncated>
		<difficult>0</difficult>
		<bndbox>
			<xmin>182</xmin>
			<ymin>652</ymin>
			<xmax>214</xmax>
			<ymax>684</ymax>
		</bndbox>
	</object>
	<object>
		<name>b5</name>
		<pose>Unspecified</pose>
		<truncated>0</truncated>
		<difficult>0</difficult>
		<bndbox>
			<xmin>249.2</xmin>
			<ymin>659.6</ymin>
			<xmax>281.2</xmax>
			<ymax>691.6</ymax>
		</bndbox>
	</object>
	<object>
		<name>b6</name>
		<pose>Unspecified</pose>
		<truncated>0</truncated>
		<difficult>0</difficult>
		<bndbox>
			<xmin>324.8</xmin>
			<ymin>629.6</ymin>
			<xmax>356.8</xmax>
			<ymax>661.6</ymax>
		</bndbox>
	</object>
	<object>
		<name>b5</name>
		<pose>Unspecified</pose>
		<truncated>0</truncated>
		<difficult>0</difficult>
		<bndbox>
			<xmin>233.6</xmin>
			<ymin>687.2</ymin>
			<xmax>265.6</xmax>
			<ymax>719.2</ymax>
		</bndbox>
	</object>
	<object>
		<name>b5</name>
		<pose>Unspecified</pose>
		<truncated>0</truncated>
		<difficult>0</difficult>
		<bndbox>
			<xmin>46.4</xmin>
			<ymin>628.4</ymin>
			<xmax>78.4</xmax>
			<ymax>660.4</ymax>
		</bndbox>
	</object>
	<object>
		<name>b9</name>
		<pose>Unspecified</pose>
		<truncated>0</truncated>
		<difficult>0</difficult>
		<bndbox>
			<xmin>251.6</xmin>
			<ymin>640.4</ymin>
			<xmax>283.6</xmax>
			<ymax>672.4</ymax>
		</bndbox>
	</object>
	<object>
		<name>b7</name>
		<pose>Unspecified</pose>
		<truncated>0</truncated>
		<difficult>0</difficult>
		<bndbox>
			<xmin>176</xmin>
			<ymin>599.6</ymin>
			<xmax>208</xmax>
			<ymax>631.6</ymax>
		</bndbox>
	</object>
	<object>
		<name>b9</name>
		<pose>Unspecified</pose>
		<truncated>0</truncated>
		<difficult>0</difficult>
		<bndbox>
			<xmin>117.2</xmin>
			<ymin>471.2</ymin>
			<xmax>149.2</xmax>
			<ymax>503.2</ymax>
		</bndbox>
	</object>
	<object>
		<name>b9</name>
		<pose>Unspecified</pose>
		<truncated>0</truncated>
		<difficult>0</difficult>
		<bndbox>
			<xmin>153.92</xmin>
			<ymin>672.32</ymin>
			<xmax>185.92</xmax>
			<ymax>704.32</ymax>
		</bndbox>
	</object>
	<object>
		<name>b7</name>
		<pose>Unspecified</pose>
		<truncated>0</truncated>
		<difficult>0</difficult>
		<bndbox>
			<xmin>123.68</xmin>
			<ymin>626.24</ymin>
			<xmax>155.68</xmax>
			<ymax>658.24</ymax>
		</bndbox>
	</object>
	<object>
		<name>b6</name>
		<pose>Unspecified</pose>
		<truncated>0</truncated>
		<difficult>0</difficult>
		<bndbox>
			<xmin>325.28</xmin>
			<ymin>629.12</ymin>
			<xmax>357.28</xmax>
			<ymax>661.12</ymax>
		</bndbox>
	</object>
	<object>
		<name>b9</name>
		<pose>Unspecified</pose>
		<truncated>0</truncated>
		<difficult>0</difficult>
		<bndbox>
			<xmin>470.72</xmin>
			<ymin>646.4</ymin>
			<xmax>502.72</xmax>
			<ymax>678.4</ymax>
		</bndbox>
	</object>
	<object>
		<name>b7</name>
		<pose>Unspecified</pose>
		<truncated>0</truncated>
		<difficult>0</difficult>
		<bndbox>
			<xmin>174.08</xmin>
			<ymin>599.168</ymin>
			<xmax>206.08</xmax>
			<ymax>631.168</ymax>
		</bndbox>
	</object>
	<object>
		<name>b8</name>
		<pose>Unspecified</pose>
		<truncated>0</truncated>
		<difficult>0</difficult>
		<bndbox>
			<xmin>170.624</xmin>
			<ymin>609.536</ymin>
			<xmax>202.624</xmax>
			<ymax>641.536</ymax>
		</bndbox>
	</object>
	<object>
		<name>b5</name>
		<pose>Unspecified</pose>
		<truncated>0</truncated>
		<difficult>0</difficult>
		<bndbox>
			<xmin>247.347</xmin>
			<ymin>657.92</ymin>
			<xmax>279.347</xmax>
			<ymax>689.92</ymax>
		</bndbox>
	</object>
	<object>
		<name>b7</name>
		<pose>Unspecified</pose>
		<truncated>0</truncated>
		<difficult>0</difficult>
		<bndbox>
			<xmin>172.698</xmin>
			<ymin>599.859</ymin>
			<xmax>204.698</xmax>
			<ymax>631.859</ymax>
		</bndbox>
	</object>
	<object>
		<name>b6</name>
		<pose>Unspecified</pose>
		<truncated>0</truncated>
		<difficult>0</difficult>
		<bndbox>
			<xmin>234.906</xmin>
			<ymin>647.552</ymin>
			<xmax>266.906</xmax>
			<ymax>679.552</ymax>
		</bndbox>
	</object>
	<object>
		<name>b8</name>
		<pose>Unspecified</pose>
		<truncated>0</truncated>
		<difficult>0</difficult>
		<bndbox>
			<xmin>332.365</xmin>
			<ymin>543.872</ymin>
			<xmax>364.365</xmax>
			<ymax>575.872</ymax>
		</bndbox>
	</object>
	<object>
		<name>b10</name>
		<pose>Unspecified</pose>
		<truncated>0</truncated>
		<difficult>0</difficult>
		<bndbox>
			<xmin>276.627</xmin>
			<ymin>637.931</ymin>
			<xmax>308.627</xmax>
			<ymax>669.931</ymax>
		</bndbox>
	</object>
	<object>
		<name>b10</name>
		<pose>Unspecified</pose>
		<truncated>0</truncated>
		<difficult>0</difficult>
		<bndbox>
			<xmin>204.963</xmin>
			<ymin>646.889</ymin>
			<xmax>236.963</xmax>
			<ymax>678.889</ymax>
		</bndbox>
	</object>
	<object>
		<name>b6</name>
		<pose>Unspecified</pose>
		<truncated>0</truncated>
		<difficult>0</difficult>
		<bndbox>
			<xmin>240.795</xmin>
			<ymin>673.763</ymin>
			<xmax>272.795</xmax>
			<ymax>705.763</ymax>
		</bndbox>
	</object>
	<object>
		<name>b5</name>
		<pose>Unspecified</pose>
		<truncated>0</truncated>
		<difficult>0</difficult>
		<bndbox>
			<xmin>237.809</xmin>
			<ymin>646.889</ymin>
			<xmax>269.809</xmax>
			<ymax>678.889</ymax>
		</bndbox>
	</object>
	<object>
		<name>b8</name>
		<pose>Unspecified</pose>
		<truncated>0</truncated>
		<difficult>0</difficult>
		<bndbox>
			<xmin>219.893</xmin>
			<ymin>625.987</ymin>
			<xmax>251.893</xmax>
			<ymax>657.987</ymax>
		</bndbox>
	</object>
	<object>
		<name>b9</name>
		<pose>Unspecified</pose>
		<truncated>0</truncated>
		<difficult>0</difficult>
		<bndbox>
			<xmin>181.075</xmin>
			<ymin>646.889</ymin>
			<xmax>213.075</xmax>
			<ymax>678.889</ymax>
		</bndbox>
	</object>
	<object>
		<name>b8</name>
		<pose>Unspecified</pose>
		<truncated>0</truncated>
		<difficult>0</difficult>
		<bndbox>
			<xmin>109.411</xmin>
			<ymin>628.973</ymin>
			<xmax>141.411</xmax>
			<ymax>660.973</ymax>
		</bndbox>
	</object>
	<object>
		<name>b7</name>
		<pose>Unspecified</pose>
		<truncated>0</truncated>
		<difficult>0</difficult>
		<bndbox>
			<xmin>170.325</xmin>
			<ymin>600.307</ymin>
			<xmax>202.325</xmax>
			<ymax>632.307</ymax>
		</bndbox>
	</object>
	<object>
		<name>b10</name>
		<pose>Unspecified</pose>
		<truncated>0</truncated>
		<difficult>0</difficult>
		<bndbox>
			<xmin>138</xmin>
			<ymin>450</ymin>
			<xmax>170</xmax>
			<ymax>482</ymax>
		</bndbox>
	</object>
	<object>
		<name>g1</name>
		<pose>Unspecified</pose>
		<truncated>0</truncated>
		<difficult>0</difficult>
		<bndbox>
			<xmin>20</xmin>
			<ymin>625</ymin>
			<xmax>52</xmax>
			<ymax>657</ymax>
		</bndbox>
	</object>
	<object>
		<name>b8</name>
		<pose>Unspecified</pose>
		<truncated>0</truncated>
		<difficult>0</difficult>
		<bndbox>
			<xmin>182</xmin>
			<ymin>652</ymin>
			<xmax>214</xmax>
			<ymax>684</ymax>
		</bndbox>
	</object>
	<object>
		<name>b5</name>
		<pose>Unspecified</pose>
		<truncated>0</truncated>
		<difficult>0</difficult>
		<bndbox>
			<xmin>249.2</xmin>
			<ymin>659.6</ymin>
			<xmax>281.2</xmax>
			<ymax>691.6</ymax>
		</bndbox>
	</object>
	<object>
		<name>b6</name>
		<pose>Unspecified</pose>
		<truncated>0</truncated>
		<difficult>0</difficult>
		<bndbox>
			<xmin>324.8</xmin>
			<ymin>629.6</ymin>
			<xmax>356.8</xmax>
			<ymax>661.6</ymax>
		</bndbox>
	</object>
	<object>
		<name>b5</name>
		<pose>Unspecified</pose>
		<truncated>0</truncated>
		<difficult>0</difficult>
		<bndbox>
			<xmin>233.6</xmin>
			<ymin>687.2</ymin>
			<xmax>265.6</xmax>
			<ymax>719.2</ymax>
		</bndbox>
	</object>
	<object>
		<name>b5</name>
		<pose>Unspecified</pose>
		<truncated>0</truncated>
		<difficult>0</difficult>
		<bndbox>
			<xmin>46.4</xmin>
			<ymin>628.4</ymin>
			<xmax>78.4</xmax>
			<ymax>660.4</ymax>
		</bndbox>
	</object>
	<object>
		<name>b9</name>
		<pose>Unspecified</pose>
		<truncated>0</truncated>
		<difficult>0</difficult>
		<bndbox>
			<xmin>251.6</xmin>
			<ymin>640.4</ymin>
			<xmax>283.6</xmax>
			<ymax>672.4</ymax>
		</bndbox>
	</object>
	<object>
		<name>b7</name>
		<pose>Unspecified</pose>
		<truncated>0</truncated>
		<difficult>0</difficult>
		<bndbox>
			<xmin>176</xmin>
			<ymin>599.6</ymin>
			<xmax>208</xmax>
			<ymax>631.6</ymax>
		</bndbox>
	</object>
	<object>
		<name>b9</name>
		<pose>Unspecified</pose>
		<truncated>0</truncated>
		<difficult>0</difficult>
		<bndbox>
			<xmin>117.2</xmin>
			<ymin>471.2</ymin>
			<xmax>149.2</xmax>
			<ymax>503.2</ymax>
		</bndbox>
	</object>
	<object>
		<name>b9</name>
		<pose>Unspecified</pose>
		<truncated>0</truncated>
		<difficult>0</difficult>
		<bndbox>
			<xmin>153.92</xmin>
			<ymin>672.32</ymin>
			<xmax>185.92</xmax>
			<ymax>704.32</ymax>
		</bndbox>
	</object>
	<object>
		<name>b7</name>
		<pose>Unspecified</pose>
		<truncated>0</truncated>
		<difficult>0</difficult>
		<bndbox>
			<xmin>123.68</xmin>
			<ymin>626.24</ymin>
			<xmax>155.68</xmax>
			<ymax>658.24</ymax>
		</bndbox>
	</object>
	<object>
		<name>b6</name>
		<pose>Unspecified</pose>
		<truncated>0</truncated>
		<difficult>0</difficult>
		<bndbox>
			<xmin>325.28</xmin>
			<ymin>629.12</ymin>
			<xmax>357.28</xmax>
			<ymax>661.12</ymax>
		</bndbox>
	</object>
	<object>
		<name>b9</name>
		<pose>Unspecified</pose>
		<truncated>0</truncated>
		<difficult>0</difficult>
		<bndbox>
			<xmin>470.72</xmin>
			<ymin>646.4</ymin>
			<xmax>502.72</xmax>
			<ymax>678.4</ymax>
		</bndbox>
	</object>
	<object>
		<name>b7</name>
		<pose>Unspecified</pose>
		<truncated>0</truncated>
		<difficult>0</difficult>
		<bndbox>
			<xmin>174.08</xmin>
			<ymin>599.168</ymin>
			<xmax>206.08</xmax>
			<ymax>631.168</ymax>
		</bndbox>
	</object>
	<object>
		<name>b8</name>
		<pose>Unspecified</pose>
		<truncated>0</truncated>
		<difficult>0</difficult>
		<bndbox>
			<xmin>170.624</xmin>
			<ymin>609.536</ymin>
			<xmax>202.624</xmax>
			<ymax>641.536</ymax>
		</bndbox>
	</object>
	<object>
		<name>b5</name>
		<pose>Unspecified</pose>
		<truncated>0</truncated>
		<difficult>0</difficult>
		<bndbox>
			<xmin>247.347</xmin>
			<ymin>657.92</ymin>
			<xmax>279.347</xmax>
			<ymax>689.92</ymax>
		</bndbox>
	</object>
	<object>
		<name>b7</name>
		<pose>Unspecified</pose>
		<truncated>0</truncated>
		<difficult>0</difficult>
		<bndbox>
			<xmin>172.698</xmin>
			<ymin>599.859</ymin>
			<xmax>204.698</xmax>
			<ymax>631.859</ymax>
		</bndbox>
	</object>
	<object>
		<name>b6</name>
		<pose>Unspecified</pose>
		<truncated>0</truncated>
		<difficult>0</difficult>
		<bndbox>
			<xmin>234.906</xmin>
			<ymin>647.552</ymin>
			<xmax>266.906</xmax>
			<ymax>679.552</ymax>
		</bndbox>
	</object>
	<object>
		<name>b8</name>
		<pose>Unspecified</pose>
		<truncated>0</truncated>
		<difficult>0</difficult>
		<bndbox>
			<xmin>332.365</xmin>
			<ymin>543.872</ymin>
			<xmax>364.365</xmax>
			<ymax>575.872</ymax>
		</bndbox>
	</object>
	<object>
		<name>b10</name>
		<pose>Unspecified</pose>
		<truncated>0</truncated>
		<difficult>0</difficult>
		<bndbox>
			<xmin>276.627</xmin>
			<ymin>637.931</ymin>
			<xmax>308.627</xmax>
			<ymax>669.931</ymax>
		</bndbox>
	</object>
	<object>
		<name>b10</name>
		<pose>Unspecified</pose>
		<truncated>0</truncated>
		<difficult>0</difficult>
		<bndbox>
			<xmin>204.963</xmin>
			<ymin>646.889</ymin>
			<xmax>236.963</xmax>
			<ymax>678.889</ymax>
		</bndbox>
	</object>
	<object>
		<name>b6</name>
		<pose>Unspecified</pose>
		<truncated>0</truncated>
		<difficult>0</difficult>
		<bndbox>
			<xmin>240.795</xmin>
			<ymin>673.763</ymin>
			<xmax>272.795</xmax>
			<ymax>705.763</ymax>
		</bndbox>
	</object>
	<object>
		<name>b5</name>
		<pose>Unspecified</pose>
		<truncated>0</truncated>
		<difficult>0</difficult>
		<bndbox>
			<xmin>237.809</xmin>
			<ymin>646.889</ymin>
			<xmax>269.809</xmax>
			<ymax>678.889</ymax>
		</bndbox>
	</object>
	<object>
		<name>b8</name>
		<pose>Unspecified</pose>
		<truncated>0</truncated>
		<difficult>0</difficult>
		<bndbox>
			<xmin>219.893</xmin>
			<ymin>625.987</ymin>
			<xmax>251.893</xmax>
			<ymax>657.987</ymax>
		</bndbox>
	</object>
	<object>
		<name>b9</name>
		<pose>Unspecified</pose>
		<truncated>0</truncated>
		<difficult>0</difficult>
		<bndbox>
			<xmin>181.075</xmin>
			<ymin>646.889</ymin>
			<xmax>213.075</xmax>
			<ymax>678.889</ymax>
		</bndbox>
	</object>
	<object>
		<name>b8</name>
		<pose>Unspecified</pose>
		<truncated>0</truncated>
		<difficult>0</difficult>
		<bndbox>
			<xmin>109.411</xmin>
			<ymin>628.973</ymin>
			<xmax>141.411</xmax>
			<ymax>660.973</ymax>
		</bndbox>
	</object>
	<object>
		<name>b7</name>
		<pose>Unspecified</pose>
		<truncated>0</truncated>
		<difficult>0</difficult>
		<bndbox>
			<xmin>170.325</xmin>
			<ymin>600.307</ymin>
			<xmax>202.325</xmax>
			<ymax>632.307</ymax>
		</bndbox>
	</object>
	<object>
		<name>b10</name>
		<pose>Unspecified</pose>
		<truncated>0</truncated>
		<difficult>0</difficult>
		<bndbox>
			<xmin>138</xmin>
			<ymin>450</ymin>
			<xmax>170</xmax>
			<ymax>482</ymax>
		</bndbox>
	</object>
	<object>
		<name>g1</name>
		<pose>Unspecified</pose>
		<truncated>0</truncated>
		<difficult>0</difficult>
		<bndbox>
			<xmin>20</xmin>
			<ymin>625</ymin>
			<xmax>52</xmax>
			<ymax>657</ymax>
		</bndbox>
	</object>
	<object>
		<name>b8</name>
		<pose>Unspecified</pose>
		<truncated>0</truncated>
		<difficult>0</difficult>
		<bndbox>
			<xmin>182</xmin>
			<ymin>652</ymin>
			<xmax>214</xmax>
			<ymax>684</ymax>
		</bndbox>
	</object>
	<object>
		<name>b5</name>
		<pose>Unspecified</pose>
		<truncated>0</truncated>
		<difficult>0</difficult>
		<bndbox>
			<xmin>249.2</xmin>
			<ymin>659.6</ymin>
			<xmax>281.2</xmax>
			<ymax>691.6</ymax>
		</bndbox>
	</object>
	<object>
		<name>b6</name>
		<pose>Unspecified</pose>
		<truncated>0</truncated>
		<difficult>0</difficult>
		<bndbox>
			<xmin>324.8</xmin>
			<ymin>629.6</ymin>
			<xmax>356.8</xmax>
			<ymax>661.6</ymax>
		</bndbox>
	</object>
	<object>
		<name>b5</name>
		<pose>Unspecified</pose>
		<truncated>0</truncated>
		<difficult>0</difficult>
		<bndbox>
			<xmin>233.6</xmin>
			<ymin>687.2</ymin>
			<xmax>265.6</xmax>
			<ymax>719.2</ymax>
		</bndbox>
	</object>
	<object>
		<name>b5</name>
		<pose>Unspecified</pose>
		<truncated>0</truncated>
		<difficult>0</difficult>
		<bndbox>
			<xmin>46.4</xmin>
			<ymin>628.4</ymin>
			<xmax>78.4</xmax>
			<ymax>660.4</ymax>
		</bndbox>
	</object>
	<object>
		<name>b9</name>
		<pose>Unspecified</pose>
		<truncated>0</truncated>
		<difficult>0</difficult>
		<bndbox>
			<xmin>251.6</xmin>
			<ymin>640.4</ymin>
			<xmax>283.6</xmax>
			<ymax>672.4</ymax>
		</bndbox>
	</object>
	<object>
		<name>b7</name>
		<pose>Unspecified</pose>
		<truncated>0</truncated>
		<difficult>0</difficult>
		<bndbox>
			<xmin>176</xmin>
			<ymin>599.6</ymin>
			<xmax>208</xmax>
			<ymax>631.6</ymax>
		</bndbox>
	</object>
	<object>
		<name>b9</name>
		<pose>Unspecified</pose>
		<truncated>0</truncated>
		<difficult>0</difficult>
		<bndbox>
			<xmin>117.2</xmin>
			<ymin>471.2</ymin>
			<xmax>149.2</xmax>
			<ymax>503.2</ymax>
		</bndbox>
	</object>
	<object>
		<name>b9</name>
		<pose>Unspecified</pose>
		<truncated>0</truncated>
		<difficult>0</difficult>
		<bndbox>
			<xmin>153.92</xmin>
			<ymin>672.32</ymin>
			<xmax>185.92</xmax>
			<ymax>704.32</ymax>
		</bndbox>
	</object>
	<object>
		<name>b7</name>
		<pose>Unspecified</pose>
		<truncated>0</truncated>
		<difficult>0</difficult>
		<bndbox>
			<xmin>123.68</xmin>
			<ymin>626.24</ymin>
			<xmax>155.68</xmax>
			<ymax>658.24</ymax>
		</bndbox>
	</object>
	<object>
		<name>b6</name>
		<pose>Unspecified</pose>
		<truncated>0</truncated>
		<difficult>0</difficult>
		<bndbox>
			<xmin>325.28</xmin>
			<ymin>629.12</ymin>
			<xmax>357.28</xmax>
			<ymax>661.12</ymax>
		</bndbox>
	</object>
	<object>
		<name>b9</name>
		<pose>Unspecified</pose>
		<truncated>0</truncated>
		<difficult>0</difficult>
		<bndbox>
			<xmin>470.72</xmin>
			<ymin>646.4</ymin>
			<xmax>502.72</xmax>
			<ymax>678.4</ymax>
		</bndbox>
	</object>
	<object>
		<name>b7</name>
		<pose>Unspecified</pose>
		<truncated>0</truncated>
		<difficult>0</difficult>
		<bndbox>
			<xmin>174.08</xmin>
			<ymin>599.168</ymin>
			<xmax>206.08</xmax>
			<ymax>631.168</ymax>
		</bndbox>
	</object>
	<object>
		<name>b8</name>
		<pose>Unspecified</pose>
		<truncated>0</truncated>
		<difficult>0</difficult>
		<bndbox>
			<xmin>170.624</xmin>
			<ymin>609.536</ymin>
			<xmax>202.624</xmax>
			<ymax>641.536</ymax>
		</bndbox>
	</object>
	<object>
		<name>b5</name>
		<pose>Unspecified</pose>
		<truncated>0</truncated>
		<difficult>0</difficult>
		<bndbox>
			<xmin>247.347</xmin>
			<ymin>657.92</ymin>
			<xmax>279.347</xmax>
			<ymax>689.92</ymax>
		</bndbox>
	</object>
	<object>
		<name>b7</name>
		<pose>Unspecified</pose>
		<truncated>0</truncated>
		<difficult>0</difficult>
		<bndbox>
			<xmin>172.698</xmin>
			<ymin>599.859</ymin>
			<xmax>204.698</xmax>
			<ymax>631.859</ymax>
		</bndbox>
	</object>
	<object>
		<name>b6</name>
		<pose>Unspecified</pose>
		<truncated>0</truncated>
		<difficult>0</difficult>
		<bndbox>
			<xmin>234.906</xmin>
			<ymin>647.552</ymin>
			<xmax>266.906</xmax>
			<ymax>679.552</ymax>
		</bndbox>
	</object>
	<object>
		<name>b8</name>
		<pose>Unspecified</pose>
		<truncated>0</truncated>
		<difficult>0</difficult>
		<bndbox>
			<xmin>332.365</xmin>
			<ymin>543.872</ymin>
			<xmax>364.365</xmax>
			<ymax>575.872</ymax>
		</bndbox>
	</object>
	<object>
		<name>b10</name>
		<pose>Unspecified</pose>
		<truncated>0</truncated>
		<difficult>0</difficult>
		<bndbox>
			<xmin>276.627</xmin>
			<ymin>637.931</ymin>
			<xmax>308.627</xmax>
			<ymax>669.931</ymax>
		</bndbox>
	</object>
	<object>
		<name>b10</name>
		<pose>Unspecified</pose>
		<truncated>0</truncated>
		<difficult>0</difficult>
		<bndbox>
			<xmin>204.963</xmin>
			<ymin>646.889</ymin>
			<xmax>236.963</xmax>
			<ymax>678.889</ymax>
		</bndbox>
	</object>
	<object>
		<name>b6</name>
		<pose>Unspecified</pose>
		<truncated>0</truncated>
		<difficult>0</difficult>
		<bndbox>
			<xmin>240.795</xmin>
			<ymin>673.763</ymin>
			<xmax>272.795</xmax>
			<ymax>705.763</ymax>
		</bndbox>
	</object>
	<object>
		<name>b5</name>
		<pose>Unspecified</pose>
		<truncated>0</truncated>
		<difficult>0</difficult>
		<bndbox>
			<xmin>237.809</xmin>
			<ymin>646.889</ymin>
			<xmax>269.809</xmax>
			<ymax>678.889</ymax>
		</bndbox>
	</object>
	<object>
		<name>b8</name>
		<pose>Unspecified</pose>
		<truncated>0</truncated>
		<difficult>0</difficult>
		<bndbox>
			<xmin>219.893</xmin>
			<ymin>625.987</ymin>
			<xmax>251.893</xmax>
			<ymax>657.987</ymax>
		</bndbox>
	</object>
	<object>
		<name>b9</name>
		<pose>Unspecified</pose>
		<truncated>0</truncated>
		<difficult>0</difficult>
		<bndbox>
			<xmin>181.075</xmin>
			<ymin>646.889</ymin>
			<xmax>213.075</xmax>
			<ymax>678.889</ymax>
		</bndbox>
	</object>
	<object>
		<name>b8</name>
		<pose>Unspecified</pose>
		<truncated>0</truncated>
		<difficult>0</difficult>
		<bndbox>
			<xmin>109.411</xmin>
			<ymin>628.973</ymin>
			<xmax>141.411</xmax>
			<ymax>660.973</ymax>
		</bndbox>
	</object>
	<object>
		<name>b7</name>
		<pose>Unspecified</pose>
		<truncated>0</truncated>
		<difficult>0</difficult>
		<bndbox>
			<xmin>170.325</xmin>
			<ymin>600.307</ymin>
			<xmax>202.325</xmax>
			<ymax>632.307</ymax>
		</bndbox>
	</object>
</annotation>
