<annotation>
	<folder>VOC2007</folder>
	<filename>000379.jpg</filename>
	<source>
		<database>My Database</database>
		<annotation>VOC2007</annotation>
		<image>flickr</image>
		<flickrid>NULL</flickrid>
	</source>
	<owner>
		<flickrid>NULL</flickrid>
		<name>shaochunyan</name>
	</owner>
	<size>
		<width>720</width>
		<height>1280</height>
		<depth>3</depth>
	</size>
	<segmented>0</segmented>
	<object>
		<name>b9</name>
		<pose>Unspecified</pose>
		<truncated>0</truncated>
		<difficult>0</difficult>
		<bndbox>
			<xmin>35</xmin>
			<ymin>596</ymin>
			<xmax>67</xmax>
			<ymax>628</ymax>
		</bndbox>
	</object>
	<object>
		<name>b10</name>
		<pose>Unspecified</pose>
		<truncated>0</truncated>
		<difficult>0</difficult>
		<bndbox>
			<xmin>353</xmin>
			<ymin>354</ymin>
			<xmax>385</xmax>
			<ymax>386</ymax>
		</bndbox>
	</object>
	<object>
		<name>b9</name>
		<pose>Unspecified</pose>
		<truncated>0</truncated>
		<difficult>0</difficult>
		<bndbox>
			<xmin>391</xmin>
			<ymin>640</ymin>
			<xmax>423</xmax>
			<ymax>672</ymax>
		</bndbox>
	</object>
	<object>
		<name>b9</name>
		<pose>Unspecified</pose>
		<truncated>0</truncated>
		<difficult>0</difficult>
		<bndbox>
			<xmin>95</xmin>
			<ymin>627</ymin>
			<xmax>127</xmax>
			<ymax>659</ymax>
		</bndbox>
	</object>
	<object>
		<name>b5</name>
		<pose>Unspecified</pose>
		<truncated>0</truncated>
		<difficult>0</difficult>
		<bndbox>
			<xmin>661</xmin>
			<ymin>736</ymin>
			<xmax>693</xmax>
			<ymax>768</ymax>
		</bndbox>
	</object>
	<object>
		<name>b8</name>
		<pose>Unspecified</pose>
		<truncated>0</truncated>
		<difficult>0</difficult>
		<bndbox>
			<xmin>412</xmin>
			<ymin>337</ymin>
			<xmax>444</xmax>
			<ymax>369</ymax>
		</bndbox>
	</object>
	<object>
		<name>b10</name>
		<pose>Unspecified</pose>
		<truncated>0</truncated>
		<difficult>0</difficult>
		<bndbox>
			<xmin>88.4</xmin>
			<ymin>539.6</ymin>
			<xmax>120.4</xmax>
			<ymax>571.6</ymax>
		</bndbox>
	</object>
	<object>
		<name>b9</name>
		<pose>Unspecified</pose>
		<truncated>0</truncated>
		<difficult>0</difficult>
		<bndbox>
			<xmin>161.6</xmin>
			<ymin>608</ymin>
			<xmax>193.6</xmax>
			<ymax>640</ymax>
		</bndbox>
	</object>
	<object>
		<name>b10</name>
		<pose>Unspecified</pose>
		<truncated>0</truncated>
		<difficult>0</difficult>
		<bndbox>
			<xmin>58.88</xmin>
			<ymin>604.64</ymin>
			<xmax>90.88</xmax>
			<ymax>636.64</ymax>
		</bndbox>
	</object>
	<object>
		<name>b9</name>
		<pose>Unspecified</pose>
		<truncated>0</truncated>
		<difficult>0</difficult>
		<bndbox>
			<xmin>158.24</xmin>
			<ymin>608.96</ymin>
			<xmax>190.24</xmax>
			<ymax>640.96</ymax>
		</bndbox>
	</object>
	<object>
		<name>b6</name>
		<pose>Unspecified</pose>
		<truncated>0</truncated>
		<difficult>0</difficult>
		<bndbox>
			<xmin>650.72</xmin>
			<ymin>737.12</ymin>
			<xmax>682.72</xmax>
			<ymax>769.12</ymax>
		</bndbox>
	</object>
	<object>
		<name>b9</name>
		<pose>Unspecified</pose>
		<truncated>0</truncated>
		<difficult>0</difficult>
		<bndbox>
			<xmin>158.182</xmin>
			<ymin>606.08</ymin>
			<xmax>190.182</xmax>
			<ymax>638.08</ymax>
		</bndbox>
	</object>
	<object>
		<name>b10</name>
		<pose>Unspecified</pose>
		<truncated>0</truncated>
		<difficult>0</difficult>
		<bndbox>
			<xmin>307.482</xmin>
			<ymin>598.615</ymin>
			<xmax>339.482</xmax>
			<ymax>630.615</ymax>
		</bndbox>
	</object>
	<object>
		<name>b9</name>
		<pose>Unspecified</pose>
		<truncated>0</truncated>
		<difficult>0</difficult>
		<bndbox>
			<xmin>385.316</xmin>
			<ymin>632.556</ymin>
			<xmax>417.316</xmax>
			<ymax>664.556</ymax>
		</bndbox>
	</object>
	<object>
		<name>b9</name>
		<pose>Unspecified</pose>
		<truncated>0</truncated>
		<difficult>0</difficult>
		<bndbox>
			<xmin>209.74</xmin>
			<ymin>611.057</ymin>
			<xmax>241.74</xmax>
			<ymax>643.057</ymax>
		</bndbox>
	</object>
	<object>
		<name>b10</name>
		<pose>Unspecified</pose>
		<truncated>0</truncated>
		<difficult>0</difficult>
		<bndbox>
			<xmin>203</xmin>
			<ymin>612</ymin>
			<xmax>235</xmax>
			<ymax>644</ymax>
		</bndbox>
	</object>
	<object>
		<name>b9</name>
		<pose>Unspecified</pose>
		<truncated>0</truncated>
		<difficult>0</difficult>
		<bndbox>
			<xmin>167</xmin>
			<ymin>609</ymin>
			<xmax>199</xmax>
			<ymax>641</ymax>
		</bndbox>
	</object>
	<object>
		<name>b6</name>
		<pose>Unspecified</pose>
		<truncated>0</truncated>
		<difficult>0</difficult>
		<bndbox>
			<xmin>254</xmin>
			<ymin>721</ymin>
			<xmax>286</xmax>
			<ymax>753</ymax>
		</bndbox>
	</object>
	<object>
		<name>b8</name>
		<pose>Unspecified</pose>
		<truncated>0</truncated>
		<difficult>0</difficult>
		<bndbox>
			<xmin>658.4</xmin>
			<ymin>736.4</ymin>
			<xmax>690.4</xmax>
			<ymax>768.4</ymax>
		</bndbox>
	</object>
	<object>
		<name>b9</name>
		<pose>Unspecified</pose>
		<truncated>0</truncated>
		<difficult>0</difficult>
		<bndbox>
			<xmin>176</xmin>
			<ymin>612.8</ymin>
			<xmax>208</xmax>
			<ymax>644.8</ymax>
		</bndbox>
	</object>
	<object>
		<name>b8</name>
		<pose>Unspecified</pose>
		<truncated>0</truncated>
		<difficult>0</difficult>
		<bndbox>
			<xmin>300.8</xmin>
			<ymin>610.4</ymin>
			<xmax>332.8</xmax>
			<ymax>642.4</ymax>
		</bndbox>
	</object>
	<object>
		<name>b9</name>
		<pose>Unspecified</pose>
		<truncated>0</truncated>
		<difficult>0</difficult>
		<bndbox>
			<xmin>167.6</xmin>
			<ymin>609.2</ymin>
			<xmax>199.6</xmax>
			<ymax>641.2</ymax>
		</bndbox>
	</object>
	<object>
		<name>b4</name>
		<pose>Unspecified</pose>
		<truncated>0</truncated>
		<difficult>0</difficult>
		<bndbox>
			<xmin>642.8</xmin>
			<ymin>78.8</ymin>
			<xmax>674.8</xmax>
			<ymax>110.8</ymax>
		</bndbox>
	</object>
	<object>
		<name>b9</name>
		<pose>Unspecified</pose>
		<truncated>0</truncated>
		<difficult>0</difficult>
		<bndbox>
			<xmin>40.16</xmin>
			<ymin>552.8</ymin>
			<xmax>72.16</xmax>
			<ymax>584.8</ymax>
		</bndbox>
	</object>
	<object>
		<name>b9</name>
		<pose>Unspecified</pose>
		<truncated>0</truncated>
		<difficult>0</difficult>
		<bndbox>
			<xmin>358.4</xmin>
			<ymin>351.2</ymin>
			<xmax>390.4</xmax>
			<ymax>383.2</ymax>
		</bndbox>
	</object>
	<object>
		<name>b8</name>
		<pose>Unspecified</pose>
		<truncated>0</truncated>
		<difficult>0</difficult>
		<bndbox>
			<xmin>296.48</xmin>
			<ymin>613.28</ymin>
			<xmax>328.48</xmax>
			<ymax>645.28</ymax>
		</bndbox>
	</object>
	<object>
		<name>b8</name>
		<pose>Unspecified</pose>
		<truncated>0</truncated>
		<difficult>0</difficult>
		<bndbox>
			<xmin>277.76</xmin>
			<ymin>610.4</ymin>
			<xmax>309.76</xmax>
			<ymax>642.4</ymax>
		</bndbox>
	</object>
	<object>
		<name>b9</name>
		<pose>Unspecified</pose>
		<truncated>0</truncated>
		<difficult>0</difficult>
		<bndbox>
			<xmin>94.88</xmin>
			<ymin>624.8</ymin>
			<xmax>126.88</xmax>
			<ymax>656.8</ymax>
		</bndbox>
	</object>
	<object>
		<name>b2</name>
		<pose>Unspecified</pose>
		<truncated>0</truncated>
		<difficult>0</difficult>
		<bndbox>
			<xmin>247.52</xmin>
			<ymin>608.96</ymin>
			<xmax>279.52</xmax>
			<ymax>640.96</ymax>
		</bndbox>
	</object>
	<object>
		<name>b9</name>
		<pose>Unspecified</pose>
		<truncated>0</truncated>
		<difficult>0</difficult>
		<bndbox>
			<xmin>375.68</xmin>
			<ymin>346.88</ymin>
			<xmax>407.68</xmax>
			<ymax>378.88</ymax>
		</bndbox>
	</object>
	<object>
		<name>b8</name>
		<pose>Unspecified</pose>
		<truncated>0</truncated>
		<difficult>0</difficult>
		<bndbox>
			<xmin>277.76</xmin>
			<ymin>609.536</ymin>
			<xmax>309.76</xmax>
			<ymax>641.536</ymax>
		</bndbox>
	</object>
	<object>
		<name>b9</name>
		<pose>Unspecified</pose>
		<truncated>0</truncated>
		<difficult>0</difficult>
		<bndbox>
			<xmin>384.896</xmin>
			<ymin>346.88</ymin>
			<xmax>416.896</xmax>
			<ymax>378.88</ymax>
		</bndbox>
	</object>
	<object>
		<name>b7</name>
		<pose>Unspecified</pose>
		<truncated>0</truncated>
		<difficult>0</difficult>
		<bndbox>
			<xmin>284.672</xmin>
			<ymin>612.992</ymin>
			<xmax>316.672</xmax>
			<ymax>644.992</ymax>
		</bndbox>
	</object>
	<object>
		<name>b2</name>
		<pose>Unspecified</pose>
		<truncated>0</truncated>
		<difficult>0</difficult>
		<bndbox>
			<xmin>246.656</xmin>
			<ymin>609.536</ymin>
			<xmax>278.656</xmax>
			<ymax>641.536</ymax>
		</bndbox>
	</object>
	<object>
		<name>b9</name>
		<pose>Unspecified</pose>
		<truncated>0</truncated>
		<difficult>0</difficult>
		<bndbox>
			<xmin>359.322</xmin>
			<ymin>351.027</ymin>
			<xmax>391.322</xmax>
			<ymax>383.027</ymax>
		</bndbox>
	</object>
	<object>
		<name>b10</name>
		<pose>Unspecified</pose>
		<truncated>0</truncated>
		<difficult>0</difficult>
		<bndbox>
			<xmin>326.144</xmin>
			<ymin>608.154</ymin>
			<xmax>358.144</xmax>
			<ymax>640.154</ymax>
		</bndbox>
	</object>
	<object>
		<name>b8</name>
		<pose>Unspecified</pose>
		<truncated>0</truncated>
		<difficult>0</difficult>
		<bndbox>
			<xmin>294.542</xmin>
			<ymin>611.057</ymin>
			<xmax>326.542</xmax>
			<ymax>643.057</ymax>
		</bndbox>
	</object>
	<object>
		<name>b8</name>
		<pose>Unspecified</pose>
		<truncated>0</truncated>
		<difficult>0</difficult>
		<bndbox>
			<xmin>203</xmin>
			<ymin>612</ymin>
			<xmax>235</xmax>
			<ymax>644</ymax>
		</bndbox>
	</object>
	<object>
		<name>b9</name>
		<pose>Unspecified</pose>
		<truncated>0</truncated>
		<difficult>0</difficult>
		<bndbox>
			<xmin>167</xmin>
			<ymin>609</ymin>
			<xmax>199</xmax>
			<ymax>641</ymax>
		</bndbox>
	</object>
	<object>
		<name>b6</name>
		<pose>Unspecified</pose>
		<truncated>0</truncated>
		<difficult>0</difficult>
		<bndbox>
			<xmin>254</xmin>
			<ymin>721</ymin>
			<xmax>286</xmax>
			<ymax>753</ymax>
		</bndbox>
	</object>
	<object>
		<name>b8</name>
		<pose>Unspecified</pose>
		<truncated>0</truncated>
		<difficult>0</difficult>
		<bndbox>
			<xmin>658.4</xmin>
			<ymin>736.4</ymin>
			<xmax>690.4</xmax>
			<ymax>768.4</ymax>
		</bndbox>
	</object>
	<object>
		<name>b7</name>
		<pose>Unspecified</pose>
		<truncated>0</truncated>
		<difficult>0</difficult>
		<bndbox>
			<xmin>375.2</xmin>
			<ymin>347.6</ymin>
			<xmax>407.2</xmax>
			<ymax>379.6</ymax>
		</bndbox>
	</object>
	<object>
		<name>b9</name>
		<pose>Unspecified</pose>
		<truncated>0</truncated>
		<difficult>0</difficult>
		<bndbox>
			<xmin>176</xmin>
			<ymin>612.8</ymin>
			<xmax>208</xmax>
			<ymax>644.8</ymax>
		</bndbox>
	</object>
	<object>
		<name>b8</name>
		<pose>Unspecified</pose>
		<truncated>0</truncated>
		<difficult>0</difficult>
		<bndbox>
			<xmin>300.8</xmin>
			<ymin>610.4</ymin>
			<xmax>332.8</xmax>
			<ymax>642.4</ymax>
		</bndbox>
	</object>
	<object>
		<name>b9</name>
		<pose>Unspecified</pose>
		<truncated>0</truncated>
		<difficult>0</difficult>
		<bndbox>
			<xmin>167.6</xmin>
			<ymin>609.2</ymin>
			<xmax>199.6</xmax>
			<ymax>641.2</ymax>
		</bndbox>
	</object>
	<object>
		<name>b4</name>
		<pose>Unspecified</pose>
		<truncated>0</truncated>
		<difficult>0</difficult>
		<bndbox>
			<xmin>642.8</xmin>
			<ymin>78.8</ymin>
			<xmax>674.8</xmax>
			<ymax>110.8</ymax>
		</bndbox>
	</object>
	<object>
		<name>b9</name>
		<pose>Unspecified</pose>
		<truncated>0</truncated>
		<difficult>0</difficult>
		<bndbox>
			<xmin>40.16</xmin>
			<ymin>552.8</ymin>
			<xmax>72.16</xmax>
			<ymax>584.8</ymax>
		</bndbox>
	</object>
	<object>
		<name>b9</name>
		<pose>Unspecified</pose>
		<truncated>0</truncated>
		<difficult>0</difficult>
		<bndbox>
			<xmin>358.4</xmin>
			<ymin>351.2</ymin>
			<xmax>390.4</xmax>
			<ymax>383.2</ymax>
		</bndbox>
	</object>
	<object>
		<name>b8</name>
		<pose>Unspecified</pose>
		<truncated>0</truncated>
		<difficult>0</difficult>
		<bndbox>
			<xmin>296.48</xmin>
			<ymin>613.28</ymin>
			<xmax>328.48</xmax>
			<ymax>645.28</ymax>
		</bndbox>
	</object>
	<object>
		<name>b7</name>
		<pose>Unspecified</pose>
		<truncated>0</truncated>
		<difficult>0</difficult>
		<bndbox>
			<xmin>277.76</xmin>
			<ymin>610.4</ymin>
			<xmax>309.76</xmax>
			<ymax>642.4</ymax>
		</bndbox>
	</object>
	<object>
		<name>b8</name>
		<pose>Unspecified</pose>
		<truncated>0</truncated>
		<difficult>0</difficult>
		<bndbox>
			<xmin>318.08</xmin>
			<ymin>606.08</ymin>
			<xmax>350.08</xmax>
			<ymax>638.08</ymax>
		</bndbox>
	</object>
	<object>
		<name>b9</name>
		<pose>Unspecified</pose>
		<truncated>0</truncated>
		<difficult>0</difficult>
		<bndbox>
			<xmin>94.88</xmin>
			<ymin>624.8</ymin>
			<xmax>126.88</xmax>
			<ymax>656.8</ymax>
		</bndbox>
	</object>
	<object>
		<name>b2</name>
		<pose>Unspecified</pose>
		<truncated>0</truncated>
		<difficult>0</difficult>
		<bndbox>
			<xmin>247.52</xmin>
			<ymin>608.96</ymin>
			<xmax>279.52</xmax>
			<ymax>640.96</ymax>
		</bndbox>
	</object>
	<object>
		<name>b8</name>
		<pose>Unspecified</pose>
		<truncated>0</truncated>
		<difficult>0</difficult>
		<bndbox>
			<xmin>375.68</xmin>
			<ymin>346.88</ymin>
			<xmax>407.68</xmax>
			<ymax>378.88</ymax>
		</bndbox>
	</object>
	<object>
		<name>b9</name>
		<pose>Unspecified</pose>
		<truncated>0</truncated>
		<difficult>0</difficult>
		<bndbox>
			<xmin>194.24</xmin>
			<ymin>613.28</ymin>
			<xmax>226.24</xmax>
			<ymax>645.28</ymax>
		</bndbox>
	</object>
	<object>
		<name>b7</name>
		<pose>Unspecified</pose>
		<truncated>0</truncated>
		<difficult>0</difficult>
		<bndbox>
			<xmin>277.76</xmin>
			<ymin>609.536</ymin>
			<xmax>309.76</xmax>
			<ymax>641.536</ymax>
		</bndbox>
	</object>
	<object>
		<name>b8</name>
		<pose>Unspecified</pose>
		<truncated>0</truncated>
		<difficult>0</difficult>
		<bndbox>
			<xmin>384.896</xmin>
			<ymin>346.88</ymin>
			<xmax>416.896</xmax>
			<ymax>378.88</ymax>
		</bndbox>
	</object>
	<object>
		<name>b6</name>
		<pose>Unspecified</pose>
		<truncated>0</truncated>
		<difficult>0</difficult>
		<bndbox>
			<xmin>284.672</xmin>
			<ymin>612.992</ymin>
			<xmax>316.672</xmax>
			<ymax>644.992</ymax>
		</bndbox>
	</object>
	<object>
		<name>b2</name>
		<pose>Unspecified</pose>
		<truncated>0</truncated>
		<difficult>0</difficult>
		<bndbox>
			<xmin>246.656</xmin>
			<ymin>609.536</ymin>
			<xmax>278.656</xmax>
			<ymax>641.536</ymax>
		</bndbox>
	</object>
	<object>
		<name>b8</name>
		<pose>Unspecified</pose>
		<truncated>0</truncated>
		<difficult>0</difficult>
		<bndbox>
			<xmin>359.322</xmin>
			<ymin>351.027</ymin>
			<xmax>391.322</xmax>
			<ymax>383.027</ymax>
		</bndbox>
	</object>
	<object>
		<name>b8</name>
		<pose>Unspecified</pose>
		<truncated>0</truncated>
		<difficult>0</difficult>
		<bndbox>
			<xmin>326.144</xmin>
			<ymin>608.154</ymin>
			<xmax>358.144</xmax>
			<ymax>640.154</ymax>
		</bndbox>
	</object>
	<object>
		<name>b7</name>
		<pose>Unspecified</pose>
		<truncated>0</truncated>
		<difficult>0</difficult>
		<bndbox>
			<xmin>303.5</xmin>
			<ymin>611.057</ymin>
			<xmax>335.5</xmax>
			<ymax>643.057</ymax>
		</bndbox>
	</object>
	<object>
		<name>b8</name>
		<pose>Unspecified</pose>
		<truncated>0</truncated>
		<difficult>0</difficult>
		<bndbox>
			<xmin>324.402</xmin>
			<ymin>608.071</ymin>
			<xmax>356.402</xmax>
			<ymax>640.071</ymax>
		</bndbox>
	</object>
	<object>
		<name>b7</name>
		<pose>Unspecified</pose>
		<truncated>0</truncated>
		<difficult>0</difficult>
		<bndbox>
			<xmin>276.627</xmin>
			<ymin>608.071</ymin>
			<xmax>308.627</xmax>
			<ymax>640.071</ymax>
		</bndbox>
	</object>
	<object>
		<name>b7</name>
		<pose>Unspecified</pose>
		<truncated>0</truncated>
		<difficult>0</difficult>
		<bndbox>
			<xmin>294.542</xmin>
			<ymin>611.057</ymin>
			<xmax>326.542</xmax>
			<ymax>643.057</ymax>
		</bndbox>
	</object>
	<object>
		<name>b8</name>
		<pose>Unspecified</pose>
		<truncated>0</truncated>
		<difficult>0</difficult>
		<bndbox>
			<xmin>385.316</xmin>
			<ymin>345.901</ymin>
			<xmax>417.316</xmax>
			<ymax>377.901</ymax>
		</bndbox>
	</object>
	<object>
		<name>b8</name>
		<pose>Unspecified</pose>
		<truncated>0</truncated>
		<difficult>0</difficult>
		<bndbox>
			<xmin>198.991</xmin>
			<ymin>611.057</ymin>
			<xmax>230.991</xmax>
			<ymax>643.057</ymax>
		</bndbox>
	</object>
</annotation>
