<annotation>
	<folder>VOC2007</folder>
	<filename>000349.jpg</filename>
	<source>
		<database>My Database</database>
		<annotation>VOC2007</annotation>
		<image>flickr</image>
		<flickrid>NULL</flickrid>
	</source>
	<owner>
		<flickrid>NULL</flickrid>
		<name>shaochunyan</name>
	</owner>
	<size>
		<width>720</width>
		<height>1280</height>
		<depth>3</depth>
	</size>
	<segmented>0</segmented>
	<object>
		<name>b9</name>
		<pose>Unspecified</pose>
		<truncated>0</truncated>
		<difficult>0</difficult>
		<bndbox>
			<xmin>508</xmin>
			<ymin>418</ymin>
			<xmax>540</xmax>
			<ymax>450</ymax>
		</bndbox>
	</object>
	<object>
		<name>b9</name>
		<pose>Unspecified</pose>
		<truncated>0</truncated>
		<difficult>0</difficult>
		<bndbox>
			<xmin>324</xmin>
			<ymin>717</ymin>
			<xmax>356</xmax>
			<ymax>749</ymax>
		</bndbox>
	</object>
	<object>
		<name>b9</name>
		<pose>Unspecified</pose>
		<truncated>0</truncated>
		<difficult>0</difficult>
		<bndbox>
			<xmin>411.2</xmin>
			<ymin>591.2</ymin>
			<xmax>443.2</xmax>
			<ymax>623.2</ymax>
		</bndbox>
	</object>
	<object>
		<name>b9</name>
		<pose>Unspecified</pose>
		<truncated>0</truncated>
		<difficult>0</difficult>
		<bndbox>
			<xmin>389.6</xmin>
			<ymin>615.2</ymin>
			<xmax>421.6</xmax>
			<ymax>647.2</ymax>
		</bndbox>
	</object>
	<object>
		<name>b7</name>
		<pose>Unspecified</pose>
		<truncated>0</truncated>
		<difficult>0</difficult>
		<bndbox>
			<xmin>392.96</xmin>
			<ymin>518.24</ymin>
			<xmax>424.96</xmax>
			<ymax>550.24</ymax>
		</bndbox>
	</object>
	<object>
		<name>b9</name>
		<pose>Unspecified</pose>
		<truncated>0</truncated>
		<difficult>0</difficult>
		<bndbox>
			<xmin>390.08</xmin>
			<ymin>543.872</ymin>
			<xmax>422.08</xmax>
			<ymax>575.872</ymax>
		</bndbox>
	</object>
	<object>
		<name>g10</name>
		<pose>Unspecified</pose>
		<truncated>0</truncated>
		<difficult>0</difficult>
		<bndbox>
			<xmin>459.2</xmin>
			<ymin>433.28</ymin>
			<xmax>491.2</xmax>
			<ymax>465.28</ymax>
		</bndbox>
	</object>
	<object>
		<name>b9</name>
		<pose>Unspecified</pose>
		<truncated>0</truncated>
		<difficult>0</difficult>
		<bndbox>
			<xmin>525.21</xmin>
			<ymin>417.382</ymin>
			<xmax>557.21</xmax>
			<ymax>449.382</ymax>
		</bndbox>
	</object>
	<object>
		<name>b9</name>
		<pose>Unspecified</pose>
		<truncated>0</truncated>
		<difficult>0</difficult>
		<bndbox>
			<xmin>108.416</xmin>
			<ymin>545.946</ymin>
			<xmax>140.416</xmax>
			<ymax>577.946</ymax>
		</bndbox>
	</object>
	<object>
		<name>b8</name>
		<pose>Unspecified</pose>
		<truncated>0</truncated>
		<difficult>0</difficult>
		<bndbox>
			<xmin>100.951</xmin>
			<ymin>516.501</ymin>
			<xmax>132.951</xmax>
			<ymax>548.501</ymax>
		</bndbox>
	</object>
	<object>
		<name>b9</name>
		<pose>Unspecified</pose>
		<truncated>0</truncated>
		<difficult>0</difficult>
		<bndbox>
			<xmin>363.22</xmin>
			<ymin>587.169</ymin>
			<xmax>395.22</xmax>
			<ymax>619.169</ymax>
		</bndbox>
	</object>
	<object>
		<name>g1</name>
		<pose>Unspecified</pose>
		<truncated>0</truncated>
		<difficult>0</difficult>
		<bndbox>
			<xmin>151.215</xmin>
			<ymin>566.267</ymin>
			<xmax>183.215</xmax>
			<ymax>598.267</ymax>
		</bndbox>
	</object>
	<object>
		<name>b5</name>
		<pose>Unspecified</pose>
		<truncated>0</truncated>
		<difficult>0</difficult>
		<bndbox>
			<xmin>346</xmin>
			<ymin>426</ymin>
			<xmax>378</xmax>
			<ymax>458</ymax>
		</bndbox>
	</object>
	<object>
		<name>b6</name>
		<pose>Unspecified</pose>
		<truncated>0</truncated>
		<difficult>0</difficult>
		<bndbox>
			<xmin>507.2</xmin>
			<ymin>585.2</ymin>
			<xmax>539.2</xmax>
			<ymax>617.2</ymax>
		</bndbox>
	</object>
	<object>
		<name>b9</name>
		<pose>Unspecified</pose>
		<truncated>0</truncated>
		<difficult>0</difficult>
		<bndbox>
			<xmin>588.8</xmin>
			<ymin>602</ymin>
			<xmax>620.8</xmax>
			<ymax>634</ymax>
		</bndbox>
	</object>
	<object>
		<name>b8</name>
		<pose>Unspecified</pose>
		<truncated>0</truncated>
		<difficult>0</difficult>
		<bndbox>
			<xmin>411.2</xmin>
			<ymin>591.2</ymin>
			<xmax>443.2</xmax>
			<ymax>623.2</ymax>
		</bndbox>
	</object>
	<object>
		<name>b8</name>
		<pose>Unspecified</pose>
		<truncated>0</truncated>
		<difficult>0</difficult>
		<bndbox>
			<xmin>441.2</xmin>
			<ymin>608</ymin>
			<xmax>473.2</xmax>
			<ymax>640</ymax>
		</bndbox>
	</object>
	<object>
		<name>b9</name>
		<pose>Unspecified</pose>
		<truncated>0</truncated>
		<difficult>0</difficult>
		<bndbox>
			<xmin>389.6</xmin>
			<ymin>615.2</ymin>
			<xmax>421.6</xmax>
			<ymax>647.2</ymax>
		</bndbox>
	</object>
	<object>
		<name>b9</name>
		<pose>Unspecified</pose>
		<truncated>0</truncated>
		<difficult>0</difficult>
		<bndbox>
			<xmin>545.6</xmin>
			<ymin>568.64</ymin>
			<xmax>577.6</xmax>
			<ymax>600.64</ymax>
		</bndbox>
	</object>
	<object>
		<name>b8</name>
		<pose>Unspecified</pose>
		<truncated>0</truncated>
		<difficult>0</difficult>
		<bndbox>
			<xmin>400.16</xmin>
			<ymin>587.36</ymin>
			<xmax>432.16</xmax>
			<ymax>619.36</ymax>
		</bndbox>
	</object>
	<object>
		<name>b7</name>
		<pose>Unspecified</pose>
		<truncated>0</truncated>
		<difficult>0</difficult>
		<bndbox>
			<xmin>331.328</xmin>
			<ymin>542.144</ymin>
			<xmax>363.328</xmax>
			<ymax>574.144</ymax>
		</bndbox>
	</object>
	<object>
		<name>b7</name>
		<pose>Unspecified</pose>
		<truncated>0</truncated>
		<difficult>0</difficult>
		<bndbox>
			<xmin>495.488</xmin>
			<ymin>530.048</ymin>
			<xmax>527.488</xmax>
			<ymax>562.048</ymax>
		</bndbox>
	</object>
	<object>
		<name>b8</name>
		<pose>Unspecified</pose>
		<truncated>0</truncated>
		<difficult>0</difficult>
		<bndbox>
			<xmin>127.078</xmin>
			<ymin>560.461</ymin>
			<xmax>159.078</xmax>
			<ymax>592.461</ymax>
		</bndbox>
	</object>
	<object>
		<name>b8</name>
		<pose>Unspecified</pose>
		<truncated>0</truncated>
		<difficult>0</difficult>
		<bndbox>
			<xmin>566.267</xmin>
			<ymin>601.104</ymin>
			<xmax>598.267</xmax>
			<ymax>633.104</ymax>
		</bndbox>
	</object>
	<object>
		<name>b7</name>
		<pose>Unspecified</pose>
		<truncated>0</truncated>
		<difficult>0</difficult>
		<bndbox>
			<xmin>339.83</xmin>
			<ymin>548.849</ymin>
			<xmax>371.83</xmax>
			<ymax>580.849</ymax>
		</bndbox>
	</object>
	<object>
		<name>b9</name>
		<pose>Unspecified</pose>
		<truncated>0</truncated>
		<difficult>0</difficult>
		<bndbox>
			<xmin>526.454</xmin>
			<ymin>416.968</ymin>
			<xmax>558.454</xmax>
			<ymax>448.968</ymax>
		</bndbox>
	</object>
	<object>
		<name>b9</name>
		<pose>Unspecified</pose>
		<truncated>0</truncated>
		<difficult>0</difficult>
		<bndbox>
			<xmin>473.702</xmin>
			<ymin>458.772</ymin>
			<xmax>505.702</xmax>
			<ymax>490.772</ymax>
		</bndbox>
	</object>
	<object>
		<name>b7</name>
		<pose>Unspecified</pose>
		<truncated>0</truncated>
		<difficult>0</difficult>
		<bndbox>
			<xmin>327.985</xmin>
			<ymin>539.393</ymin>
			<xmax>359.985</xmax>
			<ymax>571.393</ymax>
		</bndbox>
	</object>
	<object>
		<name>b9</name>
		<pose>Unspecified</pose>
		<truncated>0</truncated>
		<difficult>0</difficult>
		<bndbox>
			<xmin>301</xmin>
			<ymin>588</ymin>
			<xmax>333</xmax>
			<ymax>620</ymax>
		</bndbox>
	</object>
	<object>
		<name>b5</name>
		<pose>Unspecified</pose>
		<truncated>0</truncated>
		<difficult>0</difficult>
		<bndbox>
			<xmin>346</xmin>
			<ymin>426</ymin>
			<xmax>378</xmax>
			<ymax>458</ymax>
		</bndbox>
	</object>
	<object>
		<name>b6</name>
		<pose>Unspecified</pose>
		<truncated>0</truncated>
		<difficult>0</difficult>
		<bndbox>
			<xmin>507.2</xmin>
			<ymin>585.2</ymin>
			<xmax>539.2</xmax>
			<ymax>617.2</ymax>
		</bndbox>
	</object>
	<object>
		<name>b9</name>
		<pose>Unspecified</pose>
		<truncated>0</truncated>
		<difficult>0</difficult>
		<bndbox>
			<xmin>588.8</xmin>
			<ymin>602</ymin>
			<xmax>620.8</xmax>
			<ymax>634</ymax>
		</bndbox>
	</object>
	<object>
		<name>b8</name>
		<pose>Unspecified</pose>
		<truncated>0</truncated>
		<difficult>0</difficult>
		<bndbox>
			<xmin>411.2</xmin>
			<ymin>591.2</ymin>
			<xmax>443.2</xmax>
			<ymax>623.2</ymax>
		</bndbox>
	</object>
	<object>
		<name>b8</name>
		<pose>Unspecified</pose>
		<truncated>0</truncated>
		<difficult>0</difficult>
		<bndbox>
			<xmin>441.2</xmin>
			<ymin>608</ymin>
			<xmax>473.2</xmax>
			<ymax>640</ymax>
		</bndbox>
	</object>
	<object>
		<name>b9</name>
		<pose>Unspecified</pose>
		<truncated>0</truncated>
		<difficult>0</difficult>
		<bndbox>
			<xmin>389.6</xmin>
			<ymin>615.2</ymin>
			<xmax>421.6</xmax>
			<ymax>647.2</ymax>
		</bndbox>
	</object>
	<object>
		<name>b9</name>
		<pose>Unspecified</pose>
		<truncated>0</truncated>
		<difficult>0</difficult>
		<bndbox>
			<xmin>545.6</xmin>
			<ymin>568.64</ymin>
			<xmax>577.6</xmax>
			<ymax>600.64</ymax>
		</bndbox>
	</object>
	<object>
		<name>b8</name>
		<pose>Unspecified</pose>
		<truncated>0</truncated>
		<difficult>0</difficult>
		<bndbox>
			<xmin>400.16</xmin>
			<ymin>587.36</ymin>
			<xmax>432.16</xmax>
			<ymax>619.36</ymax>
		</bndbox>
	</object>
	<object>
		<name>b4</name>
		<pose>Unspecified</pose>
		<truncated>0</truncated>
		<difficult>0</difficult>
		<bndbox>
			<xmin>495.2</xmin>
			<ymin>531.2</ymin>
			<xmax>527.2</xmax>
			<ymax>563.2</ymax>
		</bndbox>
	</object>
	<object>
		<name>b7</name>
		<pose>Unspecified</pose>
		<truncated>0</truncated>
		<difficult>0</difficult>
		<bndbox>
			<xmin>331.328</xmin>
			<ymin>542.144</ymin>
			<xmax>363.328</xmax>
			<ymax>574.144</ymax>
		</bndbox>
	</object>
	<object>
		<name>b5</name>
		<pose>Unspecified</pose>
		<truncated>0</truncated>
		<difficult>0</difficult>
		<bndbox>
			<xmin>524.864</xmin>
			<ymin>426.368</ymin>
			<xmax>556.864</xmax>
			<ymax>458.368</ymax>
		</bndbox>
	</object>
	<object>
		<name>b5</name>
		<pose>Unspecified</pose>
		<truncated>0</truncated>
		<difficult>0</difficult>
		<bndbox>
			<xmin>526.592</xmin>
			<ymin>417.728</ymin>
			<xmax>558.592</xmax>
			<ymax>449.728</ymax>
		</bndbox>
	</object>
	<object>
		<name>b4</name>
		<pose>Unspecified</pose>
		<truncated>0</truncated>
		<difficult>0</difficult>
		<bndbox>
			<xmin>495.488</xmin>
			<ymin>530.048</ymin>
			<xmax>527.488</xmax>
			<ymax>562.048</ymax>
		</bndbox>
	</object>
	<object>
		<name>b8</name>
		<pose>Unspecified</pose>
		<truncated>0</truncated>
		<difficult>0</difficult>
		<bndbox>
			<xmin>127.078</xmin>
			<ymin>560.461</ymin>
			<xmax>159.078</xmax>
			<ymax>592.461</ymax>
		</bndbox>
	</object>
	<object>
		<name>b8</name>
		<pose>Unspecified</pose>
		<truncated>0</truncated>
		<difficult>0</difficult>
		<bndbox>
			<xmin>566.267</xmin>
			<ymin>601.104</ymin>
			<xmax>598.267</xmax>
			<ymax>633.104</ymax>
		</bndbox>
	</object>
	<object>
		<name>b7</name>
		<pose>Unspecified</pose>
		<truncated>0</truncated>
		<difficult>0</difficult>
		<bndbox>
			<xmin>339.83</xmin>
			<ymin>548.849</ymin>
			<xmax>371.83</xmax>
			<ymax>580.849</ymax>
		</bndbox>
	</object>
	<object>
		<name>b5</name>
		<pose>Unspecified</pose>
		<truncated>0</truncated>
		<difficult>0</difficult>
		<bndbox>
			<xmin>526.454</xmin>
			<ymin>416.968</ymin>
			<xmax>558.454</xmax>
			<ymax>448.968</ymax>
		</bndbox>
	</object>
	<object>
		<name>b9</name>
		<pose>Unspecified</pose>
		<truncated>0</truncated>
		<difficult>0</difficult>
		<bndbox>
			<xmin>473.702</xmin>
			<ymin>458.772</ymin>
			<xmax>505.702</xmax>
			<ymax>490.772</ymax>
		</bndbox>
	</object>
	<object>
		<name>b7</name>
		<pose>Unspecified</pose>
		<truncated>0</truncated>
		<difficult>0</difficult>
		<bndbox>
			<xmin>327.985</xmin>
			<ymin>539.393</ymin>
			<xmax>359.985</xmax>
			<ymax>571.393</ymax>
		</bndbox>
	</object>
</annotation>
