<annotation>
	<folder>VOC2007</folder>
	<filename>000344.jpg</filename>
	<source>
		<database>My Database</database>
		<annotation>VOC2007</annotation>
		<image>flickr</image>
		<flickrid>NULL</flickrid>
	</source>
	<owner>
		<flickrid>NULL</flickrid>
		<name>shaochunyan</name>
	</owner>
	<size>
		<width>720</width>
		<height>1280</height>
		<depth>3</depth>
	</size>
	<segmented>0</segmented>
	<object>
		<name>b6</name>
		<pose>Unspecified</pose>
		<truncated>0</truncated>
		<difficult>0</difficult>
		<bndbox>
			<xmin>659</xmin>
			<ymin>572</ymin>
			<xmax>691</xmax>
			<ymax>604</ymax>
		</bndbox>
	</object>
	<object>
		<name>b8</name>
		<pose>Unspecified</pose>
		<truncated>0</truncated>
		<difficult>0</difficult>
		<bndbox>
			<xmin>248</xmin>
			<ymin>625</ymin>
			<xmax>280</xmax>
			<ymax>657</ymax>
		</bndbox>
	</object>
	<object>
		<name>b8</name>
		<pose>Unspecified</pose>
		<truncated>0</truncated>
		<difficult>0</difficult>
		<bndbox>
			<xmin>319</xmin>
			<ymin>578</ymin>
			<xmax>351</xmax>
			<ymax>610</ymax>
		</bndbox>
	</object>
	<object>
		<name>b8</name>
		<pose>Unspecified</pose>
		<truncated>0</truncated>
		<difficult>0</difficult>
		<bndbox>
			<xmin>568</xmin>
			<ymin>584</ymin>
			<xmax>600</xmax>
			<ymax>616</ymax>
		</bndbox>
	</object>
	<object>
		<name>b7</name>
		<pose>Unspecified</pose>
		<truncated>0</truncated>
		<difficult>0</difficult>
		<bndbox>
			<xmin>426</xmin>
			<ymin>631</ymin>
			<xmax>458</xmax>
			<ymax>663</ymax>
		</bndbox>
	</object>
	<object>
		<name>b5</name>
		<pose>Unspecified</pose>
		<truncated>0</truncated>
		<difficult>0</difficult>
		<bndbox>
			<xmin>60.8</xmin>
			<ymin>604.4</ymin>
			<xmax>92.8</xmax>
			<ymax>636.4</ymax>
		</bndbox>
	</object>
	<object>
		<name>b9</name>
		<pose>Unspecified</pose>
		<truncated>0</truncated>
		<difficult>0</difficult>
		<bndbox>
			<xmin>531.2</xmin>
			<ymin>558.8</ymin>
			<xmax>563.2</xmax>
			<ymax>590.8</ymax>
		</bndbox>
	</object>
	<object>
		<name>b8</name>
		<pose>Unspecified</pose>
		<truncated>0</truncated>
		<difficult>0</difficult>
		<bndbox>
			<xmin>555.2</xmin>
			<ymin>610.4</ymin>
			<xmax>587.2</xmax>
			<ymax>642.4</ymax>
		</bndbox>
	</object>
	<object>
		<name>b8</name>
		<pose>Unspecified</pose>
		<truncated>0</truncated>
		<difficult>0</difficult>
		<bndbox>
			<xmin>230.24</xmin>
			<ymin>621.92</ymin>
			<xmax>262.24</xmax>
			<ymax>653.92</ymax>
		</bndbox>
	</object>
	<object>
		<name>b8</name>
		<pose>Unspecified</pose>
		<truncated>0</truncated>
		<difficult>0</difficult>
		<bndbox>
			<xmin>557.12</xmin>
			<ymin>601.76</ymin>
			<xmax>589.12</xmax>
			<ymax>633.76</ymax>
		</bndbox>
	</object>
	<object>
		<name>b4</name>
		<pose>Unspecified</pose>
		<truncated>0</truncated>
		<difficult>0</difficult>
		<bndbox>
			<xmin>588.8</xmin>
			<ymin>629.12</ymin>
			<xmax>620.8</xmax>
			<ymax>661.12</ymax>
		</bndbox>
	</object>
	<object>
		<name>g1</name>
		<pose>Unspecified</pose>
		<truncated>0</truncated>
		<difficult>0</difficult>
		<bndbox>
			<xmin>135.2</xmin>
			<ymin>421.76</ymin>
			<xmax>167.2</xmax>
			<ymax>453.76</ymax>
		</bndbox>
	</object>
	<object>
		<name>b8</name>
		<pose>Unspecified</pose>
		<truncated>0</truncated>
		<difficult>0</difficult>
		<bndbox>
			<xmin>318.08</xmin>
			<ymin>575.84</ymin>
			<xmax>350.08</xmax>
			<ymax>607.84</ymax>
		</bndbox>
	</object>
	<object>
		<name>b7</name>
		<pose>Unspecified</pose>
		<truncated>0</truncated>
		<difficult>0</difficult>
		<bndbox>
			<xmin>318.08</xmin>
			<ymin>541.28</ymin>
			<xmax>350.08</xmax>
			<ymax>573.28</ymax>
		</bndbox>
	</object>
	<object>
		<name>b8</name>
		<pose>Unspecified</pose>
		<truncated>0</truncated>
		<difficult>0</difficult>
		<bndbox>
			<xmin>259.04</xmin>
			<ymin>464.96</ymin>
			<xmax>291.04</xmax>
			<ymax>496.96</ymax>
		</bndbox>
	</object>
	<object>
		<name>b8</name>
		<pose>Unspecified</pose>
		<truncated>0</truncated>
		<difficult>0</difficult>
		<bndbox>
			<xmin>229.376</xmin>
			<ymin>623.36</ymin>
			<xmax>261.376</xmax>
			<ymax>655.36</ymax>
		</bndbox>
	</object>
	<object>
		<name>b7</name>
		<pose>Unspecified</pose>
		<truncated>0</truncated>
		<difficult>0</difficult>
		<bndbox>
			<xmin>564.608</xmin>
			<ymin>606.08</ymin>
			<xmax>596.608</xmax>
			<ymax>638.08</ymax>
		</bndbox>
	</object>
	<object>
		<name>b4</name>
		<pose>Unspecified</pose>
		<truncated>0</truncated>
		<difficult>0</difficult>
		<bndbox>
			<xmin>588.8</xmin>
			<ymin>628.544</ymin>
			<xmax>620.8</xmax>
			<ymax>660.544</ymax>
		</bndbox>
	</object>
	<object>
		<name>b5</name>
		<pose>Unspecified</pose>
		<truncated>0</truncated>
		<difficult>0</difficult>
		<bndbox>
			<xmin>60.7232</xmin>
			<ymin>599.859</ymin>
			<xmax>92.7232</xmax>
			<ymax>631.859</ymax>
		</bndbox>
	</object>
	<object>
		<name>b7</name>
		<pose>Unspecified</pose>
		<truncated>0</truncated>
		<difficult>0</difficult>
		<bndbox>
			<xmin>564.608</xmin>
			<ymin>601.933</ymin>
			<xmax>596.608</xmax>
			<ymax>633.933</ymax>
		</bndbox>
	</object>
	<object>
		<name>b9</name>
		<pose>Unspecified</pose>
		<truncated>0</truncated>
		<difficult>0</difficult>
		<bndbox>
			<xmin>216.243</xmin>
			<ymin>454.707</ymin>
			<xmax>248.243</xmax>
			<ymax>486.707</ymax>
		</bndbox>
	</object>
	<object>
		<name>b8</name>
		<pose>Unspecified</pose>
		<truncated>0</truncated>
		<difficult>0</difficult>
		<bndbox>
			<xmin>551.337</xmin>
			<ymin>633.452</ymin>
			<xmax>583.337</xmax>
			<ymax>665.452</ymax>
		</bndbox>
	</object>
	<object>
		<name>b4</name>
		<pose>Unspecified</pose>
		<truncated>0</truncated>
		<difficult>0</difficult>
		<bndbox>
			<xmin>63.6263</xmin>
			<ymin>424.433</ymin>
			<xmax>95.6263</xmax>
			<ymax>456.433</ymax>
		</bndbox>
	</object>
	<object>
		<name>b9</name>
		<pose>Unspecified</pose>
		<truncated>0</truncated>
		<difficult>0</difficult>
		<bndbox>
			<xmin>563.779</xmin>
			<ymin>444.339</ymin>
			<xmax>595.779</xmax>
			<ymax>476.339</ymax>
		</bndbox>
	</object>
	<object>
		<name>b8</name>
		<pose>Unspecified</pose>
		<truncated>0</truncated>
		<difficult>0</difficult>
		<bndbox>
			<xmin>260.204</xmin>
			<ymin>466.734</ymin>
			<xmax>292.204</xmax>
			<ymax>498.734</ymax>
		</bndbox>
	</object>
	<object>
		<name>b6</name>
		<pose>Unspecified</pose>
		<truncated>0</truncated>
		<difficult>0</difficult>
		<bndbox>
			<xmin>659</xmin>
			<ymin>572</ymin>
			<xmax>691</xmax>
			<ymax>604</ymax>
		</bndbox>
	</object>
	<object>
		<name>b8</name>
		<pose>Unspecified</pose>
		<truncated>0</truncated>
		<difficult>0</difficult>
		<bndbox>
			<xmin>248</xmin>
			<ymin>625</ymin>
			<xmax>280</xmax>
			<ymax>657</ymax>
		</bndbox>
	</object>
	<object>
		<name>b8</name>
		<pose>Unspecified</pose>
		<truncated>0</truncated>
		<difficult>0</difficult>
		<bndbox>
			<xmin>319</xmin>
			<ymin>578</ymin>
			<xmax>351</xmax>
			<ymax>610</ymax>
		</bndbox>
	</object>
	<object>
		<name>b8</name>
		<pose>Unspecified</pose>
		<truncated>0</truncated>
		<difficult>0</difficult>
		<bndbox>
			<xmin>568</xmin>
			<ymin>584</ymin>
			<xmax>600</xmax>
			<ymax>616</ymax>
		</bndbox>
	</object>
	<object>
		<name>b7</name>
		<pose>Unspecified</pose>
		<truncated>0</truncated>
		<difficult>0</difficult>
		<bndbox>
			<xmin>426</xmin>
			<ymin>631</ymin>
			<xmax>458</xmax>
			<ymax>663</ymax>
		</bndbox>
	</object>
	<object>
		<name>b5</name>
		<pose>Unspecified</pose>
		<truncated>0</truncated>
		<difficult>0</difficult>
		<bndbox>
			<xmin>60.8</xmin>
			<ymin>604.4</ymin>
			<xmax>92.8</xmax>
			<ymax>636.4</ymax>
		</bndbox>
	</object>
	<object>
		<name>b9</name>
		<pose>Unspecified</pose>
		<truncated>0</truncated>
		<difficult>0</difficult>
		<bndbox>
			<xmin>531.2</xmin>
			<ymin>558.8</ymin>
			<xmax>563.2</xmax>
			<ymax>590.8</ymax>
		</bndbox>
	</object>
	<object>
		<name>b8</name>
		<pose>Unspecified</pose>
		<truncated>0</truncated>
		<difficult>0</difficult>
		<bndbox>
			<xmin>555.2</xmin>
			<ymin>610.4</ymin>
			<xmax>587.2</xmax>
			<ymax>642.4</ymax>
		</bndbox>
	</object>
	<object>
		<name>b8</name>
		<pose>Unspecified</pose>
		<truncated>0</truncated>
		<difficult>0</difficult>
		<bndbox>
			<xmin>230.24</xmin>
			<ymin>621.92</ymin>
			<xmax>262.24</xmax>
			<ymax>653.92</ymax>
		</bndbox>
	</object>
	<object>
		<name>b8</name>
		<pose>Unspecified</pose>
		<truncated>0</truncated>
		<difficult>0</difficult>
		<bndbox>
			<xmin>557.12</xmin>
			<ymin>601.76</ymin>
			<xmax>589.12</xmax>
			<ymax>633.76</ymax>
		</bndbox>
	</object>
	<object>
		<name>b4</name>
		<pose>Unspecified</pose>
		<truncated>0</truncated>
		<difficult>0</difficult>
		<bndbox>
			<xmin>588.8</xmin>
			<ymin>629.12</ymin>
			<xmax>620.8</xmax>
			<ymax>661.12</ymax>
		</bndbox>
	</object>
	<object>
		<name>g1</name>
		<pose>Unspecified</pose>
		<truncated>0</truncated>
		<difficult>0</difficult>
		<bndbox>
			<xmin>135.2</xmin>
			<ymin>421.76</ymin>
			<xmax>167.2</xmax>
			<ymax>453.76</ymax>
		</bndbox>
	</object>
	<object>
		<name>b8</name>
		<pose>Unspecified</pose>
		<truncated>0</truncated>
		<difficult>0</difficult>
		<bndbox>
			<xmin>318.08</xmin>
			<ymin>575.84</ymin>
			<xmax>350.08</xmax>
			<ymax>607.84</ymax>
		</bndbox>
	</object>
	<object>
		<name>b7</name>
		<pose>Unspecified</pose>
		<truncated>0</truncated>
		<difficult>0</difficult>
		<bndbox>
			<xmin>318.08</xmin>
			<ymin>541.28</ymin>
			<xmax>350.08</xmax>
			<ymax>573.28</ymax>
		</bndbox>
	</object>
	<object>
		<name>b8</name>
		<pose>Unspecified</pose>
		<truncated>0</truncated>
		<difficult>0</difficult>
		<bndbox>
			<xmin>259.04</xmin>
			<ymin>464.96</ymin>
			<xmax>291.04</xmax>
			<ymax>496.96</ymax>
		</bndbox>
	</object>
	<object>
		<name>b8</name>
		<pose>Unspecified</pose>
		<truncated>0</truncated>
		<difficult>0</difficult>
		<bndbox>
			<xmin>229.376</xmin>
			<ymin>623.36</ymin>
			<xmax>261.376</xmax>
			<ymax>655.36</ymax>
		</bndbox>
	</object>
	<object>
		<name>b7</name>
		<pose>Unspecified</pose>
		<truncated>0</truncated>
		<difficult>0</difficult>
		<bndbox>
			<xmin>564.608</xmin>
			<ymin>606.08</ymin>
			<xmax>596.608</xmax>
			<ymax>638.08</ymax>
		</bndbox>
	</object>
	<object>
		<name>b4</name>
		<pose>Unspecified</pose>
		<truncated>0</truncated>
		<difficult>0</difficult>
		<bndbox>
			<xmin>588.8</xmin>
			<ymin>628.544</ymin>
			<xmax>620.8</xmax>
			<ymax>660.544</ymax>
		</bndbox>
	</object>
	<object>
		<name>b5</name>
		<pose>Unspecified</pose>
		<truncated>0</truncated>
		<difficult>0</difficult>
		<bndbox>
			<xmin>60.7232</xmin>
			<ymin>599.859</ymin>
			<xmax>92.7232</xmax>
			<ymax>631.859</ymax>
		</bndbox>
	</object>
	<object>
		<name>b7</name>
		<pose>Unspecified</pose>
		<truncated>0</truncated>
		<difficult>0</difficult>
		<bndbox>
			<xmin>564.608</xmin>
			<ymin>601.933</ymin>
			<xmax>596.608</xmax>
			<ymax>633.933</ymax>
		</bndbox>
	</object>
	<object>
		<name>b9</name>
		<pose>Unspecified</pose>
		<truncated>0</truncated>
		<difficult>0</difficult>
		<bndbox>
			<xmin>216.243</xmin>
			<ymin>454.707</ymin>
			<xmax>248.243</xmax>
			<ymax>486.707</ymax>
		</bndbox>
	</object>
	<object>
		<name>b8</name>
		<pose>Unspecified</pose>
		<truncated>0</truncated>
		<difficult>0</difficult>
		<bndbox>
			<xmin>551.337</xmin>
			<ymin>633.452</ymin>
			<xmax>583.337</xmax>
			<ymax>665.452</ymax>
		</bndbox>
	</object>
	<object>
		<name>b4</name>
		<pose>Unspecified</pose>
		<truncated>0</truncated>
		<difficult>0</difficult>
		<bndbox>
			<xmin>63.6263</xmin>
			<ymin>424.433</ymin>
			<xmax>95.6263</xmax>
			<ymax>456.433</ymax>
		</bndbox>
	</object>
	<object>
		<name>b9</name>
		<pose>Unspecified</pose>
		<truncated>0</truncated>
		<difficult>0</difficult>
		<bndbox>
			<xmin>563.779</xmin>
			<ymin>444.339</ymin>
			<xmax>595.779</xmax>
			<ymax>476.339</ymax>
		</bndbox>
	</object>
	<object>
		<name>b8</name>
		<pose>Unspecified</pose>
		<truncated>0</truncated>
		<difficult>0</difficult>
		<bndbox>
			<xmin>260.204</xmin>
			<ymin>466.734</ymin>
			<xmax>292.204</xmax>
			<ymax>498.734</ymax>
		</bndbox>
	</object>
	<object>
		<name>b6</name>
		<pose>Unspecified</pose>
		<truncated>0</truncated>
		<difficult>0</difficult>
		<bndbox>
			<xmin>659</xmin>
			<ymin>572</ymin>
			<xmax>691</xmax>
			<ymax>604</ymax>
		</bndbox>
	</object>
	<object>
		<name>b8</name>
		<pose>Unspecified</pose>
		<truncated>0</truncated>
		<difficult>0</difficult>
		<bndbox>
			<xmin>248</xmin>
			<ymin>625</ymin>
			<xmax>280</xmax>
			<ymax>657</ymax>
		</bndbox>
	</object>
	<object>
		<name>b8</name>
		<pose>Unspecified</pose>
		<truncated>0</truncated>
		<difficult>0</difficult>
		<bndbox>
			<xmin>319</xmin>
			<ymin>578</ymin>
			<xmax>351</xmax>
			<ymax>610</ymax>
		</bndbox>
	</object>
	<object>
		<name>b8</name>
		<pose>Unspecified</pose>
		<truncated>0</truncated>
		<difficult>0</difficult>
		<bndbox>
			<xmin>568</xmin>
			<ymin>584</ymin>
			<xmax>600</xmax>
			<ymax>616</ymax>
		</bndbox>
	</object>
	<object>
		<name>b7</name>
		<pose>Unspecified</pose>
		<truncated>0</truncated>
		<difficult>0</difficult>
		<bndbox>
			<xmin>426</xmin>
			<ymin>631</ymin>
			<xmax>458</xmax>
			<ymax>663</ymax>
		</bndbox>
	</object>
	<object>
		<name>b5</name>
		<pose>Unspecified</pose>
		<truncated>0</truncated>
		<difficult>0</difficult>
		<bndbox>
			<xmin>60.8</xmin>
			<ymin>604.4</ymin>
			<xmax>92.8</xmax>
			<ymax>636.4</ymax>
		</bndbox>
	</object>
	<object>
		<name>b9</name>
		<pose>Unspecified</pose>
		<truncated>0</truncated>
		<difficult>0</difficult>
		<bndbox>
			<xmin>531.2</xmin>
			<ymin>558.8</ymin>
			<xmax>563.2</xmax>
			<ymax>590.8</ymax>
		</bndbox>
	</object>
	<object>
		<name>b8</name>
		<pose>Unspecified</pose>
		<truncated>0</truncated>
		<difficult>0</difficult>
		<bndbox>
			<xmin>555.2</xmin>
			<ymin>610.4</ymin>
			<xmax>587.2</xmax>
			<ymax>642.4</ymax>
		</bndbox>
	</object>
	<object>
		<name>b8</name>
		<pose>Unspecified</pose>
		<truncated>0</truncated>
		<difficult>0</difficult>
		<bndbox>
			<xmin>230.24</xmin>
			<ymin>621.92</ymin>
			<xmax>262.24</xmax>
			<ymax>653.92</ymax>
		</bndbox>
	</object>
	<object>
		<name>b8</name>
		<pose>Unspecified</pose>
		<truncated>0</truncated>
		<difficult>0</difficult>
		<bndbox>
			<xmin>557.12</xmin>
			<ymin>601.76</ymin>
			<xmax>589.12</xmax>
			<ymax>633.76</ymax>
		</bndbox>
	</object>
	<object>
		<name>b4</name>
		<pose>Unspecified</pose>
		<truncated>0</truncated>
		<difficult>0</difficult>
		<bndbox>
			<xmin>588.8</xmin>
			<ymin>629.12</ymin>
			<xmax>620.8</xmax>
			<ymax>661.12</ymax>
		</bndbox>
	</object>
	<object>
		<name>g1</name>
		<pose>Unspecified</pose>
		<truncated>0</truncated>
		<difficult>0</difficult>
		<bndbox>
			<xmin>135.2</xmin>
			<ymin>421.76</ymin>
			<xmax>167.2</xmax>
			<ymax>453.76</ymax>
		</bndbox>
	</object>
	<object>
		<name>b8</name>
		<pose>Unspecified</pose>
		<truncated>0</truncated>
		<difficult>0</difficult>
		<bndbox>
			<xmin>318.08</xmin>
			<ymin>575.84</ymin>
			<xmax>350.08</xmax>
			<ymax>607.84</ymax>
		</bndbox>
	</object>
	<object>
		<name>b7</name>
		<pose>Unspecified</pose>
		<truncated>0</truncated>
		<difficult>0</difficult>
		<bndbox>
			<xmin>318.08</xmin>
			<ymin>541.28</ymin>
			<xmax>350.08</xmax>
			<ymax>573.28</ymax>
		</bndbox>
	</object>
	<object>
		<name>b8</name>
		<pose>Unspecified</pose>
		<truncated>0</truncated>
		<difficult>0</difficult>
		<bndbox>
			<xmin>259.04</xmin>
			<ymin>464.96</ymin>
			<xmax>291.04</xmax>
			<ymax>496.96</ymax>
		</bndbox>
	</object>
	<object>
		<name>b8</name>
		<pose>Unspecified</pose>
		<truncated>0</truncated>
		<difficult>0</difficult>
		<bndbox>
			<xmin>229.376</xmin>
			<ymin>623.36</ymin>
			<xmax>261.376</xmax>
			<ymax>655.36</ymax>
		</bndbox>
	</object>
	<object>
		<name>b7</name>
		<pose>Unspecified</pose>
		<truncated>0</truncated>
		<difficult>0</difficult>
		<bndbox>
			<xmin>564.608</xmin>
			<ymin>606.08</ymin>
			<xmax>596.608</xmax>
			<ymax>638.08</ymax>
		</bndbox>
	</object>
	<object>
		<name>b4</name>
		<pose>Unspecified</pose>
		<truncated>0</truncated>
		<difficult>0</difficult>
		<bndbox>
			<xmin>588.8</xmin>
			<ymin>628.544</ymin>
			<xmax>620.8</xmax>
			<ymax>660.544</ymax>
		</bndbox>
	</object>
	<object>
		<name>b5</name>
		<pose>Unspecified</pose>
		<truncated>0</truncated>
		<difficult>0</difficult>
		<bndbox>
			<xmin>60.7232</xmin>
			<ymin>599.859</ymin>
			<xmax>92.7232</xmax>
			<ymax>631.859</ymax>
		</bndbox>
	</object>
	<object>
		<name>b7</name>
		<pose>Unspecified</pose>
		<truncated>0</truncated>
		<difficult>0</difficult>
		<bndbox>
			<xmin>564.608</xmin>
			<ymin>601.933</ymin>
			<xmax>596.608</xmax>
			<ymax>633.933</ymax>
		</bndbox>
	</object>
	<object>
		<name>b9</name>
		<pose>Unspecified</pose>
		<truncated>0</truncated>
		<difficult>0</difficult>
		<bndbox>
			<xmin>216.243</xmin>
			<ymin>454.707</ymin>
			<xmax>248.243</xmax>
			<ymax>486.707</ymax>
		</bndbox>
	</object>
	<object>
		<name>b8</name>
		<pose>Unspecified</pose>
		<truncated>0</truncated>
		<difficult>0</difficult>
		<bndbox>
			<xmin>551.337</xmin>
			<ymin>633.452</ymin>
			<xmax>583.337</xmax>
			<ymax>665.452</ymax>
		</bndbox>
	</object>
	<object>
		<name>b4</name>
		<pose>Unspecified</pose>
		<truncated>0</truncated>
		<difficult>0</difficult>
		<bndbox>
			<xmin>63.6263</xmin>
			<ymin>424.433</ymin>
			<xmax>95.6263</xmax>
			<ymax>456.433</ymax>
		</bndbox>
	</object>
	<object>
		<name>b9</name>
		<pose>Unspecified</pose>
		<truncated>0</truncated>
		<difficult>0</difficult>
		<bndbox>
			<xmin>563.779</xmin>
			<ymin>444.339</ymin>
			<xmax>595.779</xmax>
			<ymax>476.339</ymax>
		</bndbox>
	</object>
	<object>
		<name>b8</name>
		<pose>Unspecified</pose>
		<truncated>0</truncated>
		<difficult>0</difficult>
		<bndbox>
			<xmin>260.204</xmin>
			<ymin>466.734</ymin>
			<xmax>292.204</xmax>
			<ymax>498.734</ymax>
		</bndbox>
	</object>
</annotation>
