<annotation>
	<folder>VOC2007</folder>
	<filename>000371.jpg</filename>
	<source>
		<database>My Database</database>
		<annotation>VOC2007</annotation>
		<image>flickr</image>
		<flickrid>NULL</flickrid>
	</source>
	<owner>
		<flickrid>NULL</flickrid>
		<name>shaochunyan</name>
	</owner>
	<size>
		<width>720</width>
		<height>1280</height>
		<depth>3</depth>
	</size>
	<segmented>0</segmented>
	<object>
		<name>b9</name>
		<pose>Unspecified</pose>
		<truncated>0</truncated>
		<difficult>0</difficult>
		<bndbox>
			<xmin>120</xmin>
			<ymin>628</ymin>
			<xmax>152</xmax>
			<ymax>660</ymax>
		</bndbox>
	</object>
	<object>
		<name>b9</name>
		<pose>Unspecified</pose>
		<truncated>0</truncated>
		<difficult>0</difficult>
		<bndbox>
			<xmin>110</xmin>
			<ymin>639</ymin>
			<xmax>142</xmax>
			<ymax>671</ymax>
		</bndbox>
	</object>
	<object>
		<name>g10</name>
		<pose>Unspecified</pose>
		<truncated>0</truncated>
		<difficult>0</difficult>
		<bndbox>
			<xmin>123</xmin>
			<ymin>571</ymin>
			<xmax>155</xmax>
			<ymax>603</ymax>
		</bndbox>
	</object>
	<object>
		<name>b10</name>
		<pose>Unspecified</pose>
		<truncated>0</truncated>
		<difficult>0</difficult>
		<bndbox>
			<xmin>263</xmin>
			<ymin>647</ymin>
			<xmax>295</xmax>
			<ymax>679</ymax>
		</bndbox>
	</object>
	<object>
		<name>b8</name>
		<pose>Unspecified</pose>
		<truncated>0</truncated>
		<difficult>0</difficult>
		<bndbox>
			<xmin>111.2</xmin>
			<ymin>644</ymin>
			<xmax>143.2</xmax>
			<ymax>676</ymax>
		</bndbox>
	</object>
	<object>
		<name>b9</name>
		<pose>Unspecified</pose>
		<truncated>0</truncated>
		<difficult>0</difficult>
		<bndbox>
			<xmin>110</xmin>
			<ymin>639.2</ymin>
			<xmax>142</xmax>
			<ymax>671.2</ymax>
		</bndbox>
	</object>
	<object>
		<name>b8</name>
		<pose>Unspecified</pose>
		<truncated>0</truncated>
		<difficult>0</difficult>
		<bndbox>
			<xmin>150.8</xmin>
			<ymin>626</ymin>
			<xmax>182.8</xmax>
			<ymax>658</ymax>
		</bndbox>
	</object>
	<object>
		<name>b9</name>
		<pose>Unspecified</pose>
		<truncated>0</truncated>
		<difficult>0</difficult>
		<bndbox>
			<xmin>156.8</xmin>
			<ymin>632</ymin>
			<xmax>188.8</xmax>
			<ymax>664</ymax>
		</bndbox>
	</object>
	<object>
		<name>b9</name>
		<pose>Unspecified</pose>
		<truncated>0</truncated>
		<difficult>0</difficult>
		<bndbox>
			<xmin>109.28</xmin>
			<ymin>639.2</ymin>
			<xmax>141.28</xmax>
			<ymax>671.2</ymax>
		</bndbox>
	</object>
	<object>
		<name>b8</name>
		<pose>Unspecified</pose>
		<truncated>0</truncated>
		<difficult>0</difficult>
		<bndbox>
			<xmin>158.24</xmin>
			<ymin>613.28</ymin>
			<xmax>190.24</xmax>
			<ymax>645.28</ymax>
		</bndbox>
	</object>
	<object>
		<name>b10</name>
		<pose>Unspecified</pose>
		<truncated>0</truncated>
		<difficult>0</difficult>
		<bndbox>
			<xmin>70.4</xmin>
			<ymin>617.6</ymin>
			<xmax>102.4</xmax>
			<ymax>649.6</ymax>
		</bndbox>
	</object>
	<object>
		<name>b9</name>
		<pose>Unspecified</pose>
		<truncated>0</truncated>
		<difficult>0</difficult>
		<bndbox>
			<xmin>223.04</xmin>
			<ymin>624.8</ymin>
			<xmax>255.04</xmax>
			<ymax>656.8</ymax>
		</bndbox>
	</object>
	<object>
		<name>b8</name>
		<pose>Unspecified</pose>
		<truncated>0</truncated>
		<difficult>0</difficult>
		<bndbox>
			<xmin>297.92</xmin>
			<ymin>646.4</ymin>
			<xmax>329.92</xmax>
			<ymax>678.4</ymax>
		</bndbox>
	</object>
	<object>
		<name>b10</name>
		<pose>Unspecified</pose>
		<truncated>0</truncated>
		<difficult>0</difficult>
		<bndbox>
			<xmin>293.312</xmin>
			<ymin>576.704</ymin>
			<xmax>325.312</xmax>
			<ymax>608.704</ymax>
		</bndbox>
	</object>
	<object>
		<name>b9</name>
		<pose>Unspecified</pose>
		<truncated>0</truncated>
		<difficult>0</difficult>
		<bndbox>
			<xmin>158.182</xmin>
			<ymin>623.498</ymin>
			<xmax>190.182</xmax>
			<ymax>655.498</ymax>
		</bndbox>
	</object>
	<object>
		<name>b8</name>
		<pose>Unspecified</pose>
		<truncated>0</truncated>
		<difficult>0</difficult>
		<bndbox>
			<xmin>297.528</xmin>
			<ymin>643.405</ymin>
			<xmax>329.528</xmax>
			<ymax>675.405</ymax>
		</bndbox>
	</object>
	<object>
		<name>b9</name>
		<pose>Unspecified</pose>
		<truncated>0</truncated>
		<difficult>0</difficult>
		<bndbox>
			<xmin>216.907</xmin>
			<ymin>620.015</ymin>
			<xmax>248.907</xmax>
			<ymax>652.015</ymax>
		</bndbox>
	</object>
	<object>
		<name>b8</name>
		<pose>Unspecified</pose>
		<truncated>0</truncated>
		<difficult>0</difficult>
		<bndbox>
			<xmin>148.229</xmin>
			<ymin>628.973</ymin>
			<xmax>180.229</xmax>
			<ymax>660.973</ymax>
		</bndbox>
	</object>
	<object>
		<name>b10</name>
		<pose>Unspecified</pose>
		<truncated>0</truncated>
		<difficult>0</difficult>
		<bndbox>
			<xmin>123.744</xmin>
			<ymin>664.805</ymin>
			<xmax>155.744</xmax>
			<ymax>696.805</ymax>
		</bndbox>
	</object>
	<object>
		<name>b9</name>
		<pose>Unspecified</pose>
		<truncated>0</truncated>
		<difficult>0</difficult>
		<bndbox>
			<xmin>270</xmin>
			<ymin>648</ymin>
			<xmax>302</xmax>
			<ymax>680</ymax>
		</bndbox>
	</object>
	<object>
		<name>b5</name>
		<pose>Unspecified</pose>
		<truncated>0</truncated>
		<difficult>0</difficult>
		<bndbox>
			<xmin>421</xmin>
			<ymin>637</ymin>
			<xmax>453</xmax>
			<ymax>669</ymax>
		</bndbox>
	</object>
	<object>
		<name>b5</name>
		<pose>Unspecified</pose>
		<truncated>0</truncated>
		<difficult>0</difficult>
		<bndbox>
			<xmin>221</xmin>
			<ymin>609</ymin>
			<xmax>253</xmax>
			<ymax>641</ymax>
		</bndbox>
	</object>
	<object>
		<name>b5</name>
		<pose>Unspecified</pose>
		<truncated>0</truncated>
		<difficult>0</difficult>
		<bndbox>
			<xmin>428</xmin>
			<ymin>638</ymin>
			<xmax>460</xmax>
			<ymax>670</ymax>
		</bndbox>
	</object>
	<object>
		<name>b9</name>
		<pose>Unspecified</pose>
		<truncated>0</truncated>
		<difficult>0</difficult>
		<bndbox>
			<xmin>316.4</xmin>
			<ymin>632</ymin>
			<xmax>348.4</xmax>
			<ymax>664</ymax>
		</bndbox>
	</object>
	<object>
		<name>b9</name>
		<pose>Unspecified</pose>
		<truncated>0</truncated>
		<difficult>0</difficult>
		<bndbox>
			<xmin>261.2</xmin>
			<ymin>634.4</ymin>
			<xmax>293.2</xmax>
			<ymax>666.4</ymax>
		</bndbox>
	</object>
	<object>
		<name>b8</name>
		<pose>Unspecified</pose>
		<truncated>0</truncated>
		<difficult>0</difficult>
		<bndbox>
			<xmin>64.4</xmin>
			<ymin>617.6</ymin>
			<xmax>96.4</xmax>
			<ymax>649.6</ymax>
		</bndbox>
	</object>
	<object>
		<name>b8</name>
		<pose>Unspecified</pose>
		<truncated>0</truncated>
		<difficult>0</difficult>
		<bndbox>
			<xmin>171.2</xmin>
			<ymin>616.4</ymin>
			<xmax>203.2</xmax>
			<ymax>648.4</ymax>
		</bndbox>
	</object>
	<object>
		<name>b7</name>
		<pose>Unspecified</pose>
		<truncated>0</truncated>
		<difficult>0</difficult>
		<bndbox>
			<xmin>176</xmin>
			<ymin>621.2</ymin>
			<xmax>208</xmax>
			<ymax>653.2</ymax>
		</bndbox>
	</object>
	<object>
		<name>b8</name>
		<pose>Unspecified</pose>
		<truncated>0</truncated>
		<difficult>0</difficult>
		<bndbox>
			<xmin>482</xmin>
			<ymin>476</ymin>
			<xmax>514</xmax>
			<ymax>508</ymax>
		</bndbox>
	</object>
	<object>
		<name>b6</name>
		<pose>Unspecified</pose>
		<truncated>0</truncated>
		<difficult>0</difficult>
		<bndbox>
			<xmin>219.2</xmin>
			<ymin>603.2</ymin>
			<xmax>251.2</xmax>
			<ymax>635.2</ymax>
		</bndbox>
	</object>
	<object>
		<name>b8</name>
		<pose>Unspecified</pose>
		<truncated>0</truncated>
		<difficult>0</difficult>
		<bndbox>
			<xmin>104</xmin>
			<ymin>602</ymin>
			<xmax>136</xmax>
			<ymax>634</ymax>
		</bndbox>
	</object>
	<object>
		<name>b9</name>
		<pose>Unspecified</pose>
		<truncated>0</truncated>
		<difficult>0</difficult>
		<bndbox>
			<xmin>56</xmin>
			<ymin>617.6</ymin>
			<xmax>88</xmax>
			<ymax>649.6</ymax>
		</bndbox>
	</object>
	<object>
		<name>b5</name>
		<pose>Unspecified</pose>
		<truncated>0</truncated>
		<difficult>0</difficult>
		<bndbox>
			<xmin>215.84</xmin>
			<ymin>613.28</ymin>
			<xmax>247.84</xmax>
			<ymax>645.28</ymax>
		</bndbox>
	</object>
	<object>
		<name>b8</name>
		<pose>Unspecified</pose>
		<truncated>0</truncated>
		<difficult>0</difficult>
		<bndbox>
			<xmin>161.12</xmin>
			<ymin>621.92</ymin>
			<xmax>193.12</xmax>
			<ymax>653.92</ymax>
		</bndbox>
	</object>
	<object>
		<name>b5</name>
		<pose>Unspecified</pose>
		<truncated>0</truncated>
		<difficult>0</difficult>
		<bndbox>
			<xmin>223.04</xmin>
			<ymin>624.8</ymin>
			<xmax>255.04</xmax>
			<ymax>656.8</ymax>
		</bndbox>
	</object>
	<object>
		<name>b6</name>
		<pose>Unspecified</pose>
		<truncated>0</truncated>
		<difficult>0</difficult>
		<bndbox>
			<xmin>194.24</xmin>
			<ymin>629.12</ymin>
			<xmax>226.24</xmax>
			<ymax>661.12</ymax>
		</bndbox>
	</object>
	<object>
		<name>b8</name>
		<pose>Unspecified</pose>
		<truncated>0</truncated>
		<difficult>0</difficult>
		<bndbox>
			<xmin>170.624</xmin>
			<ymin>616.448</ymin>
			<xmax>202.624</xmax>
			<ymax>648.448</ymax>
		</bndbox>
	</object>
	<object>
		<name>b6</name>
		<pose>Unspecified</pose>
		<truncated>0</truncated>
		<difficult>0</difficult>
		<bndbox>
			<xmin>220.736</xmin>
			<ymin>623.36</ymin>
			<xmax>252.736</xmax>
			<ymax>655.36</ymax>
		</bndbox>
	</object>
	<object>
		<name>b8</name>
		<pose>Unspecified</pose>
		<truncated>0</truncated>
		<difficult>0</difficult>
		<bndbox>
			<xmin>63.488</xmin>
			<ymin>621.632</ymin>
			<xmax>95.488</xmax>
			<ymax>653.632</ymax>
		</bndbox>
	</object>
	<object>
		<name>b6</name>
		<pose>Unspecified</pose>
		<truncated>0</truncated>
		<difficult>0</difficult>
		<bndbox>
			<xmin>229.376</xmin>
			<ymin>628.544</ymin>
			<xmax>261.376</xmax>
			<ymax>660.544</ymax>
		</bndbox>
	</object>
	<object>
		<name>b5</name>
		<pose>Unspecified</pose>
		<truncated>0</truncated>
		<difficult>0</difficult>
		<bndbox>
			<xmin>218.317</xmin>
			<ymin>622.669</ymin>
			<xmax>250.317</xmax>
			<ymax>654.669</ymax>
		</bndbox>
	</object>
	<object>
		<name>b8</name>
		<pose>Unspecified</pose>
		<truncated>0</truncated>
		<difficult>0</difficult>
		<bndbox>
			<xmin>158.182</xmin>
			<ymin>628.475</ymin>
			<xmax>190.182</xmax>
			<ymax>660.475</ymax>
		</bndbox>
	</object>
	<object>
		<name>b10</name>
		<pose>Unspecified</pose>
		<truncated>0</truncated>
		<difficult>0</difficult>
		<bndbox>
			<xmin>287.575</xmin>
			<ymin>561.29</ymin>
			<xmax>319.575</xmax>
			<ymax>593.29</ymax>
		</bndbox>
	</object>
	<object>
		<name>b9</name>
		<pose>Unspecified</pose>
		<truncated>0</truncated>
		<difficult>0</difficult>
		<bndbox>
			<xmin>139.271</xmin>
			<ymin>652.861</ymin>
			<xmax>171.271</xmax>
			<ymax>684.861</ymax>
		</bndbox>
	</object>
	<object>
		<name>b8</name>
		<pose>Unspecified</pose>
		<truncated>0</truncated>
		<difficult>0</difficult>
		<bndbox>
			<xmin>172.117</xmin>
			<ymin>623.001</ymin>
			<xmax>204.117</xmax>
			<ymax>655.001</ymax>
		</bndbox>
	</object>
	<object>
		<name>b9</name>
		<pose>Unspecified</pose>
		<truncated>0</truncated>
		<difficult>0</difficult>
		<bndbox>
			<xmin>148.826</xmin>
			<ymin>628.973</ymin>
			<xmax>180.826</xmax>
			<ymax>660.973</ymax>
		</bndbox>
	</object>
	<object>
		<name>b10</name>
		<pose>Unspecified</pose>
		<truncated>0</truncated>
		<difficult>0</difficult>
		<bndbox>
			<xmin>112.995</xmin>
			<ymin>621.806</ymin>
			<xmax>144.995</xmax>
			<ymax>653.806</ymax>
		</bndbox>
	</object>
	<object>
		<name>b8</name>
		<pose>Unspecified</pose>
		<truncated>0</truncated>
		<difficult>0</difficult>
		<bndbox>
			<xmin>128</xmin>
			<ymin>613</ymin>
			<xmax>160</xmax>
			<ymax>645</ymax>
		</bndbox>
	</object>
	<object>
		<name>b5</name>
		<pose>Unspecified</pose>
		<truncated>0</truncated>
		<difficult>0</difficult>
		<bndbox>
			<xmin>171</xmin>
			<ymin>616</ymin>
			<xmax>203</xmax>
			<ymax>648</ymax>
		</bndbox>
	</object>
	<object>
		<name>b8</name>
		<pose>Unspecified</pose>
		<truncated>0</truncated>
		<difficult>0</difficult>
		<bndbox>
			<xmin>437</xmin>
			<ymin>550</ymin>
			<xmax>469</xmax>
			<ymax>582</ymax>
		</bndbox>
	</object>
	<object>
		<name>b9</name>
		<pose>Unspecified</pose>
		<truncated>0</truncated>
		<difficult>0</difficult>
		<bndbox>
			<xmin>65</xmin>
			<ymin>618</ymin>
			<xmax>97</xmax>
			<ymax>650</ymax>
		</bndbox>
	</object>
	<object>
		<name>g10</name>
		<pose>Unspecified</pose>
		<truncated>0</truncated>
		<difficult>0</difficult>
		<bndbox>
			<xmin>147</xmin>
			<ymin>543</ymin>
			<xmax>179</xmax>
			<ymax>575</ymax>
		</bndbox>
	</object>
	<object>
		<name>b5</name>
		<pose>Unspecified</pose>
		<truncated>0</truncated>
		<difficult>0</difficult>
		<bndbox>
			<xmin>156.8</xmin>
			<ymin>621.2</ymin>
			<xmax>188.8</xmax>
			<ymax>653.2</ymax>
		</bndbox>
	</object>
	<object>
		<name>b5</name>
		<pose>Unspecified</pose>
		<truncated>0</truncated>
		<difficult>0</difficult>
		<bndbox>
			<xmin>171.2</xmin>
			<ymin>616.4</ymin>
			<xmax>203.2</xmax>
			<ymax>648.4</ymax>
		</bndbox>
	</object>
	<object>
		<name>b7</name>
		<pose>Unspecified</pose>
		<truncated>0</truncated>
		<difficult>0</difficult>
		<bndbox>
			<xmin>118.4</xmin>
			<ymin>628.4</ymin>
			<xmax>150.4</xmax>
			<ymax>660.4</ymax>
		</bndbox>
	</object>
	<object>
		<name>b7</name>
		<pose>Unspecified</pose>
		<truncated>0</truncated>
		<difficult>0</difficult>
		<bndbox>
			<xmin>150.8</xmin>
			<ymin>626</ymin>
			<xmax>182.8</xmax>
			<ymax>658</ymax>
		</bndbox>
	</object>
	<object>
		<name>b6</name>
		<pose>Unspecified</pose>
		<truncated>0</truncated>
		<difficult>0</difficult>
		<bndbox>
			<xmin>176</xmin>
			<ymin>621.2</ymin>
			<xmax>208</xmax>
			<ymax>653.2</ymax>
		</bndbox>
	</object>
	<object>
		<name>b4</name>
		<pose>Unspecified</pose>
		<truncated>0</truncated>
		<difficult>0</difficult>
		<bndbox>
			<xmin>156.8</xmin>
			<ymin>632</ymin>
			<xmax>188.8</xmax>
			<ymax>664</ymax>
		</bndbox>
	</object>
	<object>
		<name>b5</name>
		<pose>Unspecified</pose>
		<truncated>0</truncated>
		<difficult>0</difficult>
		<bndbox>
			<xmin>171.2</xmin>
			<ymin>616.16</ymin>
			<xmax>203.2</xmax>
			<ymax>648.16</ymax>
		</bndbox>
	</object>
	<object>
		<name>b8</name>
		<pose>Unspecified</pose>
		<truncated>0</truncated>
		<difficult>0</difficult>
		<bndbox>
			<xmin>45.92</xmin>
			<ymin>623.36</ymin>
			<xmax>77.92</xmax>
			<ymax>655.36</ymax>
		</bndbox>
	</object>
	<object>
		<name>b6</name>
		<pose>Unspecified</pose>
		<truncated>0</truncated>
		<difficult>0</difficult>
		<bndbox>
			<xmin>161.12</xmin>
			<ymin>621.92</ymin>
			<xmax>193.12</xmax>
			<ymax>653.92</ymax>
		</bndbox>
	</object>
	<object>
		<name>b9</name>
		<pose>Unspecified</pose>
		<truncated>0</truncated>
		<difficult>0</difficult>
		<bndbox>
			<xmin>296.48</xmin>
			<ymin>636.32</ymin>
			<xmax>328.48</xmax>
			<ymax>668.32</ymax>
		</bndbox>
	</object>
	<object>
		<name>b7</name>
		<pose>Unspecified</pose>
		<truncated>0</truncated>
		<difficult>0</difficult>
		<bndbox>
			<xmin>117.92</xmin>
			<ymin>627.68</ymin>
			<xmax>149.92</xmax>
			<ymax>659.68</ymax>
		</bndbox>
	</object>
	<object>
		<name>b7</name>
		<pose>Unspecified</pose>
		<truncated>0</truncated>
		<difficult>0</difficult>
		<bndbox>
			<xmin>43.04</xmin>
			<ymin>632</ymin>
			<xmax>75.04</xmax>
			<ymax>664</ymax>
		</bndbox>
	</object>
	<object>
		<name>b7</name>
		<pose>Unspecified</pose>
		<truncated>0</truncated>
		<difficult>0</difficult>
		<bndbox>
			<xmin>115.328</xmin>
			<ymin>612.992</ymin>
			<xmax>147.328</xmax>
			<ymax>644.992</ymax>
		</bndbox>
	</object>
	<object>
		<name>b10</name>
		<pose>Unspecified</pose>
		<truncated>0</truncated>
		<difficult>0</difficult>
		<bndbox>
			<xmin>217.28</xmin>
			<ymin>612.992</ymin>
			<xmax>249.28</xmax>
			<ymax>644.992</ymax>
		</bndbox>
	</object>
	<object>
		<name>b8</name>
		<pose>Unspecified</pose>
		<truncated>0</truncated>
		<difficult>0</difficult>
		<bndbox>
			<xmin>46.208</xmin>
			<ymin>623.36</ymin>
			<xmax>78.208</xmax>
			<ymax>655.36</ymax>
		</bndbox>
	</object>
	<object>
		<name>b5</name>
		<pose>Unspecified</pose>
		<truncated>0</truncated>
		<difficult>0</difficult>
		<bndbox>
			<xmin>170.624</xmin>
			<ymin>616.448</ymin>
			<xmax>202.624</xmax>
			<ymax>648.448</ymax>
		</bndbox>
	</object>
	<object>
		<name>b7</name>
		<pose>Unspecified</pose>
		<truncated>0</truncated>
		<difficult>0</difficult>
		<bndbox>
			<xmin>149.888</xmin>
			<ymin>626.816</ymin>
			<xmax>181.888</xmax>
			<ymax>658.816</ymax>
		</bndbox>
	</object>
	<object>
		<name>b8</name>
		<pose>Unspecified</pose>
		<truncated>0</truncated>
		<difficult>0</difficult>
		<bndbox>
			<xmin>117.056</xmin>
			<ymin>640.64</ymin>
			<xmax>149.056</xmax>
			<ymax>672.64</ymax>
		</bndbox>
	</object>
	<object>
		<name>b8</name>
		<pose>Unspecified</pose>
		<truncated>0</truncated>
		<difficult>0</difficult>
		<bndbox>
			<xmin>120.512</xmin>
			<ymin>635.456</ymin>
			<xmax>152.512</xmax>
			<ymax>667.456</ymax>
		</bndbox>
	</object>
	<object>
		<name>b8</name>
		<pose>Unspecified</pose>
		<truncated>0</truncated>
		<difficult>0</difficult>
		<bndbox>
			<xmin>118.784</xmin>
			<ymin>639.258</ymin>
			<xmax>150.784</xmax>
			<ymax>671.258</ymax>
		</bndbox>
	</object>
	<object>
		<name>b6</name>
		<pose>Unspecified</pose>
		<truncated>0</truncated>
		<difficult>0</difficult>
		<bndbox>
			<xmin>170.624</xmin>
			<ymin>620.595</ymin>
			<xmax>202.624</xmax>
			<ymax>652.595</ymax>
		</bndbox>
	</object>
	<object>
		<name>b9</name>
		<pose>Unspecified</pose>
		<truncated>0</truncated>
		<difficult>0</difficult>
		<bndbox>
			<xmin>66.944</xmin>
			<ymin>630.963</ymin>
			<xmax>98.944</xmax>
			<ymax>662.963</ymax>
		</bndbox>
	</object>
	<object>
		<name>b6</name>
		<pose>Unspecified</pose>
		<truncated>0</truncated>
		<difficult>0</difficult>
		<bndbox>
			<xmin>158.182</xmin>
			<ymin>623.498</ymin>
			<xmax>190.182</xmax>
			<ymax>655.498</ymax>
		</bndbox>
	</object>
	<object>
		<name>b5</name>
		<pose>Unspecified</pose>
		<truncated>0</truncated>
		<difficult>0</difficult>
		<bndbox>
			<xmin>158.182</xmin>
			<ymin>628.475</ymin>
			<xmax>190.182</xmax>
			<ymax>660.475</ymax>
		</bndbox>
	</object>
	<object>
		<name>b7</name>
		<pose>Unspecified</pose>
		<truncated>0</truncated>
		<difficult>0</difficult>
		<bndbox>
			<xmin>103.439</xmin>
			<ymin>637.931</ymin>
			<xmax>135.439</xmax>
			<ymax>669.931</ymax>
		</bndbox>
	</object>
	<object>
		<name>b8</name>
		<pose>Unspecified</pose>
		<truncated>0</truncated>
		<difficult>0</difficult>
		<bndbox>
			<xmin>500.575</xmin>
			<ymin>455.786</ymin>
			<xmax>532.575</xmax>
			<ymax>487.786</ymax>
		</bndbox>
	</object>
	<object>
		<name>b7</name>
		<pose>Unspecified</pose>
		<truncated>0</truncated>
		<difficult>0</difficult>
		<bndbox>
			<xmin>148.826</xmin>
			<ymin>628.973</ymin>
			<xmax>180.826</xmax>
			<ymax>660.973</ymax>
		</bndbox>
	</object>
	<object>
		<name>b5</name>
		<pose>Unspecified</pose>
		<truncated>0</truncated>
		<difficult>0</difficult>
		<bndbox>
			<xmin>155.993</xmin>
			<ymin>628.973</ymin>
			<xmax>187.993</xmax>
			<ymax>660.973</ymax>
		</bndbox>
	</object>
	<object>
		<name>b7</name>
		<pose>Unspecified</pose>
		<truncated>0</truncated>
		<difficult>0</difficult>
		<bndbox>
			<xmin>112.995</xmin>
			<ymin>632.556</ymin>
			<xmax>144.995</xmax>
			<ymax>664.556</ymax>
		</bndbox>
	</object>
</annotation>
