<annotation>
	<folder>VOC2007</folder>
	<filename>000359.jpg</filename>
	<source>
		<database>My Database</database>
		<annotation>VOC2007</annotation>
		<image>flickr</image>
		<flickrid>NULL</flickrid>
	</source>
	<owner>
		<flickrid>NULL</flickrid>
		<name>shaochunyan</name>
	</owner>
	<size>
		<width>720</width>
		<height>1280</height>
		<depth>3</depth>
	</size>
	<segmented>0</segmented>
	<object>
		<name>b4</name>
		<pose>Unspecified</pose>
		<truncated>0</truncated>
		<difficult>0</difficult>
		<bndbox>
			<xmin>460</xmin>
			<ymin>628</ymin>
			<xmax>492</xmax>
			<ymax>660</ymax>
		</bndbox>
	</object>
	<object>
		<name>b6</name>
		<pose>Unspecified</pose>
		<truncated>0</truncated>
		<difficult>0</difficult>
		<bndbox>
			<xmin>388</xmin>
			<ymin>627</ymin>
			<xmax>420</xmax>
			<ymax>659</ymax>
		</bndbox>
	</object>
	<object>
		<name>b4</name>
		<pose>Unspecified</pose>
		<truncated>0</truncated>
		<difficult>0</difficult>
		<bndbox>
			<xmin>470</xmin>
			<ymin>627</ymin>
			<xmax>502</xmax>
			<ymax>659</ymax>
		</bndbox>
	</object>
	<object>
		<name>b10</name>
		<pose>Unspecified</pose>
		<truncated>0</truncated>
		<difficult>0</difficult>
		<bndbox>
			<xmin>361</xmin>
			<ymin>615</ymin>
			<xmax>393</xmax>
			<ymax>647</ymax>
		</bndbox>
	</object>
	<object>
		<name>b9</name>
		<pose>Unspecified</pose>
		<truncated>0</truncated>
		<difficult>0</difficult>
		<bndbox>
			<xmin>168</xmin>
			<ymin>606</ymin>
			<xmax>200</xmax>
			<ymax>638</ymax>
		</bndbox>
	</object>
	<object>
		<name>b4</name>
		<pose>Unspecified</pose>
		<truncated>0</truncated>
		<difficult>0</difficult>
		<bndbox>
			<xmin>470</xmin>
			<ymin>624.8</ymin>
			<xmax>502</xmax>
			<ymax>656.8</ymax>
		</bndbox>
	</object>
	<object>
		<name>b8</name>
		<pose>Unspecified</pose>
		<truncated>0</truncated>
		<difficult>0</difficult>
		<bndbox>
			<xmin>256.4</xmin>
			<ymin>622.4</ymin>
			<xmax>288.4</xmax>
			<ymax>654.4</ymax>
		</bndbox>
	</object>
	<object>
		<name>b9</name>
		<pose>Unspecified</pose>
		<truncated>0</truncated>
		<difficult>0</difficult>
		<bndbox>
			<xmin>116</xmin>
			<ymin>431.6</ymin>
			<xmax>148</xmax>
			<ymax>463.6</ymax>
		</bndbox>
	</object>
	<object>
		<name>b10</name>
		<pose>Unspecified</pose>
		<truncated>0</truncated>
		<difficult>0</difficult>
		<bndbox>
			<xmin>197.6</xmin>
			<ymin>633.2</ymin>
			<xmax>229.6</xmax>
			<ymax>665.2</ymax>
		</bndbox>
	</object>
	<object>
		<name>b6</name>
		<pose>Unspecified</pose>
		<truncated>0</truncated>
		<difficult>0</difficult>
		<bndbox>
			<xmin>456.8</xmin>
			<ymin>566</ymin>
			<xmax>488.8</xmax>
			<ymax>598</ymax>
		</bndbox>
	</object>
	<object>
		<name>b8</name>
		<pose>Unspecified</pose>
		<truncated>0</truncated>
		<difficult>0</difficult>
		<bndbox>
			<xmin>256.16</xmin>
			<ymin>623.36</ymin>
			<xmax>288.16</xmax>
			<ymax>655.36</ymax>
		</bndbox>
	</object>
	<object>
		<name>b6</name>
		<pose>Unspecified</pose>
		<truncated>0</truncated>
		<difficult>0</difficult>
		<bndbox>
			<xmin>437.6</xmin>
			<ymin>630.56</ymin>
			<xmax>469.6</xmax>
			<ymax>662.56</ymax>
		</bndbox>
	</object>
	<object>
		<name>b9</name>
		<pose>Unspecified</pose>
		<truncated>0</truncated>
		<difficult>0</difficult>
		<bndbox>
			<xmin>164</xmin>
			<ymin>659.36</ymin>
			<xmax>196</xmax>
			<ymax>691.36</ymax>
		</bndbox>
	</object>
	<object>
		<name>b5</name>
		<pose>Unspecified</pose>
		<truncated>0</truncated>
		<difficult>0</difficult>
		<bndbox>
			<xmin>41.024</xmin>
			<ymin>611.264</ymin>
			<xmax>73.024</xmax>
			<ymax>643.264</ymax>
		</bndbox>
	</object>
	<object>
		<name>b6</name>
		<pose>Unspecified</pose>
		<truncated>0</truncated>
		<difficult>0</difficult>
		<bndbox>
			<xmin>243.2</xmin>
			<ymin>623.36</ymin>
			<xmax>275.2</xmax>
			<ymax>655.36</ymax>
		</bndbox>
	</object>
	<object>
		<name>b6</name>
		<pose>Unspecified</pose>
		<truncated>0</truncated>
		<difficult>0</difficult>
		<bndbox>
			<xmin>241.472</xmin>
			<ymin>618.176</ymin>
			<xmax>273.472</xmax>
			<ymax>650.176</ymax>
		</bndbox>
	</object>
	<object>
		<name>b9</name>
		<pose>Unspecified</pose>
		<truncated>0</truncated>
		<difficult>0</difficult>
		<bndbox>
			<xmin>338.586</xmin>
			<ymin>620.595</ymin>
			<xmax>370.586</xmax>
			<ymax>652.595</ymax>
		</bndbox>
	</object>
	<object>
		<name>b7</name>
		<pose>Unspecified</pose>
		<truncated>0</truncated>
		<difficult>0</difficult>
		<bndbox>
			<xmin>419.954</xmin>
			<ymin>557.309</ymin>
			<xmax>451.954</xmax>
			<ymax>589.309</ymax>
		</bndbox>
	</object>
	<object>
		<name>b7</name>
		<pose>Unspecified</pose>
		<truncated>0</truncated>
		<difficult>0</difficult>
		<bndbox>
			<xmin>183</xmin>
			<ymin>633</ymin>
			<xmax>215</xmax>
			<ymax>665</ymax>
		</bndbox>
	</object>
	<object>
		<name>b5</name>
		<pose>Unspecified</pose>
		<truncated>0</truncated>
		<difficult>0</difficult>
		<bndbox>
			<xmin>147</xmin>
			<ymin>568</ymin>
			<xmax>179</xmax>
			<ymax>600</ymax>
		</bndbox>
	</object>
	<object>
		<name>b9</name>
		<pose>Unspecified</pose>
		<truncated>0</truncated>
		<difficult>0</difficult>
		<bndbox>
			<xmin>117</xmin>
			<ymin>608</ymin>
			<xmax>149</xmax>
			<ymax>640</ymax>
		</bndbox>
	</object>
	<object>
		<name>b9</name>
		<pose>Unspecified</pose>
		<truncated>0</truncated>
		<difficult>0</difficult>
		<bndbox>
			<xmin>167.6</xmin>
			<ymin>580.4</ymin>
			<xmax>199.6</xmax>
			<ymax>612.4</ymax>
		</bndbox>
	</object>
	<object>
		<name>b9</name>
		<pose>Unspecified</pose>
		<truncated>0</truncated>
		<difficult>0</difficult>
		<bndbox>
			<xmin>46.4</xmin>
			<ymin>556.4</ymin>
			<xmax>78.4</xmax>
			<ymax>588.4</ymax>
		</bndbox>
	</object>
	<object>
		<name>b8</name>
		<pose>Unspecified</pose>
		<truncated>0</truncated>
		<difficult>0</difficult>
		<bndbox>
			<xmin>225.2</xmin>
			<ymin>608</ymin>
			<xmax>257.2</xmax>
			<ymax>640</ymax>
		</bndbox>
	</object>
	<object>
		<name>b9</name>
		<pose>Unspecified</pose>
		<truncated>0</truncated>
		<difficult>0</difficult>
		<bndbox>
			<xmin>99.2</xmin>
			<ymin>608</ymin>
			<xmax>131.2</xmax>
			<ymax>640</ymax>
		</bndbox>
	</object>
	<object>
		<name>b9</name>
		<pose>Unspecified</pose>
		<truncated>0</truncated>
		<difficult>0</difficult>
		<bndbox>
			<xmin>535.52</xmin>
			<ymin>499.52</ymin>
			<xmax>567.52</xmax>
			<ymax>531.52</ymax>
		</bndbox>
	</object>
	<object>
		<name>b8</name>
		<pose>Unspecified</pose>
		<truncated>0</truncated>
		<difficult>0</difficult>
		<bndbox>
			<xmin>469.28</xmin>
			<ymin>624.8</ymin>
			<xmax>501.28</xmax>
			<ymax>656.8</ymax>
		</bndbox>
	</object>
	<object>
		<name>b8</name>
		<pose>Unspecified</pose>
		<truncated>0</truncated>
		<difficult>0</difficult>
		<bndbox>
			<xmin>316.64</xmin>
			<ymin>619.04</ymin>
			<xmax>348.64</xmax>
			<ymax>651.04</ymax>
		</bndbox>
	</object>
	<object>
		<name>b10</name>
		<pose>Unspecified</pose>
		<truncated>0</truncated>
		<difficult>0</difficult>
		<bndbox>
			<xmin>368.48</xmin>
			<ymin>629.12</ymin>
			<xmax>400.48</xmax>
			<ymax>661.12</ymax>
		</bndbox>
	</object>
	<object>
		<name>b9</name>
		<pose>Unspecified</pose>
		<truncated>0</truncated>
		<difficult>0</difficult>
		<bndbox>
			<xmin>438.464</xmin>
			<ymin>549.056</ymin>
			<xmax>470.464</xmax>
			<ymax>581.056</ymax>
		</bndbox>
	</object>
	<object>
		<name>b8</name>
		<pose>Unspecified</pose>
		<truncated>0</truncated>
		<difficult>0</difficult>
		<bndbox>
			<xmin>92.864</xmin>
			<ymin>464.384</ymin>
			<xmax>124.864</xmax>
			<ymax>496.384</ymax>
		</bndbox>
	</object>
	<object>
		<name>b5</name>
		<pose>Unspecified</pose>
		<truncated>0</truncated>
		<difficult>0</difficult>
		<bndbox>
			<xmin>180.992</xmin>
			<ymin>633.728</ymin>
			<xmax>212.992</xmax>
			<ymax>665.728</ymax>
		</bndbox>
	</object>
	<object>
		<name>b7</name>
		<pose>Unspecified</pose>
		<truncated>0</truncated>
		<difficult>0</difficult>
		<bndbox>
			<xmin>145.741</xmin>
			<ymin>670.362</ymin>
			<xmax>177.741</xmax>
			<ymax>702.362</ymax>
		</bndbox>
	</object>
	<object>
		<name>b8</name>
		<pose>Unspecified</pose>
		<truncated>0</truncated>
		<difficult>0</difficult>
		<bndbox>
			<xmin>91.8272</xmin>
			<ymin>562.534</ymin>
			<xmax>123.827</xmax>
			<ymax>594.534</ymax>
		</bndbox>
	</object>
	<object>
		<name>b8</name>
		<pose>Unspecified</pose>
		<truncated>0</truncated>
		<difficult>0</difficult>
		<bndbox>
			<xmin>104.269</xmin>
			<ymin>564.608</ymin>
			<xmax>136.269</xmax>
			<ymax>596.608</ymax>
		</bndbox>
	</object>
	<object>
		<name>b8</name>
		<pose>Unspecified</pose>
		<truncated>0</truncated>
		<difficult>0</difficult>
		<bndbox>
			<xmin>313.702</xmin>
			<ymin>616.448</ymin>
			<xmax>345.702</xmax>
			<ymax>648.448</ymax>
		</bndbox>
	</object>
	<object>
		<name>b7</name>
		<pose>Unspecified</pose>
		<truncated>0</truncated>
		<difficult>0</difficult>
		<bndbox>
			<xmin>118.369</xmin>
			<ymin>471.711</ymin>
			<xmax>150.369</xmax>
			<ymax>503.711</ymax>
		</bndbox>
	</object>
	<object>
		<name>b9</name>
		<pose>Unspecified</pose>
		<truncated>0</truncated>
		<difficult>0</difficult>
		<bndbox>
			<xmin>165.647</xmin>
			<ymin>581.197</ymin>
			<xmax>197.647</xmax>
			<ymax>613.197</ymax>
		</bndbox>
	</object>
	<object>
		<name>b8</name>
		<pose>Unspecified</pose>
		<truncated>0</truncated>
		<difficult>0</difficult>
		<bndbox>
			<xmin>188.042</xmin>
			<ymin>621.01</ymin>
			<xmax>220.042</xmax>
			<ymax>653.01</ymax>
		</bndbox>
	</object>
	<object>
		<name>b7</name>
		<pose>Unspecified</pose>
		<truncated>0</truncated>
		<difficult>0</difficult>
		<bndbox>
			<xmin>145.243</xmin>
			<ymin>668.388</ymin>
			<xmax>177.243</xmax>
			<ymax>700.388</ymax>
		</bndbox>
	</object>
	<object>
		<name>b8</name>
		<pose>Unspecified</pose>
		<truncated>0</truncated>
		<difficult>0</difficult>
		<bndbox>
			<xmin>120</xmin>
			<ymin>443</ymin>
			<xmax>152</xmax>
			<ymax>475</ymax>
		</bndbox>
	</object>
	<object>
		<name>b7</name>
		<pose>Unspecified</pose>
		<truncated>0</truncated>
		<difficult>0</difficult>
		<bndbox>
			<xmin>146</xmin>
			<ymin>571</ymin>
			<xmax>178</xmax>
			<ymax>603</ymax>
		</bndbox>
	</object>
	<object>
		<name>b7</name>
		<pose>Unspecified</pose>
		<truncated>0</truncated>
		<difficult>0</difficult>
		<bndbox>
			<xmin>117</xmin>
			<ymin>608</ymin>
			<xmax>149</xmax>
			<ymax>640</ymax>
		</bndbox>
	</object>
	<object>
		<name>b10</name>
		<pose>Unspecified</pose>
		<truncated>0</truncated>
		<difficult>0</difficult>
		<bndbox>
			<xmin>158</xmin>
			<ymin>588.8</ymin>
			<xmax>190</xmax>
			<ymax>620.8</ymax>
		</bndbox>
	</object>
	<object>
		<name>b6</name>
		<pose>Unspecified</pose>
		<truncated>0</truncated>
		<difficult>0</difficult>
		<bndbox>
			<xmin>460.4</xmin>
			<ymin>627.2</ymin>
			<xmax>492.4</xmax>
			<ymax>659.2</ymax>
		</bndbox>
	</object>
	<object>
		<name>b8</name>
		<pose>Unspecified</pose>
		<truncated>0</truncated>
		<difficult>0</difficult>
		<bndbox>
			<xmin>119.36</xmin>
			<ymin>431.84</ymin>
			<xmax>151.36</xmax>
			<ymax>463.84</ymax>
		</bndbox>
	</object>
	<object>
		<name>b9</name>
		<pose>Unspecified</pose>
		<truncated>0</truncated>
		<difficult>0</difficult>
		<bndbox>
			<xmin>181.28</xmin>
			<ymin>633.44</ymin>
			<xmax>213.28</xmax>
			<ymax>665.44</ymax>
		</bndbox>
	</object>
	<object>
		<name>b6</name>
		<pose>Unspecified</pose>
		<truncated>0</truncated>
		<difficult>0</difficult>
		<bndbox>
			<xmin>469.28</xmin>
			<ymin>624.8</ymin>
			<xmax>501.28</xmax>
			<ymax>656.8</ymax>
		</bndbox>
	</object>
	<object>
		<name>b8</name>
		<pose>Unspecified</pose>
		<truncated>0</truncated>
		<difficult>0</difficult>
		<bndbox>
			<xmin>109.28</xmin>
			<ymin>607.52</ymin>
			<xmax>141.28</xmax>
			<ymax>639.52</ymax>
		</bndbox>
	</object>
	<object>
		<name>b8</name>
		<pose>Unspecified</pose>
		<truncated>0</truncated>
		<difficult>0</difficult>
		<bndbox>
			<xmin>305.12</xmin>
			<ymin>629.12</ymin>
			<xmax>337.12</xmax>
			<ymax>661.12</ymax>
		</bndbox>
	</object>
	<object>
		<name>b7</name>
		<pose>Unspecified</pose>
		<truncated>0</truncated>
		<difficult>0</difficult>
		<bndbox>
			<xmin>532.64</xmin>
			<ymin>499.52</ymin>
			<xmax>564.64</xmax>
			<ymax>531.52</ymax>
		</bndbox>
	</object>
	<object>
		<name>b8</name>
		<pose>Unspecified</pose>
		<truncated>0</truncated>
		<difficult>0</difficult>
		<bndbox>
			<xmin>260.48</xmin>
			<ymin>630.56</ymin>
			<xmax>292.48</xmax>
			<ymax>662.56</ymax>
		</bndbox>
	</object>
	<object>
		<name>b9</name>
		<pose>Unspecified</pose>
		<truncated>0</truncated>
		<difficult>0</difficult>
		<bndbox>
			<xmin>96.32</xmin>
			<ymin>568.064</ymin>
			<xmax>128.32</xmax>
			<ymax>600.064</ymax>
		</bndbox>
	</object>
	<object>
		<name>b7</name>
		<pose>Unspecified</pose>
		<truncated>0</truncated>
		<difficult>0</difficult>
		<bndbox>
			<xmin>243.2</xmin>
			<ymin>623.36</ymin>
			<xmax>275.2</xmax>
			<ymax>655.36</ymax>
		</bndbox>
	</object>
	<object>
		<name>b7</name>
		<pose>Unspecified</pose>
		<truncated>0</truncated>
		<difficult>0</difficult>
		<bndbox>
			<xmin>241.472</xmin>
			<ymin>618.176</ymin>
			<xmax>273.472</xmax>
			<ymax>650.176</ymax>
		</bndbox>
	</object>
	<object>
		<name>b7</name>
		<pose>Unspecified</pose>
		<truncated>0</truncated>
		<difficult>0</difficult>
		<bndbox>
			<xmin>266.01</xmin>
			<ymin>616.448</ymin>
			<xmax>298.01</xmax>
			<ymax>648.448</ymax>
		</bndbox>
	</object>
	<object>
		<name>b8</name>
		<pose>Unspecified</pose>
		<truncated>0</truncated>
		<difficult>0</difficult>
		<bndbox>
			<xmin>423.603</xmin>
			<ymin>560.461</ymin>
			<xmax>455.603</xmax>
			<ymax>592.461</ymax>
		</bndbox>
	</object>
	<object>
		<name>b9</name>
		<pose>Unspecified</pose>
		<truncated>0</truncated>
		<difficult>0</difficult>
		<bndbox>
			<xmin>188.042</xmin>
			<ymin>616.033</ymin>
			<xmax>220.042</xmax>
			<ymax>648.033</ymax>
		</bndbox>
	</object>
	<object>
		<name>b9</name>
		<pose>Unspecified</pose>
		<truncated>0</truncated>
		<difficult>0</difficult>
		<bndbox>
			<xmin>200.484</xmin>
			<ymin>630.963</ymin>
			<xmax>232.484</xmax>
			<ymax>662.963</ymax>
		</bndbox>
	</object>
	<object>
		<name>b7</name>
		<pose>Unspecified</pose>
		<truncated>0</truncated>
		<difficult>0</difficult>
		<bndbox>
			<xmin>533.919</xmin>
			<ymin>499.082</ymin>
			<xmax>565.919</xmax>
			<ymax>531.082</ymax>
		</bndbox>
	</object>
	<object>
		<name>b8</name>
		<pose>Unspecified</pose>
		<truncated>0</truncated>
		<difficult>0</difficult>
		<bndbox>
			<xmin>409.503</xmin>
			<ymin>608.568</ymin>
			<xmax>441.503</xmax>
			<ymax>640.568</ymax>
		</bndbox>
	</object>
	<object>
		<name>b9</name>
		<pose>Unspecified</pose>
		<truncated>0</truncated>
		<difficult>0</difficult>
		<bndbox>
			<xmin>347.295</xmin>
			<ymin>625.987</ymin>
			<xmax>379.295</xmax>
			<ymax>657.987</ymax>
		</bndbox>
	</object>
	<object>
		<name>b9</name>
		<pose>Unspecified</pose>
		<truncated>0</truncated>
		<difficult>0</difficult>
		<bndbox>
			<xmin>440.856</xmin>
			<ymin>542.379</ymin>
			<xmax>472.856</xmax>
			<ymax>574.379</ymax>
		</bndbox>
	</object>
	<object>
		<name>b6</name>
		<pose>Unspecified</pose>
		<truncated>0</truncated>
		<difficult>0</difficult>
		<bndbox>
			<xmin>252.739</xmin>
			<ymin>623.001</ymin>
			<xmax>284.739</xmax>
			<ymax>655.001</ymax>
		</bndbox>
	</object>
	<object>
		<name>b8</name>
		<pose>Unspecified</pose>
		<truncated>0</truncated>
		<difficult>0</difficult>
		<bndbox>
			<xmin>270.655</xmin>
			<ymin>611.057</ymin>
			<xmax>302.655</xmax>
			<ymax>643.057</ymax>
		</bndbox>
	</object>
</annotation>
