<annotation>
	<folder>VOC2007</folder>
	<filename>000357.jpg</filename>
	<source>
		<database>My Database</database>
		<annotation>VOC2007</annotation>
		<image>flickr</image>
		<flickrid>NULL</flickrid>
	</source>
	<owner>
		<flickrid>NULL</flickrid>
		<name>shaochunyan</name>
	</owner>
	<size>
		<width>720</width>
		<height>1280</height>
		<depth>3</depth>
	</size>
	<segmented>0</segmented>
	<object>
		<name>g1</name>
		<pose>Unspecified</pose>
		<truncated>0</truncated>
		<difficult>0</difficult>
		<bndbox>
			<xmin>547</xmin>
			<ymin>552</ymin>
			<xmax>579</xmax>
			<ymax>584</ymax>
		</bndbox>
	</object>
	<object>
		<name>b6</name>
		<pose>Unspecified</pose>
		<truncated>0</truncated>
		<difficult>0</difficult>
		<bndbox>
			<xmin>645</xmin>
			<ymin>601</ymin>
			<xmax>677</xmax>
			<ymax>633</ymax>
		</bndbox>
	</object>
	<object>
		<name>b5</name>
		<pose>Unspecified</pose>
		<truncated>0</truncated>
		<difficult>0</difficult>
		<bndbox>
			<xmin>76.4</xmin>
			<ymin>629.6</ymin>
			<xmax>108.4</xmax>
			<ymax>661.6</ymax>
		</bndbox>
	</object>
	<object>
		<name>b4</name>
		<pose>Unspecified</pose>
		<truncated>0</truncated>
		<difficult>0</difficult>
		<bndbox>
			<xmin>180.8</xmin>
			<ymin>611.6</ymin>
			<xmax>212.8</xmax>
			<ymax>643.6</ymax>
		</bndbox>
	</object>
	<object>
		<name>b4</name>
		<pose>Unspecified</pose>
		<truncated>0</truncated>
		<difficult>0</difficult>
		<bndbox>
			<xmin>634.4</xmin>
			<ymin>621.2</ymin>
			<xmax>666.4</xmax>
			<ymax>653.2</ymax>
		</bndbox>
	</object>
	<object>
		<name>b5</name>
		<pose>Unspecified</pose>
		<truncated>0</truncated>
		<difficult>0</difficult>
		<bndbox>
			<xmin>646.4</xmin>
			<ymin>600.32</ymin>
			<xmax>678.4</xmax>
			<ymax>632.32</ymax>
		</bndbox>
	</object>
	<object>
		<name>b7</name>
		<pose>Unspecified</pose>
		<truncated>0</truncated>
		<difficult>0</difficult>
		<bndbox>
			<xmin>596</xmin>
			<ymin>584.48</ymin>
			<xmax>628</xmax>
			<ymax>616.48</ymax>
		</bndbox>
	</object>
	<object>
		<name>b4</name>
		<pose>Unspecified</pose>
		<truncated>0</truncated>
		<difficult>0</difficult>
		<bndbox>
			<xmin>201.728</xmin>
			<ymin>611.264</ymin>
			<xmax>233.728</xmax>
			<ymax>643.264</ymax>
		</bndbox>
	</object>
	<object>
		<name>g10</name>
		<pose>Unspecified</pose>
		<truncated>0</truncated>
		<difficult>0</difficult>
		<bndbox>
			<xmin>284.672</xmin>
			<ymin>604.352</ymin>
			<xmax>316.672</xmax>
			<ymax>636.352</ymax>
		</bndbox>
	</object>
	<object>
		<name>b7</name>
		<pose>Unspecified</pose>
		<truncated>0</truncated>
		<difficult>0</difficult>
		<bndbox>
			<xmin>375.91</xmin>
			<ymin>558.387</ymin>
			<xmax>407.91</xmax>
			<ymax>590.387</ymax>
		</bndbox>
	</object>
	<object>
		<name>g4</name>
		<pose>Unspecified</pose>
		<truncated>0</truncated>
		<difficult>0</difficult>
		<bndbox>
			<xmin>407.014</xmin>
			<ymin>613.545</ymin>
			<xmax>439.014</xmax>
			<ymax>645.545</ymax>
		</bndbox>
	</object>
	<object>
		<name>g10</name>
		<pose>Unspecified</pose>
		<truncated>0</truncated>
		<difficult>0</difficult>
		<bndbox>
			<xmin>410.399</xmin>
			<ymin>611.057</ymin>
			<xmax>442.399</xmax>
			<ymax>643.057</ymax>
		</bndbox>
	</object>
	<object>
		<name>b6</name>
		<pose>Unspecified</pose>
		<truncated>0</truncated>
		<difficult>0</difficult>
		<bndbox>
			<xmin>541</xmin>
			<ymin>599</ymin>
			<xmax>573</xmax>
			<ymax>631</ymax>
		</bndbox>
	</object>
	<object>
		<name>b4</name>
		<pose>Unspecified</pose>
		<truncated>0</truncated>
		<difficult>0</difficult>
		<bndbox>
			<xmin>449.6</xmin>
			<ymin>604.4</ymin>
			<xmax>481.6</xmax>
			<ymax>636.4</ymax>
		</bndbox>
	</object>
	<object>
		<name>g10</name>
		<pose>Unspecified</pose>
		<truncated>0</truncated>
		<difficult>0</difficult>
		<bndbox>
			<xmin>567.2</xmin>
			<ymin>567.2</ymin>
			<xmax>599.2</xmax>
			<ymax>599.2</ymax>
		</bndbox>
	</object>
	<object>
		<name>b4</name>
		<pose>Unspecified</pose>
		<truncated>0</truncated>
		<difficult>0</difficult>
		<bndbox>
			<xmin>449.12</xmin>
			<ymin>604.64</ymin>
			<xmax>481.12</xmax>
			<ymax>636.64</ymax>
		</bndbox>
	</object>
	<object>
		<name>b5</name>
		<pose>Unspecified</pose>
		<truncated>0</truncated>
		<difficult>0</difficult>
		<bndbox>
			<xmin>76.16</xmin>
			<ymin>629.12</ymin>
			<xmax>108.16</xmax>
			<ymax>661.12</ymax>
		</bndbox>
	</object>
	<object>
		<name>b6</name>
		<pose>Unspecified</pose>
		<truncated>0</truncated>
		<difficult>0</difficult>
		<bndbox>
			<xmin>385.76</xmin>
			<ymin>456.32</ymin>
			<xmax>417.76</xmax>
			<ymax>488.32</ymax>
		</bndbox>
	</object>
	<object>
		<name>b3</name>
		<pose>Unspecified</pose>
		<truncated>0</truncated>
		<difficult>0</difficult>
		<bndbox>
			<xmin>460.928</xmin>
			<ymin>606.08</ymin>
			<xmax>492.928</xmax>
			<ymax>638.08</ymax>
		</bndbox>
	</object>
	<object>
		<name>b6</name>
		<pose>Unspecified</pose>
		<truncated>0</truncated>
		<difficult>0</difficult>
		<bndbox>
			<xmin>44.48</xmin>
			<ymin>626.816</ymin>
			<xmax>76.48</xmax>
			<ymax>658.816</ymax>
		</bndbox>
	</object>
	<object>
		<name>g1</name>
		<pose>Unspecified</pose>
		<truncated>0</truncated>
		<difficult>0</difficult>
		<bndbox>
			<xmin>490.304</xmin>
			<ymin>623.36</ymin>
			<xmax>522.304</xmax>
			<ymax>655.36</ymax>
		</bndbox>
	</object>
	<object>
		<name>b4</name>
		<pose>Unspecified</pose>
		<truncated>0</truncated>
		<difficult>0</difficult>
		<bndbox>
			<xmin>176.845</xmin>
			<ymin>630.963</ymin>
			<xmax>208.845</xmax>
			<ymax>662.963</ymax>
		</bndbox>
	</object>
	<object>
		<name>g10</name>
		<pose>Unspecified</pose>
		<truncated>0</truncated>
		<difficult>0</difficult>
		<bndbox>
			<xmin>407.014</xmin>
			<ymin>613.545</ymin>
			<xmax>439.014</xmax>
			<ymax>645.545</ymax>
		</bndbox>
	</object>
	<object>
		<name>g10</name>
		<pose>Unspecified</pose>
		<truncated>0</truncated>
		<difficult>0</difficult>
		<bndbox>
			<xmin>410.399</xmin>
			<ymin>611.057</ymin>
			<xmax>442.399</xmax>
			<ymax>643.057</ymax>
		</bndbox>
	</object>
	<object>
		<name>g1</name>
		<pose>Unspecified</pose>
		<truncated>0</truncated>
		<difficult>0</difficult>
		<bndbox>
			<xmin>399.649</xmin>
			<ymin>628.973</ymin>
			<xmax>431.649</xmax>
			<ymax>660.973</ymax>
		</bndbox>
	</object>
	<object>
		<name>g1</name>
		<pose>Unspecified</pose>
		<truncated>0</truncated>
		<difficult>0</difficult>
		<bndbox>
			<xmin>347</xmin>
			<ymin>605</ymin>
			<xmax>379</xmax>
			<ymax>637</ymax>
		</bndbox>
	</object>
	<object>
		<name>b6</name>
		<pose>Unspecified</pose>
		<truncated>0</truncated>
		<difficult>0</difficult>
		<bndbox>
			<xmin>392</xmin>
			<ymin>731</ymin>
			<xmax>424</xmax>
			<ymax>763</ymax>
		</bndbox>
	</object>
	<object>
		<name>b6</name>
		<pose>Unspecified</pose>
		<truncated>0</truncated>
		<difficult>0</difficult>
		<bndbox>
			<xmin>617</xmin>
			<ymin>427</ymin>
			<xmax>649</xmax>
			<ymax>459</ymax>
		</bndbox>
	</object>
	<object>
		<name>g10</name>
		<pose>Unspecified</pose>
		<truncated>0</truncated>
		<difficult>0</difficult>
		<bndbox>
			<xmin>566</xmin>
			<ymin>602</ymin>
			<xmax>598</xmax>
			<ymax>634</ymax>
		</bndbox>
	</object>
	<object>
		<name>b4</name>
		<pose>Unspecified</pose>
		<truncated>0</truncated>
		<difficult>0</difficult>
		<bndbox>
			<xmin>576.8</xmin>
			<ymin>430.4</ymin>
			<xmax>608.8</xmax>
			<ymax>462.4</ymax>
		</bndbox>
	</object>
	<object>
		<name>b4</name>
		<pose>Unspecified</pose>
		<truncated>0</truncated>
		<difficult>0</difficult>
		<bndbox>
			<xmin>399.2</xmin>
			<ymin>630.8</ymin>
			<xmax>431.2</xmax>
			<ymax>662.8</ymax>
		</bndbox>
	</object>
	<object>
		<name>g1</name>
		<pose>Unspecified</pose>
		<truncated>0</truncated>
		<difficult>0</difficult>
		<bndbox>
			<xmin>348.32</xmin>
			<ymin>608.96</ymin>
			<xmax>380.32</xmax>
			<ymax>640.96</ymax>
		</bndbox>
	</object>
	<object>
		<name>g10</name>
		<pose>Unspecified</pose>
		<truncated>0</truncated>
		<difficult>0</difficult>
		<bndbox>
			<xmin>74.72</xmin>
			<ymin>587.36</ymin>
			<xmax>106.72</xmax>
			<ymax>619.36</ymax>
		</bndbox>
	</object>
	<object>
		<name>b4</name>
		<pose>Unspecified</pose>
		<truncated>0</truncated>
		<difficult>0</difficult>
		<bndbox>
			<xmin>176.96</xmin>
			<ymin>632</ymin>
			<xmax>208.96</xmax>
			<ymax>664</ymax>
		</bndbox>
	</object>
	<object>
		<name>g1</name>
		<pose>Unspecified</pose>
		<truncated>0</truncated>
		<difficult>0</difficult>
		<bndbox>
			<xmin>377.984</xmin>
			<ymin>557.696</ymin>
			<xmax>409.984</xmax>
			<ymax>589.696</ymax>
		</bndbox>
	</object>
	<object>
		<name>b7</name>
		<pose>Unspecified</pose>
		<truncated>0</truncated>
		<difficult>0</difficult>
		<bndbox>
			<xmin>393.536</xmin>
			<ymin>454.016</ymin>
			<xmax>425.536</xmax>
			<ymax>486.016</ymax>
		</bndbox>
	</object>
	<object>
		<name>g1</name>
		<pose>Unspecified</pose>
		<truncated>0</truncated>
		<difficult>0</difficult>
		<bndbox>
			<xmin>369.69</xmin>
			<ymin>554.24</ymin>
			<xmax>401.69</xmax>
			<ymax>586.24</ymax>
		</bndbox>
	</object>
	<object>
		<name>b4</name>
		<pose>Unspecified</pose>
		<truncated>0</truncated>
		<difficult>0</difficult>
		<bndbox>
			<xmin>200.484</xmin>
			<ymin>611.057</ymin>
			<xmax>232.484</xmax>
			<ymax>643.057</ymax>
		</bndbox>
	</object>
	<object>
		<name>g10</name>
		<pose>Unspecified</pose>
		<truncated>0</truncated>
		<difficult>0</difficult>
		<bndbox>
			<xmin>76.5655</xmin>
			<ymin>587.169</ymin>
			<xmax>108.566</xmax>
			<ymax>619.169</ymax>
		</bndbox>
	</object>
	<object>
		<name>g1</name>
		<pose>Unspecified</pose>
		<truncated>0</truncated>
		<difficult>0</difficult>
		<bndbox>
			<xmin>374.567</xmin>
			<ymin>557.309</ymin>
			<xmax>406.567</xmax>
			<ymax>589.309</ymax>
		</bndbox>
	</object>
</annotation>
