<annotation>
	<folder>VOC2007</folder>
	<filename>000387.jpg</filename>
	<source>
		<database>My Database</database>
		<annotation>VOC2007</annotation>
		<image>flickr</image>
		<flickrid>NULL</flickrid>
	</source>
	<owner>
		<flickrid>NULL</flickrid>
		<name>shaochunyan</name>
	</owner>
	<size>
		<width>720</width>
		<height>1280</height>
		<depth>3</depth>
	</size>
	<segmented>0</segmented>
	<object>
		<name>b10</name>
		<pose>Unspecified</pose>
		<truncated>0</truncated>
		<difficult>0</difficult>
		<bndbox>
			<xmin>471</xmin>
			<ymin>240</ymin>
			<xmax>503</xmax>
			<ymax>272</ymax>
		</bndbox>
	</object>
	<object>
		<name>b5</name>
		<pose>Unspecified</pose>
		<truncated>0</truncated>
		<difficult>0</difficult>
		<bndbox>
			<xmin>374</xmin>
			<ymin>511</ymin>
			<xmax>406</xmax>
			<ymax>543</ymax>
		</bndbox>
	</object>
	<object>
		<name>b9</name>
		<pose>Unspecified</pose>
		<truncated>0</truncated>
		<difficult>0</difficult>
		<bndbox>
			<xmin>104</xmin>
			<ymin>453.2</ymin>
			<xmax>136</xmax>
			<ymax>485.2</ymax>
		</bndbox>
	</object>
	<object>
		<name>b9</name>
		<pose>Unspecified</pose>
		<truncated>0</truncated>
		<difficult>0</difficult>
		<bndbox>
			<xmin>130.88</xmin>
			<ymin>476.48</ymin>
			<xmax>162.88</xmax>
			<ymax>508.48</ymax>
		</bndbox>
	</object>
	<object>
		<name>b10</name>
		<pose>Unspecified</pose>
		<truncated>0</truncated>
		<difficult>0</difficult>
		<bndbox>
			<xmin>151.04</xmin>
			<ymin>506.72</ymin>
			<xmax>183.04</xmax>
			<ymax>538.72</ymax>
		</bndbox>
	</object>
	<object>
		<name>b9</name>
		<pose>Unspecified</pose>
		<truncated>0</truncated>
		<difficult>0</difficult>
		<bndbox>
			<xmin>96.32</xmin>
			<ymin>446.24</ymin>
			<xmax>128.32</xmax>
			<ymax>478.24</ymax>
		</bndbox>
	</object>
	<object>
		<name>b8</name>
		<pose>Unspecified</pose>
		<truncated>0</truncated>
		<difficult>0</difficult>
		<bndbox>
			<xmin>106.688</xmin>
			<ymin>466.112</ymin>
			<xmax>138.688</xmax>
			<ymax>498.112</ymax>
		</bndbox>
	</object>
	<object>
		<name>b9</name>
		<pose>Unspecified</pose>
		<truncated>0</truncated>
		<difficult>0</difficult>
		<bndbox>
			<xmin>63.488</xmin>
			<ymin>447.104</ymin>
			<xmax>95.488</xmax>
			<ymax>479.104</ymax>
		</bndbox>
	</object>
	<object>
		<name>b9</name>
		<pose>Unspecified</pose>
		<truncated>0</truncated>
		<difficult>0</difficult>
		<bndbox>
			<xmin>134.336</xmin>
			<ymin>476.48</ymin>
			<xmax>166.336</xmax>
			<ymax>508.48</ymax>
		</bndbox>
	</object>
	<object>
		<name>b5</name>
		<pose>Unspecified</pose>
		<truncated>0</truncated>
		<difficult>0</difficult>
		<bndbox>
			<xmin>371.072</xmin>
			<ymin>511.04</ymin>
			<xmax>403.072</xmax>
			<ymax>543.04</ymax>
		</bndbox>
	</object>
	<object>
		<name>b8</name>
		<pose>Unspecified</pose>
		<truncated>0</truncated>
		<difficult>0</difficult>
		<bndbox>
			<xmin>129.152</xmin>
			<ymin>440.192</ymin>
			<xmax>161.152</xmax>
			<ymax>472.192</ymax>
		</bndbox>
	</object>
	<object>
		<name>b8</name>
		<pose>Unspecified</pose>
		<truncated>0</truncated>
		<difficult>0</difficult>
		<bndbox>
			<xmin>106.342</xmin>
			<ymin>465.075</ymin>
			<xmax>138.342</xmax>
			<ymax>497.075</ymax>
		</bndbox>
	</object>
	<object>
		<name>b10</name>
		<pose>Unspecified</pose>
		<truncated>0</truncated>
		<difficult>0</difficult>
		<bndbox>
			<xmin>253.568</xmin>
			<ymin>506.547</ymin>
			<xmax>285.568</xmax>
			<ymax>538.547</ymax>
		</bndbox>
	</object>
	<object>
		<name>b9</name>
		<pose>Unspecified</pose>
		<truncated>0</truncated>
		<difficult>0</difficult>
		<bndbox>
			<xmin>168.55</xmin>
			<ymin>452.634</ymin>
			<xmax>200.55</xmax>
			<ymax>484.634</ymax>
		</bndbox>
	</object>
	<object>
		<name>b9</name>
		<pose>Unspecified</pose>
		<truncated>0</truncated>
		<difficult>0</difficult>
		<bndbox>
			<xmin>60.7232</xmin>
			<ymin>456.781</ymin>
			<xmax>92.7232</xmax>
			<ymax>488.781</ymax>
		</bndbox>
	</object>
	<object>
		<name>b9</name>
		<pose>Unspecified</pose>
		<truncated>0</truncated>
		<difficult>0</difficult>
		<bndbox>
			<xmin>160.256</xmin>
			<ymin>458.854</ymin>
			<xmax>192.256</xmax>
			<ymax>490.854</ymax>
		</bndbox>
	</object>
	<object>
		<name>b9</name>
		<pose>Unspecified</pose>
		<truncated>0</truncated>
		<difficult>0</difficult>
		<bndbox>
			<xmin>206.157</xmin>
			<ymin>482.062</ymin>
			<xmax>238.157</xmax>
			<ymax>514.062</ymax>
		</bndbox>
	</object>
	<object>
		<name>b8</name>
		<pose>Unspecified</pose>
		<truncated>0</truncated>
		<difficult>0</difficult>
		<bndbox>
			<xmin>134.494</xmin>
			<ymin>439.064</ymin>
			<xmax>166.494</xmax>
			<ymax>471.064</ymax>
		</bndbox>
	</object>
	<object>
		<name>b7</name>
		<pose>Unspecified</pose>
		<truncated>0</truncated>
		<difficult>0</difficult>
		<bndbox>
			<xmin>104</xmin>
			<ymin>460</ymin>
			<xmax>136</xmax>
			<ymax>492</ymax>
		</bndbox>
	</object>
	<object>
		<name>b9</name>
		<pose>Unspecified</pose>
		<truncated>0</truncated>
		<difficult>0</difficult>
		<bndbox>
			<xmin>489</xmin>
			<ymin>549</ymin>
			<xmax>521</xmax>
			<ymax>581</ymax>
		</bndbox>
	</object>
	<object>
		<name>b8</name>
		<pose>Unspecified</pose>
		<truncated>0</truncated>
		<difficult>0</difficult>
		<bndbox>
			<xmin>156</xmin>
			<ymin>507</ymin>
			<xmax>188</xmax>
			<ymax>539</ymax>
		</bndbox>
	</object>
	<object>
		<name>b8</name>
		<pose>Unspecified</pose>
		<truncated>0</truncated>
		<difficult>0</difficult>
		<bndbox>
			<xmin>140</xmin>
			<ymin>507</ymin>
			<xmax>172</xmax>
			<ymax>539</ymax>
		</bndbox>
	</object>
	<object>
		<name>b9</name>
		<pose>Unspecified</pose>
		<truncated>0</truncated>
		<difficult>0</difficult>
		<bndbox>
			<xmin>62</xmin>
			<ymin>454.4</ymin>
			<xmax>94</xmax>
			<ymax>486.4</ymax>
		</bndbox>
	</object>
	<object>
		<name>b5</name>
		<pose>Unspecified</pose>
		<truncated>0</truncated>
		<difficult>0</difficult>
		<bndbox>
			<xmin>108.8</xmin>
			<ymin>466.4</ymin>
			<xmax>140.8</xmax>
			<ymax>498.4</ymax>
		</bndbox>
	</object>
	<object>
		<name>b8</name>
		<pose>Unspecified</pose>
		<truncated>0</truncated>
		<difficult>0</difficult>
		<bndbox>
			<xmin>135.2</xmin>
			<ymin>446</ymin>
			<xmax>167.2</xmax>
			<ymax>478</ymax>
		</bndbox>
	</object>
	<object>
		<name>b9</name>
		<pose>Unspecified</pose>
		<truncated>0</truncated>
		<difficult>0</difficult>
		<bndbox>
			<xmin>198.8</xmin>
			<ymin>489.2</ymin>
			<xmax>230.8</xmax>
			<ymax>521.2</ymax>
		</bndbox>
	</object>
	<object>
		<name>b6</name>
		<pose>Unspecified</pose>
		<truncated>0</truncated>
		<difficult>0</difficult>
		<bndbox>
			<xmin>111.2</xmin>
			<ymin>466.4</ymin>
			<xmax>143.2</xmax>
			<ymax>498.4</ymax>
		</bndbox>
	</object>
	<object>
		<name>b7</name>
		<pose>Unspecified</pose>
		<truncated>0</truncated>
		<difficult>0</difficult>
		<bndbox>
			<xmin>116</xmin>
			<ymin>466.4</ymin>
			<xmax>148</xmax>
			<ymax>498.4</ymax>
		</bndbox>
	</object>
	<object>
		<name>b8</name>
		<pose>Unspecified</pose>
		<truncated>0</truncated>
		<difficult>0</difficult>
		<bndbox>
			<xmin>130.88</xmin>
			<ymin>476.48</ymin>
			<xmax>162.88</xmax>
			<ymax>508.48</ymax>
		</bndbox>
	</object>
	<object>
		<name>b8</name>
		<pose>Unspecified</pose>
		<truncated>0</truncated>
		<difficult>0</difficult>
		<bndbox>
			<xmin>155.36</xmin>
			<ymin>506.72</ymin>
			<xmax>187.36</xmax>
			<ymax>538.72</ymax>
		</bndbox>
	</object>
	<object>
		<name>b9</name>
		<pose>Unspecified</pose>
		<truncated>0</truncated>
		<difficult>0</difficult>
		<bndbox>
			<xmin>273.44</xmin>
			<ymin>516.8</ymin>
			<xmax>305.44</xmax>
			<ymax>548.8</ymax>
		</bndbox>
	</object>
	<object>
		<name>b7</name>
		<pose>Unspecified</pose>
		<truncated>0</truncated>
		<difficult>0</difficult>
		<bndbox>
			<xmin>99.776</xmin>
			<ymin>454.016</ymin>
			<xmax>131.776</xmax>
			<ymax>486.016</ymax>
		</bndbox>
	</object>
	<object>
		<name>b9</name>
		<pose>Unspecified</pose>
		<truncated>0</truncated>
		<difficult>0</difficult>
		<bndbox>
			<xmin>486.848</xmin>
			<ymin>547.328</ymin>
			<xmax>518.848</xmax>
			<ymax>579.328</ymax>
		</bndbox>
	</object>
	<object>
		<name>b8</name>
		<pose>Unspecified</pose>
		<truncated>0</truncated>
		<difficult>0</difficult>
		<bndbox>
			<xmin>75.584</xmin>
			<ymin>445.376</ymin>
			<xmax>107.584</xmax>
			<ymax>477.376</ymax>
		</bndbox>
	</object>
	<object>
		<name>b9</name>
		<pose>Unspecified</pose>
		<truncated>0</truncated>
		<difficult>0</difficult>
		<bndbox>
			<xmin>134.336</xmin>
			<ymin>476.48</ymin>
			<xmax>166.336</xmax>
			<ymax>508.48</ymax>
		</bndbox>
	</object>
	<object>
		<name>b7</name>
		<pose>Unspecified</pose>
		<truncated>0</truncated>
		<difficult>0</difficult>
		<bndbox>
			<xmin>145.741</xmin>
			<ymin>434.386</ymin>
			<xmax>177.741</xmax>
			<ymax>466.386</ymax>
		</bndbox>
	</object>
	<object>
		<name>b5</name>
		<pose>Unspecified</pose>
		<truncated>0</truncated>
		<difficult>0</difficult>
		<bndbox>
			<xmin>105.928</xmin>
			<ymin>464.246</ymin>
			<xmax>137.928</xmax>
			<ymax>496.246</ymax>
		</bndbox>
	</object>
	<object>
		<name>b5</name>
		<pose>Unspecified</pose>
		<truncated>0</truncated>
		<difficult>0</difficult>
		<bndbox>
			<xmin>506.547</xmin>
			<ymin>225.367</ymin>
			<xmax>538.547</xmax>
			<ymax>257.367</ymax>
		</bndbox>
	</object>
	<object>
		<name>b7</name>
		<pose>Unspecified</pose>
		<truncated>0</truncated>
		<difficult>0</difficult>
		<bndbox>
			<xmin>150.717</xmin>
			<ymin>434.386</ymin>
			<xmax>182.717</xmax>
			<ymax>466.386</ymax>
		</bndbox>
	</object>
	<object>
		<name>b8</name>
		<pose>Unspecified</pose>
		<truncated>0</truncated>
		<difficult>0</difficult>
		<bndbox>
			<xmin>133.299</xmin>
			<ymin>494.603</ymin>
			<xmax>165.299</xmax>
			<ymax>526.603</ymax>
		</bndbox>
	</object>
	<object>
		<name>b5</name>
		<pose>Unspecified</pose>
		<truncated>0</truncated>
		<difficult>0</difficult>
		<bndbox>
			<xmin>506.547</xmin>
			<ymin>222.879</ymin>
			<xmax>538.547</xmax>
			<ymax>254.879</ymax>
		</bndbox>
	</object>
	<object>
		<name>b5</name>
		<pose>Unspecified</pose>
		<truncated>0</truncated>
		<difficult>0</difficult>
		<bndbox>
			<xmin>106.425</xmin>
			<ymin>464.744</ymin>
			<xmax>138.425</xmax>
			<ymax>496.744</ymax>
		</bndbox>
	</object>
	<object>
		<name>b9</name>
		<pose>Unspecified</pose>
		<truncated>0</truncated>
		<difficult>0</difficult>
		<bndbox>
			<xmin>98.6618</xmin>
			<ymin>439.064</ymin>
			<xmax>130.662</xmax>
			<ymax>471.064</ymax>
		</bndbox>
	</object>
	<object>
		<name>b6</name>
		<pose>Unspecified</pose>
		<truncated>0</truncated>
		<difficult>0</difficult>
		<bndbox>
			<xmin>104</xmin>
			<ymin>460</ymin>
			<xmax>136</xmax>
			<ymax>492</ymax>
		</bndbox>
	</object>
	<object>
		<name>b9</name>
		<pose>Unspecified</pose>
		<truncated>0</truncated>
		<difficult>0</difficult>
		<bndbox>
			<xmin>489</xmin>
			<ymin>549</ymin>
			<xmax>521</xmax>
			<ymax>581</ymax>
		</bndbox>
	</object>
	<object>
		<name>b8</name>
		<pose>Unspecified</pose>
		<truncated>0</truncated>
		<difficult>0</difficult>
		<bndbox>
			<xmin>130</xmin>
			<ymin>470</ymin>
			<xmax>162</xmax>
			<ymax>502</ymax>
		</bndbox>
	</object>
	<object>
		<name>b7</name>
		<pose>Unspecified</pose>
		<truncated>0</truncated>
		<difficult>0</difficult>
		<bndbox>
			<xmin>156</xmin>
			<ymin>507</ymin>
			<xmax>188</xmax>
			<ymax>539</ymax>
		</bndbox>
	</object>
	<object>
		<name>b7</name>
		<pose>Unspecified</pose>
		<truncated>0</truncated>
		<difficult>0</difficult>
		<bndbox>
			<xmin>140</xmin>
			<ymin>507</ymin>
			<xmax>172</xmax>
			<ymax>539</ymax>
		</bndbox>
	</object>
	<object>
		<name>b9</name>
		<pose>Unspecified</pose>
		<truncated>0</truncated>
		<difficult>0</difficult>
		<bndbox>
			<xmin>62</xmin>
			<ymin>454.4</ymin>
			<xmax>94</xmax>
			<ymax>486.4</ymax>
		</bndbox>
	</object>
	<object>
		<name>b5</name>
		<pose>Unspecified</pose>
		<truncated>0</truncated>
		<difficult>0</difficult>
		<bndbox>
			<xmin>108.8</xmin>
			<ymin>466.4</ymin>
			<xmax>140.8</xmax>
			<ymax>498.4</ymax>
		</bndbox>
	</object>
	<object>
		<name>b8</name>
		<pose>Unspecified</pose>
		<truncated>0</truncated>
		<difficult>0</difficult>
		<bndbox>
			<xmin>135.2</xmin>
			<ymin>446</ymin>
			<xmax>167.2</xmax>
			<ymax>478</ymax>
		</bndbox>
	</object>
	<object>
		<name>b9</name>
		<pose>Unspecified</pose>
		<truncated>0</truncated>
		<difficult>0</difficult>
		<bndbox>
			<xmin>198.8</xmin>
			<ymin>489.2</ymin>
			<xmax>230.8</xmax>
			<ymax>521.2</ymax>
		</bndbox>
	</object>
	<object>
		<name>b6</name>
		<pose>Unspecified</pose>
		<truncated>0</truncated>
		<difficult>0</difficult>
		<bndbox>
			<xmin>111.2</xmin>
			<ymin>466.4</ymin>
			<xmax>143.2</xmax>
			<ymax>498.4</ymax>
		</bndbox>
	</object>
	<object>
		<name>b7</name>
		<pose>Unspecified</pose>
		<truncated>0</truncated>
		<difficult>0</difficult>
		<bndbox>
			<xmin>154.4</xmin>
			<ymin>507.2</ymin>
			<xmax>186.4</xmax>
			<ymax>539.2</ymax>
		</bndbox>
	</object>
	<object>
		<name>b6</name>
		<pose>Unspecified</pose>
		<truncated>0</truncated>
		<difficult>0</difficult>
		<bndbox>
			<xmin>116</xmin>
			<ymin>466.4</ymin>
			<xmax>148</xmax>
			<ymax>498.4</ymax>
		</bndbox>
	</object>
	<object>
		<name>b8</name>
		<pose>Unspecified</pose>
		<truncated>0</truncated>
		<difficult>0</difficult>
		<bndbox>
			<xmin>130.88</xmin>
			<ymin>476.48</ymin>
			<xmax>162.88</xmax>
			<ymax>508.48</ymax>
		</bndbox>
	</object>
	<object>
		<name>b7</name>
		<pose>Unspecified</pose>
		<truncated>0</truncated>
		<difficult>0</difficult>
		<bndbox>
			<xmin>155.36</xmin>
			<ymin>506.72</ymin>
			<xmax>187.36</xmax>
			<ymax>538.72</ymax>
		</bndbox>
	</object>
	<object>
		<name>b9</name>
		<pose>Unspecified</pose>
		<truncated>0</truncated>
		<difficult>0</difficult>
		<bndbox>
			<xmin>273.44</xmin>
			<ymin>516.8</ymin>
			<xmax>305.44</xmax>
			<ymax>548.8</ymax>
		</bndbox>
	</object>
	<object>
		<name>b8</name>
		<pose>Unspecified</pose>
		<truncated>0</truncated>
		<difficult>0</difficult>
		<bndbox>
			<xmin>44.48</xmin>
			<ymin>462.08</ymin>
			<xmax>76.48</xmax>
			<ymax>494.08</ymax>
		</bndbox>
	</object>
	<object>
		<name>b6</name>
		<pose>Unspecified</pose>
		<truncated>0</truncated>
		<difficult>0</difficult>
		<bndbox>
			<xmin>99.776</xmin>
			<ymin>454.016</ymin>
			<xmax>131.776</xmax>
			<ymax>486.016</ymax>
		</bndbox>
	</object>
	<object>
		<name>b9</name>
		<pose>Unspecified</pose>
		<truncated>0</truncated>
		<difficult>0</difficult>
		<bndbox>
			<xmin>486.848</xmin>
			<ymin>547.328</ymin>
			<xmax>518.848</xmax>
			<ymax>579.328</ymax>
		</bndbox>
	</object>
	<object>
		<name>b8</name>
		<pose>Unspecified</pose>
		<truncated>0</truncated>
		<difficult>0</difficult>
		<bndbox>
			<xmin>75.584</xmin>
			<ymin>445.376</ymin>
			<xmax>107.584</xmax>
			<ymax>477.376</ymax>
		</bndbox>
	</object>
	<object>
		<name>b6</name>
		<pose>Unspecified</pose>
		<truncated>0</truncated>
		<difficult>0</difficult>
		<bndbox>
			<xmin>103.232</xmin>
			<ymin>460.928</ymin>
			<xmax>135.232</xmax>
			<ymax>492.928</ymax>
		</bndbox>
	</object>
	<object>
		<name>b8</name>
		<pose>Unspecified</pose>
		<truncated>0</truncated>
		<difficult>0</difficult>
		<bndbox>
			<xmin>134.336</xmin>
			<ymin>476.48</ymin>
			<xmax>166.336</xmax>
			<ymax>508.48</ymax>
		</bndbox>
	</object>
	<object>
		<name>b7</name>
		<pose>Unspecified</pose>
		<truncated>0</truncated>
		<difficult>0</difficult>
		<bndbox>
			<xmin>145.741</xmin>
			<ymin>434.386</ymin>
			<xmax>177.741</xmax>
			<ymax>466.386</ymax>
		</bndbox>
	</object>
	<object>
		<name>b5</name>
		<pose>Unspecified</pose>
		<truncated>0</truncated>
		<difficult>0</difficult>
		<bndbox>
			<xmin>105.928</xmin>
			<ymin>464.246</ymin>
			<xmax>137.928</xmax>
			<ymax>496.246</ymax>
		</bndbox>
	</object>
	<object>
		<name>b5</name>
		<pose>Unspecified</pose>
		<truncated>0</truncated>
		<difficult>0</difficult>
		<bndbox>
			<xmin>506.547</xmin>
			<ymin>225.367</ymin>
			<xmax>538.547</xmax>
			<ymax>257.367</ymax>
		</bndbox>
	</object>
	<object>
		<name>b7</name>
		<pose>Unspecified</pose>
		<truncated>0</truncated>
		<difficult>0</difficult>
		<bndbox>
			<xmin>150.717</xmin>
			<ymin>434.386</ymin>
			<xmax>182.717</xmax>
			<ymax>466.386</ymax>
		</bndbox>
	</object>
	<object>
		<name>b8</name>
		<pose>Unspecified</pose>
		<truncated>0</truncated>
		<difficult>0</difficult>
		<bndbox>
			<xmin>133.299</xmin>
			<ymin>494.603</ymin>
			<xmax>165.299</xmax>
			<ymax>526.603</ymax>
		</bndbox>
	</object>
	<object>
		<name>b5</name>
		<pose>Unspecified</pose>
		<truncated>0</truncated>
		<difficult>0</difficult>
		<bndbox>
			<xmin>506.547</xmin>
			<ymin>222.879</ymin>
			<xmax>538.547</xmax>
			<ymax>254.879</ymax>
		</bndbox>
	</object>
	<object>
		<name>b5</name>
		<pose>Unspecified</pose>
		<truncated>0</truncated>
		<difficult>0</difficult>
		<bndbox>
			<xmin>106.425</xmin>
			<ymin>464.744</ymin>
			<xmax>138.425</xmax>
			<ymax>496.744</ymax>
		</bndbox>
	</object>
	<object>
		<name>b9</name>
		<pose>Unspecified</pose>
		<truncated>0</truncated>
		<difficult>0</difficult>
		<bndbox>
			<xmin>98.6618</xmin>
			<ymin>439.064</ymin>
			<xmax>130.662</xmax>
			<ymax>471.064</ymax>
		</bndbox>
	</object>
</annotation>
