<annotation>
	<folder>VOC2007</folder>
	<filename>000340.jpg</filename>
	<source>
		<database>My Database</database>
		<annotation>VOC2007</annotation>
		<image>flickr</image>
		<flickrid>NULL</flickrid>
	</source>
	<owner>
		<flickrid>NULL</flickrid>
		<name>shaochunyan</name>
	</owner>
	<size>
		<width>720</width>
		<height>1280</height>
		<depth>3</depth>
	</size>
	<segmented>0</segmented>
	<object>
		<name>b4</name>
		<pose>Unspecified</pose>
		<truncated>0</truncated>
		<difficult>0</difficult>
		<bndbox>
			<xmin>587</xmin>
			<ymin>367</ymin>
			<xmax>619</xmax>
			<ymax>399</ymax>
		</bndbox>
	</object>
	<object>
		<name>b9</name>
		<pose>Unspecified</pose>
		<truncated>0</truncated>
		<difficult>0</difficult>
		<bndbox>
			<xmin>512</xmin>
			<ymin>611</ymin>
			<xmax>544</xmax>
			<ymax>643</ymax>
		</bndbox>
	</object>
	<object>
		<name>b8</name>
		<pose>Unspecified</pose>
		<truncated>0</truncated>
		<difficult>0</difficult>
		<bndbox>
			<xmin>523</xmin>
			<ymin>508</ymin>
			<xmax>555</xmax>
			<ymax>540</ymax>
		</bndbox>
	</object>
	<object>
		<name>b7</name>
		<pose>Unspecified</pose>
		<truncated>0</truncated>
		<difficult>0</difficult>
		<bndbox>
			<xmin>88</xmin>
			<ymin>544</ymin>
			<xmax>120</xmax>
			<ymax>576</ymax>
		</bndbox>
	</object>
	<object>
		<name>b9</name>
		<pose>Unspecified</pose>
		<truncated>0</truncated>
		<difficult>0</difficult>
		<bndbox>
			<xmin>561.2</xmin>
			<ymin>629.6</ymin>
			<xmax>593.2</xmax>
			<ymax>661.6</ymax>
		</bndbox>
	</object>
	<object>
		<name>b5</name>
		<pose>Unspecified</pose>
		<truncated>0</truncated>
		<difficult>0</difficult>
		<bndbox>
			<xmin>591.2</xmin>
			<ymin>638</ymin>
			<xmax>623.2</xmax>
			<ymax>670</ymax>
		</bndbox>
	</object>
	<object>
		<name>b8</name>
		<pose>Unspecified</pose>
		<truncated>0</truncated>
		<difficult>0</difficult>
		<bndbox>
			<xmin>549.2</xmin>
			<ymin>466.4</ymin>
			<xmax>581.2</xmax>
			<ymax>498.4</ymax>
		</bndbox>
	</object>
	<object>
		<name>b8</name>
		<pose>Unspecified</pose>
		<truncated>0</truncated>
		<difficult>0</difficult>
		<bndbox>
			<xmin>591.68</xmin>
			<ymin>565.76</ymin>
			<xmax>623.68</xmax>
			<ymax>597.76</ymax>
		</bndbox>
	</object>
	<object>
		<name>b5</name>
		<pose>Unspecified</pose>
		<truncated>0</truncated>
		<difficult>0</difficult>
		<bndbox>
			<xmin>519.68</xmin>
			<ymin>565.76</ymin>
			<xmax>551.68</xmax>
			<ymax>597.76</ymax>
		</bndbox>
	</object>
	<object>
		<name>b5</name>
		<pose>Unspecified</pose>
		<truncated>0</truncated>
		<difficult>0</difficult>
		<bndbox>
			<xmin>590.24</xmin>
			<ymin>639.2</ymin>
			<xmax>622.24</xmax>
			<ymax>671.2</ymax>
		</bndbox>
	</object>
	<object>
		<name>b2</name>
		<pose>Unspecified</pose>
		<truncated>0</truncated>
		<difficult>0</difficult>
		<bndbox>
			<xmin>182.72</xmin>
			<ymin>523.136</ymin>
			<xmax>214.72</xmax>
			<ymax>555.136</ymax>
		</bndbox>
	</object>
	<object>
		<name>b9</name>
		<pose>Unspecified</pose>
		<truncated>0</truncated>
		<difficult>0</difficult>
		<bndbox>
			<xmin>547.328</xmin>
			<ymin>448.832</ymin>
			<xmax>579.328</xmax>
			<ymax>480.832</ymax>
		</bndbox>
	</object>
	<object>
		<name>b7</name>
		<pose>Unspecified</pose>
		<truncated>0</truncated>
		<difficult>0</difficult>
		<bndbox>
			<xmin>265.664</xmin>
			<ymin>485.12</ymin>
			<xmax>297.664</xmax>
			<ymax>517.12</ymax>
		</bndbox>
	</object>
	<object>
		<name>b5</name>
		<pose>Unspecified</pose>
		<truncated>0</truncated>
		<difficult>0</difficult>
		<bndbox>
			<xmin>525.21</xmin>
			<ymin>568.755</ymin>
			<xmax>557.21</xmax>
			<ymax>600.755</ymax>
		</bndbox>
	</object>
	<object>
		<name>b4</name>
		<pose>Unspecified</pose>
		<truncated>0</truncated>
		<difficult>0</difficult>
		<bndbox>
			<xmin>176.845</xmin>
			<ymin>668.288</ymin>
			<xmax>208.845</xmax>
			<ymax>700.288</ymax>
		</bndbox>
	</object>
	<object>
		<name>b4</name>
		<pose>Unspecified</pose>
		<truncated>0</truncated>
		<difficult>0</difficult>
		<bndbox>
			<xmin>533.919</xmin>
			<ymin>489.129</ymin>
			<xmax>565.919</xmax>
			<ymax>521.129</ymax>
		</bndbox>
	</object>
	<object>
		<name>b5</name>
		<pose>Unspecified</pose>
		<truncated>0</truncated>
		<difficult>0</difficult>
		<bndbox>
			<xmin>588.662</xmin>
			<ymin>635.94</ymin>
			<xmax>620.662</xmax>
			<ymax>667.94</ymax>
		</bndbox>
	</object>
	<object>
		<name>b8</name>
		<pose>Unspecified</pose>
		<truncated>0</truncated>
		<difficult>0</difficult>
		<bndbox>
			<xmin>110.904</xmin>
			<ymin>491.617</ymin>
			<xmax>142.904</xmax>
			<ymax>523.617</ymax>
		</bndbox>
	</object>
	<object>
		<name>b5</name>
		<pose>Unspecified</pose>
		<truncated>0</truncated>
		<difficult>0</difficult>
		<bndbox>
			<xmin>517.894</xmin>
			<ymin>560.892</ymin>
			<xmax>549.894</xmax>
			<ymax>592.892</ymax>
		</bndbox>
	</object>
	<object>
		<name>b2</name>
		<pose>Unspecified</pose>
		<truncated>0</truncated>
		<difficult>0</difficult>
		<bndbox>
			<xmin>181.075</xmin>
			<ymin>517.894</ymin>
			<xmax>213.075</xmax>
			<ymax>549.894</ymax>
		</bndbox>
	</object>
	<object>
		<name>b8</name>
		<pose>Unspecified</pose>
		<truncated>0</truncated>
		<difficult>0</difficult>
		<bndbox>
			<xmin>245.572</xmin>
			<ymin>636.139</ymin>
			<xmax>277.572</xmax>
			<ymax>668.139</ymax>
		</bndbox>
	</object>
	<object>
		<name>b6</name>
		<pose>Unspecified</pose>
		<truncated>0</truncated>
		<difficult>0</difficult>
		<bndbox>
			<xmin>585.975</xmin>
			<ymin>628.973</ymin>
			<xmax>617.975</xmax>
			<ymax>660.973</ymax>
		</bndbox>
	</object>
	<object>
		<name>b5</name>
		<pose>Unspecified</pose>
		<truncated>0</truncated>
		<difficult>0</difficult>
		<bndbox>
			<xmin>525.06</xmin>
			<ymin>568.059</ymin>
			<xmax>557.06</xmax>
			<ymax>600.059</ymax>
		</bndbox>
	</object>
	<object>
		<name>b4</name>
		<pose>Unspecified</pose>
		<truncated>0</truncated>
		<difficult>0</difficult>
		<bndbox>
			<xmin>587</xmin>
			<ymin>367</ymin>
			<xmax>619</xmax>
			<ymax>399</ymax>
		</bndbox>
	</object>
	<object>
		<name>b9</name>
		<pose>Unspecified</pose>
		<truncated>0</truncated>
		<difficult>0</difficult>
		<bndbox>
			<xmin>512</xmin>
			<ymin>611</ymin>
			<xmax>544</xmax>
			<ymax>643</ymax>
		</bndbox>
	</object>
	<object>
		<name>b8</name>
		<pose>Unspecified</pose>
		<truncated>0</truncated>
		<difficult>0</difficult>
		<bndbox>
			<xmin>523</xmin>
			<ymin>508</ymin>
			<xmax>555</xmax>
			<ymax>540</ymax>
		</bndbox>
	</object>
	<object>
		<name>b7</name>
		<pose>Unspecified</pose>
		<truncated>0</truncated>
		<difficult>0</difficult>
		<bndbox>
			<xmin>88</xmin>
			<ymin>544</ymin>
			<xmax>120</xmax>
			<ymax>576</ymax>
		</bndbox>
	</object>
	<object>
		<name>b9</name>
		<pose>Unspecified</pose>
		<truncated>0</truncated>
		<difficult>0</difficult>
		<bndbox>
			<xmin>561.2</xmin>
			<ymin>629.6</ymin>
			<xmax>593.2</xmax>
			<ymax>661.6</ymax>
		</bndbox>
	</object>
	<object>
		<name>b5</name>
		<pose>Unspecified</pose>
		<truncated>0</truncated>
		<difficult>0</difficult>
		<bndbox>
			<xmin>591.2</xmin>
			<ymin>638</ymin>
			<xmax>623.2</xmax>
			<ymax>670</ymax>
		</bndbox>
	</object>
	<object>
		<name>b8</name>
		<pose>Unspecified</pose>
		<truncated>0</truncated>
		<difficult>0</difficult>
		<bndbox>
			<xmin>549.2</xmin>
			<ymin>466.4</ymin>
			<xmax>581.2</xmax>
			<ymax>498.4</ymax>
		</bndbox>
	</object>
	<object>
		<name>b8</name>
		<pose>Unspecified</pose>
		<truncated>0</truncated>
		<difficult>0</difficult>
		<bndbox>
			<xmin>591.68</xmin>
			<ymin>565.76</ymin>
			<xmax>623.68</xmax>
			<ymax>597.76</ymax>
		</bndbox>
	</object>
	<object>
		<name>b5</name>
		<pose>Unspecified</pose>
		<truncated>0</truncated>
		<difficult>0</difficult>
		<bndbox>
			<xmin>519.68</xmin>
			<ymin>565.76</ymin>
			<xmax>551.68</xmax>
			<ymax>597.76</ymax>
		</bndbox>
	</object>
	<object>
		<name>b5</name>
		<pose>Unspecified</pose>
		<truncated>0</truncated>
		<difficult>0</difficult>
		<bndbox>
			<xmin>590.24</xmin>
			<ymin>639.2</ymin>
			<xmax>622.24</xmax>
			<ymax>671.2</ymax>
		</bndbox>
	</object>
	<object>
		<name>b2</name>
		<pose>Unspecified</pose>
		<truncated>0</truncated>
		<difficult>0</difficult>
		<bndbox>
			<xmin>182.72</xmin>
			<ymin>523.136</ymin>
			<xmax>214.72</xmax>
			<ymax>555.136</ymax>
		</bndbox>
	</object>
	<object>
		<name>b9</name>
		<pose>Unspecified</pose>
		<truncated>0</truncated>
		<difficult>0</difficult>
		<bndbox>
			<xmin>547.328</xmin>
			<ymin>448.832</ymin>
			<xmax>579.328</xmax>
			<ymax>480.832</ymax>
		</bndbox>
	</object>
	<object>
		<name>b7</name>
		<pose>Unspecified</pose>
		<truncated>0</truncated>
		<difficult>0</difficult>
		<bndbox>
			<xmin>265.664</xmin>
			<ymin>485.12</ymin>
			<xmax>297.664</xmax>
			<ymax>517.12</ymax>
		</bndbox>
	</object>
	<object>
		<name>b5</name>
		<pose>Unspecified</pose>
		<truncated>0</truncated>
		<difficult>0</difficult>
		<bndbox>
			<xmin>525.21</xmin>
			<ymin>568.755</ymin>
			<xmax>557.21</xmax>
			<ymax>600.755</ymax>
		</bndbox>
	</object>
	<object>
		<name>b4</name>
		<pose>Unspecified</pose>
		<truncated>0</truncated>
		<difficult>0</difficult>
		<bndbox>
			<xmin>176.845</xmin>
			<ymin>668.288</ymin>
			<xmax>208.845</xmax>
			<ymax>700.288</ymax>
		</bndbox>
	</object>
	<object>
		<name>b4</name>
		<pose>Unspecified</pose>
		<truncated>0</truncated>
		<difficult>0</difficult>
		<bndbox>
			<xmin>533.919</xmin>
			<ymin>489.129</ymin>
			<xmax>565.919</xmax>
			<ymax>521.129</ymax>
		</bndbox>
	</object>
	<object>
		<name>b5</name>
		<pose>Unspecified</pose>
		<truncated>0</truncated>
		<difficult>0</difficult>
		<bndbox>
			<xmin>588.662</xmin>
			<ymin>635.94</ymin>
			<xmax>620.662</xmax>
			<ymax>667.94</ymax>
		</bndbox>
	</object>
	<object>
		<name>b8</name>
		<pose>Unspecified</pose>
		<truncated>0</truncated>
		<difficult>0</difficult>
		<bndbox>
			<xmin>110.904</xmin>
			<ymin>491.617</ymin>
			<xmax>142.904</xmax>
			<ymax>523.617</ymax>
		</bndbox>
	</object>
	<object>
		<name>b5</name>
		<pose>Unspecified</pose>
		<truncated>0</truncated>
		<difficult>0</difficult>
		<bndbox>
			<xmin>517.894</xmin>
			<ymin>560.892</ymin>
			<xmax>549.894</xmax>
			<ymax>592.892</ymax>
		</bndbox>
	</object>
	<object>
		<name>b2</name>
		<pose>Unspecified</pose>
		<truncated>0</truncated>
		<difficult>0</difficult>
		<bndbox>
			<xmin>181.075</xmin>
			<ymin>517.894</ymin>
			<xmax>213.075</xmax>
			<ymax>549.894</ymax>
		</bndbox>
	</object>
	<object>
		<name>b8</name>
		<pose>Unspecified</pose>
		<truncated>0</truncated>
		<difficult>0</difficult>
		<bndbox>
			<xmin>245.572</xmin>
			<ymin>636.139</ymin>
			<xmax>277.572</xmax>
			<ymax>668.139</ymax>
		</bndbox>
	</object>
	<object>
		<name>b6</name>
		<pose>Unspecified</pose>
		<truncated>0</truncated>
		<difficult>0</difficult>
		<bndbox>
			<xmin>585.975</xmin>
			<ymin>628.973</ymin>
			<xmax>617.975</xmax>
			<ymax>660.973</ymax>
		</bndbox>
	</object>
	<object>
		<name>b5</name>
		<pose>Unspecified</pose>
		<truncated>0</truncated>
		<difficult>0</difficult>
		<bndbox>
			<xmin>525.06</xmin>
			<ymin>568.059</ymin>
			<xmax>557.06</xmax>
			<ymax>600.059</ymax>
		</bndbox>
	</object>
	<object>
		<name>b4</name>
		<pose>Unspecified</pose>
		<truncated>0</truncated>
		<difficult>0</difficult>
		<bndbox>
			<xmin>587</xmin>
			<ymin>367</ymin>
			<xmax>619</xmax>
			<ymax>399</ymax>
		</bndbox>
	</object>
	<object>
		<name>b9</name>
		<pose>Unspecified</pose>
		<truncated>0</truncated>
		<difficult>0</difficult>
		<bndbox>
			<xmin>512</xmin>
			<ymin>611</ymin>
			<xmax>544</xmax>
			<ymax>643</ymax>
		</bndbox>
	</object>
	<object>
		<name>b8</name>
		<pose>Unspecified</pose>
		<truncated>0</truncated>
		<difficult>0</difficult>
		<bndbox>
			<xmin>523</xmin>
			<ymin>508</ymin>
			<xmax>555</xmax>
			<ymax>540</ymax>
		</bndbox>
	</object>
	<object>
		<name>b7</name>
		<pose>Unspecified</pose>
		<truncated>0</truncated>
		<difficult>0</difficult>
		<bndbox>
			<xmin>88</xmin>
			<ymin>544</ymin>
			<xmax>120</xmax>
			<ymax>576</ymax>
		</bndbox>
	</object>
	<object>
		<name>b9</name>
		<pose>Unspecified</pose>
		<truncated>0</truncated>
		<difficult>0</difficult>
		<bndbox>
			<xmin>561.2</xmin>
			<ymin>629.6</ymin>
			<xmax>593.2</xmax>
			<ymax>661.6</ymax>
		</bndbox>
	</object>
	<object>
		<name>b5</name>
		<pose>Unspecified</pose>
		<truncated>0</truncated>
		<difficult>0</difficult>
		<bndbox>
			<xmin>591.2</xmin>
			<ymin>638</ymin>
			<xmax>623.2</xmax>
			<ymax>670</ymax>
		</bndbox>
	</object>
	<object>
		<name>b8</name>
		<pose>Unspecified</pose>
		<truncated>0</truncated>
		<difficult>0</difficult>
		<bndbox>
			<xmin>549.2</xmin>
			<ymin>466.4</ymin>
			<xmax>581.2</xmax>
			<ymax>498.4</ymax>
		</bndbox>
	</object>
	<object>
		<name>b8</name>
		<pose>Unspecified</pose>
		<truncated>0</truncated>
		<difficult>0</difficult>
		<bndbox>
			<xmin>591.68</xmin>
			<ymin>565.76</ymin>
			<xmax>623.68</xmax>
			<ymax>597.76</ymax>
		</bndbox>
	</object>
	<object>
		<name>b5</name>
		<pose>Unspecified</pose>
		<truncated>0</truncated>
		<difficult>0</difficult>
		<bndbox>
			<xmin>519.68</xmin>
			<ymin>565.76</ymin>
			<xmax>551.68</xmax>
			<ymax>597.76</ymax>
		</bndbox>
	</object>
	<object>
		<name>b5</name>
		<pose>Unspecified</pose>
		<truncated>0</truncated>
		<difficult>0</difficult>
		<bndbox>
			<xmin>590.24</xmin>
			<ymin>639.2</ymin>
			<xmax>622.24</xmax>
			<ymax>671.2</ymax>
		</bndbox>
	</object>
	<object>
		<name>b2</name>
		<pose>Unspecified</pose>
		<truncated>0</truncated>
		<difficult>0</difficult>
		<bndbox>
			<xmin>182.72</xmin>
			<ymin>523.136</ymin>
			<xmax>214.72</xmax>
			<ymax>555.136</ymax>
		</bndbox>
	</object>
	<object>
		<name>b9</name>
		<pose>Unspecified</pose>
		<truncated>0</truncated>
		<difficult>0</difficult>
		<bndbox>
			<xmin>547.328</xmin>
			<ymin>448.832</ymin>
			<xmax>579.328</xmax>
			<ymax>480.832</ymax>
		</bndbox>
	</object>
	<object>
		<name>b7</name>
		<pose>Unspecified</pose>
		<truncated>0</truncated>
		<difficult>0</difficult>
		<bndbox>
			<xmin>265.664</xmin>
			<ymin>485.12</ymin>
			<xmax>297.664</xmax>
			<ymax>517.12</ymax>
		</bndbox>
	</object>
	<object>
		<name>b5</name>
		<pose>Unspecified</pose>
		<truncated>0</truncated>
		<difficult>0</difficult>
		<bndbox>
			<xmin>525.21</xmin>
			<ymin>568.755</ymin>
			<xmax>557.21</xmax>
			<ymax>600.755</ymax>
		</bndbox>
	</object>
	<object>
		<name>b4</name>
		<pose>Unspecified</pose>
		<truncated>0</truncated>
		<difficult>0</difficult>
		<bndbox>
			<xmin>176.845</xmin>
			<ymin>668.288</ymin>
			<xmax>208.845</xmax>
			<ymax>700.288</ymax>
		</bndbox>
	</object>
	<object>
		<name>b4</name>
		<pose>Unspecified</pose>
		<truncated>0</truncated>
		<difficult>0</difficult>
		<bndbox>
			<xmin>533.919</xmin>
			<ymin>489.129</ymin>
			<xmax>565.919</xmax>
			<ymax>521.129</ymax>
		</bndbox>
	</object>
	<object>
		<name>b5</name>
		<pose>Unspecified</pose>
		<truncated>0</truncated>
		<difficult>0</difficult>
		<bndbox>
			<xmin>588.662</xmin>
			<ymin>635.94</ymin>
			<xmax>620.662</xmax>
			<ymax>667.94</ymax>
		</bndbox>
	</object>
	<object>
		<name>b8</name>
		<pose>Unspecified</pose>
		<truncated>0</truncated>
		<difficult>0</difficult>
		<bndbox>
			<xmin>110.904</xmin>
			<ymin>491.617</ymin>
			<xmax>142.904</xmax>
			<ymax>523.617</ymax>
		</bndbox>
	</object>
	<object>
		<name>b5</name>
		<pose>Unspecified</pose>
		<truncated>0</truncated>
		<difficult>0</difficult>
		<bndbox>
			<xmin>517.894</xmin>
			<ymin>560.892</ymin>
			<xmax>549.894</xmax>
			<ymax>592.892</ymax>
		</bndbox>
	</object>
	<object>
		<name>b2</name>
		<pose>Unspecified</pose>
		<truncated>0</truncated>
		<difficult>0</difficult>
		<bndbox>
			<xmin>181.075</xmin>
			<ymin>517.894</ymin>
			<xmax>213.075</xmax>
			<ymax>549.894</ymax>
		</bndbox>
	</object>
	<object>
		<name>b8</name>
		<pose>Unspecified</pose>
		<truncated>0</truncated>
		<difficult>0</difficult>
		<bndbox>
			<xmin>245.572</xmin>
			<ymin>636.139</ymin>
			<xmax>277.572</xmax>
			<ymax>668.139</ymax>
		</bndbox>
	</object>
	<object>
		<name>b6</name>
		<pose>Unspecified</pose>
		<truncated>0</truncated>
		<difficult>0</difficult>
		<bndbox>
			<xmin>585.975</xmin>
			<ymin>628.973</ymin>
			<xmax>617.975</xmax>
			<ymax>660.973</ymax>
		</bndbox>
	</object>
	<object>
		<name>b5</name>
		<pose>Unspecified</pose>
		<truncated>0</truncated>
		<difficult>0</difficult>
		<bndbox>
			<xmin>525.06</xmin>
			<ymin>568.059</ymin>
			<xmax>557.06</xmax>
			<ymax>600.059</ymax>
		</bndbox>
	</object>
</annotation>
