<annotation>
	<folder>VOC2007</folder>
	<filename>000375.jpg</filename>
	<source>
		<database>My Database</database>
		<annotation>VOC2007</annotation>
		<image>flickr</image>
		<flickrid>NULL</flickrid>
	</source>
	<owner>
		<flickrid>NULL</flickrid>
		<name>shaochunyan</name>
	</owner>
	<size>
		<width>720</width>
		<height>1280</height>
		<depth>3</depth>
	</size>
	<segmented>0</segmented>
	<object>
		<name>b9</name>
		<pose>Unspecified</pose>
		<truncated>0</truncated>
		<difficult>0</difficult>
		<bndbox>
			<xmin>456</xmin>
			<ymin>618</ymin>
			<xmax>488</xmax>
			<ymax>650</ymax>
		</bndbox>
	</object>
	<object>
		<name>b7</name>
		<pose>Unspecified</pose>
		<truncated>0</truncated>
		<difficult>0</difficult>
		<bndbox>
			<xmin>167</xmin>
			<ymin>603</ymin>
			<xmax>199</xmax>
			<ymax>635</ymax>
		</bndbox>
	</object>
	<object>
		<name>b9</name>
		<pose>Unspecified</pose>
		<truncated>0</truncated>
		<difficult>0</difficult>
		<bndbox>
			<xmin>460</xmin>
			<ymin>529</ymin>
			<xmax>492</xmax>
			<ymax>561</ymax>
		</bndbox>
	</object>
	<object>
		<name>b7</name>
		<pose>Unspecified</pose>
		<truncated>0</truncated>
		<difficult>0</difficult>
		<bndbox>
			<xmin>153.2</xmin>
			<ymin>594.8</ymin>
			<xmax>185.2</xmax>
			<ymax>626.8</ymax>
		</bndbox>
	</object>
	<object>
		<name>b9</name>
		<pose>Unspecified</pose>
		<truncated>0</truncated>
		<difficult>0</difficult>
		<bndbox>
			<xmin>158</xmin>
			<ymin>616.4</ymin>
			<xmax>190</xmax>
			<ymax>648.4</ymax>
		</bndbox>
	</object>
	<object>
		<name>b10</name>
		<pose>Unspecified</pose>
		<truncated>0</truncated>
		<difficult>0</difficult>
		<bndbox>
			<xmin>257.6</xmin>
			<ymin>610.4</ymin>
			<xmax>289.6</xmax>
			<ymax>642.4</ymax>
		</bndbox>
	</object>
	<object>
		<name>b9</name>
		<pose>Unspecified</pose>
		<truncated>0</truncated>
		<difficult>0</difficult>
		<bndbox>
			<xmin>153.92</xmin>
			<ymin>623.36</ymin>
			<xmax>185.92</xmax>
			<ymax>655.36</ymax>
		</bndbox>
	</object>
	<object>
		<name>b10</name>
		<pose>Unspecified</pose>
		<truncated>0</truncated>
		<difficult>0</difficult>
		<bndbox>
			<xmin>320.96</xmin>
			<ymin>557.12</ymin>
			<xmax>352.96</xmax>
			<ymax>589.12</ymax>
		</bndbox>
	</object>
	<object>
		<name>b7</name>
		<pose>Unspecified</pose>
		<truncated>0</truncated>
		<difficult>0</difficult>
		<bndbox>
			<xmin>166.88</xmin>
			<ymin>607.52</ymin>
			<xmax>198.88</xmax>
			<ymax>639.52</ymax>
		</bndbox>
	</object>
	<object>
		<name>b10</name>
		<pose>Unspecified</pose>
		<truncated>0</truncated>
		<difficult>0</difficult>
		<bndbox>
			<xmin>305.12</xmin>
			<ymin>611.84</ymin>
			<xmax>337.12</xmax>
			<ymax>643.84</ymax>
		</bndbox>
	</object>
	<object>
		<name>b9</name>
		<pose>Unspecified</pose>
		<truncated>0</truncated>
		<difficult>0</difficult>
		<bndbox>
			<xmin>73.856</xmin>
			<ymin>607.808</ymin>
			<xmax>105.856</xmax>
			<ymax>639.808</ymax>
		</bndbox>
	</object>
	<object>
		<name>b8</name>
		<pose>Unspecified</pose>
		<truncated>0</truncated>
		<difficult>0</difficult>
		<bndbox>
			<xmin>146.432</xmin>
			<ymin>609.536</ymin>
			<xmax>178.432</xmax>
			<ymax>641.536</ymax>
		</bndbox>
	</object>
	<object>
		<name>b9</name>
		<pose>Unspecified</pose>
		<truncated>0</truncated>
		<difficult>0</difficult>
		<bndbox>
			<xmin>536.96</xmin>
			<ymin>428.096</ymin>
			<xmax>568.96</xmax>
			<ymax>460.096</ymax>
		</bndbox>
	</object>
	<object>
		<name>b9</name>
		<pose>Unspecified</pose>
		<truncated>0</truncated>
		<difficult>0</difficult>
		<bndbox>
			<xmin>187.213</xmin>
			<ymin>614.375</ymin>
			<xmax>219.213</xmax>
			<ymax>646.375</ymax>
		</bndbox>
	</object>
	<object>
		<name>b8</name>
		<pose>Unspecified</pose>
		<truncated>0</truncated>
		<difficult>0</difficult>
		<bndbox>
			<xmin>176.845</xmin>
			<ymin>614.375</ymin>
			<xmax>208.845</xmax>
			<ymax>646.375</ymax>
		</bndbox>
	</object>
	<object>
		<name>b9</name>
		<pose>Unspecified</pose>
		<truncated>0</truncated>
		<difficult>0</difficult>
		<bndbox>
			<xmin>535.578</xmin>
			<ymin>425.677</ymin>
			<xmax>567.578</xmax>
			<ymax>457.677</ymax>
		</bndbox>
	</object>
	<object>
		<name>b9</name>
		<pose>Unspecified</pose>
		<truncated>0</truncated>
		<difficult>0</difficult>
		<bndbox>
			<xmin>73.5795</xmin>
			<ymin>601.104</ymin>
			<xmax>105.58</xmax>
			<ymax>633.104</ymax>
		</bndbox>
	</object>
	<object>
		<name>b9</name>
		<pose>Unspecified</pose>
		<truncated>0</truncated>
		<difficult>0</difficult>
		<bndbox>
			<xmin>86.0211</xmin>
			<ymin>601.104</ymin>
			<xmax>118.021</xmax>
			<ymax>633.104</ymax>
		</bndbox>
	</object>
	<object>
		<name>b8</name>
		<pose>Unspecified</pose>
		<truncated>0</truncated>
		<difficult>0</difficult>
		<bndbox>
			<xmin>113.393</xmin>
			<ymin>613.545</ymin>
			<xmax>145.393</xmax>
			<ymax>645.545</ymax>
		</bndbox>
	</object>
	<object>
		<name>b9</name>
		<pose>Unspecified</pose>
		<truncated>0</truncated>
		<difficult>0</difficult>
		<bndbox>
			<xmin>327.985</xmin>
			<ymin>618.223</ymin>
			<xmax>359.985</xmax>
			<ymax>650.223</ymax>
		</bndbox>
	</object>
	<object>
		<name>b9</name>
		<pose>Unspecified</pose>
		<truncated>0</truncated>
		<difficult>0</difficult>
		<bndbox>
			<xmin>353</xmin>
			<ymin>616</ymin>
			<xmax>385</xmax>
			<ymax>648</ymax>
		</bndbox>
	</object>
	<object>
		<name>b8</name>
		<pose>Unspecified</pose>
		<truncated>0</truncated>
		<difficult>0</difficult>
		<bndbox>
			<xmin>456</xmin>
			<ymin>618</ymin>
			<xmax>488</xmax>
			<ymax>650</ymax>
		</bndbox>
	</object>
	<object>
		<name>b7</name>
		<pose>Unspecified</pose>
		<truncated>0</truncated>
		<difficult>0</difficult>
		<bndbox>
			<xmin>167</xmin>
			<ymin>603</ymin>
			<xmax>199</xmax>
			<ymax>635</ymax>
		</bndbox>
	</object>
	<object>
		<name>b8</name>
		<pose>Unspecified</pose>
		<truncated>0</truncated>
		<difficult>0</difficult>
		<bndbox>
			<xmin>301</xmin>
			<ymin>620</ymin>
			<xmax>333</xmax>
			<ymax>652</ymax>
		</bndbox>
	</object>
	<object>
		<name>b9</name>
		<pose>Unspecified</pose>
		<truncated>0</truncated>
		<difficult>0</difficult>
		<bndbox>
			<xmin>460</xmin>
			<ymin>529</ymin>
			<xmax>492</xmax>
			<ymax>561</ymax>
		</bndbox>
	</object>
	<object>
		<name>b6</name>
		<pose>Unspecified</pose>
		<truncated>0</truncated>
		<difficult>0</difficult>
		<bndbox>
			<xmin>153.2</xmin>
			<ymin>594.8</ymin>
			<xmax>185.2</xmax>
			<ymax>626.8</ymax>
		</bndbox>
	</object>
	<object>
		<name>b9</name>
		<pose>Unspecified</pose>
		<truncated>0</truncated>
		<difficult>0</difficult>
		<bndbox>
			<xmin>92</xmin>
			<ymin>602</ymin>
			<xmax>124</xmax>
			<ymax>634</ymax>
		</bndbox>
	</object>
	<object>
		<name>b7</name>
		<pose>Unspecified</pose>
		<truncated>0</truncated>
		<difficult>0</difficult>
		<bndbox>
			<xmin>303.2</xmin>
			<ymin>614</ymin>
			<xmax>335.2</xmax>
			<ymax>646</ymax>
		</bndbox>
	</object>
	<object>
		<name>b7</name>
		<pose>Unspecified</pose>
		<truncated>0</truncated>
		<difficult>0</difficult>
		<bndbox>
			<xmin>158</xmin>
			<ymin>616.4</ymin>
			<xmax>190</xmax>
			<ymax>648.4</ymax>
		</bndbox>
	</object>
	<object>
		<name>b7</name>
		<pose>Unspecified</pose>
		<truncated>0</truncated>
		<difficult>0</difficult>
		<bndbox>
			<xmin>164</xmin>
			<ymin>606.8</ymin>
			<xmax>196</xmax>
			<ymax>638.8</ymax>
		</bndbox>
	</object>
	<object>
		<name>b9</name>
		<pose>Unspecified</pose>
		<truncated>0</truncated>
		<difficult>0</difficult>
		<bndbox>
			<xmin>257.6</xmin>
			<ymin>610.4</ymin>
			<xmax>289.6</xmax>
			<ymax>642.4</ymax>
		</bndbox>
	</object>
	<object>
		<name>b8</name>
		<pose>Unspecified</pose>
		<truncated>0</truncated>
		<difficult>0</difficult>
		<bndbox>
			<xmin>153.92</xmin>
			<ymin>623.36</ymin>
			<xmax>185.92</xmax>
			<ymax>655.36</ymax>
		</bndbox>
	</object>
	<object>
		<name>b10</name>
		<pose>Unspecified</pose>
		<truncated>0</truncated>
		<difficult>0</difficult>
		<bndbox>
			<xmin>320.96</xmin>
			<ymin>557.12</ymin>
			<xmax>352.96</xmax>
			<ymax>589.12</ymax>
		</bndbox>
	</object>
	<object>
		<name>b7</name>
		<pose>Unspecified</pose>
		<truncated>0</truncated>
		<difficult>0</difficult>
		<bndbox>
			<xmin>166.88</xmin>
			<ymin>607.52</ymin>
			<xmax>198.88</xmax>
			<ymax>639.52</ymax>
		</bndbox>
	</object>
	<object>
		<name>b9</name>
		<pose>Unspecified</pose>
		<truncated>0</truncated>
		<difficult>0</difficult>
		<bndbox>
			<xmin>151.04</xmin>
			<ymin>626.24</ymin>
			<xmax>183.04</xmax>
			<ymax>658.24</ymax>
		</bndbox>
	</object>
	<object>
		<name>b7</name>
		<pose>Unspecified</pose>
		<truncated>0</truncated>
		<difficult>0</difficult>
		<bndbox>
			<xmin>305.12</xmin>
			<ymin>611.84</ymin>
			<xmax>337.12</xmax>
			<ymax>643.84</ymax>
		</bndbox>
	</object>
	<object>
		<name>b7</name>
		<pose>Unspecified</pose>
		<truncated>0</truncated>
		<difficult>0</difficult>
		<bndbox>
			<xmin>270.56</xmin>
			<ymin>616.16</ymin>
			<xmax>302.56</xmax>
			<ymax>648.16</ymax>
		</bndbox>
	</object>
	<object>
		<name>b9</name>
		<pose>Unspecified</pose>
		<truncated>0</truncated>
		<difficult>0</difficult>
		<bndbox>
			<xmin>73.856</xmin>
			<ymin>607.808</ymin>
			<xmax>105.856</xmax>
			<ymax>639.808</ymax>
		</bndbox>
	</object>
	<object>
		<name>b8</name>
		<pose>Unspecified</pose>
		<truncated>0</truncated>
		<difficult>0</difficult>
		<bndbox>
			<xmin>146.432</xmin>
			<ymin>619.904</ymin>
			<xmax>178.432</xmax>
			<ymax>651.904</ymax>
		</bndbox>
	</object>
	<object>
		<name>b8</name>
		<pose>Unspecified</pose>
		<truncated>0</truncated>
		<difficult>0</difficult>
		<bndbox>
			<xmin>146.432</xmin>
			<ymin>609.536</ymin>
			<xmax>178.432</xmax>
			<ymax>641.536</ymax>
		</bndbox>
	</object>
	<object>
		<name>b9</name>
		<pose>Unspecified</pose>
		<truncated>0</truncated>
		<difficult>0</difficult>
		<bndbox>
			<xmin>536.96</xmin>
			<ymin>428.096</ymin>
			<xmax>568.96</xmax>
			<ymax>460.096</ymax>
		</bndbox>
	</object>
	<object>
		<name>b9</name>
		<pose>Unspecified</pose>
		<truncated>0</truncated>
		<difficult>0</difficult>
		<bndbox>
			<xmin>187.213</xmin>
			<ymin>614.375</ymin>
			<xmax>219.213</xmax>
			<ymax>646.375</ymax>
		</bndbox>
	</object>
	<object>
		<name>b8</name>
		<pose>Unspecified</pose>
		<truncated>0</truncated>
		<difficult>0</difficult>
		<bndbox>
			<xmin>299.187</xmin>
			<ymin>622.669</ymin>
			<xmax>331.187</xmax>
			<ymax>654.669</ymax>
		</bndbox>
	</object>
	<object>
		<name>b8</name>
		<pose>Unspecified</pose>
		<truncated>0</truncated>
		<difficult>0</difficult>
		<bndbox>
			<xmin>176.845</xmin>
			<ymin>614.375</ymin>
			<xmax>208.845</xmax>
			<ymax>646.375</ymax>
		</bndbox>
	</object>
	<object>
		<name>b8</name>
		<pose>Unspecified</pose>
		<truncated>0</truncated>
		<difficult>0</difficult>
		<bndbox>
			<xmin>456.781</xmin>
			<ymin>618.522</ymin>
			<xmax>488.781</xmax>
			<ymax>650.522</ymax>
		</bndbox>
	</object>
	<object>
		<name>b9</name>
		<pose>Unspecified</pose>
		<truncated>0</truncated>
		<difficult>0</difficult>
		<bndbox>
			<xmin>535.578</xmin>
			<ymin>425.677</ymin>
			<xmax>567.578</xmax>
			<ymax>457.677</ymax>
		</bndbox>
	</object>
	<object>
		<name>b9</name>
		<pose>Unspecified</pose>
		<truncated>0</truncated>
		<difficult>0</difficult>
		<bndbox>
			<xmin>73.5795</xmin>
			<ymin>601.104</ymin>
			<xmax>105.58</xmax>
			<ymax>633.104</ymax>
		</bndbox>
	</object>
	<object>
		<name>b8</name>
		<pose>Unspecified</pose>
		<truncated>0</truncated>
		<difficult>0</difficult>
		<bndbox>
			<xmin>86.0211</xmin>
			<ymin>601.104</ymin>
			<xmax>118.021</xmax>
			<ymax>633.104</ymax>
		</bndbox>
	</object>
	<object>
		<name>b8</name>
		<pose>Unspecified</pose>
		<truncated>0</truncated>
		<difficult>0</difficult>
		<bndbox>
			<xmin>113.393</xmin>
			<ymin>613.545</ymin>
			<xmax>145.393</xmax>
			<ymax>645.545</ymax>
		</bndbox>
	</object>
	<object>
		<name>b9</name>
		<pose>Unspecified</pose>
		<truncated>0</truncated>
		<difficult>0</difficult>
		<bndbox>
			<xmin>327.985</xmin>
			<ymin>618.223</ymin>
			<xmax>359.985</xmax>
			<ymax>650.223</ymax>
		</bndbox>
	</object>
	<object>
		<name>b9</name>
		<pose>Unspecified</pose>
		<truncated>0</truncated>
		<difficult>0</difficult>
		<bndbox>
			<xmin>353</xmin>
			<ymin>616</ymin>
			<xmax>385</xmax>
			<ymax>648</ymax>
		</bndbox>
	</object>
	<object>
		<name>b8</name>
		<pose>Unspecified</pose>
		<truncated>0</truncated>
		<difficult>0</difficult>
		<bndbox>
			<xmin>456</xmin>
			<ymin>618</ymin>
			<xmax>488</xmax>
			<ymax>650</ymax>
		</bndbox>
	</object>
	<object>
		<name>b5</name>
		<pose>Unspecified</pose>
		<truncated>0</truncated>
		<difficult>0</difficult>
		<bndbox>
			<xmin>271</xmin>
			<ymin>617</ymin>
			<xmax>303</xmax>
			<ymax>649</ymax>
		</bndbox>
	</object>
	<object>
		<name>b5</name>
		<pose>Unspecified</pose>
		<truncated>0</truncated>
		<difficult>0</difficult>
		<bndbox>
			<xmin>167</xmin>
			<ymin>603</ymin>
			<xmax>199</xmax>
			<ymax>635</ymax>
		</bndbox>
	</object>
	<object>
		<name>b8</name>
		<pose>Unspecified</pose>
		<truncated>0</truncated>
		<difficult>0</difficult>
		<bndbox>
			<xmin>301</xmin>
			<ymin>620</ymin>
			<xmax>333</xmax>
			<ymax>652</ymax>
		</bndbox>
	</object>
	<object>
		<name>b9</name>
		<pose>Unspecified</pose>
		<truncated>0</truncated>
		<difficult>0</difficult>
		<bndbox>
			<xmin>460</xmin>
			<ymin>529</ymin>
			<xmax>492</xmax>
			<ymax>561</ymax>
		</bndbox>
	</object>
	<object>
		<name>b4</name>
		<pose>Unspecified</pose>
		<truncated>0</truncated>
		<difficult>0</difficult>
		<bndbox>
			<xmin>153.2</xmin>
			<ymin>594.8</ymin>
			<xmax>185.2</xmax>
			<ymax>626.8</ymax>
		</bndbox>
	</object>
	<object>
		<name>b9</name>
		<pose>Unspecified</pose>
		<truncated>0</truncated>
		<difficult>0</difficult>
		<bndbox>
			<xmin>92</xmin>
			<ymin>602</ymin>
			<xmax>124</xmax>
			<ymax>634</ymax>
		</bndbox>
	</object>
	<object>
		<name>b7</name>
		<pose>Unspecified</pose>
		<truncated>0</truncated>
		<difficult>0</difficult>
		<bndbox>
			<xmin>303.2</xmin>
			<ymin>614</ymin>
			<xmax>335.2</xmax>
			<ymax>646</ymax>
		</bndbox>
	</object>
	<object>
		<name>b7</name>
		<pose>Unspecified</pose>
		<truncated>0</truncated>
		<difficult>0</difficult>
		<bndbox>
			<xmin>158</xmin>
			<ymin>616.4</ymin>
			<xmax>190</xmax>
			<ymax>648.4</ymax>
		</bndbox>
	</object>
	<object>
		<name>b6</name>
		<pose>Unspecified</pose>
		<truncated>0</truncated>
		<difficult>0</difficult>
		<bndbox>
			<xmin>167.6</xmin>
			<ymin>608</ymin>
			<xmax>199.6</xmax>
			<ymax>640</ymax>
		</bndbox>
	</object>
	<object>
		<name>b6</name>
		<pose>Unspecified</pose>
		<truncated>0</truncated>
		<difficult>0</difficult>
		<bndbox>
			<xmin>164</xmin>
			<ymin>606.8</ymin>
			<xmax>196</xmax>
			<ymax>638.8</ymax>
		</bndbox>
	</object>
	<object>
		<name>b9</name>
		<pose>Unspecified</pose>
		<truncated>0</truncated>
		<difficult>0</difficult>
		<bndbox>
			<xmin>189.2</xmin>
			<ymin>604.4</ymin>
			<xmax>221.2</xmax>
			<ymax>636.4</ymax>
		</bndbox>
	</object>
	<object>
		<name>b8</name>
		<pose>Unspecified</pose>
		<truncated>0</truncated>
		<difficult>0</difficult>
		<bndbox>
			<xmin>257.6</xmin>
			<ymin>610.4</ymin>
			<xmax>289.6</xmax>
			<ymax>642.4</ymax>
		</bndbox>
	</object>
	<object>
		<name>b8</name>
		<pose>Unspecified</pose>
		<truncated>0</truncated>
		<difficult>0</difficult>
		<bndbox>
			<xmin>153.92</xmin>
			<ymin>623.36</ymin>
			<xmax>185.92</xmax>
			<ymax>655.36</ymax>
		</bndbox>
	</object>
	<object>
		<name>b10</name>
		<pose>Unspecified</pose>
		<truncated>0</truncated>
		<difficult>0</difficult>
		<bndbox>
			<xmin>320.96</xmin>
			<ymin>557.12</ymin>
			<xmax>352.96</xmax>
			<ymax>589.12</ymax>
		</bndbox>
	</object>
	<object>
		<name>b6</name>
		<pose>Unspecified</pose>
		<truncated>0</truncated>
		<difficult>0</difficult>
		<bndbox>
			<xmin>166.88</xmin>
			<ymin>607.52</ymin>
			<xmax>198.88</xmax>
			<ymax>639.52</ymax>
		</bndbox>
	</object>
	<object>
		<name>b9</name>
		<pose>Unspecified</pose>
		<truncated>0</truncated>
		<difficult>0</difficult>
		<bndbox>
			<xmin>151.04</xmin>
			<ymin>626.24</ymin>
			<xmax>183.04</xmax>
			<ymax>658.24</ymax>
		</bndbox>
	</object>
	<object>
		<name>b7</name>
		<pose>Unspecified</pose>
		<truncated>0</truncated>
		<difficult>0</difficult>
		<bndbox>
			<xmin>305.12</xmin>
			<ymin>611.84</ymin>
			<xmax>337.12</xmax>
			<ymax>643.84</ymax>
		</bndbox>
	</object>
	<object>
		<name>b5</name>
		<pose>Unspecified</pose>
		<truncated>0</truncated>
		<difficult>0</difficult>
		<bndbox>
			<xmin>270.56</xmin>
			<ymin>616.16</ymin>
			<xmax>302.56</xmax>
			<ymax>648.16</ymax>
		</bndbox>
	</object>
	<object>
		<name>b9</name>
		<pose>Unspecified</pose>
		<truncated>0</truncated>
		<difficult>0</difficult>
		<bndbox>
			<xmin>73.856</xmin>
			<ymin>607.808</ymin>
			<xmax>105.856</xmax>
			<ymax>639.808</ymax>
		</bndbox>
	</object>
	<object>
		<name>b8</name>
		<pose>Unspecified</pose>
		<truncated>0</truncated>
		<difficult>0</difficult>
		<bndbox>
			<xmin>146.432</xmin>
			<ymin>619.904</ymin>
			<xmax>178.432</xmax>
			<ymax>651.904</ymax>
		</bndbox>
	</object>
	<object>
		<name>b7</name>
		<pose>Unspecified</pose>
		<truncated>0</truncated>
		<difficult>0</difficult>
		<bndbox>
			<xmin>146.432</xmin>
			<ymin>609.536</ymin>
			<xmax>178.432</xmax>
			<ymax>641.536</ymax>
		</bndbox>
	</object>
	<object>
		<name>b9</name>
		<pose>Unspecified</pose>
		<truncated>0</truncated>
		<difficult>0</difficult>
		<bndbox>
			<xmin>536.96</xmin>
			<ymin>428.096</ymin>
			<xmax>568.96</xmax>
			<ymax>460.096</ymax>
		</bndbox>
	</object>
	<object>
		<name>b9</name>
		<pose>Unspecified</pose>
		<truncated>0</truncated>
		<difficult>0</difficult>
		<bndbox>
			<xmin>187.213</xmin>
			<ymin>614.375</ymin>
			<xmax>219.213</xmax>
			<ymax>646.375</ymax>
		</bndbox>
	</object>
	<object>
		<name>b8</name>
		<pose>Unspecified</pose>
		<truncated>0</truncated>
		<difficult>0</difficult>
		<bndbox>
			<xmin>299.187</xmin>
			<ymin>622.669</ymin>
			<xmax>331.187</xmax>
			<ymax>654.669</ymax>
		</bndbox>
	</object>
	<object>
		<name>b6</name>
		<pose>Unspecified</pose>
		<truncated>0</truncated>
		<difficult>0</difficult>
		<bndbox>
			<xmin>176.845</xmin>
			<ymin>614.375</ymin>
			<xmax>208.845</xmax>
			<ymax>646.375</ymax>
		</bndbox>
	</object>
	<object>
		<name>b8</name>
		<pose>Unspecified</pose>
		<truncated>0</truncated>
		<difficult>0</difficult>
		<bndbox>
			<xmin>456.781</xmin>
			<ymin>618.522</ymin>
			<xmax>488.781</xmax>
			<ymax>650.522</ymax>
		</bndbox>
	</object>
	<object>
		<name>b9</name>
		<pose>Unspecified</pose>
		<truncated>0</truncated>
		<difficult>0</difficult>
		<bndbox>
			<xmin>535.578</xmin>
			<ymin>425.677</ymin>
			<xmax>567.578</xmax>
			<ymax>457.677</ymax>
		</bndbox>
	</object>
	<object>
		<name>b9</name>
		<pose>Unspecified</pose>
		<truncated>0</truncated>
		<difficult>0</difficult>
		<bndbox>
			<xmin>73.5795</xmin>
			<ymin>601.104</ymin>
			<xmax>105.58</xmax>
			<ymax>633.104</ymax>
		</bndbox>
	</object>
	<object>
		<name>b8</name>
		<pose>Unspecified</pose>
		<truncated>0</truncated>
		<difficult>0</difficult>
		<bndbox>
			<xmin>86.0211</xmin>
			<ymin>601.104</ymin>
			<xmax>118.021</xmax>
			<ymax>633.104</ymax>
		</bndbox>
	</object>
	<object>
		<name>b8</name>
		<pose>Unspecified</pose>
		<truncated>0</truncated>
		<difficult>0</difficult>
		<bndbox>
			<xmin>113.393</xmin>
			<ymin>613.545</ymin>
			<xmax>145.393</xmax>
			<ymax>645.545</ymax>
		</bndbox>
	</object>
	<object>
		<name>b5</name>
		<pose>Unspecified</pose>
		<truncated>0</truncated>
		<difficult>0</difficult>
		<bndbox>
			<xmin>152.41</xmin>
			<ymin>600.307</ymin>
			<xmax>184.41</xmax>
			<ymax>632.307</ymax>
		</bndbox>
	</object>
	<object>
		<name>b9</name>
		<pose>Unspecified</pose>
		<truncated>0</truncated>
		<difficult>0</difficult>
		<bndbox>
			<xmin>327.985</xmin>
			<ymin>618.223</ymin>
			<xmax>359.985</xmax>
			<ymax>650.223</ymax>
		</bndbox>
	</object>
</annotation>
