<annotation>
	<folder>VOC2007</folder>
	<filename>000361.jpg</filename>
	<source>
		<database>My Database</database>
		<annotation>VOC2007</annotation>
		<image>flickr</image>
		<flickrid>NULL</flickrid>
	</source>
	<owner>
		<flickrid>NULL</flickrid>
		<name>shaochunyan</name>
	</owner>
	<size>
		<width>720</width>
		<height>1280</height>
		<depth>3</depth>
	</size>
	<segmented>0</segmented>
	<object>
		<name>b8</name>
		<pose>Unspecified</pose>
		<truncated>0</truncated>
		<difficult>0</difficult>
		<bndbox>
			<xmin>209</xmin>
			<ymin>635</ymin>
			<xmax>241</xmax>
			<ymax>667</ymax>
		</bndbox>
	</object>
	<object>
		<name>b4</name>
		<pose>Unspecified</pose>
		<truncated>0</truncated>
		<difficult>0</difficult>
		<bndbox>
			<xmin>109</xmin>
			<ymin>613</ymin>
			<xmax>141</xmax>
			<ymax>645</ymax>
		</bndbox>
	</object>
	<object>
		<name>b8</name>
		<pose>Unspecified</pose>
		<truncated>0</truncated>
		<difficult>0</difficult>
		<bndbox>
			<xmin>47.6</xmin>
			<ymin>558.8</ymin>
			<xmax>79.6</xmax>
			<ymax>590.8</ymax>
		</bndbox>
	</object>
	<object>
		<name>b9</name>
		<pose>Unspecified</pose>
		<truncated>0</truncated>
		<difficult>0</difficult>
		<bndbox>
			<xmin>221.6</xmin>
			<ymin>615.2</ymin>
			<xmax>253.6</xmax>
			<ymax>647.2</ymax>
		</bndbox>
	</object>
	<object>
		<name>b6</name>
		<pose>Unspecified</pose>
		<truncated>0</truncated>
		<difficult>0</difficult>
		<bndbox>
			<xmin>58.4</xmin>
			<ymin>557.6</ymin>
			<xmax>90.4</xmax>
			<ymax>589.6</ymax>
		</bndbox>
	</object>
	<object>
		<name>b9</name>
		<pose>Unspecified</pose>
		<truncated>0</truncated>
		<difficult>0</difficult>
		<bndbox>
			<xmin>198.8</xmin>
			<ymin>633.2</ymin>
			<xmax>230.8</xmax>
			<ymax>665.2</ymax>
		</bndbox>
	</object>
	<object>
		<name>b9</name>
		<pose>Unspecified</pose>
		<truncated>0</truncated>
		<difficult>0</difficult>
		<bndbox>
			<xmin>176.96</xmin>
			<ymin>594.56</ymin>
			<xmax>208.96</xmax>
			<ymax>626.56</ymax>
		</bndbox>
	</object>
	<object>
		<name>b9</name>
		<pose>Unspecified</pose>
		<truncated>0</truncated>
		<difficult>0</difficult>
		<bndbox>
			<xmin>346.88</xmin>
			<ymin>627.68</ymin>
			<xmax>378.88</xmax>
			<ymax>659.68</ymax>
		</bndbox>
	</object>
	<object>
		<name>b6</name>
		<pose>Unspecified</pose>
		<truncated>0</truncated>
		<difficult>0</difficult>
		<bndbox>
			<xmin>119.36</xmin>
			<ymin>614.72</ymin>
			<xmax>151.36</xmax>
			<ymax>646.72</ymax>
		</bndbox>
	</object>
	<object>
		<name>b9</name>
		<pose>Unspecified</pose>
		<truncated>0</truncated>
		<difficult>0</difficult>
		<bndbox>
			<xmin>267.392</xmin>
			<ymin>630.272</ymin>
			<xmax>299.392</xmax>
			<ymax>662.272</ymax>
		</bndbox>
	</object>
	<object>
		<name>b9</name>
		<pose>Unspecified</pose>
		<truncated>0</truncated>
		<difficult>0</difficult>
		<bndbox>
			<xmin>198.272</xmin>
			<ymin>632</ymin>
			<xmax>230.272</xmax>
			<ymax>664</ymax>
		</bndbox>
	</object>
	<object>
		<name>b4</name>
		<pose>Unspecified</pose>
		<truncated>0</truncated>
		<difficult>0</difficult>
		<bndbox>
			<xmin>110.144</xmin>
			<ymin>614.72</ymin>
			<xmax>142.144</xmax>
			<ymax>646.72</ymax>
		</bndbox>
	</object>
	<object>
		<name>b8</name>
		<pose>Unspecified</pose>
		<truncated>0</truncated>
		<difficult>0</difficult>
		<bndbox>
			<xmin>84.224</xmin>
			<ymin>436.736</ymin>
			<xmax>116.224</xmax>
			<ymax>468.736</ymax>
		</bndbox>
	</object>
	<object>
		<name>b8</name>
		<pose>Unspecified</pose>
		<truncated>0</truncated>
		<difficult>0</difficult>
		<bndbox>
			<xmin>54.5024</xmin>
			<ymin>581.197</ymin>
			<xmax>86.5024</xmax>
			<ymax>613.197</ymax>
		</bndbox>
	</object>
	<object>
		<name>b5</name>
		<pose>Unspecified</pose>
		<truncated>0</truncated>
		<difficult>0</difficult>
		<bndbox>
			<xmin>113.393</xmin>
			<ymin>613.545</ymin>
			<xmax>145.393</xmax>
			<ymax>645.545</ymax>
		</bndbox>
	</object>
	<object>
		<name>b8</name>
		<pose>Unspecified</pose>
		<truncated>0</truncated>
		<difficult>0</difficult>
		<bndbox>
			<xmin>277.622</xmin>
			<ymin>623.498</ymin>
			<xmax>309.622</xmax>
			<ymax>655.498</ymax>
		</bndbox>
	</object>
	<object>
		<name>b9</name>
		<pose>Unspecified</pose>
		<truncated>0</truncated>
		<difficult>0</difficult>
		<bndbox>
			<xmin>175.103</xmin>
			<ymin>602.099</ymin>
			<xmax>207.103</xmax>
			<ymax>634.099</ymax>
		</bndbox>
	</object>
	<object>
		<name>b6</name>
		<pose>Unspecified</pose>
		<truncated>0</truncated>
		<difficult>0</difficult>
		<bndbox>
			<xmin>189</xmin>
			<ymin>447</ymin>
			<xmax>221</xmax>
			<ymax>479</ymax>
		</bndbox>
	</object>
	<object>
		<name>b9</name>
		<pose>Unspecified</pose>
		<truncated>0</truncated>
		<difficult>0</difficult>
		<bndbox>
			<xmin>346</xmin>
			<ymin>627</ymin>
			<xmax>378</xmax>
			<ymax>659</ymax>
		</bndbox>
	</object>
	<object>
		<name>g1</name>
		<pose>Unspecified</pose>
		<truncated>0</truncated>
		<difficult>0</difficult>
		<bndbox>
			<xmin>19</xmin>
			<ymin>636</ymin>
			<xmax>51</xmax>
			<ymax>668</ymax>
		</bndbox>
	</object>
	<object>
		<name>b7</name>
		<pose>Unspecified</pose>
		<truncated>0</truncated>
		<difficult>0</difficult>
		<bndbox>
			<xmin>248</xmin>
			<ymin>650</ymin>
			<xmax>280</xmax>
			<ymax>682</ymax>
		</bndbox>
	</object>
	<object>
		<name>b9</name>
		<pose>Unspecified</pose>
		<truncated>0</truncated>
		<difficult>0</difficult>
		<bndbox>
			<xmin>35.6</xmin>
			<ymin>563.6</ymin>
			<xmax>67.6</xmax>
			<ymax>595.6</ymax>
		</bndbox>
	</object>
	<object>
		<name>b7</name>
		<pose>Unspecified</pose>
		<truncated>0</truncated>
		<difficult>0</difficult>
		<bndbox>
			<xmin>261.92</xmin>
			<ymin>629.12</ymin>
			<xmax>293.92</xmax>
			<ymax>661.12</ymax>
		</bndbox>
	</object>
	<object>
		<name>b8</name>
		<pose>Unspecified</pose>
		<truncated>0</truncated>
		<difficult>0</difficult>
		<bndbox>
			<xmin>270.56</xmin>
			<ymin>636.32</ymin>
			<xmax>302.56</xmax>
			<ymax>668.32</ymax>
		</bndbox>
	</object>
	<object>
		<name>b6</name>
		<pose>Unspecified</pose>
		<truncated>0</truncated>
		<difficult>0</difficult>
		<bndbox>
			<xmin>61.76</xmin>
			<ymin>581.6</ymin>
			<xmax>93.76</xmax>
			<ymax>613.6</ymax>
		</bndbox>
	</object>
	<object>
		<name>b8</name>
		<pose>Unspecified</pose>
		<truncated>0</truncated>
		<difficult>0</difficult>
		<bndbox>
			<xmin>270.848</xmin>
			<ymin>635.456</ymin>
			<xmax>302.848</xmax>
			<ymax>667.456</ymax>
		</bndbox>
	</object>
	<object>
		<name>b6</name>
		<pose>Unspecified</pose>
		<truncated>0</truncated>
		<difficult>0</difficult>
		<bndbox>
			<xmin>49.664</xmin>
			<ymin>616.448</ymin>
			<xmax>81.664</xmax>
			<ymax>648.448</ymax>
		</bndbox>
	</object>
	<object>
		<name>b7</name>
		<pose>Unspecified</pose>
		<truncated>0</truncated>
		<difficult>0</difficult>
		<bndbox>
			<xmin>241.472</xmin>
			<ymin>664.832</ymin>
			<xmax>273.472</xmax>
			<ymax>696.832</ymax>
		</bndbox>
	</object>
	<object>
		<name>b6</name>
		<pose>Unspecified</pose>
		<truncated>0</truncated>
		<difficult>0</difficult>
		<bndbox>
			<xmin>189.632</xmin>
			<ymin>438.464</ymin>
			<xmax>221.632</xmax>
			<ymax>470.464</ymax>
		</bndbox>
	</object>
	<object>
		<name>b8</name>
		<pose>Unspecified</pose>
		<truncated>0</truncated>
		<difficult>0</difficult>
		<bndbox>
			<xmin>336.512</xmin>
			<ymin>535.232</ymin>
			<xmax>368.512</xmax>
			<ymax>567.232</ymax>
		</bndbox>
	</object>
	<object>
		<name>b9</name>
		<pose>Unspecified</pose>
		<truncated>0</truncated>
		<difficult>0</difficult>
		<bndbox>
			<xmin>251.84</xmin>
			<ymin>625.088</ymin>
			<xmax>283.84</xmax>
			<ymax>657.088</ymax>
		</bndbox>
	</object>
	<object>
		<name>b7</name>
		<pose>Unspecified</pose>
		<truncated>0</truncated>
		<difficult>0</difficult>
		<bndbox>
			<xmin>241.126</xmin>
			<ymin>664.141</ymin>
			<xmax>273.126</xmax>
			<ymax>696.141</ymax>
		</bndbox>
	</object>
	<object>
		<name>b6</name>
		<pose>Unspecified</pose>
		<truncated>0</truncated>
		<difficult>0</difficult>
		<bndbox>
			<xmin>54.5024</xmin>
			<ymin>581.197</ymin>
			<xmax>86.5024</xmax>
			<ymax>613.197</ymax>
		</bndbox>
	</object>
	<object>
		<name>b10</name>
		<pose>Unspecified</pose>
		<truncated>0</truncated>
		<difficult>0</difficult>
		<bndbox>
			<xmin>207.949</xmin>
			<ymin>637.184</ymin>
			<xmax>239.949</xmax>
			<ymax>669.184</ymax>
		</bndbox>
	</object>
	<object>
		<name>b6</name>
		<pose>Unspecified</pose>
		<truncated>0</truncated>
		<difficult>0</difficult>
		<bndbox>
			<xmin>189.286</xmin>
			<ymin>436.045</ymin>
			<xmax>221.286</xmax>
			<ymax>468.045</ymax>
		</bndbox>
	</object>
	<object>
		<name>b9</name>
		<pose>Unspecified</pose>
		<truncated>0</truncated>
		<difficult>0</difficult>
		<bndbox>
			<xmin>127.327</xmin>
			<ymin>608.071</ymin>
			<xmax>159.327</xmax>
			<ymax>640.071</ymax>
		</bndbox>
	</object>
	<object>
		<name>b9</name>
		<pose>Unspecified</pose>
		<truncated>0</truncated>
		<difficult>0</difficult>
		<bndbox>
			<xmin>169.131</xmin>
			<ymin>652.861</ymin>
			<xmax>201.131</xmax>
			<ymax>684.861</ymax>
		</bndbox>
	</object>
	<object>
		<name>b10</name>
		<pose>Unspecified</pose>
		<truncated>0</truncated>
		<difficult>0</difficult>
		<bndbox>
			<xmin>163.159</xmin>
			<ymin>585.975</ymin>
			<xmax>195.159</xmax>
			<ymax>617.975</ymax>
		</bndbox>
	</object>
	<object>
		<name>b8</name>
		<pose>Unspecified</pose>
		<truncated>0</truncated>
		<difficult>0</difficult>
		<bndbox>
			<xmin>359</xmin>
			<ymin>629</ymin>
			<xmax>391</xmax>
			<ymax>661</ymax>
		</bndbox>
	</object>
	<object>
		<name>b9</name>
		<pose>Unspecified</pose>
		<truncated>0</truncated>
		<difficult>0</difficult>
		<bndbox>
			<xmin>104</xmin>
			<ymin>572</ymin>
			<xmax>136</xmax>
			<ymax>604</ymax>
		</bndbox>
	</object>
	<object>
		<name>b8</name>
		<pose>Unspecified</pose>
		<truncated>0</truncated>
		<difficult>0</difficult>
		<bndbox>
			<xmin>209</xmin>
			<ymin>635</ymin>
			<xmax>241</xmax>
			<ymax>667</ymax>
		</bndbox>
	</object>
	<object>
		<name>b4</name>
		<pose>Unspecified</pose>
		<truncated>0</truncated>
		<difficult>0</difficult>
		<bndbox>
			<xmin>109</xmin>
			<ymin>613</ymin>
			<xmax>141</xmax>
			<ymax>645</ymax>
		</bndbox>
	</object>
	<object>
		<name>b6</name>
		<pose>Unspecified</pose>
		<truncated>0</truncated>
		<difficult>0</difficult>
		<bndbox>
			<xmin>24.8</xmin>
			<ymin>612.8</ymin>
			<xmax>56.8</xmax>
			<ymax>644.8</ymax>
		</bndbox>
	</object>
	<object>
		<name>b8</name>
		<pose>Unspecified</pose>
		<truncated>0</truncated>
		<difficult>0</difficult>
		<bndbox>
			<xmin>47.6</xmin>
			<ymin>558.8</ymin>
			<xmax>79.6</xmax>
			<ymax>590.8</ymax>
		</bndbox>
	</object>
	<object>
		<name>b7</name>
		<pose>Unspecified</pose>
		<truncated>0</truncated>
		<difficult>0</difficult>
		<bndbox>
			<xmin>221.6</xmin>
			<ymin>615.2</ymin>
			<xmax>253.6</xmax>
			<ymax>647.2</ymax>
		</bndbox>
	</object>
	<object>
		<name>b6</name>
		<pose>Unspecified</pose>
		<truncated>0</truncated>
		<difficult>0</difficult>
		<bndbox>
			<xmin>58.4</xmin>
			<ymin>557.6</ymin>
			<xmax>90.4</xmax>
			<ymax>589.6</ymax>
		</bndbox>
	</object>
	<object>
		<name>b7</name>
		<pose>Unspecified</pose>
		<truncated>0</truncated>
		<difficult>0</difficult>
		<bndbox>
			<xmin>198.8</xmin>
			<ymin>633.2</ymin>
			<xmax>230.8</xmax>
			<ymax>665.2</ymax>
		</bndbox>
	</object>
	<object>
		<name>b7</name>
		<pose>Unspecified</pose>
		<truncated>0</truncated>
		<difficult>0</difficult>
		<bndbox>
			<xmin>221.6</xmin>
			<ymin>614.72</ymin>
			<xmax>253.6</xmax>
			<ymax>646.72</ymax>
		</bndbox>
	</object>
	<object>
		<name>b9</name>
		<pose>Unspecified</pose>
		<truncated>0</truncated>
		<difficult>0</difficult>
		<bndbox>
			<xmin>176.96</xmin>
			<ymin>594.56</ymin>
			<xmax>208.96</xmax>
			<ymax>626.56</ymax>
		</bndbox>
	</object>
	<object>
		<name>b7</name>
		<pose>Unspecified</pose>
		<truncated>0</truncated>
		<difficult>0</difficult>
		<bndbox>
			<xmin>192.8</xmin>
			<ymin>639.2</ymin>
			<xmax>224.8</xmax>
			<ymax>671.2</ymax>
		</bndbox>
	</object>
	<object>
		<name>b7</name>
		<pose>Unspecified</pose>
		<truncated>0</truncated>
		<difficult>0</difficult>
		<bndbox>
			<xmin>346.88</xmin>
			<ymin>627.68</ymin>
			<xmax>378.88</xmax>
			<ymax>659.68</ymax>
		</bndbox>
	</object>
	<object>
		<name>b7</name>
		<pose>Unspecified</pose>
		<truncated>0</truncated>
		<difficult>0</difficult>
		<bndbox>
			<xmin>341.12</xmin>
			<ymin>636.32</ymin>
			<xmax>373.12</xmax>
			<ymax>668.32</ymax>
		</bndbox>
	</object>
	<object>
		<name>b6</name>
		<pose>Unspecified</pose>
		<truncated>0</truncated>
		<difficult>0</difficult>
		<bndbox>
			<xmin>119.36</xmin>
			<ymin>614.72</ymin>
			<xmax>151.36</xmax>
			<ymax>646.72</ymax>
		</bndbox>
	</object>
	<object>
		<name>b8</name>
		<pose>Unspecified</pose>
		<truncated>0</truncated>
		<difficult>0</difficult>
		<bndbox>
			<xmin>267.392</xmin>
			<ymin>630.272</ymin>
			<xmax>299.392</xmax>
			<ymax>662.272</ymax>
		</bndbox>
	</object>
	<object>
		<name>b7</name>
		<pose>Unspecified</pose>
		<truncated>0</truncated>
		<difficult>0</difficult>
		<bndbox>
			<xmin>198.272</xmin>
			<ymin>632</ymin>
			<xmax>230.272</xmax>
			<ymax>664</ymax>
		</bndbox>
	</object>
	<object>
		<name>b4</name>
		<pose>Unspecified</pose>
		<truncated>0</truncated>
		<difficult>0</difficult>
		<bndbox>
			<xmin>110.144</xmin>
			<ymin>614.72</ymin>
			<xmax>142.144</xmax>
			<ymax>646.72</ymax>
		</bndbox>
	</object>
	<object>
		<name>b8</name>
		<pose>Unspecified</pose>
		<truncated>0</truncated>
		<difficult>0</difficult>
		<bndbox>
			<xmin>84.224</xmin>
			<ymin>436.736</ymin>
			<xmax>116.224</xmax>
			<ymax>468.736</ymax>
		</bndbox>
	</object>
	<object>
		<name>b8</name>
		<pose>Unspecified</pose>
		<truncated>0</truncated>
		<difficult>0</difficult>
		<bndbox>
			<xmin>54.5024</xmin>
			<ymin>581.197</ymin>
			<xmax>86.5024</xmax>
			<ymax>613.197</ymax>
		</bndbox>
	</object>
	<object>
		<name>b5</name>
		<pose>Unspecified</pose>
		<truncated>0</truncated>
		<difficult>0</difficult>
		<bndbox>
			<xmin>113.393</xmin>
			<ymin>613.545</ymin>
			<xmax>145.393</xmax>
			<ymax>645.545</ymax>
		</bndbox>
	</object>
	<object>
		<name>b7</name>
		<pose>Unspecified</pose>
		<truncated>0</truncated>
		<difficult>0</difficult>
		<bndbox>
			<xmin>277.622</xmin>
			<ymin>623.498</ymin>
			<xmax>309.622</xmax>
			<ymax>655.498</ymax>
		</bndbox>
	</object>
	<object>
		<name>b9</name>
		<pose>Unspecified</pose>
		<truncated>0</truncated>
		<difficult>0</difficult>
		<bndbox>
			<xmin>175.103</xmin>
			<ymin>602.099</ymin>
			<xmax>207.103</xmax>
			<ymax>634.099</ymax>
		</bndbox>
	</object>
	<object>
		<name>b8</name>
		<pose>Unspecified</pose>
		<truncated>0</truncated>
		<difficult>0</difficult>
		<bndbox>
			<xmin>270.655</xmin>
			<ymin>631.959</ymin>
			<xmax>302.655</xmax>
			<ymax>663.959</ymax>
		</bndbox>
	</object>
	<object>
		<name>b7</name>
		<pose>Unspecified</pose>
		<truncated>0</truncated>
		<difficult>0</difficult>
		<bndbox>
			<xmin>209.74</xmin>
			<ymin>636.139</ymin>
			<xmax>241.74</xmax>
			<ymax>668.139</ymax>
		</bndbox>
	</object>
</annotation>
