<annotation>
	<folder>VOC2007</folder>
	<filename>000345.jpg</filename>
	<source>
		<database>My Database</database>
		<annotation>VOC2007</annotation>
		<image>flickr</image>
		<flickrid>NULL</flickrid>
	</source>
	<owner>
		<flickrid>NULL</flickrid>
		<name>shaochunyan</name>
	</owner>
	<size>
		<width>720</width>
		<height>1280</height>
		<depth>3</depth>
	</size>
	<segmented>0</segmented>
	<object>
		<name>b8</name>
		<pose>Unspecified</pose>
		<truncated>0</truncated>
		<difficult>0</difficult>
		<bndbox>
			<xmin>600</xmin>
			<ymin>608</ymin>
			<xmax>632</xmax>
			<ymax>640</ymax>
		</bndbox>
	</object>
	<object>
		<name>g1</name>
		<pose>Unspecified</pose>
		<truncated>0</truncated>
		<difficult>0</difficult>
		<bndbox>
			<xmin>425</xmin>
			<ymin>631</ymin>
			<xmax>457</xmax>
			<ymax>663</ymax>
		</bndbox>
	</object>
	<object>
		<name>b6</name>
		<pose>Unspecified</pose>
		<truncated>0</truncated>
		<difficult>0</difficult>
		<bndbox>
			<xmin>609.2</xmin>
			<ymin>623.6</ymin>
			<xmax>641.2</xmax>
			<ymax>655.6</ymax>
		</bndbox>
	</object>
	<object>
		<name>b8</name>
		<pose>Unspecified</pose>
		<truncated>0</truncated>
		<difficult>0</difficult>
		<bndbox>
			<xmin>57.2</xmin>
			<ymin>594.8</ymin>
			<xmax>89.2</xmax>
			<ymax>626.8</ymax>
		</bndbox>
	</object>
	<object>
		<name>b9</name>
		<pose>Unspecified</pose>
		<truncated>0</truncated>
		<difficult>0</difficult>
		<bndbox>
			<xmin>520.4</xmin>
			<ymin>604.4</ymin>
			<xmax>552.4</xmax>
			<ymax>636.4</ymax>
		</bndbox>
	</object>
	<object>
		<name>b9</name>
		<pose>Unspecified</pose>
		<truncated>0</truncated>
		<difficult>0</difficult>
		<bndbox>
			<xmin>529.76</xmin>
			<ymin>558.56</ymin>
			<xmax>561.76</xmax>
			<ymax>590.56</ymax>
		</bndbox>
	</object>
	<object>
		<name>b10</name>
		<pose>Unspecified</pose>
		<truncated>0</truncated>
		<difficult>0</difficult>
		<bndbox>
			<xmin>554.24</xmin>
			<ymin>613.28</ymin>
			<xmax>586.24</xmax>
			<ymax>645.28</ymax>
		</bndbox>
	</object>
	<object>
		<name>b7</name>
		<pose>Unspecified</pose>
		<truncated>0</truncated>
		<difficult>0</difficult>
		<bndbox>
			<xmin>587.072</xmin>
			<ymin>628.544</ymin>
			<xmax>619.072</xmax>
			<ymax>660.544</ymax>
		</bndbox>
	</object>
	<object>
		<name>b7</name>
		<pose>Unspecified</pose>
		<truncated>0</truncated>
		<difficult>0</difficult>
		<bndbox>
			<xmin>492.032</xmin>
			<ymin>602.624</ymin>
			<xmax>524.032</xmax>
			<ymax>634.624</ymax>
		</bndbox>
	</object>
	<object>
		<name>b6</name>
		<pose>Unspecified</pose>
		<truncated>0</truncated>
		<difficult>0</difficult>
		<bndbox>
			<xmin>185.139</xmin>
			<ymin>510.694</ymin>
			<xmax>217.139</xmax>
			<ymax>542.694</ymax>
		</bndbox>
	</object>
	<object>
		<name>b6</name>
		<pose>Unspecified</pose>
		<truncated>0</truncated>
		<difficult>0</difficult>
		<bndbox>
			<xmin>523.136</xmin>
			<ymin>506.547</ymin>
			<xmax>555.136</xmax>
			<ymax>538.547</ymax>
		</bndbox>
	</object>
	<object>
		<name>b9</name>
		<pose>Unspecified</pose>
		<truncated>0</truncated>
		<difficult>0</difficult>
		<bndbox>
			<xmin>312.458</xmin>
			<ymin>578.709</ymin>
			<xmax>344.458</xmax>
			<ymax>610.709</ymax>
		</bndbox>
	</object>
	<object>
		<name>b9</name>
		<pose>Unspecified</pose>
		<truncated>0</truncated>
		<difficult>0</difficult>
		<bndbox>
			<xmin>222.879</xmin>
			<ymin>623.001</ymin>
			<xmax>254.879</xmax>
			<ymax>655.001</ymax>
		</bndbox>
	</object>
	<object>
		<name>g1</name>
		<pose>Unspecified</pose>
		<truncated>0</truncated>
		<difficult>0</difficult>
		<bndbox>
			<xmin>85.5235</xmin>
			<ymin>413.982</ymin>
			<xmax>117.523</xmax>
			<ymax>445.982</ymax>
		</bndbox>
	</object>
	<object>
		<name>b9</name>
		<pose>Unspecified</pose>
		<truncated>0</truncated>
		<difficult>0</difficult>
		<bndbox>
			<xmin>539.393</xmin>
			<ymin>593.141</ymin>
			<xmax>571.393</xmax>
			<ymax>625.141</ymax>
		</bndbox>
	</object>
	<object>
		<name>g1</name>
		<pose>Unspecified</pose>
		<truncated>0</truncated>
		<difficult>0</difficult>
		<bndbox>
			<xmin>269</xmin>
			<ymin>708</ymin>
			<xmax>301</xmax>
			<ymax>740</ymax>
		</bndbox>
	</object>
	<object>
		<name>b5</name>
		<pose>Unspecified</pose>
		<truncated>0</truncated>
		<difficult>0</difficult>
		<bndbox>
			<xmin>609</xmin>
			<ymin>625</ymin>
			<xmax>641</xmax>
			<ymax>657</ymax>
		</bndbox>
	</object>
	<object>
		<name>b7</name>
		<pose>Unspecified</pose>
		<truncated>0</truncated>
		<difficult>0</difficult>
		<bndbox>
			<xmin>533</xmin>
			<ymin>563</ymin>
			<xmax>565</xmax>
			<ymax>595</ymax>
		</bndbox>
	</object>
	<object>
		<name>b7</name>
		<pose>Unspecified</pose>
		<truncated>0</truncated>
		<difficult>0</difficult>
		<bndbox>
			<xmin>589</xmin>
			<ymin>630</ymin>
			<xmax>621</xmax>
			<ymax>662</ymax>
		</bndbox>
	</object>
	<object>
		<name>b6</name>
		<pose>Unspecified</pose>
		<truncated>0</truncated>
		<difficult>0</difficult>
		<bndbox>
			<xmin>245.6</xmin>
			<ymin>626</ymin>
			<xmax>277.6</xmax>
			<ymax>658</ymax>
		</bndbox>
	</object>
	<object>
		<name>b8</name>
		<pose>Unspecified</pose>
		<truncated>0</truncated>
		<difficult>0</difficult>
		<bndbox>
			<xmin>573.2</xmin>
			<ymin>537.2</ymin>
			<xmax>605.2</xmax>
			<ymax>569.2</ymax>
		</bndbox>
	</object>
	<object>
		<name>b6</name>
		<pose>Unspecified</pose>
		<truncated>0</truncated>
		<difficult>0</difficult>
		<bndbox>
			<xmin>609.2</xmin>
			<ymin>623.6</ymin>
			<xmax>641.2</xmax>
			<ymax>655.6</ymax>
		</bndbox>
	</object>
	<object>
		<name>b8</name>
		<pose>Unspecified</pose>
		<truncated>0</truncated>
		<difficult>0</difficult>
		<bndbox>
			<xmin>321.2</xmin>
			<ymin>563.6</ymin>
			<xmax>353.2</xmax>
			<ymax>595.6</ymax>
		</bndbox>
	</object>
	<object>
		<name>b9</name>
		<pose>Unspecified</pose>
		<truncated>0</truncated>
		<difficult>0</difficult>
		<bndbox>
			<xmin>547.04</xmin>
			<ymin>613.28</ymin>
			<xmax>579.04</xmax>
			<ymax>645.28</ymax>
		</bndbox>
	</object>
	<object>
		<name>b10</name>
		<pose>Unspecified</pose>
		<truncated>0</truncated>
		<difficult>0</difficult>
		<bndbox>
			<xmin>554.24</xmin>
			<ymin>613.28</ymin>
			<xmax>586.24</xmax>
			<ymax>645.28</ymax>
		</bndbox>
	</object>
	<object>
		<name>b8</name>
		<pose>Unspecified</pose>
		<truncated>0</truncated>
		<difficult>0</difficult>
		<bndbox>
			<xmin>320.96</xmin>
			<ymin>564.32</ymin>
			<xmax>352.96</xmax>
			<ymax>596.32</ymax>
		</bndbox>
	</object>
	<object>
		<name>b8</name>
		<pose>Unspecified</pose>
		<truncated>0</truncated>
		<difficult>0</difficult>
		<bndbox>
			<xmin>58.304</xmin>
			<ymin>595.712</ymin>
			<xmax>90.304</xmax>
			<ymax>627.712</ymax>
		</bndbox>
	</object>
	<object>
		<name>b6</name>
		<pose>Unspecified</pose>
		<truncated>0</truncated>
		<difficult>0</difficult>
		<bndbox>
			<xmin>339.968</xmin>
			<ymin>573.248</ymin>
			<xmax>371.968</xmax>
			<ymax>605.248</ymax>
		</bndbox>
	</object>
	<object>
		<name>b8</name>
		<pose>Unspecified</pose>
		<truncated>0</truncated>
		<difficult>0</difficult>
		<bndbox>
			<xmin>342.733</xmin>
			<ymin>608.154</ymin>
			<xmax>374.733</xmax>
			<ymax>640.154</ymax>
		</bndbox>
	</object>
	<object>
		<name>b6</name>
		<pose>Unspecified</pose>
		<truncated>0</truncated>
		<difficult>0</difficult>
		<bndbox>
			<xmin>521.063</xmin>
			<ymin>556.314</ymin>
			<xmax>553.063</xmax>
			<ymax>588.314</ymax>
		</bndbox>
	</object>
	<object>
		<name>b6</name>
		<pose>Unspecified</pose>
		<truncated>0</truncated>
		<difficult>0</difficult>
		<bndbox>
			<xmin>258.711</xmin>
			<ymin>628.973</ymin>
			<xmax>290.711</xmax>
			<ymax>660.973</ymax>
		</bndbox>
	</object>
	<object>
		<name>b8</name>
		<pose>Unspecified</pose>
		<truncated>0</truncated>
		<difficult>0</difficult>
		<bndbox>
			<xmin>363.22</xmin>
			<ymin>611.057</ymin>
			<xmax>395.22</xmax>
			<ymax>643.057</ymax>
		</bndbox>
	</object>
	<object>
		<name>g10</name>
		<pose>Unspecified</pose>
		<truncated>0</truncated>
		<difficult>0</difficult>
		<bndbox>
			<xmin>509.533</xmin>
			<ymin>527.449</ymin>
			<xmax>541.533</xmax>
			<ymax>559.449</ymax>
		</bndbox>
	</object>
	<object>
		<name>b6</name>
		<pose>Unspecified</pose>
		<truncated>0</truncated>
		<difficult>0</difficult>
		<bndbox>
			<xmin>521.477</xmin>
			<ymin>553.726</ymin>
			<xmax>553.477</xmax>
			<ymax>585.726</ymax>
		</bndbox>
	</object>
	<object>
		<name>b7</name>
		<pose>Unspecified</pose>
		<truncated>0</truncated>
		<difficult>0</difficult>
		<bndbox>
			<xmin>158</xmin>
			<ymin>530</ymin>
			<xmax>190</xmax>
			<ymax>562</ymax>
		</bndbox>
	</object>
	<object>
		<name>b9</name>
		<pose>Unspecified</pose>
		<truncated>0</truncated>
		<difficult>0</difficult>
		<bndbox>
			<xmin>547</xmin>
			<ymin>600</ymin>
			<xmax>579</xmax>
			<ymax>632</ymax>
		</bndbox>
	</object>
	<object>
		<name>b8</name>
		<pose>Unspecified</pose>
		<truncated>0</truncated>
		<difficult>0</difficult>
		<bndbox>
			<xmin>58</xmin>
			<ymin>595</ymin>
			<xmax>90</xmax>
			<ymax>627</ymax>
		</bndbox>
	</object>
	<object>
		<name>g1</name>
		<pose>Unspecified</pose>
		<truncated>0</truncated>
		<difficult>0</difficult>
		<bndbox>
			<xmin>83</xmin>
			<ymin>413</ymin>
			<xmax>115</xmax>
			<ymax>445</ymax>
		</bndbox>
	</object>
	<object>
		<name>b6</name>
		<pose>Unspecified</pose>
		<truncated>0</truncated>
		<difficult>0</difficult>
		<bndbox>
			<xmin>191</xmin>
			<ymin>499</ymin>
			<xmax>223</xmax>
			<ymax>531</ymax>
		</bndbox>
	</object>
	<object>
		<name>b8</name>
		<pose>Unspecified</pose>
		<truncated>0</truncated>
		<difficult>0</difficult>
		<bndbox>
			<xmin>507.2</xmin>
			<ymin>604.4</ymin>
			<xmax>539.2</xmax>
			<ymax>636.4</ymax>
		</bndbox>
	</object>
	<object>
		<name>b8</name>
		<pose>Unspecified</pose>
		<truncated>0</truncated>
		<difficult>0</difficult>
		<bndbox>
			<xmin>321.2</xmin>
			<ymin>563.6</ymin>
			<xmax>353.2</xmax>
			<ymax>595.6</ymax>
		</bndbox>
	</object>
	<object>
		<name>b9</name>
		<pose>Unspecified</pose>
		<truncated>0</truncated>
		<difficult>0</difficult>
		<bndbox>
			<xmin>547.04</xmin>
			<ymin>613.28</ymin>
			<xmax>579.04</xmax>
			<ymax>645.28</ymax>
		</bndbox>
	</object>
	<object>
		<name>b8</name>
		<pose>Unspecified</pose>
		<truncated>0</truncated>
		<difficult>0</difficult>
		<bndbox>
			<xmin>655.04</xmin>
			<ymin>584.48</ymin>
			<xmax>687.04</xmax>
			<ymax>616.48</ymax>
		</bndbox>
	</object>
	<object>
		<name>b8</name>
		<pose>Unspecified</pose>
		<truncated>0</truncated>
		<difficult>0</difficult>
		<bndbox>
			<xmin>521.12</xmin>
			<ymin>604.64</ymin>
			<xmax>553.12</xmax>
			<ymax>636.64</ymax>
		</bndbox>
	</object>
	<object>
		<name>b8</name>
		<pose>Unspecified</pose>
		<truncated>0</truncated>
		<difficult>0</difficult>
		<bndbox>
			<xmin>320.96</xmin>
			<ymin>564.32</ymin>
			<xmax>352.96</xmax>
			<ymax>596.32</ymax>
		</bndbox>
	</object>
	<object>
		<name>g1</name>
		<pose>Unspecified</pose>
		<truncated>0</truncated>
		<difficult>0</difficult>
		<bndbox>
			<xmin>179.84</xmin>
			<ymin>439.04</ymin>
			<xmax>211.84</xmax>
			<ymax>471.04</ymax>
		</bndbox>
	</object>
	<object>
		<name>b8</name>
		<pose>Unspecified</pose>
		<truncated>0</truncated>
		<difficult>0</difficult>
		<bndbox>
			<xmin>253.28</xmin>
			<ymin>463.52</ymin>
			<xmax>285.28</xmax>
			<ymax>495.52</ymax>
		</bndbox>
	</object>
	<object>
		<name>b5</name>
		<pose>Unspecified</pose>
		<truncated>0</truncated>
		<difficult>0</difficult>
		<bndbox>
			<xmin>263.36</xmin>
			<ymin>475.04</ymin>
			<xmax>295.36</xmax>
			<ymax>507.04</ymax>
		</bndbox>
	</object>
	<object>
		<name>b5</name>
		<pose>Unspecified</pose>
		<truncated>0</truncated>
		<difficult>0</difficult>
		<bndbox>
			<xmin>221.6</xmin>
			<ymin>459.2</ymin>
			<xmax>253.6</xmax>
			<ymax>491.2</ymax>
		</bndbox>
	</object>
	<object>
		<name>b8</name>
		<pose>Unspecified</pose>
		<truncated>0</truncated>
		<difficult>0</difficult>
		<bndbox>
			<xmin>186.176</xmin>
			<ymin>473.024</ymin>
			<xmax>218.176</xmax>
			<ymax>505.024</ymax>
		</bndbox>
	</object>
	<object>
		<name>b8</name>
		<pose>Unspecified</pose>
		<truncated>0</truncated>
		<difficult>0</difficult>
		<bndbox>
			<xmin>229.376</xmin>
			<ymin>462.656</ymin>
			<xmax>261.376</xmax>
			<ymax>494.656</ymax>
		</bndbox>
	</object>
	<object>
		<name>b7</name>
		<pose>Unspecified</pose>
		<truncated>0</truncated>
		<difficult>0</difficult>
		<bndbox>
			<xmin>338.24</xmin>
			<ymin>628.544</ymin>
			<xmax>370.24</xmax>
			<ymax>660.544</ymax>
		</bndbox>
	</object>
	<object>
		<name>b8</name>
		<pose>Unspecified</pose>
		<truncated>0</truncated>
		<difficult>0</difficult>
		<bndbox>
			<xmin>573.248</xmin>
			<ymin>536.96</ymin>
			<xmax>605.248</xmax>
			<ymax>568.96</ymax>
		</bndbox>
	</object>
	<object>
		<name>b5</name>
		<pose>Unspecified</pose>
		<truncated>0</truncated>
		<difficult>0</difficult>
		<bndbox>
			<xmin>65.216</xmin>
			<ymin>497.216</ymin>
			<xmax>97.216</xmax>
			<ymax>529.216</ymax>
		</bndbox>
	</object>
	<object>
		<name>b8</name>
		<pose>Unspecified</pose>
		<truncated>0</truncated>
		<difficult>0</difficult>
		<bndbox>
			<xmin>527.283</xmin>
			<ymin>560.461</ymin>
			<xmax>559.283</xmax>
			<ymax>592.461</ymax>
		</bndbox>
	</object>
	<object>
		<name>b8</name>
		<pose>Unspecified</pose>
		<truncated>0</truncated>
		<difficult>0</difficult>
		<bndbox>
			<xmin>313.702</xmin>
			<ymin>535.578</ymin>
			<xmax>345.702</xmax>
			<ymax>567.578</ymax>
		</bndbox>
	</object>
	<object>
		<name>b8</name>
		<pose>Unspecified</pose>
		<truncated>0</truncated>
		<difficult>0</difficult>
		<bndbox>
			<xmin>521.477</xmin>
			<ymin>556.314</ymin>
			<xmax>553.477</xmax>
			<ymax>588.314</ymax>
		</bndbox>
	</object>
	<object>
		<name>b2</name>
		<pose>Unspecified</pose>
		<truncated>0</truncated>
		<difficult>0</difficult>
		<bndbox>
			<xmin>191.825</xmin>
			<ymin>453.397</ymin>
			<xmax>223.825</xmax>
			<ymax>485.397</ymax>
		</bndbox>
	</object>
</annotation>
