<annotation>
	<folder>VOC2007</folder>
	<filename>000423.jpg</filename>
	<source>
		<database>My Database</database>
		<annotation>VOC2007</annotation>
		<image>flickr</image>
		<flickrid>NULL</flickrid>
	</source>
	<owner>
		<flickrid>NULL</flickrid>
		<name>shaochunyan</name>
	</owner>
	<size>
		<width>720</width>
		<height>1280</height>
		<depth>3</depth>
	</size>
	<segmented>0</segmented>
	<object>
		<name>b9</name>
		<pose>Unspecified</pose>
		<truncated>0</truncated>
		<difficult>0</difficult>
		<bndbox>
			<xmin>75</xmin>
			<ymin>477</ymin>
			<xmax>107</xmax>
			<ymax>509</ymax>
		</bndbox>
	</object>
	<object>
		<name>b10</name>
		<pose>Unspecified</pose>
		<truncated>0</truncated>
		<difficult>0</difficult>
		<bndbox>
			<xmin>155</xmin>
			<ymin>530</ymin>
			<xmax>187</xmax>
			<ymax>562</ymax>
		</bndbox>
	</object>
	<object>
		<name>b8</name>
		<pose>Unspecified</pose>
		<truncated>0</truncated>
		<difficult>0</difficult>
		<bndbox>
			<xmin>54</xmin>
			<ymin>518</ymin>
			<xmax>86</xmax>
			<ymax>550</ymax>
		</bndbox>
	</object>
	<object>
		<name>g1</name>
		<pose>Unspecified</pose>
		<truncated>0</truncated>
		<difficult>0</difficult>
		<bndbox>
			<xmin>172</xmin>
			<ymin>616</ymin>
			<xmax>204</xmax>
			<ymax>648</ymax>
		</bndbox>
	</object>
	<object>
		<name>b9</name>
		<pose>Unspecified</pose>
		<truncated>0</truncated>
		<difficult>0</difficult>
		<bndbox>
			<xmin>447.2</xmin>
			<ymin>570.8</ymin>
			<xmax>479.2</xmax>
			<ymax>602.8</ymax>
		</bndbox>
	</object>
	<object>
		<name>b9</name>
		<pose>Unspecified</pose>
		<truncated>0</truncated>
		<difficult>0</difficult>
		<bndbox>
			<xmin>208.4</xmin>
			<ymin>533.6</ymin>
			<xmax>240.4</xmax>
			<ymax>565.6</ymax>
		</bndbox>
	</object>
	<object>
		<name>b8</name>
		<pose>Unspecified</pose>
		<truncated>0</truncated>
		<difficult>0</difficult>
		<bndbox>
			<xmin>444.8</xmin>
			<ymin>569.6</ymin>
			<xmax>476.8</xmax>
			<ymax>601.6</ymax>
		</bndbox>
	</object>
	<object>
		<name>b7</name>
		<pose>Unspecified</pose>
		<truncated>0</truncated>
		<difficult>0</difficult>
		<bndbox>
			<xmin>244.4</xmin>
			<ymin>532.4</ymin>
			<xmax>276.4</xmax>
			<ymax>564.4</ymax>
		</bndbox>
	</object>
	<object>
		<name>b10</name>
		<pose>Unspecified</pose>
		<truncated>0</truncated>
		<difficult>0</difficult>
		<bndbox>
			<xmin>441.92</xmin>
			<ymin>542.72</ymin>
			<xmax>473.92</xmax>
			<ymax>574.72</ymax>
		</bndbox>
	</object>
	<object>
		<name>b8</name>
		<pose>Unspecified</pose>
		<truncated>0</truncated>
		<difficult>0</difficult>
		<bndbox>
			<xmin>63.2</xmin>
			<ymin>521.12</ymin>
			<xmax>95.2</xmax>
			<ymax>553.12</ymax>
		</bndbox>
	</object>
	<object>
		<name>b10</name>
		<pose>Unspecified</pose>
		<truncated>0</truncated>
		<difficult>0</difficult>
		<bndbox>
			<xmin>175.52</xmin>
			<ymin>532.64</ymin>
			<xmax>207.52</xmax>
			<ymax>564.64</ymax>
		</bndbox>
	</object>
	<object>
		<name>b8</name>
		<pose>Unspecified</pose>
		<truncated>0</truncated>
		<difficult>0</difficult>
		<bndbox>
			<xmin>61.76</xmin>
			<ymin>525.44</ymin>
			<xmax>93.76</xmax>
			<ymax>557.44</ymax>
		</bndbox>
	</object>
	<object>
		<name>b9</name>
		<pose>Unspecified</pose>
		<truncated>0</truncated>
		<difficult>0</difficult>
		<bndbox>
			<xmin>284.96</xmin>
			<ymin>535.52</ymin>
			<xmax>316.96</xmax>
			<ymax>567.52</ymax>
		</bndbox>
	</object>
	<object>
		<name>b10</name>
		<pose>Unspecified</pose>
		<truncated>0</truncated>
		<difficult>0</difficult>
		<bndbox>
			<xmin>49.664</xmin>
			<ymin>429.824</ymin>
			<xmax>81.664</xmax>
			<ymax>461.824</ymax>
		</bndbox>
	</object>
	<object>
		<name>b10</name>
		<pose>Unspecified</pose>
		<truncated>0</truncated>
		<difficult>0</difficult>
		<bndbox>
			<xmin>37.568</xmin>
			<ymin>512.768</ymin>
			<xmax>69.568</xmax>
			<ymax>544.768</ymax>
		</bndbox>
	</object>
	<object>
		<name>b9</name>
		<pose>Unspecified</pose>
		<truncated>0</truncated>
		<difficult>0</difficult>
		<bndbox>
			<xmin>207.949</xmin>
			<ymin>533.504</ymin>
			<xmax>239.949</xmax>
			<ymax>565.504</ymax>
		</bndbox>
	</object>
	<object>
		<name>b9</name>
		<pose>Unspecified</pose>
		<truncated>0</truncated>
		<difficult>0</difficult>
		<bndbox>
			<xmin>446.413</xmin>
			<ymin>560.461</ymin>
			<xmax>478.413</xmax>
			<ymax>592.461</ymax>
		</bndbox>
	</object>
	<object>
		<name>b10</name>
		<pose>Unspecified</pose>
		<truncated>0</truncated>
		<difficult>0</difficult>
		<bndbox>
			<xmin>388.352</xmin>
			<ymin>253.568</ymin>
			<xmax>420.352</xmax>
			<ymax>285.568</ymax>
		</bndbox>
	</object>
	<object>
		<name>b10</name>
		<pose>Unspecified</pose>
		<truncated>0</truncated>
		<difficult>0</difficult>
		<bndbox>
			<xmin>321.997</xmin>
			<ymin>533.504</ymin>
			<xmax>353.997</xmax>
			<ymax>565.504</ymax>
		</bndbox>
	</object>
	<object>
		<name>b9</name>
		<pose>Unspecified</pose>
		<truncated>0</truncated>
		<difficult>0</difficult>
		<bndbox>
			<xmin>280.11</xmin>
			<ymin>531.431</ymin>
			<xmax>312.11</xmax>
			<ymax>563.431</ymax>
		</bndbox>
	</object>
	<object>
		<name>b10</name>
		<pose>Unspecified</pose>
		<truncated>0</truncated>
		<difficult>0</difficult>
		<bndbox>
			<xmin>406.815</xmin>
			<ymin>245.572</ymin>
			<xmax>438.815</xmax>
			<ymax>277.572</ymax>
		</bndbox>
	</object>
	<object>
		<name>b6</name>
		<pose>Unspecified</pose>
		<truncated>0</truncated>
		<difficult>0</difficult>
		<bndbox>
			<xmin>285</xmin>
			<ymin>536</ymin>
			<xmax>317</xmax>
			<ymax>568</ymax>
		</bndbox>
	</object>
	<object>
		<name>b9</name>
		<pose>Unspecified</pose>
		<truncated>0</truncated>
		<difficult>0</difficult>
		<bndbox>
			<xmin>75</xmin>
			<ymin>477</ymin>
			<xmax>107</xmax>
			<ymax>509</ymax>
		</bndbox>
	</object>
	<object>
		<name>b7</name>
		<pose>Unspecified</pose>
		<truncated>0</truncated>
		<difficult>0</difficult>
		<bndbox>
			<xmin>304</xmin>
			<ymin>534</ymin>
			<xmax>336</xmax>
			<ymax>566</ymax>
		</bndbox>
	</object>
	<object>
		<name>g1</name>
		<pose>Unspecified</pose>
		<truncated>0</truncated>
		<difficult>0</difficult>
		<bndbox>
			<xmin>244</xmin>
			<ymin>532</ymin>
			<xmax>276</xmax>
			<ymax>564</ymax>
		</bndbox>
	</object>
	<object>
		<name>b7</name>
		<pose>Unspecified</pose>
		<truncated>0</truncated>
		<difficult>0</difficult>
		<bndbox>
			<xmin>330</xmin>
			<ymin>532</ymin>
			<xmax>362</xmax>
			<ymax>564</ymax>
		</bndbox>
	</object>
	<object>
		<name>b8</name>
		<pose>Unspecified</pose>
		<truncated>0</truncated>
		<difficult>0</difficult>
		<bndbox>
			<xmin>42.8</xmin>
			<ymin>515.6</ymin>
			<xmax>74.8</xmax>
			<ymax>547.6</ymax>
		</bndbox>
	</object>
	<object>
		<name>b8</name>
		<pose>Unspecified</pose>
		<truncated>0</truncated>
		<difficult>0</difficult>
		<bndbox>
			<xmin>30.8</xmin>
			<ymin>513.2</ymin>
			<xmax>62.8</xmax>
			<ymax>545.2</ymax>
		</bndbox>
	</object>
	<object>
		<name>b9</name>
		<pose>Unspecified</pose>
		<truncated>0</truncated>
		<difficult>0</difficult>
		<bndbox>
			<xmin>59.6</xmin>
			<ymin>522.8</ymin>
			<xmax>91.6</xmax>
			<ymax>554.8</ymax>
		</bndbox>
	</object>
	<object>
		<name>b6</name>
		<pose>Unspecified</pose>
		<truncated>0</truncated>
		<difficult>0</difficult>
		<bndbox>
			<xmin>285.2</xmin>
			<ymin>536</ymin>
			<xmax>317.2</xmax>
			<ymax>568</ymax>
		</bndbox>
	</object>
	<object>
		<name>b7</name>
		<pose>Unspecified</pose>
		<truncated>0</truncated>
		<difficult>0</difficult>
		<bndbox>
			<xmin>202.4</xmin>
			<ymin>532.4</ymin>
			<xmax>234.4</xmax>
			<ymax>564.4</ymax>
		</bndbox>
	</object>
	<object>
		<name>g1</name>
		<pose>Unspecified</pose>
		<truncated>0</truncated>
		<difficult>0</difficult>
		<bndbox>
			<xmin>248</xmin>
			<ymin>531.2</ymin>
			<xmax>280</xmax>
			<ymax>563.2</ymax>
		</bndbox>
	</object>
	<object>
		<name>b8</name>
		<pose>Unspecified</pose>
		<truncated>0</truncated>
		<difficult>0</difficult>
		<bndbox>
			<xmin>219.2</xmin>
			<ymin>533.6</ymin>
			<xmax>251.2</xmax>
			<ymax>565.6</ymax>
		</bndbox>
	</object>
	<object>
		<name>g1</name>
		<pose>Unspecified</pose>
		<truncated>0</truncated>
		<difficult>0</difficult>
		<bndbox>
			<xmin>244.4</xmin>
			<ymin>532.4</ymin>
			<xmax>276.4</xmax>
			<ymax>564.4</ymax>
		</bndbox>
	</object>
	<object>
		<name>b9</name>
		<pose>Unspecified</pose>
		<truncated>0</truncated>
		<difficult>0</difficult>
		<bndbox>
			<xmin>441.92</xmin>
			<ymin>542.72</ymin>
			<xmax>473.92</xmax>
			<ymax>574.72</ymax>
		</bndbox>
	</object>
	<object>
		<name>b10</name>
		<pose>Unspecified</pose>
		<truncated>0</truncated>
		<difficult>0</difficult>
		<bndbox>
			<xmin>453.44</xmin>
			<ymin>548.48</ymin>
			<xmax>485.44</xmax>
			<ymax>580.48</ymax>
		</bndbox>
	</object>
	<object>
		<name>b6</name>
		<pose>Unspecified</pose>
		<truncated>0</truncated>
		<difficult>0</difficult>
		<bndbox>
			<xmin>316.64</xmin>
			<ymin>535.52</ymin>
			<xmax>348.64</xmax>
			<ymax>567.52</ymax>
		</bndbox>
	</object>
	<object>
		<name>b7</name>
		<pose>Unspecified</pose>
		<truncated>0</truncated>
		<difficult>0</difficult>
		<bndbox>
			<xmin>189.92</xmin>
			<ymin>535.52</ymin>
			<xmax>221.92</xmax>
			<ymax>567.52</ymax>
		</bndbox>
	</object>
	<object>
		<name>b7</name>
		<pose>Unspecified</pose>
		<truncated>0</truncated>
		<difficult>0</difficult>
		<bndbox>
			<xmin>266.24</xmin>
			<ymin>531.2</ymin>
			<xmax>298.24</xmax>
			<ymax>563.2</ymax>
		</bndbox>
	</object>
	<object>
		<name>b7</name>
		<pose>Unspecified</pose>
		<truncated>0</truncated>
		<difficult>0</difficult>
		<bndbox>
			<xmin>201.44</xmin>
			<ymin>532.64</ymin>
			<xmax>233.44</xmax>
			<ymax>564.64</ymax>
		</bndbox>
	</object>
	<object>
		<name>b9</name>
		<pose>Unspecified</pose>
		<truncated>0</truncated>
		<difficult>0</difficult>
		<bndbox>
			<xmin>47.936</xmin>
			<ymin>516.224</ymin>
			<xmax>79.936</xmax>
			<ymax>548.224</ymax>
		</bndbox>
	</object>
	<object>
		<name>b6</name>
		<pose>Unspecified</pose>
		<truncated>0</truncated>
		<difficult>0</difficult>
		<bndbox>
			<xmin>213.824</xmin>
			<ymin>533.504</ymin>
			<xmax>245.824</xmax>
			<ymax>565.504</ymax>
		</bndbox>
	</object>
	<object>
		<name>b7</name>
		<pose>Unspecified</pose>
		<truncated>0</truncated>
		<difficult>0</difficult>
		<bndbox>
			<xmin>309.555</xmin>
			<ymin>531.43</ymin>
			<xmax>341.555</xmax>
			<ymax>563.43</ymax>
		</bndbox>
	</object>
	<object>
		<name>b7</name>
		<pose>Unspecified</pose>
		<truncated>0</truncated>
		<difficult>0</difficult>
		<bndbox>
			<xmin>199.654</xmin>
			<ymin>531.43</ymin>
			<xmax>231.654</xmax>
			<ymax>563.43</ymax>
		</bndbox>
	</object>
	<object>
		<name>b5</name>
		<pose>Unspecified</pose>
		<truncated>0</truncated>
		<difficult>0</difficult>
		<bndbox>
			<xmin>332.365</xmin>
			<ymin>527.283</ymin>
			<xmax>364.365</xmax>
			<ymax>559.283</ymax>
		</bndbox>
	</object>
	<object>
		<name>b7</name>
		<pose>Unspecified</pose>
		<truncated>0</truncated>
		<difficult>0</difficult>
		<bndbox>
			<xmin>321.997</xmin>
			<ymin>533.504</ymin>
			<xmax>353.997</xmax>
			<ymax>565.504</ymax>
		</bndbox>
	</object>
	<object>
		<name>b9</name>
		<pose>Unspecified</pose>
		<truncated>0</truncated>
		<difficult>0</difficult>
		<bndbox>
			<xmin>441.851</xmin>
			<ymin>548.849</ymin>
			<xmax>473.851</xmax>
			<ymax>580.849</ymax>
		</bndbox>
	</object>
	<object>
		<name>b6</name>
		<pose>Unspecified</pose>
		<truncated>0</truncated>
		<difficult>0</difficult>
		<bndbox>
			<xmin>272.645</xmin>
			<ymin>531.431</ymin>
			<xmax>304.645</xmax>
			<ymax>563.431</ymax>
		</bndbox>
	</object>
	<object>
		<name>b10</name>
		<pose>Unspecified</pose>
		<truncated>0</truncated>
		<difficult>0</difficult>
		<bndbox>
			<xmin>354.262</xmin>
			<ymin>422.94</ymin>
			<xmax>386.262</xmax>
			<ymax>454.94</ymax>
		</bndbox>
	</object>
	<object>
		<name>b6</name>
		<pose>Unspecified</pose>
		<truncated>0</truncated>
		<difficult>0</difficult>
		<bndbox>
			<xmin>279.612</xmin>
			<ymin>533.421</ymin>
			<xmax>311.612</xmax>
			<ymax>565.421</ymax>
		</bndbox>
	</object>
	<object>
		<name>b8</name>
		<pose>Unspecified</pose>
		<truncated>0</truncated>
		<difficult>0</difficult>
		<bndbox>
			<xmin>184.658</xmin>
			<ymin>532.227</ymin>
			<xmax>216.658</xmax>
			<ymax>564.227</ymax>
		</bndbox>
	</object>
	<object>
		<name>b5</name>
		<pose>Unspecified</pose>
		<truncated>0</truncated>
		<difficult>0</difficult>
		<bndbox>
			<xmin>292.154</xmin>
			<ymin>532.227</ymin>
			<xmax>324.154</xmax>
			<ymax>564.227</ymax>
		</bndbox>
	</object>
	<object>
		<name>b6</name>
		<pose>Unspecified</pose>
		<truncated>0</truncated>
		<difficult>0</difficult>
		<bndbox>
			<xmin>306.486</xmin>
			<ymin>532.227</ymin>
			<xmax>338.486</xmax>
			<ymax>564.227</ymax>
		</bndbox>
	</object>
	<object>
		<name>b9</name>
		<pose>Unspecified</pose>
		<truncated>0</truncated>
		<difficult>0</difficult>
		<bndbox>
			<xmin>445</xmin>
			<ymin>548</ymin>
			<xmax>477</xmax>
			<ymax>580</ymax>
		</bndbox>
	</object>
	<object>
		<name>b9</name>
		<pose>Unspecified</pose>
		<truncated>0</truncated>
		<difficult>0</difficult>
		<bndbox>
			<xmin>453</xmin>
			<ymin>541</ymin>
			<xmax>485</xmax>
			<ymax>573</ymax>
		</bndbox>
	</object>
	<object>
		<name>b5</name>
		<pose>Unspecified</pose>
		<truncated>0</truncated>
		<difficult>0</difficult>
		<bndbox>
			<xmin>623</xmin>
			<ymin>665</ymin>
			<xmax>655</xmax>
			<ymax>697</ymax>
		</bndbox>
	</object>
	<object>
		<name>b8</name>
		<pose>Unspecified</pose>
		<truncated>0</truncated>
		<difficult>0</difficult>
		<bndbox>
			<xmin>155</xmin>
			<ymin>530</ymin>
			<xmax>187</xmax>
			<ymax>562</ymax>
		</bndbox>
	</object>
	<object>
		<name>b8</name>
		<pose>Unspecified</pose>
		<truncated>0</truncated>
		<difficult>0</difficult>
		<bndbox>
			<xmin>304</xmin>
			<ymin>534</ymin>
			<xmax>336</xmax>
			<ymax>566</ymax>
		</bndbox>
	</object>
	<object>
		<name>b4</name>
		<pose>Unspecified</pose>
		<truncated>0</truncated>
		<difficult>0</difficult>
		<bndbox>
			<xmin>244</xmin>
			<ymin>532</ymin>
			<xmax>276</xmax>
			<ymax>564</ymax>
		</bndbox>
	</object>
	<object>
		<name>b8</name>
		<pose>Unspecified</pose>
		<truncated>0</truncated>
		<difficult>0</difficult>
		<bndbox>
			<xmin>330</xmin>
			<ymin>532</ymin>
			<xmax>362</xmax>
			<ymax>564</ymax>
		</bndbox>
	</object>
	<object>
		<name>b6</name>
		<pose>Unspecified</pose>
		<truncated>0</truncated>
		<difficult>0</difficult>
		<bndbox>
			<xmin>63.2</xmin>
			<ymin>521.6</ymin>
			<xmax>95.2</xmax>
			<ymax>553.6</ymax>
		</bndbox>
	</object>
	<object>
		<name>b6</name>
		<pose>Unspecified</pose>
		<truncated>0</truncated>
		<difficult>0</difficult>
		<bndbox>
			<xmin>47.6</xmin>
			<ymin>515.6</ymin>
			<xmax>79.6</xmax>
			<ymax>547.6</ymax>
		</bndbox>
	</object>
	<object>
		<name>b2</name>
		<pose>Unspecified</pose>
		<truncated>0</truncated>
		<difficult>0</difficult>
		<bndbox>
			<xmin>88.4</xmin>
			<ymin>532.4</ymin>
			<xmax>120.4</xmax>
			<ymax>564.4</ymax>
		</bndbox>
	</object>
	<object>
		<name>b6</name>
		<pose>Unspecified</pose>
		<truncated>0</truncated>
		<difficult>0</difficult>
		<bndbox>
			<xmin>59.6</xmin>
			<ymin>522.8</ymin>
			<xmax>91.6</xmax>
			<ymax>554.8</ymax>
		</bndbox>
	</object>
	<object>
		<name>b8</name>
		<pose>Unspecified</pose>
		<truncated>0</truncated>
		<difficult>0</difficult>
		<bndbox>
			<xmin>315.2</xmin>
			<ymin>534.8</ymin>
			<xmax>347.2</xmax>
			<ymax>566.8</ymax>
		</bndbox>
	</object>
	<object>
		<name>b4</name>
		<pose>Unspecified</pose>
		<truncated>0</truncated>
		<difficult>0</difficult>
		<bndbox>
			<xmin>101.6</xmin>
			<ymin>534.8</ymin>
			<xmax>133.6</xmax>
			<ymax>566.8</ymax>
		</bndbox>
	</object>
	<object>
		<name>b7</name>
		<pose>Unspecified</pose>
		<truncated>0</truncated>
		<difficult>0</difficult>
		<bndbox>
			<xmin>202.4</xmin>
			<ymin>532.4</ymin>
			<xmax>234.4</xmax>
			<ymax>564.4</ymax>
		</bndbox>
	</object>
	<object>
		<name>b4</name>
		<pose>Unspecified</pose>
		<truncated>0</truncated>
		<difficult>0</difficult>
		<bndbox>
			<xmin>248</xmin>
			<ymin>531.2</ymin>
			<xmax>280</xmax>
			<ymax>563.2</ymax>
		</bndbox>
	</object>
	<object>
		<name>b8</name>
		<pose>Unspecified</pose>
		<truncated>0</truncated>
		<difficult>0</difficult>
		<bndbox>
			<xmin>219.2</xmin>
			<ymin>533.6</ymin>
			<xmax>251.2</xmax>
			<ymax>565.6</ymax>
		</bndbox>
	</object>
	<object>
		<name>b8</name>
		<pose>Unspecified</pose>
		<truncated>0</truncated>
		<difficult>0</difficult>
		<bndbox>
			<xmin>459.2</xmin>
			<ymin>542</ymin>
			<xmax>491.2</xmax>
			<ymax>574</ymax>
		</bndbox>
	</object>
	<object>
		<name>b8</name>
		<pose>Unspecified</pose>
		<truncated>0</truncated>
		<difficult>0</difficult>
		<bndbox>
			<xmin>32.96</xmin>
			<ymin>512.48</ymin>
			<xmax>64.96</xmax>
			<ymax>544.48</ymax>
		</bndbox>
	</object>
	<object>
		<name>b6</name>
		<pose>Unspecified</pose>
		<truncated>0</truncated>
		<difficult>0</difficult>
		<bndbox>
			<xmin>63.2</xmin>
			<ymin>521.12</ymin>
			<xmax>95.2</xmax>
			<ymax>553.12</ymax>
		</bndbox>
	</object>
	<object>
		<name>b6</name>
		<pose>Unspecified</pose>
		<truncated>0</truncated>
		<difficult>0</difficult>
		<bndbox>
			<xmin>189.92</xmin>
			<ymin>535.52</ymin>
			<xmax>221.92</xmax>
			<ymax>567.52</ymax>
		</bndbox>
	</object>
	<object>
		<name>b8</name>
		<pose>Unspecified</pose>
		<truncated>0</truncated>
		<difficult>0</difficult>
		<bndbox>
			<xmin>175.52</xmin>
			<ymin>532.64</ymin>
			<xmax>207.52</xmax>
			<ymax>564.64</ymax>
		</bndbox>
	</object>
	<object>
		<name>b8</name>
		<pose>Unspecified</pose>
		<truncated>0</truncated>
		<difficult>0</difficult>
		<bndbox>
			<xmin>158.24</xmin>
			<ymin>529.76</ymin>
			<xmax>190.24</xmax>
			<ymax>561.76</ymax>
		</bndbox>
	</object>
	<object>
		<name>b6</name>
		<pose>Unspecified</pose>
		<truncated>0</truncated>
		<difficult>0</difficult>
		<bndbox>
			<xmin>61.76</xmin>
			<ymin>525.44</ymin>
			<xmax>93.76</xmax>
			<ymax>557.44</ymax>
		</bndbox>
	</object>
	<object>
		<name>b8</name>
		<pose>Unspecified</pose>
		<truncated>0</truncated>
		<difficult>0</difficult>
		<bndbox>
			<xmin>284.96</xmin>
			<ymin>535.52</ymin>
			<xmax>316.96</xmax>
			<ymax>567.52</ymax>
		</bndbox>
	</object>
	<object>
		<name>b7</name>
		<pose>Unspecified</pose>
		<truncated>0</truncated>
		<difficult>0</difficult>
		<bndbox>
			<xmin>266.24</xmin>
			<ymin>531.2</ymin>
			<xmax>298.24</xmax>
			<ymax>563.2</ymax>
		</bndbox>
	</object>
	<object>
		<name>b7</name>
		<pose>Unspecified</pose>
		<truncated>0</truncated>
		<difficult>0</difficult>
		<bndbox>
			<xmin>201.44</xmin>
			<ymin>532.64</ymin>
			<xmax>233.44</xmax>
			<ymax>564.64</ymax>
		</bndbox>
	</object>
	<object>
		<name>b8</name>
		<pose>Unspecified</pose>
		<truncated>0</truncated>
		<difficult>0</difficult>
		<bndbox>
			<xmin>37.568</xmin>
			<ymin>512.768</ymin>
			<xmax>69.568</xmax>
			<ymax>544.768</ymax>
		</bndbox>
	</object>
	<object>
		<name>b9</name>
		<pose>Unspecified</pose>
		<truncated>0</truncated>
		<difficult>0</difficult>
		<bndbox>
			<xmin>454.016</xmin>
			<ymin>542.144</ymin>
			<xmax>486.016</xmax>
			<ymax>574.144</ymax>
		</bndbox>
	</object>
	<object>
		<name>b8</name>
		<pose>Unspecified</pose>
		<truncated>0</truncated>
		<difficult>0</difficult>
		<bndbox>
			<xmin>167.168</xmin>
			<ymin>528.32</ymin>
			<xmax>199.168</xmax>
			<ymax>560.32</ymax>
		</bndbox>
	</object>
	<object>
		<name>b2</name>
		<pose>Unspecified</pose>
		<truncated>0</truncated>
		<difficult>0</difficult>
		<bndbox>
			<xmin>87.68</xmin>
			<ymin>531.776</ymin>
			<xmax>119.68</xmax>
			<ymax>563.776</ymax>
		</bndbox>
	</object>
	<object>
		<name>b6</name>
		<pose>Unspecified</pose>
		<truncated>0</truncated>
		<difficult>0</difficult>
		<bndbox>
			<xmin>213.824</xmin>
			<ymin>533.504</ymin>
			<xmax>245.824</xmax>
			<ymax>565.504</ymax>
		</bndbox>
	</object>
	<object>
		<name>b9</name>
		<pose>Unspecified</pose>
		<truncated>0</truncated>
		<difficult>0</difficult>
		<bndbox>
			<xmin>444.339</xmin>
			<ymin>543.872</ymin>
			<xmax>476.339</xmax>
			<ymax>575.872</ymax>
		</bndbox>
	</object>
	<object>
		<name>b7</name>
		<pose>Unspecified</pose>
		<truncated>0</truncated>
		<difficult>0</difficult>
		<bndbox>
			<xmin>266.01</xmin>
			<ymin>529.357</ymin>
			<xmax>298.01</xmax>
			<ymax>561.357</ymax>
		</bndbox>
	</object>
	<object>
		<name>b7</name>
		<pose>Unspecified</pose>
		<truncated>0</truncated>
		<difficult>0</difficult>
		<bndbox>
			<xmin>199.654</xmin>
			<ymin>531.43</ymin>
			<xmax>231.654</xmax>
			<ymax>563.43</ymax>
		</bndbox>
	</object>
	<object>
		<name>b4</name>
		<pose>Unspecified</pose>
		<truncated>0</truncated>
		<difficult>0</difficult>
		<bndbox>
			<xmin>102.195</xmin>
			<ymin>533.504</ymin>
			<xmax>134.195</xmax>
			<ymax>565.504</ymax>
		</bndbox>
	</object>
	<object>
		<name>b8</name>
		<pose>Unspecified</pose>
		<truncated>0</truncated>
		<difficult>0</difficult>
		<bndbox>
			<xmin>332.365</xmin>
			<ymin>526.454</ymin>
			<xmax>364.365</xmax>
			<ymax>558.454</ymax>
		</bndbox>
	</object>
	<object>
		<name>b2</name>
		<pose>Unspecified</pose>
		<truncated>0</truncated>
		<difficult>0</difficult>
		<bndbox>
			<xmin>88.5095</xmin>
			<ymin>531.431</ymin>
			<xmax>120.509</xmax>
			<ymax>563.431</ymax>
		</bndbox>
	</object>
	<object>
		<name>b9</name>
		<pose>Unspecified</pose>
		<truncated>0</truncated>
		<difficult>0</difficult>
		<bndbox>
			<xmin>95.9744</xmin>
			<ymin>466.734</ymin>
			<xmax>127.974</xmax>
			<ymax>498.734</ymax>
		</bndbox>
	</object>
	<object>
		<name>b10</name>
		<pose>Unspecified</pose>
		<truncated>0</truncated>
		<difficult>0</difficult>
		<bndbox>
			<xmin>342.318</xmin>
			<ymin>425.926</ymin>
			<xmax>374.318</xmax>
			<ymax>457.926</ymax>
		</bndbox>
	</object>
	<object>
		<name>b7</name>
		<pose>Unspecified</pose>
		<truncated>0</truncated>
		<difficult>0</difficult>
		<bndbox>
			<xmin>154.201</xmin>
			<ymin>524.463</ymin>
			<xmax>186.201</xmax>
			<ymax>556.463</ymax>
		</bndbox>
	</object>
	<object>
		<name>b7</name>
		<pose>Unspecified</pose>
		<truncated>0</truncated>
		<difficult>0</difficult>
		<bndbox>
			<xmin>279.612</xmin>
			<ymin>533.421</ymin>
			<xmax>311.612</xmax>
			<ymax>565.421</ymax>
		</bndbox>
	</object>
	<object>
		<name>b7</name>
		<pose>Unspecified</pose>
		<truncated>0</truncated>
		<difficult>0</difficult>
		<bndbox>
			<xmin>184.658</xmin>
			<ymin>532.227</ymin>
			<xmax>216.658</xmax>
			<ymax>564.227</ymax>
		</bndbox>
	</object>
	<object>
		<name>b7</name>
		<pose>Unspecified</pose>
		<truncated>0</truncated>
		<difficult>0</difficult>
		<bndbox>
			<xmin>292.154</xmin>
			<ymin>532.227</ymin>
			<xmax>324.154</xmax>
			<ymax>564.227</ymax>
		</bndbox>
	</object>
</annotation>
