<annotation>
	<folder>VOC2007</folder>
	<filename>000434.jpg</filename>
	<source>
		<database>My Database</database>
		<annotation>VOC2007</annotation>
		<image>flickr</image>
		<flickrid>NULL</flickrid>
	</source>
	<owner>
		<flickrid>NULL</flickrid>
		<name>shaochunyan</name>
	</owner>
	<size>
		<width>720</width>
		<height>1280</height>
		<depth>3</depth>
	</size>
	<segmented>0</segmented>
	<object>
		<name>b9</name>
		<pose>Unspecified</pose>
		<truncated>0</truncated>
		<difficult>0</difficult>
		<bndbox>
			<xmin>384</xmin>
			<ymin>445</ymin>
			<xmax>416</xmax>
			<ymax>477</ymax>
		</bndbox>
	</object>
	<object>
		<name>b4</name>
		<pose>Unspecified</pose>
		<truncated>0</truncated>
		<difficult>0</difficult>
		<bndbox>
			<xmin>341</xmin>
			<ymin>558</ymin>
			<xmax>373</xmax>
			<ymax>590</ymax>
		</bndbox>
	</object>
	<object>
		<name>b8</name>
		<pose>Unspecified</pose>
		<truncated>0</truncated>
		<difficult>0</difficult>
		<bndbox>
			<xmin>29</xmin>
			<ymin>510</ymin>
			<xmax>61</xmax>
			<ymax>542</ymax>
		</bndbox>
	</object>
	<object>
		<name>b8</name>
		<pose>Unspecified</pose>
		<truncated>0</truncated>
		<difficult>0</difficult>
		<bndbox>
			<xmin>198</xmin>
			<ymin>559</ymin>
			<xmax>230</xmax>
			<ymax>591</ymax>
		</bndbox>
	</object>
	<object>
		<name>b8</name>
		<pose>Unspecified</pose>
		<truncated>0</truncated>
		<difficult>0</difficult>
		<bndbox>
			<xmin>239</xmin>
			<ymin>559</ymin>
			<xmax>271</xmax>
			<ymax>591</ymax>
		</bndbox>
	</object>
	<object>
		<name>b8</name>
		<pose>Unspecified</pose>
		<truncated>0</truncated>
		<difficult>0</difficult>
		<bndbox>
			<xmin>34.4</xmin>
			<ymin>510.8</ymin>
			<xmax>66.4</xmax>
			<ymax>542.8</ymax>
		</bndbox>
	</object>
	<object>
		<name>b8</name>
		<pose>Unspecified</pose>
		<truncated>0</truncated>
		<difficult>0</difficult>
		<bndbox>
			<xmin>32</xmin>
			<ymin>509.6</ymin>
			<xmax>64</xmax>
			<ymax>541.6</ymax>
		</bndbox>
	</object>
	<object>
		<name>b9</name>
		<pose>Unspecified</pose>
		<truncated>0</truncated>
		<difficult>0</difficult>
		<bndbox>
			<xmin>66.8</xmin>
			<ymin>466.4</ymin>
			<xmax>98.8</xmax>
			<ymax>498.4</ymax>
		</bndbox>
	</object>
	<object>
		<name>b8</name>
		<pose>Unspecified</pose>
		<truncated>0</truncated>
		<difficult>0</difficult>
		<bndbox>
			<xmin>486.8</xmin>
			<ymin>552.8</ymin>
			<xmax>518.8</xmax>
			<ymax>584.8</ymax>
		</bndbox>
	</object>
	<object>
		<name>b4</name>
		<pose>Unspecified</pose>
		<truncated>0</truncated>
		<difficult>0</difficult>
		<bndbox>
			<xmin>329.6</xmin>
			<ymin>557.6</ymin>
			<xmax>361.6</xmax>
			<ymax>589.6</ymax>
		</bndbox>
	</object>
	<object>
		<name>b4</name>
		<pose>Unspecified</pose>
		<truncated>0</truncated>
		<difficult>0</difficult>
		<bndbox>
			<xmin>308</xmin>
			<ymin>557.6</ymin>
			<xmax>340</xmax>
			<ymax>589.6</ymax>
		</bndbox>
	</object>
	<object>
		<name>b5</name>
		<pose>Unspecified</pose>
		<truncated>0</truncated>
		<difficult>0</difficult>
		<bndbox>
			<xmin>338</xmin>
			<ymin>556.4</ymin>
			<xmax>370</xmax>
			<ymax>588.4</ymax>
		</bndbox>
	</object>
	<object>
		<name>b8</name>
		<pose>Unspecified</pose>
		<truncated>0</truncated>
		<difficult>0</difficult>
		<bndbox>
			<xmin>363.2</xmin>
			<ymin>450.8</ymin>
			<xmax>395.2</xmax>
			<ymax>482.8</ymax>
		</bndbox>
	</object>
	<object>
		<name>b8</name>
		<pose>Unspecified</pose>
		<truncated>0</truncated>
		<difficult>0</difficult>
		<bndbox>
			<xmin>238.4</xmin>
			<ymin>558.8</ymin>
			<xmax>270.4</xmax>
			<ymax>590.8</ymax>
		</bndbox>
	</object>
	<object>
		<name>b6</name>
		<pose>Unspecified</pose>
		<truncated>0</truncated>
		<difficult>0</difficult>
		<bndbox>
			<xmin>80</xmin>
			<ymin>549.2</ymin>
			<xmax>112</xmax>
			<ymax>581.2</ymax>
		</bndbox>
	</object>
	<object>
		<name>b8</name>
		<pose>Unspecified</pose>
		<truncated>0</truncated>
		<difficult>0</difficult>
		<bndbox>
			<xmin>194</xmin>
			<ymin>557.6</ymin>
			<xmax>226</xmax>
			<ymax>589.6</ymax>
		</bndbox>
	</object>
	<object>
		<name>b9</name>
		<pose>Unspecified</pose>
		<truncated>0</truncated>
		<difficult>0</difficult>
		<bndbox>
			<xmin>486.56</xmin>
			<ymin>564.32</ymin>
			<xmax>518.56</xmax>
			<ymax>596.32</ymax>
		</bndbox>
	</object>
	<object>
		<name>b7</name>
		<pose>Unspecified</pose>
		<truncated>0</truncated>
		<difficult>0</difficult>
		<bndbox>
			<xmin>68.96</xmin>
			<ymin>547.04</ymin>
			<xmax>100.96</xmax>
			<ymax>579.04</ymax>
		</bndbox>
	</object>
	<object>
		<name>b10</name>
		<pose>Unspecified</pose>
		<truncated>0</truncated>
		<difficult>0</difficult>
		<bndbox>
			<xmin>404.48</xmin>
			<ymin>280.64</ymin>
			<xmax>436.48</xmax>
			<ymax>312.64</ymax>
		</bndbox>
	</object>
	<object>
		<name>b5</name>
		<pose>Unspecified</pose>
		<truncated>0</truncated>
		<difficult>0</difficult>
		<bndbox>
			<xmin>336.8</xmin>
			<ymin>555.68</ymin>
			<xmax>368.8</xmax>
			<ymax>587.68</ymax>
		</bndbox>
	</object>
	<object>
		<name>b8</name>
		<pose>Unspecified</pose>
		<truncated>0</truncated>
		<difficult>0</difficult>
		<bndbox>
			<xmin>486.56</xmin>
			<ymin>552.8</ymin>
			<xmax>518.56</xmax>
			<ymax>584.8</ymax>
		</bndbox>
	</object>
	<object>
		<name>b6</name>
		<pose>Unspecified</pose>
		<truncated>0</truncated>
		<difficult>0</difficult>
		<bndbox>
			<xmin>84.8</xmin>
			<ymin>552.8</ymin>
			<xmax>116.8</xmax>
			<ymax>584.8</ymax>
		</bndbox>
	</object>
	<object>
		<name>b4</name>
		<pose>Unspecified</pose>
		<truncated>0</truncated>
		<difficult>0</difficult>
		<bndbox>
			<xmin>325.28</xmin>
			<ymin>560</ymin>
			<xmax>357.28</xmax>
			<ymax>592</ymax>
		</bndbox>
	</object>
	<object>
		<name>b7</name>
		<pose>Unspecified</pose>
		<truncated>0</truncated>
		<difficult>0</difficult>
		<bndbox>
			<xmin>68.672</xmin>
			<ymin>545.6</ymin>
			<xmax>100.672</xmax>
			<ymax>577.6</ymax>
		</bndbox>
	</object>
	<object>
		<name>b5</name>
		<pose>Unspecified</pose>
		<truncated>0</truncated>
		<difficult>0</difficult>
		<bndbox>
			<xmin>343.424</xmin>
			<ymin>557.696</ymin>
			<xmax>375.424</xmax>
			<ymax>589.696</ymax>
		</bndbox>
	</object>
	<object>
		<name>b7</name>
		<pose>Unspecified</pose>
		<truncated>0</truncated>
		<difficult>0</difficult>
		<bndbox>
			<xmin>360.704</xmin>
			<ymin>454.016</ymin>
			<xmax>392.704</xmax>
			<ymax>486.016</ymax>
		</bndbox>
	</object>
	<object>
		<name>b4</name>
		<pose>Unspecified</pose>
		<truncated>0</truncated>
		<difficult>0</difficult>
		<bndbox>
			<xmin>314.048</xmin>
			<ymin>559.424</ymin>
			<xmax>346.048</xmax>
			<ymax>591.424</ymax>
		</bndbox>
	</object>
	<object>
		<name>b7</name>
		<pose>Unspecified</pose>
		<truncated>0</truncated>
		<difficult>0</difficult>
		<bndbox>
			<xmin>248.384</xmin>
			<ymin>559.424</ymin>
			<xmax>280.384</xmax>
			<ymax>591.424</ymax>
		</bndbox>
	</object>
	<object>
		<name>b4</name>
		<pose>Unspecified</pose>
		<truncated>0</truncated>
		<difficult>0</difficult>
		<bndbox>
			<xmin>293.312</xmin>
			<ymin>555.968</ymin>
			<xmax>325.312</xmax>
			<ymax>587.968</ymax>
		</bndbox>
	</object>
	<object>
		<name>b7</name>
		<pose>Unspecified</pose>
		<truncated>0</truncated>
		<difficult>0</difficult>
		<bndbox>
			<xmin>75.2384</xmin>
			<ymin>545.946</ymin>
			<xmax>107.238</xmax>
			<ymax>577.946</ymax>
		</bndbox>
	</object>
	<object>
		<name>b5</name>
		<pose>Unspecified</pose>
		<truncated>0</truncated>
		<difficult>0</difficult>
		<bndbox>
			<xmin>336.512</xmin>
			<ymin>554.24</ymin>
			<xmax>368.512</xmax>
			<ymax>586.24</ymax>
		</bndbox>
	</object>
	<object>
		<name>b4</name>
		<pose>Unspecified</pose>
		<truncated>0</truncated>
		<difficult>0</difficult>
		<bndbox>
			<xmin>313.702</xmin>
			<ymin>558.387</ymin>
			<xmax>345.702</xmax>
			<ymax>590.387</ymax>
		</bndbox>
	</object>
	<object>
		<name>b5</name>
		<pose>Unspecified</pose>
		<truncated>0</truncated>
		<difficult>0</difficult>
		<bndbox>
			<xmin>344.806</xmin>
			<ymin>556.314</ymin>
			<xmax>376.806</xmax>
			<ymax>588.314</ymax>
		</bndbox>
	</object>
	<object>
		<name>b9</name>
		<pose>Unspecified</pose>
		<truncated>0</truncated>
		<difficult>0</difficult>
		<bndbox>
			<xmin>71.0912</xmin>
			<ymin>454.293</ymin>
			<xmax>103.091</xmax>
			<ymax>486.293</ymax>
		</bndbox>
	</object>
	<object>
		<name>b8</name>
		<pose>Unspecified</pose>
		<truncated>0</truncated>
		<difficult>0</difficult>
		<bndbox>
			<xmin>491.617</xmin>
			<ymin>543.872</ymin>
			<xmax>523.617</xmax>
			<ymax>575.872</ymax>
		</bndbox>
	</object>
	<object>
		<name>b4</name>
		<pose>Unspecified</pose>
		<truncated>0</truncated>
		<difficult>0</difficult>
		<bndbox>
			<xmin>304.993</xmin>
			<ymin>556.314</ymin>
			<xmax>336.993</xmax>
			<ymax>588.314</ymax>
		</bndbox>
	</object>
	<object>
		<name>b4</name>
		<pose>Unspecified</pose>
		<truncated>0</truncated>
		<difficult>0</difficult>
		<bndbox>
			<xmin>312.458</xmin>
			<ymin>558.802</ymin>
			<xmax>344.458</xmax>
			<ymax>590.802</ymax>
		</bndbox>
	</object>
	<object>
		<name>b5</name>
		<pose>Unspecified</pose>
		<truncated>0</truncated>
		<difficult>0</difficult>
		<bndbox>
			<xmin>354.262</xmin>
			<ymin>554.323</ymin>
			<xmax>386.262</xmax>
			<ymax>586.323</ymax>
		</bndbox>
	</object>
	<object>
		<name>b9</name>
		<pose>Unspecified</pose>
		<truncated>0</truncated>
		<difficult>0</difficult>
		<bndbox>
			<xmin>485.645</xmin>
			<ymin>560.295</ymin>
			<xmax>517.645</xmax>
			<ymax>592.295</ymax>
		</bndbox>
	</object>
	<object>
		<name>b9</name>
		<pose>Unspecified</pose>
		<truncated>0</truncated>
		<difficult>0</difficult>
		<bndbox>
			<xmin>177.492</xmin>
			<ymin>553.726</ymin>
			<xmax>209.492</xmax>
			<ymax>585.726</ymax>
		</bndbox>
	</object>
	<object>
		<name>b7</name>
		<pose>Unspecified</pose>
		<truncated>0</truncated>
		<difficult>0</difficult>
		<bndbox>
			<xmin>360.234</xmin>
			<ymin>453.397</ymin>
			<xmax>392.234</xmax>
			<ymax>485.397</ymax>
		</bndbox>
	</object>
	<object>
		<name>b9</name>
		<pose>Unspecified</pose>
		<truncated>0</truncated>
		<difficult>0</difficult>
		<bndbox>
			<xmin>384</xmin>
			<ymin>445</ymin>
			<xmax>416</xmax>
			<ymax>477</ymax>
		</bndbox>
	</object>
	<object>
		<name>b4</name>
		<pose>Unspecified</pose>
		<truncated>0</truncated>
		<difficult>0</difficult>
		<bndbox>
			<xmin>341</xmin>
			<ymin>558</ymin>
			<xmax>373</xmax>
			<ymax>590</ymax>
		</bndbox>
	</object>
	<object>
		<name>b8</name>
		<pose>Unspecified</pose>
		<truncated>0</truncated>
		<difficult>0</difficult>
		<bndbox>
			<xmin>29</xmin>
			<ymin>510</ymin>
			<xmax>61</xmax>
			<ymax>542</ymax>
		</bndbox>
	</object>
	<object>
		<name>b8</name>
		<pose>Unspecified</pose>
		<truncated>0</truncated>
		<difficult>0</difficult>
		<bndbox>
			<xmin>198</xmin>
			<ymin>559</ymin>
			<xmax>230</xmax>
			<ymax>591</ymax>
		</bndbox>
	</object>
	<object>
		<name>b8</name>
		<pose>Unspecified</pose>
		<truncated>0</truncated>
		<difficult>0</difficult>
		<bndbox>
			<xmin>239</xmin>
			<ymin>559</ymin>
			<xmax>271</xmax>
			<ymax>591</ymax>
		</bndbox>
	</object>
	<object>
		<name>b8</name>
		<pose>Unspecified</pose>
		<truncated>0</truncated>
		<difficult>0</difficult>
		<bndbox>
			<xmin>34.4</xmin>
			<ymin>510.8</ymin>
			<xmax>66.4</xmax>
			<ymax>542.8</ymax>
		</bndbox>
	</object>
	<object>
		<name>b8</name>
		<pose>Unspecified</pose>
		<truncated>0</truncated>
		<difficult>0</difficult>
		<bndbox>
			<xmin>32</xmin>
			<ymin>509.6</ymin>
			<xmax>64</xmax>
			<ymax>541.6</ymax>
		</bndbox>
	</object>
	<object>
		<name>b9</name>
		<pose>Unspecified</pose>
		<truncated>0</truncated>
		<difficult>0</difficult>
		<bndbox>
			<xmin>66.8</xmin>
			<ymin>466.4</ymin>
			<xmax>98.8</xmax>
			<ymax>498.4</ymax>
		</bndbox>
	</object>
	<object>
		<name>b8</name>
		<pose>Unspecified</pose>
		<truncated>0</truncated>
		<difficult>0</difficult>
		<bndbox>
			<xmin>486.8</xmin>
			<ymin>552.8</ymin>
			<xmax>518.8</xmax>
			<ymax>584.8</ymax>
		</bndbox>
	</object>
	<object>
		<name>b4</name>
		<pose>Unspecified</pose>
		<truncated>0</truncated>
		<difficult>0</difficult>
		<bndbox>
			<xmin>329.6</xmin>
			<ymin>557.6</ymin>
			<xmax>361.6</xmax>
			<ymax>589.6</ymax>
		</bndbox>
	</object>
	<object>
		<name>b4</name>
		<pose>Unspecified</pose>
		<truncated>0</truncated>
		<difficult>0</difficult>
		<bndbox>
			<xmin>308</xmin>
			<ymin>557.6</ymin>
			<xmax>340</xmax>
			<ymax>589.6</ymax>
		</bndbox>
	</object>
	<object>
		<name>b5</name>
		<pose>Unspecified</pose>
		<truncated>0</truncated>
		<difficult>0</difficult>
		<bndbox>
			<xmin>338</xmin>
			<ymin>556.4</ymin>
			<xmax>370</xmax>
			<ymax>588.4</ymax>
		</bndbox>
	</object>
	<object>
		<name>b8</name>
		<pose>Unspecified</pose>
		<truncated>0</truncated>
		<difficult>0</difficult>
		<bndbox>
			<xmin>363.2</xmin>
			<ymin>450.8</ymin>
			<xmax>395.2</xmax>
			<ymax>482.8</ymax>
		</bndbox>
	</object>
	<object>
		<name>b8</name>
		<pose>Unspecified</pose>
		<truncated>0</truncated>
		<difficult>0</difficult>
		<bndbox>
			<xmin>238.4</xmin>
			<ymin>558.8</ymin>
			<xmax>270.4</xmax>
			<ymax>590.8</ymax>
		</bndbox>
	</object>
	<object>
		<name>b6</name>
		<pose>Unspecified</pose>
		<truncated>0</truncated>
		<difficult>0</difficult>
		<bndbox>
			<xmin>80</xmin>
			<ymin>549.2</ymin>
			<xmax>112</xmax>
			<ymax>581.2</ymax>
		</bndbox>
	</object>
	<object>
		<name>b8</name>
		<pose>Unspecified</pose>
		<truncated>0</truncated>
		<difficult>0</difficult>
		<bndbox>
			<xmin>194</xmin>
			<ymin>557.6</ymin>
			<xmax>226</xmax>
			<ymax>589.6</ymax>
		</bndbox>
	</object>
	<object>
		<name>b9</name>
		<pose>Unspecified</pose>
		<truncated>0</truncated>
		<difficult>0</difficult>
		<bndbox>
			<xmin>486.56</xmin>
			<ymin>564.32</ymin>
			<xmax>518.56</xmax>
			<ymax>596.32</ymax>
		</bndbox>
	</object>
	<object>
		<name>b7</name>
		<pose>Unspecified</pose>
		<truncated>0</truncated>
		<difficult>0</difficult>
		<bndbox>
			<xmin>68.96</xmin>
			<ymin>547.04</ymin>
			<xmax>100.96</xmax>
			<ymax>579.04</ymax>
		</bndbox>
	</object>
	<object>
		<name>b10</name>
		<pose>Unspecified</pose>
		<truncated>0</truncated>
		<difficult>0</difficult>
		<bndbox>
			<xmin>404.48</xmin>
			<ymin>280.64</ymin>
			<xmax>436.48</xmax>
			<ymax>312.64</ymax>
		</bndbox>
	</object>
	<object>
		<name>b5</name>
		<pose>Unspecified</pose>
		<truncated>0</truncated>
		<difficult>0</difficult>
		<bndbox>
			<xmin>336.8</xmin>
			<ymin>555.68</ymin>
			<xmax>368.8</xmax>
			<ymax>587.68</ymax>
		</bndbox>
	</object>
	<object>
		<name>b8</name>
		<pose>Unspecified</pose>
		<truncated>0</truncated>
		<difficult>0</difficult>
		<bndbox>
			<xmin>486.56</xmin>
			<ymin>552.8</ymin>
			<xmax>518.56</xmax>
			<ymax>584.8</ymax>
		</bndbox>
	</object>
	<object>
		<name>b6</name>
		<pose>Unspecified</pose>
		<truncated>0</truncated>
		<difficult>0</difficult>
		<bndbox>
			<xmin>84.8</xmin>
			<ymin>552.8</ymin>
			<xmax>116.8</xmax>
			<ymax>584.8</ymax>
		</bndbox>
	</object>
	<object>
		<name>b4</name>
		<pose>Unspecified</pose>
		<truncated>0</truncated>
		<difficult>0</difficult>
		<bndbox>
			<xmin>325.28</xmin>
			<ymin>560</ymin>
			<xmax>357.28</xmax>
			<ymax>592</ymax>
		</bndbox>
	</object>
	<object>
		<name>b7</name>
		<pose>Unspecified</pose>
		<truncated>0</truncated>
		<difficult>0</difficult>
		<bndbox>
			<xmin>68.672</xmin>
			<ymin>545.6</ymin>
			<xmax>100.672</xmax>
			<ymax>577.6</ymax>
		</bndbox>
	</object>
	<object>
		<name>b5</name>
		<pose>Unspecified</pose>
		<truncated>0</truncated>
		<difficult>0</difficult>
		<bndbox>
			<xmin>343.424</xmin>
			<ymin>557.696</ymin>
			<xmax>375.424</xmax>
			<ymax>589.696</ymax>
		</bndbox>
	</object>
	<object>
		<name>b7</name>
		<pose>Unspecified</pose>
		<truncated>0</truncated>
		<difficult>0</difficult>
		<bndbox>
			<xmin>360.704</xmin>
			<ymin>454.016</ymin>
			<xmax>392.704</xmax>
			<ymax>486.016</ymax>
		</bndbox>
	</object>
	<object>
		<name>b4</name>
		<pose>Unspecified</pose>
		<truncated>0</truncated>
		<difficult>0</difficult>
		<bndbox>
			<xmin>314.048</xmin>
			<ymin>559.424</ymin>
			<xmax>346.048</xmax>
			<ymax>591.424</ymax>
		</bndbox>
	</object>
	<object>
		<name>b7</name>
		<pose>Unspecified</pose>
		<truncated>0</truncated>
		<difficult>0</difficult>
		<bndbox>
			<xmin>248.384</xmin>
			<ymin>559.424</ymin>
			<xmax>280.384</xmax>
			<ymax>591.424</ymax>
		</bndbox>
	</object>
	<object>
		<name>b4</name>
		<pose>Unspecified</pose>
		<truncated>0</truncated>
		<difficult>0</difficult>
		<bndbox>
			<xmin>293.312</xmin>
			<ymin>555.968</ymin>
			<xmax>325.312</xmax>
			<ymax>587.968</ymax>
		</bndbox>
	</object>
	<object>
		<name>b7</name>
		<pose>Unspecified</pose>
		<truncated>0</truncated>
		<difficult>0</difficult>
		<bndbox>
			<xmin>75.2384</xmin>
			<ymin>545.946</ymin>
			<xmax>107.238</xmax>
			<ymax>577.946</ymax>
		</bndbox>
	</object>
	<object>
		<name>b5</name>
		<pose>Unspecified</pose>
		<truncated>0</truncated>
		<difficult>0</difficult>
		<bndbox>
			<xmin>336.512</xmin>
			<ymin>554.24</ymin>
			<xmax>368.512</xmax>
			<ymax>586.24</ymax>
		</bndbox>
	</object>
	<object>
		<name>b4</name>
		<pose>Unspecified</pose>
		<truncated>0</truncated>
		<difficult>0</difficult>
		<bndbox>
			<xmin>313.702</xmin>
			<ymin>558.387</ymin>
			<xmax>345.702</xmax>
			<ymax>590.387</ymax>
		</bndbox>
	</object>
	<object>
		<name>b5</name>
		<pose>Unspecified</pose>
		<truncated>0</truncated>
		<difficult>0</difficult>
		<bndbox>
			<xmin>344.806</xmin>
			<ymin>556.314</ymin>
			<xmax>376.806</xmax>
			<ymax>588.314</ymax>
		</bndbox>
	</object>
	<object>
		<name>b9</name>
		<pose>Unspecified</pose>
		<truncated>0</truncated>
		<difficult>0</difficult>
		<bndbox>
			<xmin>71.0912</xmin>
			<ymin>454.293</ymin>
			<xmax>103.091</xmax>
			<ymax>486.293</ymax>
		</bndbox>
	</object>
	<object>
		<name>b8</name>
		<pose>Unspecified</pose>
		<truncated>0</truncated>
		<difficult>0</difficult>
		<bndbox>
			<xmin>491.617</xmin>
			<ymin>543.872</ymin>
			<xmax>523.617</xmax>
			<ymax>575.872</ymax>
		</bndbox>
	</object>
	<object>
		<name>b4</name>
		<pose>Unspecified</pose>
		<truncated>0</truncated>
		<difficult>0</difficult>
		<bndbox>
			<xmin>304.993</xmin>
			<ymin>556.314</ymin>
			<xmax>336.993</xmax>
			<ymax>588.314</ymax>
		</bndbox>
	</object>
	<object>
		<name>b4</name>
		<pose>Unspecified</pose>
		<truncated>0</truncated>
		<difficult>0</difficult>
		<bndbox>
			<xmin>312.458</xmin>
			<ymin>558.802</ymin>
			<xmax>344.458</xmax>
			<ymax>590.802</ymax>
		</bndbox>
	</object>
	<object>
		<name>b5</name>
		<pose>Unspecified</pose>
		<truncated>0</truncated>
		<difficult>0</difficult>
		<bndbox>
			<xmin>354.262</xmin>
			<ymin>554.323</ymin>
			<xmax>386.262</xmax>
			<ymax>586.323</ymax>
		</bndbox>
	</object>
	<object>
		<name>b9</name>
		<pose>Unspecified</pose>
		<truncated>0</truncated>
		<difficult>0</difficult>
		<bndbox>
			<xmin>485.645</xmin>
			<ymin>560.295</ymin>
			<xmax>517.645</xmax>
			<ymax>592.295</ymax>
		</bndbox>
	</object>
	<object>
		<name>b9</name>
		<pose>Unspecified</pose>
		<truncated>0</truncated>
		<difficult>0</difficult>
		<bndbox>
			<xmin>177.492</xmin>
			<ymin>553.726</ymin>
			<xmax>209.492</xmax>
			<ymax>585.726</ymax>
		</bndbox>
	</object>
	<object>
		<name>b7</name>
		<pose>Unspecified</pose>
		<truncated>0</truncated>
		<difficult>0</difficult>
		<bndbox>
			<xmin>360.234</xmin>
			<ymin>453.397</ymin>
			<xmax>392.234</xmax>
			<ymax>485.397</ymax>
		</bndbox>
	</object>
	<object>
		<name>b9</name>
		<pose>Unspecified</pose>
		<truncated>0</truncated>
		<difficult>0</difficult>
		<bndbox>
			<xmin>384</xmin>
			<ymin>445</ymin>
			<xmax>416</xmax>
			<ymax>477</ymax>
		</bndbox>
	</object>
	<object>
		<name>b4</name>
		<pose>Unspecified</pose>
		<truncated>0</truncated>
		<difficult>0</difficult>
		<bndbox>
			<xmin>341</xmin>
			<ymin>558</ymin>
			<xmax>373</xmax>
			<ymax>590</ymax>
		</bndbox>
	</object>
	<object>
		<name>b8</name>
		<pose>Unspecified</pose>
		<truncated>0</truncated>
		<difficult>0</difficult>
		<bndbox>
			<xmin>29</xmin>
			<ymin>510</ymin>
			<xmax>61</xmax>
			<ymax>542</ymax>
		</bndbox>
	</object>
	<object>
		<name>b8</name>
		<pose>Unspecified</pose>
		<truncated>0</truncated>
		<difficult>0</difficult>
		<bndbox>
			<xmin>198</xmin>
			<ymin>559</ymin>
			<xmax>230</xmax>
			<ymax>591</ymax>
		</bndbox>
	</object>
	<object>
		<name>b8</name>
		<pose>Unspecified</pose>
		<truncated>0</truncated>
		<difficult>0</difficult>
		<bndbox>
			<xmin>239</xmin>
			<ymin>559</ymin>
			<xmax>271</xmax>
			<ymax>591</ymax>
		</bndbox>
	</object>
	<object>
		<name>b8</name>
		<pose>Unspecified</pose>
		<truncated>0</truncated>
		<difficult>0</difficult>
		<bndbox>
			<xmin>34.4</xmin>
			<ymin>510.8</ymin>
			<xmax>66.4</xmax>
			<ymax>542.8</ymax>
		</bndbox>
	</object>
	<object>
		<name>b8</name>
		<pose>Unspecified</pose>
		<truncated>0</truncated>
		<difficult>0</difficult>
		<bndbox>
			<xmin>32</xmin>
			<ymin>509.6</ymin>
			<xmax>64</xmax>
			<ymax>541.6</ymax>
		</bndbox>
	</object>
	<object>
		<name>b9</name>
		<pose>Unspecified</pose>
		<truncated>0</truncated>
		<difficult>0</difficult>
		<bndbox>
			<xmin>66.8</xmin>
			<ymin>466.4</ymin>
			<xmax>98.8</xmax>
			<ymax>498.4</ymax>
		</bndbox>
	</object>
	<object>
		<name>b8</name>
		<pose>Unspecified</pose>
		<truncated>0</truncated>
		<difficult>0</difficult>
		<bndbox>
			<xmin>486.8</xmin>
			<ymin>552.8</ymin>
			<xmax>518.8</xmax>
			<ymax>584.8</ymax>
		</bndbox>
	</object>
	<object>
		<name>b4</name>
		<pose>Unspecified</pose>
		<truncated>0</truncated>
		<difficult>0</difficult>
		<bndbox>
			<xmin>329.6</xmin>
			<ymin>557.6</ymin>
			<xmax>361.6</xmax>
			<ymax>589.6</ymax>
		</bndbox>
	</object>
	<object>
		<name>b4</name>
		<pose>Unspecified</pose>
		<truncated>0</truncated>
		<difficult>0</difficult>
		<bndbox>
			<xmin>308</xmin>
			<ymin>557.6</ymin>
			<xmax>340</xmax>
			<ymax>589.6</ymax>
		</bndbox>
	</object>
	<object>
		<name>b5</name>
		<pose>Unspecified</pose>
		<truncated>0</truncated>
		<difficult>0</difficult>
		<bndbox>
			<xmin>338</xmin>
			<ymin>556.4</ymin>
			<xmax>370</xmax>
			<ymax>588.4</ymax>
		</bndbox>
	</object>
	<object>
		<name>b8</name>
		<pose>Unspecified</pose>
		<truncated>0</truncated>
		<difficult>0</difficult>
		<bndbox>
			<xmin>363.2</xmin>
			<ymin>450.8</ymin>
			<xmax>395.2</xmax>
			<ymax>482.8</ymax>
		</bndbox>
	</object>
	<object>
		<name>b8</name>
		<pose>Unspecified</pose>
		<truncated>0</truncated>
		<difficult>0</difficult>
		<bndbox>
			<xmin>238.4</xmin>
			<ymin>558.8</ymin>
			<xmax>270.4</xmax>
			<ymax>590.8</ymax>
		</bndbox>
	</object>
	<object>
		<name>b6</name>
		<pose>Unspecified</pose>
		<truncated>0</truncated>
		<difficult>0</difficult>
		<bndbox>
			<xmin>80</xmin>
			<ymin>549.2</ymin>
			<xmax>112</xmax>
			<ymax>581.2</ymax>
		</bndbox>
	</object>
	<object>
		<name>b8</name>
		<pose>Unspecified</pose>
		<truncated>0</truncated>
		<difficult>0</difficult>
		<bndbox>
			<xmin>194</xmin>
			<ymin>557.6</ymin>
			<xmax>226</xmax>
			<ymax>589.6</ymax>
		</bndbox>
	</object>
	<object>
		<name>b9</name>
		<pose>Unspecified</pose>
		<truncated>0</truncated>
		<difficult>0</difficult>
		<bndbox>
			<xmin>486.56</xmin>
			<ymin>564.32</ymin>
			<xmax>518.56</xmax>
			<ymax>596.32</ymax>
		</bndbox>
	</object>
	<object>
		<name>b7</name>
		<pose>Unspecified</pose>
		<truncated>0</truncated>
		<difficult>0</difficult>
		<bndbox>
			<xmin>68.96</xmin>
			<ymin>547.04</ymin>
			<xmax>100.96</xmax>
			<ymax>579.04</ymax>
		</bndbox>
	</object>
	<object>
		<name>b10</name>
		<pose>Unspecified</pose>
		<truncated>0</truncated>
		<difficult>0</difficult>
		<bndbox>
			<xmin>404.48</xmin>
			<ymin>280.64</ymin>
			<xmax>436.48</xmax>
			<ymax>312.64</ymax>
		</bndbox>
	</object>
	<object>
		<name>b5</name>
		<pose>Unspecified</pose>
		<truncated>0</truncated>
		<difficult>0</difficult>
		<bndbox>
			<xmin>336.8</xmin>
			<ymin>555.68</ymin>
			<xmax>368.8</xmax>
			<ymax>587.68</ymax>
		</bndbox>
	</object>
	<object>
		<name>b8</name>
		<pose>Unspecified</pose>
		<truncated>0</truncated>
		<difficult>0</difficult>
		<bndbox>
			<xmin>486.56</xmin>
			<ymin>552.8</ymin>
			<xmax>518.56</xmax>
			<ymax>584.8</ymax>
		</bndbox>
	</object>
	<object>
		<name>b6</name>
		<pose>Unspecified</pose>
		<truncated>0</truncated>
		<difficult>0</difficult>
		<bndbox>
			<xmin>84.8</xmin>
			<ymin>552.8</ymin>
			<xmax>116.8</xmax>
			<ymax>584.8</ymax>
		</bndbox>
	</object>
	<object>
		<name>b4</name>
		<pose>Unspecified</pose>
		<truncated>0</truncated>
		<difficult>0</difficult>
		<bndbox>
			<xmin>325.28</xmin>
			<ymin>560</ymin>
			<xmax>357.28</xmax>
			<ymax>592</ymax>
		</bndbox>
	</object>
	<object>
		<name>b7</name>
		<pose>Unspecified</pose>
		<truncated>0</truncated>
		<difficult>0</difficult>
		<bndbox>
			<xmin>68.672</xmin>
			<ymin>545.6</ymin>
			<xmax>100.672</xmax>
			<ymax>577.6</ymax>
		</bndbox>
	</object>
	<object>
		<name>b5</name>
		<pose>Unspecified</pose>
		<truncated>0</truncated>
		<difficult>0</difficult>
		<bndbox>
			<xmin>343.424</xmin>
			<ymin>557.696</ymin>
			<xmax>375.424</xmax>
			<ymax>589.696</ymax>
		</bndbox>
	</object>
	<object>
		<name>b7</name>
		<pose>Unspecified</pose>
		<truncated>0</truncated>
		<difficult>0</difficult>
		<bndbox>
			<xmin>360.704</xmin>
			<ymin>454.016</ymin>
			<xmax>392.704</xmax>
			<ymax>486.016</ymax>
		</bndbox>
	</object>
	<object>
		<name>b4</name>
		<pose>Unspecified</pose>
		<truncated>0</truncated>
		<difficult>0</difficult>
		<bndbox>
			<xmin>314.048</xmin>
			<ymin>559.424</ymin>
			<xmax>346.048</xmax>
			<ymax>591.424</ymax>
		</bndbox>
	</object>
	<object>
		<name>b7</name>
		<pose>Unspecified</pose>
		<truncated>0</truncated>
		<difficult>0</difficult>
		<bndbox>
			<xmin>248.384</xmin>
			<ymin>559.424</ymin>
			<xmax>280.384</xmax>
			<ymax>591.424</ymax>
		</bndbox>
	</object>
	<object>
		<name>b4</name>
		<pose>Unspecified</pose>
		<truncated>0</truncated>
		<difficult>0</difficult>
		<bndbox>
			<xmin>293.312</xmin>
			<ymin>555.968</ymin>
			<xmax>325.312</xmax>
			<ymax>587.968</ymax>
		</bndbox>
	</object>
	<object>
		<name>b7</name>
		<pose>Unspecified</pose>
		<truncated>0</truncated>
		<difficult>0</difficult>
		<bndbox>
			<xmin>75.2384</xmin>
			<ymin>545.946</ymin>
			<xmax>107.238</xmax>
			<ymax>577.946</ymax>
		</bndbox>
	</object>
	<object>
		<name>b5</name>
		<pose>Unspecified</pose>
		<truncated>0</truncated>
		<difficult>0</difficult>
		<bndbox>
			<xmin>336.512</xmin>
			<ymin>554.24</ymin>
			<xmax>368.512</xmax>
			<ymax>586.24</ymax>
		</bndbox>
	</object>
	<object>
		<name>b4</name>
		<pose>Unspecified</pose>
		<truncated>0</truncated>
		<difficult>0</difficult>
		<bndbox>
			<xmin>313.702</xmin>
			<ymin>558.387</ymin>
			<xmax>345.702</xmax>
			<ymax>590.387</ymax>
		</bndbox>
	</object>
	<object>
		<name>b5</name>
		<pose>Unspecified</pose>
		<truncated>0</truncated>
		<difficult>0</difficult>
		<bndbox>
			<xmin>344.806</xmin>
			<ymin>556.314</ymin>
			<xmax>376.806</xmax>
			<ymax>588.314</ymax>
		</bndbox>
	</object>
	<object>
		<name>b9</name>
		<pose>Unspecified</pose>
		<truncated>0</truncated>
		<difficult>0</difficult>
		<bndbox>
			<xmin>71.0912</xmin>
			<ymin>454.293</ymin>
			<xmax>103.091</xmax>
			<ymax>486.293</ymax>
		</bndbox>
	</object>
	<object>
		<name>b8</name>
		<pose>Unspecified</pose>
		<truncated>0</truncated>
		<difficult>0</difficult>
		<bndbox>
			<xmin>491.617</xmin>
			<ymin>543.872</ymin>
			<xmax>523.617</xmax>
			<ymax>575.872</ymax>
		</bndbox>
	</object>
	<object>
		<name>b4</name>
		<pose>Unspecified</pose>
		<truncated>0</truncated>
		<difficult>0</difficult>
		<bndbox>
			<xmin>304.993</xmin>
			<ymin>556.314</ymin>
			<xmax>336.993</xmax>
			<ymax>588.314</ymax>
		</bndbox>
	</object>
	<object>
		<name>b4</name>
		<pose>Unspecified</pose>
		<truncated>0</truncated>
		<difficult>0</difficult>
		<bndbox>
			<xmin>312.458</xmin>
			<ymin>558.802</ymin>
			<xmax>344.458</xmax>
			<ymax>590.802</ymax>
		</bndbox>
	</object>
	<object>
		<name>b5</name>
		<pose>Unspecified</pose>
		<truncated>0</truncated>
		<difficult>0</difficult>
		<bndbox>
			<xmin>354.262</xmin>
			<ymin>554.323</ymin>
			<xmax>386.262</xmax>
			<ymax>586.323</ymax>
		</bndbox>
	</object>
	<object>
		<name>b9</name>
		<pose>Unspecified</pose>
		<truncated>0</truncated>
		<difficult>0</difficult>
		<bndbox>
			<xmin>485.645</xmin>
			<ymin>560.295</ymin>
			<xmax>517.645</xmax>
			<ymax>592.295</ymax>
		</bndbox>
	</object>
	<object>
		<name>b9</name>
		<pose>Unspecified</pose>
		<truncated>0</truncated>
		<difficult>0</difficult>
		<bndbox>
			<xmin>177.492</xmin>
			<ymin>553.726</ymin>
			<xmax>209.492</xmax>
			<ymax>585.726</ymax>
		</bndbox>
	</object>
	<object>
		<name>b7</name>
		<pose>Unspecified</pose>
		<truncated>0</truncated>
		<difficult>0</difficult>
		<bndbox>
			<xmin>360.234</xmin>
			<ymin>453.397</ymin>
			<xmax>392.234</xmax>
			<ymax>485.397</ymax>
		</bndbox>
	</object>
</annotation>
