<annotation>
	<folder>VOC2007</folder>
	<filename>000453.jpg</filename>
	<source>
		<database>My Database</database>
		<annotation>VOC2007</annotation>
		<image>flickr</image>
		<flickrid>NULL</flickrid>
	</source>
	<owner>
		<flickrid>NULL</flickrid>
		<name>shaochunyan</name>
	</owner>
	<size>
		<width>720</width>
		<height>1280</height>
		<depth>3</depth>
	</size>
	<segmented>0</segmented>
	<object>
		<name>b8</name>
		<pose>Unspecified</pose>
		<truncated>0</truncated>
		<difficult>0</difficult>
		<bndbox>
			<xmin>163</xmin>
			<ymin>547</ymin>
			<xmax>195</xmax>
			<ymax>579</ymax>
		</bndbox>
	</object>
	<object>
		<name>b7</name>
		<pose>Unspecified</pose>
		<truncated>0</truncated>
		<difficult>0</difficult>
		<bndbox>
			<xmin>133</xmin>
			<ymin>517</ymin>
			<xmax>165</xmax>
			<ymax>549</ymax>
		</bndbox>
	</object>
	<object>
		<name>b4</name>
		<pose>Unspecified</pose>
		<truncated>0</truncated>
		<difficult>0</difficult>
		<bndbox>
			<xmin>428</xmin>
			<ymin>614</ymin>
			<xmax>460</xmax>
			<ymax>646</ymax>
		</bndbox>
	</object>
	<object>
		<name>b9</name>
		<pose>Unspecified</pose>
		<truncated>0</truncated>
		<difficult>0</difficult>
		<bndbox>
			<xmin>99</xmin>
			<ymin>517</ymin>
			<xmax>131</xmax>
			<ymax>549</ymax>
		</bndbox>
	</object>
	<object>
		<name>b7</name>
		<pose>Unspecified</pose>
		<truncated>0</truncated>
		<difficult>0</difficult>
		<bndbox>
			<xmin>132.8</xmin>
			<ymin>518</ymin>
			<xmax>164.8</xmax>
			<ymax>550</ymax>
		</bndbox>
	</object>
	<object>
		<name>b9</name>
		<pose>Unspecified</pose>
		<truncated>0</truncated>
		<difficult>0</difficult>
		<bndbox>
			<xmin>74</xmin>
			<ymin>482</ymin>
			<xmax>106</xmax>
			<ymax>514</ymax>
		</bndbox>
	</object>
	<object>
		<name>b7</name>
		<pose>Unspecified</pose>
		<truncated>0</truncated>
		<difficult>0</difficult>
		<bndbox>
			<xmin>123.68</xmin>
			<ymin>516.8</ymin>
			<xmax>155.68</xmax>
			<ymax>548.8</ymax>
		</bndbox>
	</object>
	<object>
		<name>b9</name>
		<pose>Unspecified</pose>
		<truncated>0</truncated>
		<difficult>0</difficult>
		<bndbox>
			<xmin>578.72</xmin>
			<ymin>506.72</ymin>
			<xmax>610.72</xmax>
			<ymax>538.72</ymax>
		</bndbox>
	</object>
	<object>
		<name>b9</name>
		<pose>Unspecified</pose>
		<truncated>0</truncated>
		<difficult>0</difficult>
		<bndbox>
			<xmin>377.12</xmin>
			<ymin>529.76</ymin>
			<xmax>409.12</xmax>
			<ymax>561.76</ymax>
		</bndbox>
	</object>
	<object>
		<name>b8</name>
		<pose>Unspecified</pose>
		<truncated>0</truncated>
		<difficult>0</difficult>
		<bndbox>
			<xmin>158.528</xmin>
			<ymin>549.056</ymin>
			<xmax>190.528</xmax>
			<ymax>581.056</ymax>
		</bndbox>
	</object>
	<object>
		<name>b9</name>
		<pose>Unspecified</pose>
		<truncated>0</truncated>
		<difficult>0</difficult>
		<bndbox>
			<xmin>422.912</xmin>
			<ymin>246.656</ymin>
			<xmax>454.912</xmax>
			<ymax>278.656</ymax>
		</bndbox>
	</object>
	<object>
		<name>b9</name>
		<pose>Unspecified</pose>
		<truncated>0</truncated>
		<difficult>0</difficult>
		<bndbox>
			<xmin>571.52</xmin>
			<ymin>509.312</ymin>
			<xmax>603.52</xmax>
			<ymax>541.312</ymax>
		</bndbox>
	</object>
	<object>
		<name>b8</name>
		<pose>Unspecified</pose>
		<truncated>0</truncated>
		<difficult>0</difficult>
		<bndbox>
			<xmin>341.696</xmin>
			<ymin>530.048</ymin>
			<xmax>373.696</xmax>
			<ymax>562.048</ymax>
		</bndbox>
	</object>
	<object>
		<name>b7</name>
		<pose>Unspecified</pose>
		<truncated>0</truncated>
		<difficult>0</difficult>
		<bndbox>
			<xmin>327.872</xmin>
			<ymin>528.32</ymin>
			<xmax>359.872</xmax>
			<ymax>560.32</ymax>
		</bndbox>
	</object>
	<object>
		<name>b8</name>
		<pose>Unspecified</pose>
		<truncated>0</truncated>
		<difficult>0</difficult>
		<bndbox>
			<xmin>81.4592</xmin>
			<ymin>477.517</ymin>
			<xmax>113.459</xmax>
			<ymax>509.517</ymax>
		</bndbox>
	</object>
	<object>
		<name>b8</name>
		<pose>Unspecified</pose>
		<truncated>0</truncated>
		<difficult>0</difficult>
		<bndbox>
			<xmin>78.5562</xmin>
			<ymin>479.176</ymin>
			<xmax>110.556</xmax>
			<ymax>511.176</ymax>
		</bndbox>
	</object>
	<object>
		<name>b9</name>
		<pose>Unspecified</pose>
		<truncated>0</truncated>
		<difficult>0</difficult>
		<bndbox>
			<xmin>431.898</xmin>
			<ymin>240.795</ymin>
			<xmax>463.898</xmax>
			<ymax>272.795</ymax>
		</bndbox>
	</object>
	<object>
		<name>b9</name>
		<pose>Unspecified</pose>
		<truncated>0</truncated>
		<difficult>0</difficult>
		<bndbox>
			<xmin>419.954</xmin>
			<ymin>408.01</ymin>
			<xmax>451.954</xmax>
			<ymax>440.01</ymax>
		</bndbox>
	</object>
	<object>
		<name>b9</name>
		<pose>Unspecified</pose>
		<truncated>0</truncated>
		<difficult>0</difficult>
		<bndbox>
			<xmin>577</xmin>
			<ymin>546</ymin>
			<xmax>609</xmax>
			<ymax>578</ymax>
		</bndbox>
	</object>
	<object>
		<name>b9</name>
		<pose>Unspecified</pose>
		<truncated>0</truncated>
		<difficult>0</difficult>
		<bndbox>
			<xmin>40</xmin>
			<ymin>469</ymin>
			<xmax>72</xmax>
			<ymax>501</ymax>
		</bndbox>
	</object>
	<object>
		<name>b9</name>
		<pose>Unspecified</pose>
		<truncated>0</truncated>
		<difficult>0</difficult>
		<bndbox>
			<xmin>571</xmin>
			<ymin>519</ymin>
			<xmax>603</xmax>
			<ymax>551</ymax>
		</bndbox>
	</object>
	<object>
		<name>b8</name>
		<pose>Unspecified</pose>
		<truncated>0</truncated>
		<difficult>0</difficult>
		<bndbox>
			<xmin>118</xmin>
			<ymin>438</ymin>
			<xmax>150</xmax>
			<ymax>470</ymax>
		</bndbox>
	</object>
	<object>
		<name>b9</name>
		<pose>Unspecified</pose>
		<truncated>0</truncated>
		<difficult>0</difficult>
		<bndbox>
			<xmin>234</xmin>
			<ymin>531</ymin>
			<xmax>266</xmax>
			<ymax>563</ymax>
		</bndbox>
	</object>
	<object>
		<name>b8</name>
		<pose>Unspecified</pose>
		<truncated>0</truncated>
		<difficult>0</difficult>
		<bndbox>
			<xmin>394.4</xmin>
			<ymin>502.4</ymin>
			<xmax>426.4</xmax>
			<ymax>534.4</ymax>
		</bndbox>
	</object>
	<object>
		<name>b7</name>
		<pose>Unspecified</pose>
		<truncated>0</truncated>
		<difficult>0</difficult>
		<bndbox>
			<xmin>102.8</xmin>
			<ymin>402.8</ymin>
			<xmax>134.8</xmax>
			<ymax>434.8</ymax>
		</bndbox>
	</object>
	<object>
		<name>b7</name>
		<pose>Unspecified</pose>
		<truncated>0</truncated>
		<difficult>0</difficult>
		<bndbox>
			<xmin>105.2</xmin>
			<ymin>400.4</ymin>
			<xmax>137.2</xmax>
			<ymax>432.4</ymax>
		</bndbox>
	</object>
	<object>
		<name>b8</name>
		<pose>Unspecified</pose>
		<truncated>0</truncated>
		<difficult>0</difficult>
		<bndbox>
			<xmin>98</xmin>
			<ymin>406.4</ymin>
			<xmax>130</xmax>
			<ymax>438.4</ymax>
		</bndbox>
	</object>
	<object>
		<name>b9</name>
		<pose>Unspecified</pose>
		<truncated>0</truncated>
		<difficult>0</difficult>
		<bndbox>
			<xmin>577.28</xmin>
			<ymin>535.52</ymin>
			<xmax>609.28</xmax>
			<ymax>567.52</ymax>
		</bndbox>
	</object>
	<object>
		<name>b10</name>
		<pose>Unspecified</pose>
		<truncated>0</truncated>
		<difficult>0</difficult>
		<bndbox>
			<xmin>70.4</xmin>
			<ymin>483.68</ymin>
			<xmax>102.4</xmax>
			<ymax>515.68</ymax>
		</bndbox>
	</object>
	<object>
		<name>b9</name>
		<pose>Unspecified</pose>
		<truncated>0</truncated>
		<difficult>0</difficult>
		<bndbox>
			<xmin>84.224</xmin>
			<ymin>407.36</ymin>
			<xmax>116.224</xmax>
			<ymax>439.36</ymax>
		</bndbox>
	</object>
	<object>
		<name>b8</name>
		<pose>Unspecified</pose>
		<truncated>0</truncated>
		<difficult>0</difficult>
		<bndbox>
			<xmin>348.608</xmin>
			<ymin>531.776</ymin>
			<xmax>380.608</xmax>
			<ymax>563.776</ymax>
		</bndbox>
	</object>
	<object>
		<name>b9</name>
		<pose>Unspecified</pose>
		<truncated>0</truncated>
		<difficult>0</difficult>
		<bndbox>
			<xmin>570.829</xmin>
			<ymin>518.989</ymin>
			<xmax>602.829</xmax>
			<ymax>550.989</ymax>
		</bndbox>
	</object>
	<object>
		<name>b9</name>
		<pose>Unspecified</pose>
		<truncated>0</truncated>
		<difficult>0</difficult>
		<bndbox>
			<xmin>572.902</xmin>
			<ymin>533.504</ymin>
			<xmax>604.902</xmax>
			<ymax>565.504</ymax>
		</bndbox>
	</object>
	<object>
		<name>b9</name>
		<pose>Unspecified</pose>
		<truncated>0</truncated>
		<difficult>0</difficult>
		<bndbox>
			<xmin>153.206</xmin>
			<ymin>543.872</ymin>
			<xmax>185.206</xmax>
			<ymax>575.872</ymax>
		</bndbox>
	</object>
	<object>
		<name>b10</name>
		<pose>Unspecified</pose>
		<truncated>0</truncated>
		<difficult>0</difficult>
		<bndbox>
			<xmin>88.5095</xmin>
			<ymin>491.617</ymin>
			<xmax>120.509</xmax>
			<ymax>523.617</ymax>
		</bndbox>
	</object>
	<object>
		<name>b7</name>
		<pose>Unspecified</pose>
		<truncated>0</truncated>
		<difficult>0</difficult>
		<bndbox>
			<xmin>105.828</xmin>
			<ymin>403.232</ymin>
			<xmax>137.828</xmax>
			<ymax>435.232</ymax>
		</bndbox>
	</object>
	<object>
		<name>b8</name>
		<pose>Unspecified</pose>
		<truncated>0</truncated>
		<difficult>0</difficult>
		<bndbox>
			<xmin>123.744</xmin>
			<ymin>439.064</ymin>
			<xmax>155.744</xmax>
			<ymax>471.064</ymax>
		</bndbox>
	</object>
	<object>
		<name>b8</name>
		<pose>Unspecified</pose>
		<truncated>0</truncated>
		<difficult>0</difficult>
		<bndbox>
			<xmin>353.068</xmin>
			<ymin>528.644</ymin>
			<xmax>385.068</xmax>
			<ymax>560.644</ymax>
		</bndbox>
	</object>
	<object>
		<name>b9</name>
		<pose>Unspecified</pose>
		<truncated>0</truncated>
		<difficult>0</difficult>
		<bndbox>
			<xmin>367.4</xmin>
			<ymin>528.644</ymin>
			<xmax>399.4</xmax>
			<ymax>560.644</ymax>
		</bndbox>
	</object>
	<object>
		<name>b10</name>
		<pose>Unspecified</pose>
		<truncated>0</truncated>
		<difficult>0</difficult>
		<bndbox>
			<xmin>553.726</xmin>
			<ymin>542.976</ymin>
			<xmax>585.726</xmax>
			<ymax>574.976</ymax>
		</bndbox>
	</object>
	<object>
		<name>b6</name>
		<pose>Unspecified</pose>
		<truncated>0</truncated>
		<difficult>0</difficult>
		<bndbox>
			<xmin>279</xmin>
			<ymin>530</ymin>
			<xmax>311</xmax>
			<ymax>562</ymax>
		</bndbox>
	</object>
	<object>
		<name>b8</name>
		<pose>Unspecified</pose>
		<truncated>0</truncated>
		<difficult>0</difficult>
		<bndbox>
			<xmin>569.6</xmin>
			<ymin>545.6</ymin>
			<xmax>601.6</xmax>
			<ymax>577.6</ymax>
		</bndbox>
	</object>
	<object>
		<name>b6</name>
		<pose>Unspecified</pose>
		<truncated>0</truncated>
		<difficult>0</difficult>
		<bndbox>
			<xmin>279.2</xmin>
			<ymin>530</ymin>
			<xmax>311.2</xmax>
			<ymax>562</ymax>
		</bndbox>
	</object>
	<object>
		<name>b8</name>
		<pose>Unspecified</pose>
		<truncated>0</truncated>
		<difficult>0</difficult>
		<bndbox>
			<xmin>574.4</xmin>
			<ymin>545.6</ymin>
			<xmax>606.4</xmax>
			<ymax>577.6</ymax>
		</bndbox>
	</object>
	<object>
		<name>b8</name>
		<pose>Unspecified</pose>
		<truncated>0</truncated>
		<difficult>0</difficult>
		<bndbox>
			<xmin>132.8</xmin>
			<ymin>518</ymin>
			<xmax>164.8</xmax>
			<ymax>550</ymax>
		</bndbox>
	</object>
	<object>
		<name>b8</name>
		<pose>Unspecified</pose>
		<truncated>0</truncated>
		<difficult>0</difficult>
		<bndbox>
			<xmin>573.2</xmin>
			<ymin>532.4</ymin>
			<xmax>605.2</xmax>
			<ymax>564.4</ymax>
		</bndbox>
	</object>
	<object>
		<name>b6</name>
		<pose>Unspecified</pose>
		<truncated>0</truncated>
		<difficult>0</difficult>
		<bndbox>
			<xmin>282.8</xmin>
			<ymin>531.2</ymin>
			<xmax>314.8</xmax>
			<ymax>563.2</ymax>
		</bndbox>
	</object>
	<object>
		<name>b9</name>
		<pose>Unspecified</pose>
		<truncated>0</truncated>
		<difficult>0</difficult>
		<bndbox>
			<xmin>442.4</xmin>
			<ymin>242</ymin>
			<xmax>474.4</xmax>
			<ymax>274</ymax>
		</bndbox>
	</object>
	<object>
		<name>b9</name>
		<pose>Unspecified</pose>
		<truncated>0</truncated>
		<difficult>0</difficult>
		<bndbox>
			<xmin>345.2</xmin>
			<ymin>532.4</ymin>
			<xmax>377.2</xmax>
			<ymax>564.4</ymax>
		</bndbox>
	</object>
	<object>
		<name>b9</name>
		<pose>Unspecified</pose>
		<truncated>0</truncated>
		<difficult>0</difficult>
		<bndbox>
			<xmin>363.2</xmin>
			<ymin>530</ymin>
			<xmax>395.2</xmax>
			<ymax>562</ymax>
		</bndbox>
	</object>
	<object>
		<name>b8</name>
		<pose>Unspecified</pose>
		<truncated>0</truncated>
		<difficult>0</difficult>
		<bndbox>
			<xmin>28.64</xmin>
			<ymin>479.36</ymin>
			<xmax>60.64</xmax>
			<ymax>511.36</ymax>
		</bndbox>
	</object>
	<object>
		<name>b8</name>
		<pose>Unspecified</pose>
		<truncated>0</truncated>
		<difficult>0</difficult>
		<bndbox>
			<xmin>35.84</xmin>
			<ymin>483.68</ymin>
			<xmax>67.84</xmax>
			<ymax>515.68</ymax>
		</bndbox>
	</object>
	<object>
		<name>b8</name>
		<pose>Unspecified</pose>
		<truncated>0</truncated>
		<difficult>0</difficult>
		<bndbox>
			<xmin>123.68</xmin>
			<ymin>516.8</ymin>
			<xmax>155.68</xmax>
			<ymax>548.8</ymax>
		</bndbox>
	</object>
	<object>
		<name>b9</name>
		<pose>Unspecified</pose>
		<truncated>0</truncated>
		<difficult>0</difficult>
		<bndbox>
			<xmin>175.52</xmin>
			<ymin>541.28</ymin>
			<xmax>207.52</xmax>
			<ymax>573.28</ymax>
		</bndbox>
	</object>
	<object>
		<name>b7</name>
		<pose>Unspecified</pose>
		<truncated>0</truncated>
		<difficult>0</difficult>
		<bndbox>
			<xmin>395.84</xmin>
			<ymin>524</ymin>
			<xmax>427.84</xmax>
			<ymax>556</ymax>
		</bndbox>
	</object>
	<object>
		<name>b9</name>
		<pose>Unspecified</pose>
		<truncated>0</truncated>
		<difficult>0</difficult>
		<bndbox>
			<xmin>220.16</xmin>
			<ymin>531.2</ymin>
			<xmax>252.16</xmax>
			<ymax>563.2</ymax>
		</bndbox>
	</object>
	<object>
		<name>b8</name>
		<pose>Unspecified</pose>
		<truncated>0</truncated>
		<difficult>0</difficult>
		<bndbox>
			<xmin>578.432</xmin>
			<ymin>535.232</ymin>
			<xmax>610.432</xmax>
			<ymax>567.232</ymax>
		</bndbox>
	</object>
	<object>
		<name>b9</name>
		<pose>Unspecified</pose>
		<truncated>0</truncated>
		<difficult>0</difficult>
		<bndbox>
			<xmin>580.16</xmin>
			<ymin>519.68</ymin>
			<xmax>612.16</xmax>
			<ymax>551.68</ymax>
		</bndbox>
	</object>
	<object>
		<name>b9</name>
		<pose>Unspecified</pose>
		<truncated>0</truncated>
		<difficult>0</difficult>
		<bndbox>
			<xmin>158.528</xmin>
			<ymin>549.056</ymin>
			<xmax>190.528</xmax>
			<ymax>581.056</ymax>
		</bndbox>
	</object>
	<object>
		<name>b8</name>
		<pose>Unspecified</pose>
		<truncated>0</truncated>
		<difficult>0</difficult>
		<bndbox>
			<xmin>559.424</xmin>
			<ymin>547.328</ymin>
			<xmax>591.424</xmax>
			<ymax>579.328</ymax>
		</bndbox>
	</object>
	<object>
		<name>b9</name>
		<pose>Unspecified</pose>
		<truncated>0</truncated>
		<difficult>0</difficult>
		<bndbox>
			<xmin>327.872</xmin>
			<ymin>528.32</ymin>
			<xmax>359.872</xmax>
			<ymax>560.32</ymax>
		</bndbox>
	</object>
	<object>
		<name>b10</name>
		<pose>Unspecified</pose>
		<truncated>0</truncated>
		<difficult>0</difficult>
		<bndbox>
			<xmin>63.6263</xmin>
			<ymin>479.176</ymin>
			<xmax>95.6263</xmax>
			<ymax>511.176</ymax>
		</bndbox>
	</object>
	<object>
		<name>b9</name>
		<pose>Unspecified</pose>
		<truncated>0</truncated>
		<difficult>0</difficult>
		<bndbox>
			<xmin>414.479</xmin>
			<ymin>414.479</ymin>
			<xmax>446.479</xmax>
			<ymax>446.479</ymax>
		</bndbox>
	</object>
	<object>
		<name>b9</name>
		<pose>Unspecified</pose>
		<truncated>0</truncated>
		<difficult>0</difficult>
		<bndbox>
			<xmin>434.386</xmin>
			<ymin>240.297</ymin>
			<xmax>466.386</xmax>
			<ymax>272.297</ymax>
		</bndbox>
	</object>
	<object>
		<name>b9</name>
		<pose>Unspecified</pose>
		<truncated>0</truncated>
		<difficult>0</difficult>
		<bndbox>
			<xmin>572.239</xmin>
			<ymin>512.519</ymin>
			<xmax>604.239</xmax>
			<ymax>544.519</ymax>
		</bndbox>
	</object>
	<object>
		<name>b7</name>
		<pose>Unspecified</pose>
		<truncated>0</truncated>
		<difficult>0</difficult>
		<bndbox>
			<xmin>393.08</xmin>
			<ymin>518.491</ymin>
			<xmax>425.08</xmax>
			<ymax>550.491</ymax>
		</bndbox>
	</object>
	<object>
		<name>b7</name>
		<pose>Unspecified</pose>
		<truncated>0</truncated>
		<difficult>0</difficult>
		<bndbox>
			<xmin>378.15</xmin>
			<ymin>528.644</ymin>
			<xmax>410.15</xmax>
			<ymax>560.644</ymax>
		</bndbox>
	</object>
</annotation>
