<annotation>
	<folder>VOC2007</folder>
	<filename>000440.jpg</filename>
	<source>
		<database>My Database</database>
		<annotation>VOC2007</annotation>
		<image>flickr</image>
		<flickrid>NULL</flickrid>
	</source>
	<owner>
		<flickrid>NULL</flickrid>
		<name>shaochunyan</name>
	</owner>
	<size>
		<width>720</width>
		<height>1280</height>
		<depth>3</depth>
	</size>
	<segmented>0</segmented>
	<object>
		<name>b4</name>
		<pose>Unspecified</pose>
		<truncated>0</truncated>
		<difficult>0</difficult>
		<bndbox>
			<xmin>198</xmin>
			<ymin>552</ymin>
			<xmax>230</xmax>
			<ymax>584</ymax>
		</bndbox>
	</object>
	<object>
		<name>b7</name>
		<pose>Unspecified</pose>
		<truncated>0</truncated>
		<difficult>0</difficult>
		<bndbox>
			<xmin>368</xmin>
			<ymin>438</ymin>
			<xmax>400</xmax>
			<ymax>470</ymax>
		</bndbox>
	</object>
	<object>
		<name>b5</name>
		<pose>Unspecified</pose>
		<truncated>0</truncated>
		<difficult>0</difficult>
		<bndbox>
			<xmin>277</xmin>
			<ymin>547</ymin>
			<xmax>309</xmax>
			<ymax>579</ymax>
		</bndbox>
	</object>
	<object>
		<name>b2</name>
		<pose>Unspecified</pose>
		<truncated>0</truncated>
		<difficult>0</difficult>
		<bndbox>
			<xmin>258</xmin>
			<ymin>547</ymin>
			<xmax>290</xmax>
			<ymax>579</ymax>
		</bndbox>
	</object>
	<object>
		<name>g1</name>
		<pose>Unspecified</pose>
		<truncated>0</truncated>
		<difficult>0</difficult>
		<bndbox>
			<xmin>255</xmin>
			<ymin>549</ymin>
			<xmax>287</xmax>
			<ymax>581</ymax>
		</bndbox>
	</object>
	<object>
		<name>b7</name>
		<pose>Unspecified</pose>
		<truncated>0</truncated>
		<difficult>0</difficult>
		<bndbox>
			<xmin>221.6</xmin>
			<ymin>548</ymin>
			<xmax>253.6</xmax>
			<ymax>580</ymax>
		</bndbox>
	</object>
	<object>
		<name>b7</name>
		<pose>Unspecified</pose>
		<truncated>0</truncated>
		<difficult>0</difficult>
		<bndbox>
			<xmin>227.6</xmin>
			<ymin>549.2</ymin>
			<xmax>259.6</xmax>
			<ymax>581.2</ymax>
		</bndbox>
	</object>
	<object>
		<name>b8</name>
		<pose>Unspecified</pose>
		<truncated>0</truncated>
		<difficult>0</difficult>
		<bndbox>
			<xmin>498.8</xmin>
			<ymin>542</ymin>
			<xmax>530.8</xmax>
			<ymax>574</ymax>
		</bndbox>
	</object>
	<object>
		<name>b4</name>
		<pose>Unspecified</pose>
		<truncated>0</truncated>
		<difficult>0</difficult>
		<bndbox>
			<xmin>197.6</xmin>
			<ymin>551.6</ymin>
			<xmax>229.6</xmax>
			<ymax>583.6</ymax>
		</bndbox>
	</object>
	<object>
		<name>b6</name>
		<pose>Unspecified</pose>
		<truncated>0</truncated>
		<difficult>0</difficult>
		<bndbox>
			<xmin>344</xmin>
			<ymin>545.6</ymin>
			<xmax>376</xmax>
			<ymax>577.6</ymax>
		</bndbox>
	</object>
	<object>
		<name>b8</name>
		<pose>Unspecified</pose>
		<truncated>0</truncated>
		<difficult>0</difficult>
		<bndbox>
			<xmin>495.2</xmin>
			<ymin>549.2</ymin>
			<xmax>527.2</xmax>
			<ymax>581.2</ymax>
		</bndbox>
	</object>
	<object>
		<name>b10</name>
		<pose>Unspecified</pose>
		<truncated>0</truncated>
		<difficult>0</difficult>
		<bndbox>
			<xmin>495.2</xmin>
			<ymin>565.76</ymin>
			<xmax>527.2</xmax>
			<ymax>597.76</ymax>
		</bndbox>
	</object>
	<object>
		<name>b8</name>
		<pose>Unspecified</pose>
		<truncated>0</truncated>
		<difficult>0</difficult>
		<bndbox>
			<xmin>493.76</xmin>
			<ymin>548.48</ymin>
			<xmax>525.76</xmax>
			<ymax>580.48</ymax>
		</bndbox>
	</object>
	<object>
		<name>b6</name>
		<pose>Unspecified</pose>
		<truncated>0</truncated>
		<difficult>0</difficult>
		<bndbox>
			<xmin>344</xmin>
			<ymin>545.6</ymin>
			<xmax>376</xmax>
			<ymax>577.6</ymax>
		</bndbox>
	</object>
	<object>
		<name>b8</name>
		<pose>Unspecified</pose>
		<truncated>0</truncated>
		<difficult>0</difficult>
		<bndbox>
			<xmin>181.28</xmin>
			<ymin>548.48</ymin>
			<xmax>213.28</xmax>
			<ymax>580.48</ymax>
		</bndbox>
	</object>
	<object>
		<name>b2</name>
		<pose>Unspecified</pose>
		<truncated>0</truncated>
		<difficult>0</difficult>
		<bndbox>
			<xmin>259.04</xmin>
			<ymin>547.04</ymin>
			<xmax>291.04</xmax>
			<ymax>579.04</ymax>
		</bndbox>
	</object>
	<object>
		<name>b9</name>
		<pose>Unspecified</pose>
		<truncated>0</truncated>
		<difficult>0</difficult>
		<bndbox>
			<xmin>172.64</xmin>
			<ymin>547.04</ymin>
			<xmax>204.64</xmax>
			<ymax>579.04</ymax>
		</bndbox>
	</object>
	<object>
		<name>b5</name>
		<pose>Unspecified</pose>
		<truncated>0</truncated>
		<difficult>0</difficult>
		<bndbox>
			<xmin>277.76</xmin>
			<ymin>547.328</ymin>
			<xmax>309.76</xmax>
			<ymax>579.328</ymax>
		</bndbox>
	</object>
	<object>
		<name>b8</name>
		<pose>Unspecified</pose>
		<truncated>0</truncated>
		<difficult>0</difficult>
		<bndbox>
			<xmin>483.392</xmin>
			<ymin>536.96</ymin>
			<xmax>515.392</xmax>
			<ymax>568.96</ymax>
		</bndbox>
	</object>
	<object>
		<name>b9</name>
		<pose>Unspecified</pose>
		<truncated>0</truncated>
		<difficult>0</difficult>
		<bndbox>
			<xmin>155.072</xmin>
			<ymin>547.328</ymin>
			<xmax>187.072</xmax>
			<ymax>579.328</ymax>
		</bndbox>
	</object>
	<object>
		<name>b8</name>
		<pose>Unspecified</pose>
		<truncated>0</truncated>
		<difficult>0</difficult>
		<bndbox>
			<xmin>497.216</xmin>
			<ymin>540.416</ymin>
			<xmax>529.216</xmax>
			<ymax>572.416</ymax>
		</bndbox>
	</object>
	<object>
		<name>b9</name>
		<pose>Unspecified</pose>
		<truncated>0</truncated>
		<difficult>0</difficult>
		<bndbox>
			<xmin>308.864</xmin>
			<ymin>550.784</ymin>
			<xmax>340.864</xmax>
			<ymax>582.784</ymax>
		</bndbox>
	</object>
	<object>
		<name>b5</name>
		<pose>Unspecified</pose>
		<truncated>0</truncated>
		<difficult>0</difficult>
		<bndbox>
			<xmin>276.378</xmin>
			<ymin>545.946</ymin>
			<xmax>308.378</xmax>
			<ymax>577.946</ymax>
		</bndbox>
	</object>
	<object>
		<name>b6</name>
		<pose>Unspecified</pose>
		<truncated>0</truncated>
		<difficult>0</difficult>
		<bndbox>
			<xmin>411.162</xmin>
			<ymin>927.488</ymin>
			<xmax>443.162</xmax>
			<ymax>959.488</ymax>
		</bndbox>
	</object>
	<object>
		<name>b6</name>
		<pose>Unspecified</pose>
		<truncated>0</truncated>
		<difficult>0</difficult>
		<bndbox>
			<xmin>369.69</xmin>
			<ymin>433.971</ymin>
			<xmax>401.69</xmax>
			<ymax>465.971</ymax>
		</bndbox>
	</object>
	<object>
		<name>b7</name>
		<pose>Unspecified</pose>
		<truncated>0</truncated>
		<difficult>0</difficult>
		<bndbox>
			<xmin>342.733</xmin>
			<ymin>545.946</ymin>
			<xmax>374.733</xmax>
			<ymax>577.946</ymax>
		</bndbox>
	</object>
	<object>
		<name>b7</name>
		<pose>Unspecified</pose>
		<truncated>0</truncated>
		<difficult>0</difficult>
		<bndbox>
			<xmin>365.542</xmin>
			<ymin>438.118</ymin>
			<xmax>397.542</xmax>
			<ymax>470.118</ymax>
		</bndbox>
	</object>
	<object>
		<name>b7</name>
		<pose>Unspecified</pose>
		<truncated>0</truncated>
		<difficult>0</difficult>
		<bndbox>
			<xmin>230.758</xmin>
			<ymin>550.093</ymin>
			<xmax>262.758</xmax>
			<ymax>582.093</ymax>
		</bndbox>
	</object>
	<object>
		<name>b9</name>
		<pose>Unspecified</pose>
		<truncated>0</truncated>
		<difficult>0</difficult>
		<bndbox>
			<xmin>151.962</xmin>
			<ymin>500.326</ymin>
			<xmax>183.962</xmax>
			<ymax>532.326</ymax>
		</bndbox>
	</object>
	<object>
		<name>b9</name>
		<pose>Unspecified</pose>
		<truncated>0</truncated>
		<difficult>0</difficult>
		<bndbox>
			<xmin>326.144</xmin>
			<ymin>548.019</ymin>
			<xmax>358.144</xmax>
			<ymax>580.019</ymax>
		</bndbox>
	</object>
	<object>
		<name>b7</name>
		<pose>Unspecified</pose>
		<truncated>0</truncated>
		<difficult>0</difficult>
		<bndbox>
			<xmin>290.063</xmin>
			<ymin>546.36</ymin>
			<xmax>322.063</xmax>
			<ymax>578.36</ymax>
		</bndbox>
	</object>
	<object>
		<name>b8</name>
		<pose>Unspecified</pose>
		<truncated>0</truncated>
		<difficult>0</difficult>
		<bndbox>
			<xmin>317.435</xmin>
			<ymin>546.36</ymin>
			<xmax>349.435</xmax>
			<ymax>578.36</ymax>
		</bndbox>
	</object>
	<object>
		<name>b6</name>
		<pose>Unspecified</pose>
		<truncated>0</truncated>
		<difficult>0</difficult>
		<bndbox>
			<xmin>369.69</xmin>
			<ymin>431.898</ymin>
			<xmax>401.69</xmax>
			<ymax>463.898</ymax>
		</bndbox>
	</object>
	<object>
		<name>b4</name>
		<pose>Unspecified</pose>
		<truncated>0</truncated>
		<difficult>0</difficult>
		<bndbox>
			<xmin>197.996</xmin>
			<ymin>551.337</ymin>
			<xmax>229.996</xmax>
			<ymax>583.337</ymax>
		</bndbox>
	</object>
	<object>
		<name>b2</name>
		<pose>Unspecified</pose>
		<truncated>0</truncated>
		<difficult>0</difficult>
		<bndbox>
			<xmin>245.274</xmin>
			<ymin>653.358</ymin>
			<xmax>277.274</xmax>
			<ymax>685.358</ymax>
		</bndbox>
	</object>
	<object>
		<name>b2</name>
		<pose>Unspecified</pose>
		<truncated>0</truncated>
		<difficult>0</difficult>
		<bndbox>
			<xmin>250.25</xmin>
			<ymin>658.335</ymin>
			<xmax>282.25</xmax>
			<ymax>690.335</ymax>
		</bndbox>
	</object>
	<object>
		<name>b7</name>
		<pose>Unspecified</pose>
		<truncated>0</truncated>
		<difficult>0</difficult>
		<bndbox>
			<xmin>342.318</xmin>
			<ymin>545.365</ymin>
			<xmax>374.318</xmax>
			<ymax>577.365</ymax>
		</bndbox>
	</object>
	<object>
		<name>b4</name>
		<pose>Unspecified</pose>
		<truncated>0</truncated>
		<difficult>0</difficult>
		<bndbox>
			<xmin>198</xmin>
			<ymin>552</ymin>
			<xmax>230</xmax>
			<ymax>584</ymax>
		</bndbox>
	</object>
	<object>
		<name>b7</name>
		<pose>Unspecified</pose>
		<truncated>0</truncated>
		<difficult>0</difficult>
		<bndbox>
			<xmin>368</xmin>
			<ymin>438</ymin>
			<xmax>400</xmax>
			<ymax>470</ymax>
		</bndbox>
	</object>
	<object>
		<name>b5</name>
		<pose>Unspecified</pose>
		<truncated>0</truncated>
		<difficult>0</difficult>
		<bndbox>
			<xmin>277</xmin>
			<ymin>547</ymin>
			<xmax>309</xmax>
			<ymax>579</ymax>
		</bndbox>
	</object>
	<object>
		<name>b2</name>
		<pose>Unspecified</pose>
		<truncated>0</truncated>
		<difficult>0</difficult>
		<bndbox>
			<xmin>258</xmin>
			<ymin>547</ymin>
			<xmax>290</xmax>
			<ymax>579</ymax>
		</bndbox>
	</object>
	<object>
		<name>g1</name>
		<pose>Unspecified</pose>
		<truncated>0</truncated>
		<difficult>0</difficult>
		<bndbox>
			<xmin>255</xmin>
			<ymin>549</ymin>
			<xmax>287</xmax>
			<ymax>581</ymax>
		</bndbox>
	</object>
	<object>
		<name>b7</name>
		<pose>Unspecified</pose>
		<truncated>0</truncated>
		<difficult>0</difficult>
		<bndbox>
			<xmin>221.6</xmin>
			<ymin>548</ymin>
			<xmax>253.6</xmax>
			<ymax>580</ymax>
		</bndbox>
	</object>
	<object>
		<name>b7</name>
		<pose>Unspecified</pose>
		<truncated>0</truncated>
		<difficult>0</difficult>
		<bndbox>
			<xmin>227.6</xmin>
			<ymin>549.2</ymin>
			<xmax>259.6</xmax>
			<ymax>581.2</ymax>
		</bndbox>
	</object>
	<object>
		<name>b8</name>
		<pose>Unspecified</pose>
		<truncated>0</truncated>
		<difficult>0</difficult>
		<bndbox>
			<xmin>498.8</xmin>
			<ymin>542</ymin>
			<xmax>530.8</xmax>
			<ymax>574</ymax>
		</bndbox>
	</object>
	<object>
		<name>b4</name>
		<pose>Unspecified</pose>
		<truncated>0</truncated>
		<difficult>0</difficult>
		<bndbox>
			<xmin>197.6</xmin>
			<ymin>551.6</ymin>
			<xmax>229.6</xmax>
			<ymax>583.6</ymax>
		</bndbox>
	</object>
	<object>
		<name>b6</name>
		<pose>Unspecified</pose>
		<truncated>0</truncated>
		<difficult>0</difficult>
		<bndbox>
			<xmin>344</xmin>
			<ymin>545.6</ymin>
			<xmax>376</xmax>
			<ymax>577.6</ymax>
		</bndbox>
	</object>
	<object>
		<name>b8</name>
		<pose>Unspecified</pose>
		<truncated>0</truncated>
		<difficult>0</difficult>
		<bndbox>
			<xmin>495.2</xmin>
			<ymin>549.2</ymin>
			<xmax>527.2</xmax>
			<ymax>581.2</ymax>
		</bndbox>
	</object>
	<object>
		<name>b10</name>
		<pose>Unspecified</pose>
		<truncated>0</truncated>
		<difficult>0</difficult>
		<bndbox>
			<xmin>495.2</xmin>
			<ymin>565.76</ymin>
			<xmax>527.2</xmax>
			<ymax>597.76</ymax>
		</bndbox>
	</object>
	<object>
		<name>b8</name>
		<pose>Unspecified</pose>
		<truncated>0</truncated>
		<difficult>0</difficult>
		<bndbox>
			<xmin>493.76</xmin>
			<ymin>548.48</ymin>
			<xmax>525.76</xmax>
			<ymax>580.48</ymax>
		</bndbox>
	</object>
	<object>
		<name>b6</name>
		<pose>Unspecified</pose>
		<truncated>0</truncated>
		<difficult>0</difficult>
		<bndbox>
			<xmin>344</xmin>
			<ymin>545.6</ymin>
			<xmax>376</xmax>
			<ymax>577.6</ymax>
		</bndbox>
	</object>
	<object>
		<name>b8</name>
		<pose>Unspecified</pose>
		<truncated>0</truncated>
		<difficult>0</difficult>
		<bndbox>
			<xmin>181.28</xmin>
			<ymin>548.48</ymin>
			<xmax>213.28</xmax>
			<ymax>580.48</ymax>
		</bndbox>
	</object>
	<object>
		<name>b2</name>
		<pose>Unspecified</pose>
		<truncated>0</truncated>
		<difficult>0</difficult>
		<bndbox>
			<xmin>259.04</xmin>
			<ymin>547.04</ymin>
			<xmax>291.04</xmax>
			<ymax>579.04</ymax>
		</bndbox>
	</object>
	<object>
		<name>b9</name>
		<pose>Unspecified</pose>
		<truncated>0</truncated>
		<difficult>0</difficult>
		<bndbox>
			<xmin>172.64</xmin>
			<ymin>547.04</ymin>
			<xmax>204.64</xmax>
			<ymax>579.04</ymax>
		</bndbox>
	</object>
	<object>
		<name>b5</name>
		<pose>Unspecified</pose>
		<truncated>0</truncated>
		<difficult>0</difficult>
		<bndbox>
			<xmin>277.76</xmin>
			<ymin>547.328</ymin>
			<xmax>309.76</xmax>
			<ymax>579.328</ymax>
		</bndbox>
	</object>
	<object>
		<name>b8</name>
		<pose>Unspecified</pose>
		<truncated>0</truncated>
		<difficult>0</difficult>
		<bndbox>
			<xmin>483.392</xmin>
			<ymin>536.96</ymin>
			<xmax>515.392</xmax>
			<ymax>568.96</ymax>
		</bndbox>
	</object>
	<object>
		<name>b9</name>
		<pose>Unspecified</pose>
		<truncated>0</truncated>
		<difficult>0</difficult>
		<bndbox>
			<xmin>155.072</xmin>
			<ymin>547.328</ymin>
			<xmax>187.072</xmax>
			<ymax>579.328</ymax>
		</bndbox>
	</object>
	<object>
		<name>b8</name>
		<pose>Unspecified</pose>
		<truncated>0</truncated>
		<difficult>0</difficult>
		<bndbox>
			<xmin>497.216</xmin>
			<ymin>540.416</ymin>
			<xmax>529.216</xmax>
			<ymax>572.416</ymax>
		</bndbox>
	</object>
	<object>
		<name>b9</name>
		<pose>Unspecified</pose>
		<truncated>0</truncated>
		<difficult>0</difficult>
		<bndbox>
			<xmin>308.864</xmin>
			<ymin>550.784</ymin>
			<xmax>340.864</xmax>
			<ymax>582.784</ymax>
		</bndbox>
	</object>
	<object>
		<name>b5</name>
		<pose>Unspecified</pose>
		<truncated>0</truncated>
		<difficult>0</difficult>
		<bndbox>
			<xmin>276.378</xmin>
			<ymin>545.946</ymin>
			<xmax>308.378</xmax>
			<ymax>577.946</ymax>
		</bndbox>
	</object>
	<object>
		<name>b6</name>
		<pose>Unspecified</pose>
		<truncated>0</truncated>
		<difficult>0</difficult>
		<bndbox>
			<xmin>411.162</xmin>
			<ymin>927.488</ymin>
			<xmax>443.162</xmax>
			<ymax>959.488</ymax>
		</bndbox>
	</object>
	<object>
		<name>b6</name>
		<pose>Unspecified</pose>
		<truncated>0</truncated>
		<difficult>0</difficult>
		<bndbox>
			<xmin>369.69</xmin>
			<ymin>433.971</ymin>
			<xmax>401.69</xmax>
			<ymax>465.971</ymax>
		</bndbox>
	</object>
	<object>
		<name>b7</name>
		<pose>Unspecified</pose>
		<truncated>0</truncated>
		<difficult>0</difficult>
		<bndbox>
			<xmin>342.733</xmin>
			<ymin>545.946</ymin>
			<xmax>374.733</xmax>
			<ymax>577.946</ymax>
		</bndbox>
	</object>
	<object>
		<name>b7</name>
		<pose>Unspecified</pose>
		<truncated>0</truncated>
		<difficult>0</difficult>
		<bndbox>
			<xmin>365.542</xmin>
			<ymin>438.118</ymin>
			<xmax>397.542</xmax>
			<ymax>470.118</ymax>
		</bndbox>
	</object>
	<object>
		<name>b7</name>
		<pose>Unspecified</pose>
		<truncated>0</truncated>
		<difficult>0</difficult>
		<bndbox>
			<xmin>230.758</xmin>
			<ymin>550.093</ymin>
			<xmax>262.758</xmax>
			<ymax>582.093</ymax>
		</bndbox>
	</object>
	<object>
		<name>b9</name>
		<pose>Unspecified</pose>
		<truncated>0</truncated>
		<difficult>0</difficult>
		<bndbox>
			<xmin>151.962</xmin>
			<ymin>500.326</ymin>
			<xmax>183.962</xmax>
			<ymax>532.326</ymax>
		</bndbox>
	</object>
	<object>
		<name>b9</name>
		<pose>Unspecified</pose>
		<truncated>0</truncated>
		<difficult>0</difficult>
		<bndbox>
			<xmin>326.144</xmin>
			<ymin>548.019</ymin>
			<xmax>358.144</xmax>
			<ymax>580.019</ymax>
		</bndbox>
	</object>
	<object>
		<name>b7</name>
		<pose>Unspecified</pose>
		<truncated>0</truncated>
		<difficult>0</difficult>
		<bndbox>
			<xmin>290.063</xmin>
			<ymin>546.36</ymin>
			<xmax>322.063</xmax>
			<ymax>578.36</ymax>
		</bndbox>
	</object>
	<object>
		<name>b8</name>
		<pose>Unspecified</pose>
		<truncated>0</truncated>
		<difficult>0</difficult>
		<bndbox>
			<xmin>317.435</xmin>
			<ymin>546.36</ymin>
			<xmax>349.435</xmax>
			<ymax>578.36</ymax>
		</bndbox>
	</object>
	<object>
		<name>b6</name>
		<pose>Unspecified</pose>
		<truncated>0</truncated>
		<difficult>0</difficult>
		<bndbox>
			<xmin>369.69</xmin>
			<ymin>431.898</ymin>
			<xmax>401.69</xmax>
			<ymax>463.898</ymax>
		</bndbox>
	</object>
	<object>
		<name>b4</name>
		<pose>Unspecified</pose>
		<truncated>0</truncated>
		<difficult>0</difficult>
		<bndbox>
			<xmin>197.996</xmin>
			<ymin>551.337</ymin>
			<xmax>229.996</xmax>
			<ymax>583.337</ymax>
		</bndbox>
	</object>
	<object>
		<name>b2</name>
		<pose>Unspecified</pose>
		<truncated>0</truncated>
		<difficult>0</difficult>
		<bndbox>
			<xmin>245.274</xmin>
			<ymin>653.358</ymin>
			<xmax>277.274</xmax>
			<ymax>685.358</ymax>
		</bndbox>
	</object>
	<object>
		<name>b2</name>
		<pose>Unspecified</pose>
		<truncated>0</truncated>
		<difficult>0</difficult>
		<bndbox>
			<xmin>250.25</xmin>
			<ymin>658.335</ymin>
			<xmax>282.25</xmax>
			<ymax>690.335</ymax>
		</bndbox>
	</object>
	<object>
		<name>b7</name>
		<pose>Unspecified</pose>
		<truncated>0</truncated>
		<difficult>0</difficult>
		<bndbox>
			<xmin>342.318</xmin>
			<ymin>545.365</ymin>
			<xmax>374.318</xmax>
			<ymax>577.365</ymax>
		</bndbox>
	</object>
	<object>
		<name>b4</name>
		<pose>Unspecified</pose>
		<truncated>0</truncated>
		<difficult>0</difficult>
		<bndbox>
			<xmin>198</xmin>
			<ymin>552</ymin>
			<xmax>230</xmax>
			<ymax>584</ymax>
		</bndbox>
	</object>
	<object>
		<name>b7</name>
		<pose>Unspecified</pose>
		<truncated>0</truncated>
		<difficult>0</difficult>
		<bndbox>
			<xmin>368</xmin>
			<ymin>438</ymin>
			<xmax>400</xmax>
			<ymax>470</ymax>
		</bndbox>
	</object>
	<object>
		<name>b5</name>
		<pose>Unspecified</pose>
		<truncated>0</truncated>
		<difficult>0</difficult>
		<bndbox>
			<xmin>277</xmin>
			<ymin>547</ymin>
			<xmax>309</xmax>
			<ymax>579</ymax>
		</bndbox>
	</object>
	<object>
		<name>b2</name>
		<pose>Unspecified</pose>
		<truncated>0</truncated>
		<difficult>0</difficult>
		<bndbox>
			<xmin>258</xmin>
			<ymin>547</ymin>
			<xmax>290</xmax>
			<ymax>579</ymax>
		</bndbox>
	</object>
	<object>
		<name>g1</name>
		<pose>Unspecified</pose>
		<truncated>0</truncated>
		<difficult>0</difficult>
		<bndbox>
			<xmin>255</xmin>
			<ymin>549</ymin>
			<xmax>287</xmax>
			<ymax>581</ymax>
		</bndbox>
	</object>
	<object>
		<name>b7</name>
		<pose>Unspecified</pose>
		<truncated>0</truncated>
		<difficult>0</difficult>
		<bndbox>
			<xmin>221.6</xmin>
			<ymin>548</ymin>
			<xmax>253.6</xmax>
			<ymax>580</ymax>
		</bndbox>
	</object>
	<object>
		<name>b7</name>
		<pose>Unspecified</pose>
		<truncated>0</truncated>
		<difficult>0</difficult>
		<bndbox>
			<xmin>227.6</xmin>
			<ymin>549.2</ymin>
			<xmax>259.6</xmax>
			<ymax>581.2</ymax>
		</bndbox>
	</object>
	<object>
		<name>b8</name>
		<pose>Unspecified</pose>
		<truncated>0</truncated>
		<difficult>0</difficult>
		<bndbox>
			<xmin>498.8</xmin>
			<ymin>542</ymin>
			<xmax>530.8</xmax>
			<ymax>574</ymax>
		</bndbox>
	</object>
	<object>
		<name>b4</name>
		<pose>Unspecified</pose>
		<truncated>0</truncated>
		<difficult>0</difficult>
		<bndbox>
			<xmin>197.6</xmin>
			<ymin>551.6</ymin>
			<xmax>229.6</xmax>
			<ymax>583.6</ymax>
		</bndbox>
	</object>
	<object>
		<name>b6</name>
		<pose>Unspecified</pose>
		<truncated>0</truncated>
		<difficult>0</difficult>
		<bndbox>
			<xmin>344</xmin>
			<ymin>545.6</ymin>
			<xmax>376</xmax>
			<ymax>577.6</ymax>
		</bndbox>
	</object>
	<object>
		<name>b8</name>
		<pose>Unspecified</pose>
		<truncated>0</truncated>
		<difficult>0</difficult>
		<bndbox>
			<xmin>495.2</xmin>
			<ymin>549.2</ymin>
			<xmax>527.2</xmax>
			<ymax>581.2</ymax>
		</bndbox>
	</object>
	<object>
		<name>b10</name>
		<pose>Unspecified</pose>
		<truncated>0</truncated>
		<difficult>0</difficult>
		<bndbox>
			<xmin>495.2</xmin>
			<ymin>565.76</ymin>
			<xmax>527.2</xmax>
			<ymax>597.76</ymax>
		</bndbox>
	</object>
	<object>
		<name>b8</name>
		<pose>Unspecified</pose>
		<truncated>0</truncated>
		<difficult>0</difficult>
		<bndbox>
			<xmin>493.76</xmin>
			<ymin>548.48</ymin>
			<xmax>525.76</xmax>
			<ymax>580.48</ymax>
		</bndbox>
	</object>
	<object>
		<name>b6</name>
		<pose>Unspecified</pose>
		<truncated>0</truncated>
		<difficult>0</difficult>
		<bndbox>
			<xmin>344</xmin>
			<ymin>545.6</ymin>
			<xmax>376</xmax>
			<ymax>577.6</ymax>
		</bndbox>
	</object>
	<object>
		<name>b8</name>
		<pose>Unspecified</pose>
		<truncated>0</truncated>
		<difficult>0</difficult>
		<bndbox>
			<xmin>181.28</xmin>
			<ymin>548.48</ymin>
			<xmax>213.28</xmax>
			<ymax>580.48</ymax>
		</bndbox>
	</object>
	<object>
		<name>b2</name>
		<pose>Unspecified</pose>
		<truncated>0</truncated>
		<difficult>0</difficult>
		<bndbox>
			<xmin>259.04</xmin>
			<ymin>547.04</ymin>
			<xmax>291.04</xmax>
			<ymax>579.04</ymax>
		</bndbox>
	</object>
	<object>
		<name>b9</name>
		<pose>Unspecified</pose>
		<truncated>0</truncated>
		<difficult>0</difficult>
		<bndbox>
			<xmin>172.64</xmin>
			<ymin>547.04</ymin>
			<xmax>204.64</xmax>
			<ymax>579.04</ymax>
		</bndbox>
	</object>
	<object>
		<name>b5</name>
		<pose>Unspecified</pose>
		<truncated>0</truncated>
		<difficult>0</difficult>
		<bndbox>
			<xmin>277.76</xmin>
			<ymin>547.328</ymin>
			<xmax>309.76</xmax>
			<ymax>579.328</ymax>
		</bndbox>
	</object>
	<object>
		<name>b8</name>
		<pose>Unspecified</pose>
		<truncated>0</truncated>
		<difficult>0</difficult>
		<bndbox>
			<xmin>483.392</xmin>
			<ymin>536.96</ymin>
			<xmax>515.392</xmax>
			<ymax>568.96</ymax>
		</bndbox>
	</object>
	<object>
		<name>b9</name>
		<pose>Unspecified</pose>
		<truncated>0</truncated>
		<difficult>0</difficult>
		<bndbox>
			<xmin>155.072</xmin>
			<ymin>547.328</ymin>
			<xmax>187.072</xmax>
			<ymax>579.328</ymax>
		</bndbox>
	</object>
	<object>
		<name>b8</name>
		<pose>Unspecified</pose>
		<truncated>0</truncated>
		<difficult>0</difficult>
		<bndbox>
			<xmin>497.216</xmin>
			<ymin>540.416</ymin>
			<xmax>529.216</xmax>
			<ymax>572.416</ymax>
		</bndbox>
	</object>
	<object>
		<name>b9</name>
		<pose>Unspecified</pose>
		<truncated>0</truncated>
		<difficult>0</difficult>
		<bndbox>
			<xmin>308.864</xmin>
			<ymin>550.784</ymin>
			<xmax>340.864</xmax>
			<ymax>582.784</ymax>
		</bndbox>
	</object>
	<object>
		<name>b5</name>
		<pose>Unspecified</pose>
		<truncated>0</truncated>
		<difficult>0</difficult>
		<bndbox>
			<xmin>276.378</xmin>
			<ymin>545.946</ymin>
			<xmax>308.378</xmax>
			<ymax>577.946</ymax>
		</bndbox>
	</object>
	<object>
		<name>b6</name>
		<pose>Unspecified</pose>
		<truncated>0</truncated>
		<difficult>0</difficult>
		<bndbox>
			<xmin>411.162</xmin>
			<ymin>927.488</ymin>
			<xmax>443.162</xmax>
			<ymax>959.488</ymax>
		</bndbox>
	</object>
	<object>
		<name>b6</name>
		<pose>Unspecified</pose>
		<truncated>0</truncated>
		<difficult>0</difficult>
		<bndbox>
			<xmin>369.69</xmin>
			<ymin>433.971</ymin>
			<xmax>401.69</xmax>
			<ymax>465.971</ymax>
		</bndbox>
	</object>
	<object>
		<name>b7</name>
		<pose>Unspecified</pose>
		<truncated>0</truncated>
		<difficult>0</difficult>
		<bndbox>
			<xmin>342.733</xmin>
			<ymin>545.946</ymin>
			<xmax>374.733</xmax>
			<ymax>577.946</ymax>
		</bndbox>
	</object>
	<object>
		<name>b7</name>
		<pose>Unspecified</pose>
		<truncated>0</truncated>
		<difficult>0</difficult>
		<bndbox>
			<xmin>365.542</xmin>
			<ymin>438.118</ymin>
			<xmax>397.542</xmax>
			<ymax>470.118</ymax>
		</bndbox>
	</object>
	<object>
		<name>b7</name>
		<pose>Unspecified</pose>
		<truncated>0</truncated>
		<difficult>0</difficult>
		<bndbox>
			<xmin>230.758</xmin>
			<ymin>550.093</ymin>
			<xmax>262.758</xmax>
			<ymax>582.093</ymax>
		</bndbox>
	</object>
	<object>
		<name>b9</name>
		<pose>Unspecified</pose>
		<truncated>0</truncated>
		<difficult>0</difficult>
		<bndbox>
			<xmin>151.962</xmin>
			<ymin>500.326</ymin>
			<xmax>183.962</xmax>
			<ymax>532.326</ymax>
		</bndbox>
	</object>
	<object>
		<name>b9</name>
		<pose>Unspecified</pose>
		<truncated>0</truncated>
		<difficult>0</difficult>
		<bndbox>
			<xmin>326.144</xmin>
			<ymin>548.019</ymin>
			<xmax>358.144</xmax>
			<ymax>580.019</ymax>
		</bndbox>
	</object>
	<object>
		<name>b7</name>
		<pose>Unspecified</pose>
		<truncated>0</truncated>
		<difficult>0</difficult>
		<bndbox>
			<xmin>290.063</xmin>
			<ymin>546.36</ymin>
			<xmax>322.063</xmax>
			<ymax>578.36</ymax>
		</bndbox>
	</object>
	<object>
		<name>b8</name>
		<pose>Unspecified</pose>
		<truncated>0</truncated>
		<difficult>0</difficult>
		<bndbox>
			<xmin>317.435</xmin>
			<ymin>546.36</ymin>
			<xmax>349.435</xmax>
			<ymax>578.36</ymax>
		</bndbox>
	</object>
	<object>
		<name>b6</name>
		<pose>Unspecified</pose>
		<truncated>0</truncated>
		<difficult>0</difficult>
		<bndbox>
			<xmin>369.69</xmin>
			<ymin>431.898</ymin>
			<xmax>401.69</xmax>
			<ymax>463.898</ymax>
		</bndbox>
	</object>
	<object>
		<name>b4</name>
		<pose>Unspecified</pose>
		<truncated>0</truncated>
		<difficult>0</difficult>
		<bndbox>
			<xmin>197.996</xmin>
			<ymin>551.337</ymin>
			<xmax>229.996</xmax>
			<ymax>583.337</ymax>
		</bndbox>
	</object>
	<object>
		<name>b2</name>
		<pose>Unspecified</pose>
		<truncated>0</truncated>
		<difficult>0</difficult>
		<bndbox>
			<xmin>245.274</xmin>
			<ymin>653.358</ymin>
			<xmax>277.274</xmax>
			<ymax>685.358</ymax>
		</bndbox>
	</object>
	<object>
		<name>b2</name>
		<pose>Unspecified</pose>
		<truncated>0</truncated>
		<difficult>0</difficult>
		<bndbox>
			<xmin>250.25</xmin>
			<ymin>658.335</ymin>
			<xmax>282.25</xmax>
			<ymax>690.335</ymax>
		</bndbox>
	</object>
	<object>
		<name>b7</name>
		<pose>Unspecified</pose>
		<truncated>0</truncated>
		<difficult>0</difficult>
		<bndbox>
			<xmin>342.318</xmin>
			<ymin>545.365</ymin>
			<xmax>374.318</xmax>
			<ymax>577.365</ymax>
		</bndbox>
	</object>
</annotation>
