<annotation>
	<folder>VOC2007</folder>
	<filename>000467.jpg</filename>
	<source>
		<database>My Database</database>
		<annotation>VOC2007</annotation>
		<image>flickr</image>
		<flickrid>NULL</flickrid>
	</source>
	<owner>
		<flickrid>NULL</flickrid>
		<name>shaochunyan</name>
	</owner>
	<size>
		<width>720</width>
		<height>1280</height>
		<depth>3</depth>
	</size>
	<segmented>0</segmented>
	<object>
		<name>b7</name>
		<pose>Unspecified</pose>
		<truncated>0</truncated>
		<difficult>0</difficult>
		<bndbox>
			<xmin>192</xmin>
			<ymin>543</ymin>
			<xmax>224</xmax>
			<ymax>575</ymax>
		</bndbox>
	</object>
	<object>
		<name>b8</name>
		<pose>Unspecified</pose>
		<truncated>0</truncated>
		<difficult>0</difficult>
		<bndbox>
			<xmin>121</xmin>
			<ymin>436</ymin>
			<xmax>153</xmax>
			<ymax>468</ymax>
		</bndbox>
	</object>
	<object>
		<name>b6</name>
		<pose>Unspecified</pose>
		<truncated>0</truncated>
		<difficult>0</difficult>
		<bndbox>
			<xmin>144</xmin>
			<ymin>511</ymin>
			<xmax>176</xmax>
			<ymax>543</ymax>
		</bndbox>
	</object>
	<object>
		<name>b6</name>
		<pose>Unspecified</pose>
		<truncated>0</truncated>
		<difficult>0</difficult>
		<bndbox>
			<xmin>146</xmin>
			<ymin>510.8</ymin>
			<xmax>178</xmax>
			<ymax>542.8</ymax>
		</bndbox>
	</object>
	<object>
		<name>b8</name>
		<pose>Unspecified</pose>
		<truncated>0</truncated>
		<difficult>0</difficult>
		<bndbox>
			<xmin>284</xmin>
			<ymin>531.2</ymin>
			<xmax>316</xmax>
			<ymax>563.2</ymax>
		</bndbox>
	</object>
	<object>
		<name>b10</name>
		<pose>Unspecified</pose>
		<truncated>0</truncated>
		<difficult>0</difficult>
		<bndbox>
			<xmin>125.12</xmin>
			<ymin>410.24</ymin>
			<xmax>157.12</xmax>
			<ymax>442.24</ymax>
		</bndbox>
	</object>
	<object>
		<name>b9</name>
		<pose>Unspecified</pose>
		<truncated>0</truncated>
		<difficult>0</difficult>
		<bndbox>
			<xmin>223.04</xmin>
			<ymin>538.4</ymin>
			<xmax>255.04</xmax>
			<ymax>570.4</ymax>
		</bndbox>
	</object>
	<object>
		<name>b9</name>
		<pose>Unspecified</pose>
		<truncated>0</truncated>
		<difficult>0</difficult>
		<bndbox>
			<xmin>308.864</xmin>
			<ymin>528.32</ymin>
			<xmax>340.864</xmax>
			<ymax>560.32</ymax>
		</bndbox>
	</object>
	<object>
		<name>b7</name>
		<pose>Unspecified</pose>
		<truncated>0</truncated>
		<difficult>0</difficult>
		<bndbox>
			<xmin>191.36</xmin>
			<ymin>540.416</ymin>
			<xmax>223.36</xmax>
			<ymax>572.416</ymax>
		</bndbox>
	</object>
	<object>
		<name>b7</name>
		<pose>Unspecified</pose>
		<truncated>0</truncated>
		<difficult>0</difficult>
		<bndbox>
			<xmin>194.816</xmin>
			<ymin>542.144</ymin>
			<xmax>226.816</xmax>
			<ymax>574.144</ymax>
		</bndbox>
	</object>
	<object>
		<name>b8</name>
		<pose>Unspecified</pose>
		<truncated>0</truncated>
		<difficult>0</difficult>
		<bndbox>
			<xmin>120.858</xmin>
			<ymin>436.045</ymin>
			<xmax>152.858</xmax>
			<ymax>468.045</ymax>
		</bndbox>
	</object>
	<object>
		<name>b10</name>
		<pose>Unspecified</pose>
		<truncated>0</truncated>
		<difficult>0</difficult>
		<bndbox>
			<xmin>71.0912</xmin>
			<ymin>469.222</ymin>
			<xmax>103.091</xmax>
			<ymax>501.222</ymax>
		</bndbox>
	</object>
	<object>
		<name>b6</name>
		<pose>Unspecified</pose>
		<truncated>0</truncated>
		<difficult>0</difficult>
		<bndbox>
			<xmin>197.996</xmin>
			<ymin>543.872</ymin>
			<xmax>229.996</xmax>
			<ymax>575.872</ymax>
		</bndbox>
	</object>
	<object>
		<name>b9</name>
		<pose>Unspecified</pose>
		<truncated>0</truncated>
		<difficult>0</difficult>
		<bndbox>
			<xmin>100.453</xmin>
			<ymin>476.688</ymin>
			<xmax>132.453</xmax>
			<ymax>508.688</ymax>
		</bndbox>
	</object>
	<object>
		<name>b9</name>
		<pose>Unspecified</pose>
		<truncated>0</truncated>
		<difficult>0</difficult>
		<bndbox>
			<xmin>98.6618</xmin>
			<ymin>474.896</ymin>
			<xmax>130.662</xmax>
			<ymax>506.896</ymax>
		</bndbox>
	</object>
	<object>
		<name>b5</name>
		<pose>Unspecified</pose>
		<truncated>0</truncated>
		<difficult>0</difficult>
		<bndbox>
			<xmin>202.574</xmin>
			<ymin>553.726</ymin>
			<xmax>234.574</xmax>
			<ymax>585.726</ymax>
		</bndbox>
	</object>
	<object>
		<name>b9</name>
		<pose>Unspecified</pose>
		<truncated>0</truncated>
		<difficult>0</difficult>
		<bndbox>
			<xmin>496</xmin>
			<ymin>230</ymin>
			<xmax>528</xmax>
			<ymax>262</ymax>
		</bndbox>
	</object>
	<object>
		<name>b8</name>
		<pose>Unspecified</pose>
		<truncated>0</truncated>
		<difficult>0</difficult>
		<bndbox>
			<xmin>139</xmin>
			<ymin>419</ymin>
			<xmax>171</xmax>
			<ymax>451</ymax>
		</bndbox>
	</object>
	<object>
		<name>b8</name>
		<pose>Unspecified</pose>
		<truncated>0</truncated>
		<difficult>0</difficult>
		<bndbox>
			<xmin>138.8</xmin>
			<ymin>418.4</ymin>
			<xmax>170.8</xmax>
			<ymax>450.4</ymax>
		</bndbox>
	</object>
	<object>
		<name>b9</name>
		<pose>Unspecified</pose>
		<truncated>0</truncated>
		<difficult>0</difficult>
		<bndbox>
			<xmin>652.4</xmin>
			<ymin>507.2</ymin>
			<xmax>684.4</xmax>
			<ymax>539.2</ymax>
		</bndbox>
	</object>
	<object>
		<name>b8</name>
		<pose>Unspecified</pose>
		<truncated>0</truncated>
		<difficult>0</difficult>
		<bndbox>
			<xmin>594.8</xmin>
			<ymin>540.8</ymin>
			<xmax>626.8</xmax>
			<ymax>572.8</ymax>
		</bndbox>
	</object>
	<object>
		<name>b8</name>
		<pose>Unspecified</pose>
		<truncated>0</truncated>
		<difficult>0</difficult>
		<bndbox>
			<xmin>60.32</xmin>
			<ymin>407.36</ymin>
			<xmax>92.32</xmax>
			<ymax>439.36</ymax>
		</bndbox>
	</object>
	<object>
		<name>b8</name>
		<pose>Unspecified</pose>
		<truncated>0</truncated>
		<difficult>0</difficult>
		<bndbox>
			<xmin>71.84</xmin>
			<ymin>469.28</ymin>
			<xmax>103.84</xmax>
			<ymax>501.28</ymax>
		</bndbox>
	</object>
	<object>
		<name>b4</name>
		<pose>Unspecified</pose>
		<truncated>0</truncated>
		<difficult>0</difficult>
		<bndbox>
			<xmin>232.832</xmin>
			<ymin>519.68</ymin>
			<xmax>264.832</xmax>
			<ymax>551.68</ymax>
		</bndbox>
	</object>
	<object>
		<name>b8</name>
		<pose>Unspecified</pose>
		<truncated>0</truncated>
		<difficult>0</difficult>
		<bndbox>
			<xmin>125.696</xmin>
			<ymin>410.816</ymin>
			<xmax>157.696</xmax>
			<ymax>442.816</ymax>
		</bndbox>
	</object>
	<object>
		<name>b8</name>
		<pose>Unspecified</pose>
		<truncated>0</truncated>
		<difficult>0</difficult>
		<bndbox>
			<xmin>194.816</xmin>
			<ymin>542.144</ymin>
			<xmax>226.816</xmax>
			<ymax>574.144</ymax>
		</bndbox>
	</object>
	<object>
		<name>b8</name>
		<pose>Unspecified</pose>
		<truncated>0</truncated>
		<difficult>0</difficult>
		<bndbox>
			<xmin>595.712</xmin>
			<ymin>539.725</ymin>
			<xmax>627.712</xmax>
			<ymax>571.725</ymax>
		</bndbox>
	</object>
	<object>
		<name>b8</name>
		<pose>Unspecified</pose>
		<truncated>0</truncated>
		<difficult>0</difficult>
		<bndbox>
			<xmin>195.507</xmin>
			<ymin>539.725</ymin>
			<xmax>227.507</xmax>
			<ymax>571.725</ymax>
		</bndbox>
	</object>
	<object>
		<name>b6</name>
		<pose>Unspecified</pose>
		<truncated>0</truncated>
		<difficult>0</difficult>
		<bndbox>
			<xmin>409.088</xmin>
			<ymin>529.357</ymin>
			<xmax>441.088</xmax>
			<ymax>561.357</ymax>
		</bndbox>
	</object>
	<object>
		<name>b8</name>
		<pose>Unspecified</pose>
		<truncated>0</truncated>
		<difficult>0</difficult>
		<bndbox>
			<xmin>197.996</xmin>
			<ymin>543.872</ymin>
			<xmax>229.996</xmax>
			<ymax>575.872</ymax>
		</bndbox>
	</object>
	<object>
		<name>b8</name>
		<pose>Unspecified</pose>
		<truncated>0</truncated>
		<difficult>0</difficult>
		<bndbox>
			<xmin>90.9978</xmin>
			<ymin>471.711</ymin>
			<xmax>122.998</xmax>
			<ymax>503.711</ymax>
		</bndbox>
	</object>
	<object>
		<name>b7</name>
		<pose>Unspecified</pose>
		<truncated>0</truncated>
		<difficult>0</difficult>
		<bndbox>
			<xmin>76.0679</xmin>
			<ymin>469.223</ymin>
			<xmax>108.068</xmax>
			<ymax>501.223</ymax>
		</bndbox>
	</object>
	<object>
		<name>b6</name>
		<pose>Unspecified</pose>
		<truncated>0</truncated>
		<difficult>0</difficult>
		<bndbox>
			<xmin>409.503</xmin>
			<ymin>528.942</ymin>
			<xmax>441.503</xmax>
			<ymax>560.942</ymax>
		</bndbox>
	</object>
	<object>
		<name>b4</name>
		<pose>Unspecified</pose>
		<truncated>0</truncated>
		<difficult>0</difficult>
		<bndbox>
			<xmin>234.823</xmin>
			<ymin>518.491</ymin>
			<xmax>266.823</xmax>
			<ymax>550.491</ymax>
		</bndbox>
	</object>
	<object>
		<name>b7</name>
		<pose>Unspecified</pose>
		<truncated>0</truncated>
		<difficult>0</difficult>
		<bndbox>
			<xmin>76.5655</xmin>
			<ymin>470.716</ymin>
			<xmax>108.566</xmax>
			<ymax>502.716</ymax>
		</bndbox>
	</object>
	<object>
		<name>b6</name>
		<pose>Unspecified</pose>
		<truncated>0</truncated>
		<difficult>0</difficult>
		<bndbox>
			<xmin>399.052</xmin>
			<ymin>527.449</ymin>
			<xmax>431.052</xmax>
			<ymax>559.449</ymax>
		</bndbox>
	</object>
	<object>
		<name>b5</name>
		<pose>Unspecified</pose>
		<truncated>0</truncated>
		<difficult>0</difficult>
		<bndbox>
			<xmin>464</xmin>
			<ymin>234</ymin>
			<xmax>496</xmax>
			<ymax>266</ymax>
		</bndbox>
	</object>
	<object>
		<name>b9</name>
		<pose>Unspecified</pose>
		<truncated>0</truncated>
		<difficult>0</difficult>
		<bndbox>
			<xmin>226</xmin>
			<ymin>542</ymin>
			<xmax>258</xmax>
			<ymax>574</ymax>
		</bndbox>
	</object>
	<object>
		<name>b7</name>
		<pose>Unspecified</pose>
		<truncated>0</truncated>
		<difficult>0</difficult>
		<bndbox>
			<xmin>106</xmin>
			<ymin>405</ymin>
			<xmax>138</xmax>
			<ymax>437</ymax>
		</bndbox>
	</object>
	<object>
		<name>b6</name>
		<pose>Unspecified</pose>
		<truncated>0</truncated>
		<difficult>0</difficult>
		<bndbox>
			<xmin>104</xmin>
			<ymin>406.4</ymin>
			<xmax>136</xmax>
			<ymax>438.4</ymax>
		</bndbox>
	</object>
	<object>
		<name>b6</name>
		<pose>Unspecified</pose>
		<truncated>0</truncated>
		<difficult>0</difficult>
		<bndbox>
			<xmin>498.8</xmin>
			<ymin>220.4</ymin>
			<xmax>530.8</xmax>
			<ymax>252.4</ymax>
		</bndbox>
	</object>
	<object>
		<name>b8</name>
		<pose>Unspecified</pose>
		<truncated>0</truncated>
		<difficult>0</difficult>
		<bndbox>
			<xmin>124.4</xmin>
			<ymin>388.4</ymin>
			<xmax>156.4</xmax>
			<ymax>420.4</ymax>
		</bndbox>
	</object>
	<object>
		<name>b10</name>
		<pose>Unspecified</pose>
		<truncated>0</truncated>
		<difficult>0</difficult>
		<bndbox>
			<xmin>66.08</xmin>
			<ymin>483.68</ymin>
			<xmax>98.08</xmax>
			<ymax>515.68</ymax>
		</bndbox>
	</object>
	<object>
		<name>b6</name>
		<pose>Unspecified</pose>
		<truncated>0</truncated>
		<difficult>0</difficult>
		<bndbox>
			<xmin>103.52</xmin>
			<ymin>405.92</ymin>
			<xmax>135.52</xmax>
			<ymax>437.92</ymax>
		</bndbox>
	</object>
	<object>
		<name>b5</name>
		<pose>Unspecified</pose>
		<truncated>0</truncated>
		<difficult>0</difficult>
		<bndbox>
			<xmin>45.92</xmin>
			<ymin>424.64</ymin>
			<xmax>77.92</xmax>
			<ymax>456.64</ymax>
		</bndbox>
	</object>
	<object>
		<name>b7</name>
		<pose>Unspecified</pose>
		<truncated>0</truncated>
		<difficult>0</difficult>
		<bndbox>
			<xmin>125.12</xmin>
			<ymin>388.64</ymin>
			<xmax>157.12</xmax>
			<ymax>420.64</ymax>
		</bndbox>
	</object>
	<object>
		<name>b7</name>
		<pose>Unspecified</pose>
		<truncated>0</truncated>
		<difficult>0</difficult>
		<bndbox>
			<xmin>476.48</xmin>
			<ymin>231.68</ymin>
			<xmax>508.48</xmax>
			<ymax>263.68</ymax>
		</bndbox>
	</object>
	<object>
		<name>b5</name>
		<pose>Unspecified</pose>
		<truncated>0</truncated>
		<difficult>0</difficult>
		<bndbox>
			<xmin>466.4</xmin>
			<ymin>231.68</ymin>
			<xmax>498.4</xmax>
			<ymax>263.68</ymax>
		</bndbox>
	</object>
	<object>
		<name>b6</name>
		<pose>Unspecified</pose>
		<truncated>0</truncated>
		<difficult>0</difficult>
		<bndbox>
			<xmin>500.672</xmin>
			<ymin>219.008</ymin>
			<xmax>532.672</xmax>
			<ymax>251.008</ymax>
		</bndbox>
	</object>
	<object>
		<name>b10</name>
		<pose>Unspecified</pose>
		<truncated>0</truncated>
		<difficult>0</difficult>
		<bndbox>
			<xmin>125.696</xmin>
			<ymin>410.816</ymin>
			<xmax>157.696</xmax>
			<ymax>442.816</ymax>
		</bndbox>
	</object>
	<object>
		<name>b7</name>
		<pose>Unspecified</pose>
		<truncated>0</truncated>
		<difficult>0</difficult>
		<bndbox>
			<xmin>104.269</xmin>
			<ymin>392.499</ymin>
			<xmax>136.269</xmax>
			<ymax>424.499</ymax>
		</bndbox>
	</object>
	<object>
		<name>b6</name>
		<pose>Unspecified</pose>
		<truncated>0</truncated>
		<difficult>0</difficult>
		<bndbox>
			<xmin>500.326</xmin>
			<ymin>220.39</ymin>
			<xmax>532.326</xmax>
			<ymax>252.39</ymax>
		</bndbox>
	</object>
	<object>
		<name>b4</name>
		<pose>Unspecified</pose>
		<truncated>0</truncated>
		<difficult>0</difficult>
		<bndbox>
			<xmin>456.781</xmin>
			<ymin>236.979</ymin>
			<xmax>488.781</xmax>
			<ymax>268.979</ymax>
		</bndbox>
	</object>
	<object>
		<name>b7</name>
		<pose>Unspecified</pose>
		<truncated>0</truncated>
		<difficult>0</difficult>
		<bndbox>
			<xmin>106.342</xmin>
			<ymin>404.941</ymin>
			<xmax>138.342</xmax>
			<ymax>436.941</ymax>
		</bndbox>
	</object>
	<object>
		<name>b5</name>
		<pose>Unspecified</pose>
		<truncated>0</truncated>
		<difficult>0</difficult>
		<bndbox>
			<xmin>469.222</xmin>
			<ymin>230.758</ymin>
			<xmax>501.222</xmax>
			<ymax>262.758</ymax>
		</bndbox>
	</object>
	<object>
		<name>b4</name>
		<pose>Unspecified</pose>
		<truncated>0</truncated>
		<difficult>0</difficult>
		<bndbox>
			<xmin>456.781</xmin>
			<ymin>237.809</ymin>
			<xmax>488.781</xmax>
			<ymax>269.809</ymax>
		</bndbox>
	</object>
	<object>
		<name>b6</name>
		<pose>Unspecified</pose>
		<truncated>0</truncated>
		<difficult>0</difficult>
		<bndbox>
			<xmin>76.5655</xmin>
			<ymin>416.968</ymin>
			<xmax>108.566</xmax>
			<ymax>448.968</ymax>
		</bndbox>
	</object>
	<object>
		<name>b6</name>
		<pose>Unspecified</pose>
		<truncated>0</truncated>
		<difficult>0</difficult>
		<bndbox>
			<xmin>133.299</xmin>
			<ymin>387.108</ymin>
			<xmax>165.299</xmax>
			<ymax>419.108</ymax>
		</bndbox>
	</object>
</annotation>
