<annotation>
	<folder>VOC2007</folder>
	<filename>000495.jpg</filename>
	<source>
		<database>My Database</database>
		<annotation>VOC2007</annotation>
		<image>flickr</image>
		<flickrid>NULL</flickrid>
	</source>
	<owner>
		<flickrid>NULL</flickrid>
		<name>shaochunyan</name>
	</owner>
	<size>
		<width>720</width>
		<height>1280</height>
		<depth>3</depth>
	</size>
	<segmented>0</segmented>
	<object>
		<name>b8</name>
		<pose>Unspecified</pose>
		<truncated>0</truncated>
		<difficult>0</difficult>
		<bndbox>
			<xmin>171</xmin>
			<ymin>587</ymin>
			<xmax>203</xmax>
			<ymax>619</ymax>
		</bndbox>
	</object>
	<object>
		<name>b10</name>
		<pose>Unspecified</pose>
		<truncated>0</truncated>
		<difficult>0</difficult>
		<bndbox>
			<xmin>605</xmin>
			<ymin>580</ymin>
			<xmax>637</xmax>
			<ymax>612</ymax>
		</bndbox>
	</object>
	<object>
		<name>b10</name>
		<pose>Unspecified</pose>
		<truncated>0</truncated>
		<difficult>0</difficult>
		<bndbox>
			<xmin>260</xmin>
			<ymin>574.4</ymin>
			<xmax>292</xmax>
			<ymax>606.4</ymax>
		</bndbox>
	</object>
	<object>
		<name>b8</name>
		<pose>Unspecified</pose>
		<truncated>0</truncated>
		<difficult>0</difficult>
		<bndbox>
			<xmin>174.8</xmin>
			<ymin>597.2</ymin>
			<xmax>206.8</xmax>
			<ymax>629.2</ymax>
		</bndbox>
	</object>
	<object>
		<name>b10</name>
		<pose>Unspecified</pose>
		<truncated>0</truncated>
		<difficult>0</difficult>
		<bndbox>
			<xmin>358.4</xmin>
			<ymin>579.2</ymin>
			<xmax>390.4</xmax>
			<ymax>611.2</ymax>
		</bndbox>
	</object>
	<object>
		<name>b8</name>
		<pose>Unspecified</pose>
		<truncated>0</truncated>
		<difficult>0</difficult>
		<bndbox>
			<xmin>176</xmin>
			<ymin>599.6</ymin>
			<xmax>208</xmax>
			<ymax>631.6</ymax>
		</bndbox>
	</object>
	<object>
		<name>b8</name>
		<pose>Unspecified</pose>
		<truncated>0</truncated>
		<difficult>0</difficult>
		<bndbox>
			<xmin>176.96</xmin>
			<ymin>598.88</ymin>
			<xmax>208.96</xmax>
			<ymax>630.88</ymax>
		</bndbox>
	</object>
	<object>
		<name>b10</name>
		<pose>Unspecified</pose>
		<truncated>0</truncated>
		<difficult>0</difficult>
		<bndbox>
			<xmin>310.88</xmin>
			<ymin>572.96</ymin>
			<xmax>342.88</xmax>
			<ymax>604.96</ymax>
		</bndbox>
	</object>
	<object>
		<name>b8</name>
		<pose>Unspecified</pose>
		<truncated>0</truncated>
		<difficult>0</difficult>
		<bndbox>
			<xmin>113.6</xmin>
			<ymin>567.2</ymin>
			<xmax>145.6</xmax>
			<ymax>599.2</ymax>
		</bndbox>
	</object>
	<object>
		<name>b8</name>
		<pose>Unspecified</pose>
		<truncated>0</truncated>
		<difficult>0</difficult>
		<bndbox>
			<xmin>125.12</xmin>
			<ymin>571.52</ymin>
			<xmax>157.12</xmax>
			<ymax>603.52</ymax>
		</bndbox>
	</object>
	<object>
		<name>b6</name>
		<pose>Unspecified</pose>
		<truncated>0</truncated>
		<difficult>0</difficult>
		<bndbox>
			<xmin>189.92</xmin>
			<ymin>594.56</ymin>
			<xmax>221.92</xmax>
			<ymax>626.56</ymax>
		</bndbox>
	</object>
	<object>
		<name>b7</name>
		<pose>Unspecified</pose>
		<truncated>0</truncated>
		<difficult>0</difficult>
		<bndbox>
			<xmin>205.184</xmin>
			<ymin>595.712</ymin>
			<xmax>237.184</xmax>
			<ymax>627.712</ymax>
		</bndbox>
	</object>
	<object>
		<name>b8</name>
		<pose>Unspecified</pose>
		<truncated>0</truncated>
		<difficult>0</difficult>
		<bndbox>
			<xmin>113.6</xmin>
			<ymin>568.064</ymin>
			<xmax>145.6</xmax>
			<ymax>600.064</ymax>
		</bndbox>
	</object>
	<object>
		<name>b8</name>
		<pose>Unspecified</pose>
		<truncated>0</truncated>
		<difficult>0</difficult>
		<bndbox>
			<xmin>174.08</xmin>
			<ymin>588.8</ymin>
			<xmax>206.08</xmax>
			<ymax>620.8</ymax>
		</bndbox>
	</object>
	<object>
		<name>b9</name>
		<pose>Unspecified</pose>
		<truncated>0</truncated>
		<difficult>0</difficult>
		<bndbox>
			<xmin>174.771</xmin>
			<ymin>554.24</ymin>
			<xmax>206.771</xmax>
			<ymax>586.24</ymax>
		</bndbox>
	</object>
	<object>
		<name>b10</name>
		<pose>Unspecified</pose>
		<truncated>0</truncated>
		<difficult>0</difficult>
		<bndbox>
			<xmin>392.499</xmin>
			<ymin>579.123</ymin>
			<xmax>424.499</xmax>
			<ymax>611.123</ymax>
		</bndbox>
	</object>
	<object>
		<name>b7</name>
		<pose>Unspecified</pose>
		<truncated>0</truncated>
		<difficult>0</difficult>
		<bndbox>
			<xmin>110.904</xmin>
			<ymin>561.29</ymin>
			<xmax>142.904</xmax>
			<ymax>593.29</ymax>
		</bndbox>
	</object>
	<object>
		<name>b8</name>
		<pose>Unspecified</pose>
		<truncated>0</truncated>
		<difficult>0</difficult>
		<bndbox>
			<xmin>206.157</xmin>
			<ymin>593.141</ymin>
			<xmax>238.157</xmax>
			<ymax>625.141</ymax>
		</bndbox>
	</object>
	<object>
		<name>b10</name>
		<pose>Unspecified</pose>
		<truncated>0</truncated>
		<difficult>0</difficult>
		<bndbox>
			<xmin>464</xmin>
			<ymin>274</ymin>
			<xmax>496</xmax>
			<ymax>306</ymax>
		</bndbox>
	</object>
	<object>
		<name>b8</name>
		<pose>Unspecified</pose>
		<truncated>0</truncated>
		<difficult>0</difficult>
		<bndbox>
			<xmin>145</xmin>
			<ymin>589</ymin>
			<xmax>177</xmax>
			<ymax>621</ymax>
		</bndbox>
	</object>
	<object>
		<name>b8</name>
		<pose>Unspecified</pose>
		<truncated>0</truncated>
		<difficult>0</difficult>
		<bndbox>
			<xmin>318</xmin>
			<ymin>580</ymin>
			<xmax>350</xmax>
			<ymax>612</ymax>
		</bndbox>
	</object>
	<object>
		<name>b7</name>
		<pose>Unspecified</pose>
		<truncated>0</truncated>
		<difficult>0</difficult>
		<bndbox>
			<xmin>380</xmin>
			<ymin>578</ymin>
			<xmax>412</xmax>
			<ymax>610</ymax>
		</bndbox>
	</object>
	<object>
		<name>b6</name>
		<pose>Unspecified</pose>
		<truncated>0</truncated>
		<difficult>0</difficult>
		<bndbox>
			<xmin>343</xmin>
			<ymin>577</ymin>
			<xmax>375</xmax>
			<ymax>609</ymax>
		</bndbox>
	</object>
	<object>
		<name>b6</name>
		<pose>Unspecified</pose>
		<truncated>0</truncated>
		<difficult>0</difficult>
		<bndbox>
			<xmin>198</xmin>
			<ymin>594</ymin>
			<xmax>230</xmax>
			<ymax>626</ymax>
		</bndbox>
	</object>
	<object>
		<name>b8</name>
		<pose>Unspecified</pose>
		<truncated>0</truncated>
		<difficult>0</difficult>
		<bndbox>
			<xmin>135.2</xmin>
			<ymin>575.6</ymin>
			<xmax>167.2</xmax>
			<ymax>607.6</ymax>
		</bndbox>
	</object>
	<object>
		<name>b9</name>
		<pose>Unspecified</pose>
		<truncated>0</truncated>
		<difficult>0</difficult>
		<bndbox>
			<xmin>171.2</xmin>
			<ymin>586.4</ymin>
			<xmax>203.2</xmax>
			<ymax>618.4</ymax>
		</bndbox>
	</object>
	<object>
		<name>b6</name>
		<pose>Unspecified</pose>
		<truncated>0</truncated>
		<difficult>0</difficult>
		<bndbox>
			<xmin>342.8</xmin>
			<ymin>578</ymin>
			<xmax>374.8</xmax>
			<ymax>610</ymax>
		</bndbox>
	</object>
	<object>
		<name>b6</name>
		<pose>Unspecified</pose>
		<truncated>0</truncated>
		<difficult>0</difficult>
		<bndbox>
			<xmin>195.2</xmin>
			<ymin>594.8</ymin>
			<xmax>227.2</xmax>
			<ymax>626.8</ymax>
		</bndbox>
	</object>
	<object>
		<name>b9</name>
		<pose>Unspecified</pose>
		<truncated>0</truncated>
		<difficult>0</difficult>
		<bndbox>
			<xmin>172.64</xmin>
			<ymin>591.68</ymin>
			<xmax>204.64</xmax>
			<ymax>623.68</ymax>
		</bndbox>
	</object>
	<object>
		<name>b8</name>
		<pose>Unspecified</pose>
		<truncated>0</truncated>
		<difficult>0</difficult>
		<bndbox>
			<xmin>318.08</xmin>
			<ymin>578.72</ymin>
			<xmax>350.08</xmax>
			<ymax>610.72</ymax>
		</bndbox>
	</object>
	<object>
		<name>b8</name>
		<pose>Unspecified</pose>
		<truncated>0</truncated>
		<difficult>0</difficult>
		<bndbox>
			<xmin>383.168</xmin>
			<ymin>576.704</ymin>
			<xmax>415.168</xmax>
			<ymax>608.704</ymax>
		</bndbox>
	</object>
	<object>
		<name>b9</name>
		<pose>Unspecified</pose>
		<truncated>0</truncated>
		<difficult>0</difficult>
		<bndbox>
			<xmin>281.216</xmin>
			<ymin>574.976</ymin>
			<xmax>313.216</xmax>
			<ymax>606.976</ymax>
		</bndbox>
	</object>
	<object>
		<name>b8</name>
		<pose>Unspecified</pose>
		<truncated>0</truncated>
		<difficult>0</difficult>
		<bndbox>
			<xmin>317.504</xmin>
			<ymin>578.432</ymin>
			<xmax>349.504</xmax>
			<ymax>610.432</ymax>
		</bndbox>
	</object>
	<object>
		<name>b9</name>
		<pose>Unspecified</pose>
		<truncated>0</truncated>
		<difficult>0</difficult>
		<bndbox>
			<xmin>172.698</xmin>
			<ymin>587.418</ymin>
			<xmax>204.698</xmax>
			<ymax>619.418</ymax>
		</bndbox>
	</object>
	<object>
		<name>b8</name>
		<pose>Unspecified</pose>
		<truncated>0</truncated>
		<difficult>0</difficult>
		<bndbox>
			<xmin>386.278</xmin>
			<ymin>577.05</ymin>
			<xmax>418.278</xmax>
			<ymax>609.05</ymax>
		</bndbox>
	</object>
	<object>
		<name>b6</name>
		<pose>Unspecified</pose>
		<truncated>0</truncated>
		<difficult>0</difficult>
		<bndbox>
			<xmin>342.733</xmin>
			<ymin>577.05</ymin>
			<xmax>374.733</xmax>
			<ymax>609.05</ymax>
		</bndbox>
	</object>
	<object>
		<name>b9</name>
		<pose>Unspecified</pose>
		<truncated>0</truncated>
		<difficult>0</difficult>
		<bndbox>
			<xmin>411.991</xmin>
			<ymin>571.244</ymin>
			<xmax>443.991</xmax>
			<ymax>603.244</ymax>
		</bndbox>
	</object>
	<object>
		<name>b6</name>
		<pose>Unspecified</pose>
		<truncated>0</truncated>
		<difficult>0</difficult>
		<bndbox>
			<xmin>205.461</xmin>
			<ymin>593.639</ymin>
			<xmax>237.461</xmax>
			<ymax>625.639</ymax>
		</bndbox>
	</object>
	<object>
		<name>b8</name>
		<pose>Unspecified</pose>
		<truncated>0</truncated>
		<difficult>0</difficult>
		<bndbox>
			<xmin>133.299</xmin>
			<ymin>575.225</ymin>
			<xmax>165.299</xmax>
			<ymax>607.225</ymax>
		</bndbox>
	</object>
	<object>
		<name>b9</name>
		<pose>Unspecified</pose>
		<truncated>0</truncated>
		<difficult>0</difficult>
		<bndbox>
			<xmin>273.641</xmin>
			<ymin>575.225</ymin>
			<xmax>305.641</xmax>
			<ymax>607.225</ymax>
		</bndbox>
	</object>
	<object>
		<name>b8</name>
		<pose>Unspecified</pose>
		<truncated>0</truncated>
		<difficult>0</difficult>
		<bndbox>
			<xmin>385.316</xmin>
			<ymin>575.225</ymin>
			<xmax>417.316</xmax>
			<ymax>607.225</ymax>
		</bndbox>
	</object>
	<object>
		<name>b5</name>
		<pose>Unspecified</pose>
		<truncated>0</truncated>
		<difficult>0</difficult>
		<bndbox>
			<xmin>206.157</xmin>
			<ymin>593.141</ymin>
			<xmax>238.157</xmax>
			<ymax>625.141</ymax>
		</bndbox>
	</object>
	<object>
		<name>b10</name>
		<pose>Unspecified</pose>
		<truncated>0</truncated>
		<difficult>0</difficult>
		<bndbox>
			<xmin>464</xmin>
			<ymin>274</ymin>
			<xmax>496</xmax>
			<ymax>306</ymax>
		</bndbox>
	</object>
	<object>
		<name>b6</name>
		<pose>Unspecified</pose>
		<truncated>0</truncated>
		<difficult>0</difficult>
		<bndbox>
			<xmin>151</xmin>
			<ymin>591</ymin>
			<xmax>183</xmax>
			<ymax>623</ymax>
		</bndbox>
	</object>
	<object>
		<name>b6</name>
		<pose>Unspecified</pose>
		<truncated>0</truncated>
		<difficult>0</difficult>
		<bndbox>
			<xmin>145</xmin>
			<ymin>589</ymin>
			<xmax>177</xmax>
			<ymax>621</ymax>
		</bndbox>
	</object>
	<object>
		<name>b6</name>
		<pose>Unspecified</pose>
		<truncated>0</truncated>
		<difficult>0</difficult>
		<bndbox>
			<xmin>318</xmin>
			<ymin>580</ymin>
			<xmax>350</xmax>
			<ymax>612</ymax>
		</bndbox>
	</object>
	<object>
		<name>b6</name>
		<pose>Unspecified</pose>
		<truncated>0</truncated>
		<difficult>0</difficult>
		<bndbox>
			<xmin>380</xmin>
			<ymin>578</ymin>
			<xmax>412</xmax>
			<ymax>610</ymax>
		</bndbox>
	</object>
	<object>
		<name>b3</name>
		<pose>Unspecified</pose>
		<truncated>0</truncated>
		<difficult>0</difficult>
		<bndbox>
			<xmin>343</xmin>
			<ymin>577</ymin>
			<xmax>375</xmax>
			<ymax>609</ymax>
		</bndbox>
	</object>
	<object>
		<name>b6</name>
		<pose>Unspecified</pose>
		<truncated>0</truncated>
		<difficult>0</difficult>
		<bndbox>
			<xmin>198</xmin>
			<ymin>594</ymin>
			<xmax>230</xmax>
			<ymax>626</ymax>
		</bndbox>
	</object>
	<object>
		<name>b7</name>
		<pose>Unspecified</pose>
		<truncated>0</truncated>
		<difficult>0</difficult>
		<bndbox>
			<xmin>156.8</xmin>
			<ymin>593.6</ymin>
			<xmax>188.8</xmax>
			<ymax>625.6</ymax>
		</bndbox>
	</object>
	<object>
		<name>b7</name>
		<pose>Unspecified</pose>
		<truncated>0</truncated>
		<difficult>0</difficult>
		<bndbox>
			<xmin>135.2</xmin>
			<ymin>575.6</ymin>
			<xmax>167.2</xmax>
			<ymax>607.6</ymax>
		</bndbox>
	</object>
	<object>
		<name>b9</name>
		<pose>Unspecified</pose>
		<truncated>0</truncated>
		<difficult>0</difficult>
		<bndbox>
			<xmin>171.2</xmin>
			<ymin>586.4</ymin>
			<xmax>203.2</xmax>
			<ymax>618.4</ymax>
		</bndbox>
	</object>
	<object>
		<name>b9</name>
		<pose>Unspecified</pose>
		<truncated>0</truncated>
		<difficult>0</difficult>
		<bndbox>
			<xmin>274.4</xmin>
			<ymin>580.4</ymin>
			<xmax>306.4</xmax>
			<ymax>612.4</ymax>
		</bndbox>
	</object>
	<object>
		<name>b3</name>
		<pose>Unspecified</pose>
		<truncated>0</truncated>
		<difficult>0</difficult>
		<bndbox>
			<xmin>342.8</xmin>
			<ymin>578</ymin>
			<xmax>374.8</xmax>
			<ymax>610</ymax>
		</bndbox>
	</object>
	<object>
		<name>b4</name>
		<pose>Unspecified</pose>
		<truncated>0</truncated>
		<difficult>0</difficult>
		<bndbox>
			<xmin>219.2</xmin>
			<ymin>578</ymin>
			<xmax>251.2</xmax>
			<ymax>610</ymax>
		</bndbox>
	</object>
	<object>
		<name>b6</name>
		<pose>Unspecified</pose>
		<truncated>0</truncated>
		<difficult>0</difficult>
		<bndbox>
			<xmin>195.2</xmin>
			<ymin>594.8</ymin>
			<xmax>227.2</xmax>
			<ymax>626.8</ymax>
		</bndbox>
	</object>
	<object>
		<name>b9</name>
		<pose>Unspecified</pose>
		<truncated>0</truncated>
		<difficult>0</difficult>
		<bndbox>
			<xmin>172.64</xmin>
			<ymin>591.68</ymin>
			<xmax>204.64</xmax>
			<ymax>623.68</ymax>
		</bndbox>
	</object>
	<object>
		<name>b6</name>
		<pose>Unspecified</pose>
		<truncated>0</truncated>
		<difficult>0</difficult>
		<bndbox>
			<xmin>318.08</xmin>
			<ymin>578.72</ymin>
			<xmax>350.08</xmax>
			<ymax>610.72</ymax>
		</bndbox>
	</object>
	<object>
		<name>b6</name>
		<pose>Unspecified</pose>
		<truncated>0</truncated>
		<difficult>0</difficult>
		<bndbox>
			<xmin>315.2</xmin>
			<ymin>578.72</ymin>
			<xmax>347.2</xmax>
			<ymax>610.72</ymax>
		</bndbox>
	</object>
	<object>
		<name>b6</name>
		<pose>Unspecified</pose>
		<truncated>0</truncated>
		<difficult>0</difficult>
		<bndbox>
			<xmin>383.168</xmin>
			<ymin>576.704</ymin>
			<xmax>415.168</xmax>
			<ymax>608.704</ymax>
		</bndbox>
	</object>
	<object>
		<name>b1</name>
		<pose>Unspecified</pose>
		<truncated>0</truncated>
		<difficult>0</difficult>
		<bndbox>
			<xmin>341.696</xmin>
			<ymin>576.704</ymin>
			<xmax>373.696</xmax>
			<ymax>608.704</ymax>
		</bndbox>
	</object>
	<object>
		<name>b6</name>
		<pose>Unspecified</pose>
		<truncated>0</truncated>
		<difficult>0</difficult>
		<bndbox>
			<xmin>357.248</xmin>
			<ymin>578.432</ymin>
			<xmax>389.248</xmax>
			<ymax>610.432</ymax>
		</bndbox>
	</object>
	<object>
		<name>b6</name>
		<pose>Unspecified</pose>
		<truncated>0</truncated>
		<difficult>0</difficult>
		<bndbox>
			<xmin>386.624</xmin>
			<ymin>576.704</ymin>
			<xmax>418.624</xmax>
			<ymax>608.704</ymax>
		</bndbox>
	</object>
	<object>
		<name>b8</name>
		<pose>Unspecified</pose>
		<truncated>0</truncated>
		<difficult>0</difficult>
		<bndbox>
			<xmin>281.216</xmin>
			<ymin>574.976</ymin>
			<xmax>313.216</xmax>
			<ymax>606.976</ymax>
		</bndbox>
	</object>
	<object>
		<name>b6</name>
		<pose>Unspecified</pose>
		<truncated>0</truncated>
		<difficult>0</difficult>
		<bndbox>
			<xmin>324.416</xmin>
			<ymin>578.432</ymin>
			<xmax>356.416</xmax>
			<ymax>610.432</ymax>
		</bndbox>
	</object>
	<object>
		<name>b6</name>
		<pose>Unspecified</pose>
		<truncated>0</truncated>
		<difficult>0</difficult>
		<bndbox>
			<xmin>317.504</xmin>
			<ymin>578.432</ymin>
			<xmax>349.504</xmax>
			<ymax>610.432</ymax>
		</bndbox>
	</object>
	<object>
		<name>b9</name>
		<pose>Unspecified</pose>
		<truncated>0</truncated>
		<difficult>0</difficult>
		<bndbox>
			<xmin>172.698</xmin>
			<ymin>587.418</ymin>
			<xmax>204.698</xmax>
			<ymax>619.418</ymax>
		</bndbox>
	</object>
	<object>
		<name>b6</name>
		<pose>Unspecified</pose>
		<truncated>0</truncated>
		<difficult>0</difficult>
		<bndbox>
			<xmin>386.278</xmin>
			<ymin>577.05</ymin>
			<xmax>418.278</xmax>
			<ymax>609.05</ymax>
		</bndbox>
	</object>
	<object>
		<name>b3</name>
		<pose>Unspecified</pose>
		<truncated>0</truncated>
		<difficult>0</difficult>
		<bndbox>
			<xmin>342.733</xmin>
			<ymin>577.05</ymin>
			<xmax>374.733</xmax>
			<ymax>609.05</ymax>
		</bndbox>
	</object>
	<object>
		<name>b9</name>
		<pose>Unspecified</pose>
		<truncated>0</truncated>
		<difficult>0</difficult>
		<bndbox>
			<xmin>411.991</xmin>
			<ymin>571.244</ymin>
			<xmax>443.991</xmax>
			<ymax>603.244</ymax>
		</bndbox>
	</object>
	<object>
		<name>b6</name>
		<pose>Unspecified</pose>
		<truncated>0</truncated>
		<difficult>0</difficult>
		<bndbox>
			<xmin>382.131</xmin>
			<ymin>576.22</ymin>
			<xmax>414.131</xmax>
			<ymax>608.22</ymax>
		</bndbox>
	</object>
	<object>
		<name>b10</name>
		<pose>Unspecified</pose>
		<truncated>0</truncated>
		<difficult>0</difficult>
		<bndbox>
			<xmin>113.393</xmin>
			<ymin>566.267</ymin>
			<xmax>145.393</xmax>
			<ymax>598.267</ymax>
		</bndbox>
	</object>
	<object>
		<name>b5</name>
		<pose>Unspecified</pose>
		<truncated>0</truncated>
		<difficult>0</difficult>
		<bndbox>
			<xmin>205.461</xmin>
			<ymin>593.639</ymin>
			<xmax>237.461</xmax>
			<ymax>625.639</ymax>
		</bndbox>
	</object>
	<object>
		<name>b8</name>
		<pose>Unspecified</pose>
		<truncated>0</truncated>
		<difficult>0</difficult>
		<bndbox>
			<xmin>133.299</xmin>
			<ymin>575.225</ymin>
			<xmax>165.299</xmax>
			<ymax>607.225</ymax>
		</bndbox>
	</object>
	<object>
		<name>b9</name>
		<pose>Unspecified</pose>
		<truncated>0</truncated>
		<difficult>0</difficult>
		<bndbox>
			<xmin>273.641</xmin>
			<ymin>575.225</ymin>
			<xmax>305.641</xmax>
			<ymax>607.225</ymax>
		</bndbox>
	</object>
	<object>
		<name>b6</name>
		<pose>Unspecified</pose>
		<truncated>0</truncated>
		<difficult>0</difficult>
		<bndbox>
			<xmin>385.316</xmin>
			<ymin>575.225</ymin>
			<xmax>417.316</xmax>
			<ymax>607.225</ymax>
		</bndbox>
	</object>
	<object>
		<name>b4</name>
		<pose>Unspecified</pose>
		<truncated>0</truncated>
		<difficult>0</difficult>
		<bndbox>
			<xmin>206.157</xmin>
			<ymin>593.141</ymin>
			<xmax>238.157</xmax>
			<ymax>625.141</ymax>
		</bndbox>
	</object>
</annotation>
