<annotation>
	<folder>VOC2007</folder>
	<filename>000476.jpg</filename>
	<source>
		<database>My Database</database>
		<annotation>VOC2007</annotation>
		<image>flickr</image>
		<flickrid>NULL</flickrid>
	</source>
	<owner>
		<flickrid>NULL</flickrid>
		<name>shaochunyan</name>
	</owner>
	<size>
		<width>720</width>
		<height>1280</height>
		<depth>3</depth>
	</size>
	<segmented>0</segmented>
	<object>
		<name>b9</name>
		<pose>Unspecified</pose>
		<truncated>0</truncated>
		<difficult>0</difficult>
		<bndbox>
			<xmin>179</xmin>
			<ymin>519</ymin>
			<xmax>211</xmax>
			<ymax>551</ymax>
		</bndbox>
	</object>
	<object>
		<name>b10</name>
		<pose>Unspecified</pose>
		<truncated>0</truncated>
		<difficult>0</difficult>
		<bndbox>
			<xmin>79</xmin>
			<ymin>450</ymin>
			<xmax>111</xmax>
			<ymax>482</ymax>
		</bndbox>
	</object>
	<object>
		<name>b7</name>
		<pose>Unspecified</pose>
		<truncated>0</truncated>
		<difficult>0</difficult>
		<bndbox>
			<xmin>208</xmin>
			<ymin>510</ymin>
			<xmax>240</xmax>
			<ymax>542</ymax>
		</bndbox>
	</object>
	<object>
		<name>b6</name>
		<pose>Unspecified</pose>
		<truncated>0</truncated>
		<difficult>0</difficult>
		<bndbox>
			<xmin>32</xmin>
			<ymin>459</ymin>
			<xmax>64</xmax>
			<ymax>491</ymax>
		</bndbox>
	</object>
	<object>
		<name>b8</name>
		<pose>Unspecified</pose>
		<truncated>0</truncated>
		<difficult>0</difficult>
		<bndbox>
			<xmin>137</xmin>
			<ymin>476</ymin>
			<xmax>169</xmax>
			<ymax>508</ymax>
		</bndbox>
	</object>
	<object>
		<name>b9</name>
		<pose>Unspecified</pose>
		<truncated>0</truncated>
		<difficult>0</difficult>
		<bndbox>
			<xmin>574</xmin>
			<ymin>511</ymin>
			<xmax>606</xmax>
			<ymax>543</ymax>
		</bndbox>
	</object>
	<object>
		<name>b6</name>
		<pose>Unspecified</pose>
		<truncated>0</truncated>
		<difficult>0</difficult>
		<bndbox>
			<xmin>454</xmin>
			<ymin>631</ymin>
			<xmax>486</xmax>
			<ymax>663</ymax>
		</bndbox>
	</object>
	<object>
		<name>b9</name>
		<pose>Unspecified</pose>
		<truncated>0</truncated>
		<difficult>0</difficult>
		<bndbox>
			<xmin>458</xmin>
			<ymin>213.2</ymin>
			<xmax>490</xmax>
			<ymax>245.2</ymax>
		</bndbox>
	</object>
	<object>
		<name>b9</name>
		<pose>Unspecified</pose>
		<truncated>0</truncated>
		<difficult>0</difficult>
		<bndbox>
			<xmin>46.4</xmin>
			<ymin>452</ymin>
			<xmax>78.4</xmax>
			<ymax>484</ymax>
		</bndbox>
	</object>
	<object>
		<name>b8</name>
		<pose>Unspecified</pose>
		<truncated>0</truncated>
		<difficult>0</difficult>
		<bndbox>
			<xmin>396.8</xmin>
			<ymin>509.6</ymin>
			<xmax>428.8</xmax>
			<ymax>541.6</ymax>
		</bndbox>
	</object>
	<object>
		<name>b8</name>
		<pose>Unspecified</pose>
		<truncated>0</truncated>
		<difficult>0</difficult>
		<bndbox>
			<xmin>79.04</xmin>
			<ymin>365.6</ymin>
			<xmax>111.04</xmax>
			<ymax>397.6</ymax>
		</bndbox>
	</object>
	<object>
		<name>b8</name>
		<pose>Unspecified</pose>
		<truncated>0</truncated>
		<difficult>0</difficult>
		<bndbox>
			<xmin>590.24</xmin>
			<ymin>518.24</ymin>
			<xmax>622.24</xmax>
			<ymax>550.24</ymax>
		</bndbox>
	</object>
	<object>
		<name>b9</name>
		<pose>Unspecified</pose>
		<truncated>0</truncated>
		<difficult>0</difficult>
		<bndbox>
			<xmin>100.64</xmin>
			<ymin>385.76</ymin>
			<xmax>132.64</xmax>
			<ymax>417.76</ymax>
		</bndbox>
	</object>
	<object>
		<name>b7</name>
		<pose>Unspecified</pose>
		<truncated>0</truncated>
		<difficult>0</difficult>
		<bndbox>
			<xmin>208.64</xmin>
			<ymin>519.68</ymin>
			<xmax>240.64</xmax>
			<ymax>551.68</ymax>
		</bndbox>
	</object>
	<object>
		<name>b6</name>
		<pose>Unspecified</pose>
		<truncated>0</truncated>
		<difficult>0</difficult>
		<bndbox>
			<xmin>567.2</xmin>
			<ymin>528.32</ymin>
			<xmax>599.2</xmax>
			<ymax>560.32</ymax>
		</bndbox>
	</object>
	<object>
		<name>b9</name>
		<pose>Unspecified</pose>
		<truncated>0</truncated>
		<difficult>0</difficult>
		<bndbox>
			<xmin>163.712</xmin>
			<ymin>516.224</ymin>
			<xmax>195.712</xmax>
			<ymax>548.224</ymax>
		</bndbox>
	</object>
	<object>
		<name>b7</name>
		<pose>Unspecified</pose>
		<truncated>0</truncated>
		<difficult>0</difficult>
		<bndbox>
			<xmin>210.368</xmin>
			<ymin>519.68</ymin>
			<xmax>242.368</xmax>
			<ymax>551.68</ymax>
		</bndbox>
	</object>
	<object>
		<name>b9</name>
		<pose>Unspecified</pose>
		<truncated>0</truncated>
		<difficult>0</difficult>
		<bndbox>
			<xmin>117.056</xmin>
			<ymin>471.296</ymin>
			<xmax>149.056</xmax>
			<ymax>503.296</ymax>
		</bndbox>
	</object>
	<object>
		<name>b10</name>
		<pose>Unspecified</pose>
		<truncated>0</truncated>
		<difficult>0</difficult>
		<bndbox>
			<xmin>490.304</xmin>
			<ymin>208.64</ymin>
			<xmax>522.304</xmax>
			<ymax>240.64</ymax>
		</bndbox>
	</object>
	<object>
		<name>b9</name>
		<pose>Unspecified</pose>
		<truncated>0</truncated>
		<difficult>0</difficult>
		<bndbox>
			<xmin>178.918</xmin>
			<ymin>514.842</ymin>
			<xmax>210.918</xmax>
			<ymax>546.842</ymax>
		</bndbox>
	</object>
	<object>
		<name>b8</name>
		<pose>Unspecified</pose>
		<truncated>0</truncated>
		<difficult>0</difficult>
		<bndbox>
			<xmin>396.646</xmin>
			<ymin>508.621</ymin>
			<xmax>428.646</xmax>
			<ymax>540.621</ymax>
		</bndbox>
	</object>
	<object>
		<name>b9</name>
		<pose>Unspecified</pose>
		<truncated>0</truncated>
		<difficult>0</difficult>
		<bndbox>
			<xmin>359.322</xmin>
			<ymin>506.547</ymin>
			<xmax>391.322</xmax>
			<ymax>538.547</ymax>
		</bndbox>
	</object>
	<object>
		<name>b6</name>
		<pose>Unspecified</pose>
		<truncated>0</truncated>
		<difficult>0</difficult>
		<bndbox>
			<xmin>454.707</xmin>
			<ymin>630.963</ymin>
			<xmax>486.707</xmax>
			<ymax>662.963</ymax>
		</bndbox>
	</object>
	<object>
		<name>b8</name>
		<pose>Unspecified</pose>
		<truncated>0</truncated>
		<difficult>0</difficult>
		<bndbox>
			<xmin>449.316</xmin>
			<ymin>215.414</ymin>
			<xmax>481.316</xmax>
			<ymax>247.414</ymax>
		</bndbox>
	</object>
	<object>
		<name>b9</name>
		<pose>Unspecified</pose>
		<truncated>0</truncated>
		<difficult>0</difficult>
		<bndbox>
			<xmin>95.9744</xmin>
			<ymin>364.713</ymin>
			<xmax>127.974</xmax>
			<ymax>396.713</ymax>
		</bndbox>
	</object>
	<object>
		<name>b7</name>
		<pose>Unspecified</pose>
		<truncated>0</truncated>
		<difficult>0</difficult>
		<bndbox>
			<xmin>207.949</xmin>
			<ymin>518.491</ymin>
			<xmax>239.949</xmax>
			<ymax>550.491</ymax>
		</bndbox>
	</object>
	<object>
		<name>b8</name>
		<pose>Unspecified</pose>
		<truncated>0</truncated>
		<difficult>0</difficult>
		<bndbox>
			<xmin>82.5375</xmin>
			<ymin>366.206</ymin>
			<xmax>114.537</xmax>
			<ymax>398.206</ymax>
		</bndbox>
	</object>
	<object>
		<name>b9</name>
		<pose>Unspecified</pose>
		<truncated>0</truncated>
		<difficult>0</difficult>
		<bndbox>
			<xmin>413.982</xmin>
			<ymin>497.589</ymin>
			<xmax>445.982</xmax>
			<ymax>529.589</ymax>
		</bndbox>
	</object>
	<object>
		<name>b8</name>
		<pose>Unspecified</pose>
		<truncated>0</truncated>
		<difficult>0</difficult>
		<bndbox>
			<xmin>590.155</xmin>
			<ymin>521.477</ymin>
			<xmax>622.155</xmax>
			<ymax>553.477</ymax>
		</bndbox>
	</object>
	<object>
		<name>b8</name>
		<pose>Unspecified</pose>
		<truncated>0</truncated>
		<difficult>0</difficult>
		<bndbox>
			<xmin>413.982</xmin>
			<ymin>503.561</ymin>
			<xmax>445.982</xmax>
			<ymax>535.561</ymax>
		</bndbox>
	</object>
	<object>
		<name>b9</name>
		<pose>Unspecified</pose>
		<truncated>0</truncated>
		<difficult>0</difficult>
		<bndbox>
			<xmin>179</xmin>
			<ymin>519</ymin>
			<xmax>211</xmax>
			<ymax>551</ymax>
		</bndbox>
	</object>
	<object>
		<name>b10</name>
		<pose>Unspecified</pose>
		<truncated>0</truncated>
		<difficult>0</difficult>
		<bndbox>
			<xmin>79</xmin>
			<ymin>450</ymin>
			<xmax>111</xmax>
			<ymax>482</ymax>
		</bndbox>
	</object>
	<object>
		<name>b7</name>
		<pose>Unspecified</pose>
		<truncated>0</truncated>
		<difficult>0</difficult>
		<bndbox>
			<xmin>208</xmin>
			<ymin>510</ymin>
			<xmax>240</xmax>
			<ymax>542</ymax>
		</bndbox>
	</object>
	<object>
		<name>b6</name>
		<pose>Unspecified</pose>
		<truncated>0</truncated>
		<difficult>0</difficult>
		<bndbox>
			<xmin>32</xmin>
			<ymin>459</ymin>
			<xmax>64</xmax>
			<ymax>491</ymax>
		</bndbox>
	</object>
	<object>
		<name>b8</name>
		<pose>Unspecified</pose>
		<truncated>0</truncated>
		<difficult>0</difficult>
		<bndbox>
			<xmin>137</xmin>
			<ymin>476</ymin>
			<xmax>169</xmax>
			<ymax>508</ymax>
		</bndbox>
	</object>
	<object>
		<name>b9</name>
		<pose>Unspecified</pose>
		<truncated>0</truncated>
		<difficult>0</difficult>
		<bndbox>
			<xmin>574</xmin>
			<ymin>511</ymin>
			<xmax>606</xmax>
			<ymax>543</ymax>
		</bndbox>
	</object>
	<object>
		<name>b6</name>
		<pose>Unspecified</pose>
		<truncated>0</truncated>
		<difficult>0</difficult>
		<bndbox>
			<xmin>454</xmin>
			<ymin>631</ymin>
			<xmax>486</xmax>
			<ymax>663</ymax>
		</bndbox>
	</object>
	<object>
		<name>b9</name>
		<pose>Unspecified</pose>
		<truncated>0</truncated>
		<difficult>0</difficult>
		<bndbox>
			<xmin>458</xmin>
			<ymin>213.2</ymin>
			<xmax>490</xmax>
			<ymax>245.2</ymax>
		</bndbox>
	</object>
	<object>
		<name>b9</name>
		<pose>Unspecified</pose>
		<truncated>0</truncated>
		<difficult>0</difficult>
		<bndbox>
			<xmin>46.4</xmin>
			<ymin>452</ymin>
			<xmax>78.4</xmax>
			<ymax>484</ymax>
		</bndbox>
	</object>
	<object>
		<name>b8</name>
		<pose>Unspecified</pose>
		<truncated>0</truncated>
		<difficult>0</difficult>
		<bndbox>
			<xmin>396.8</xmin>
			<ymin>509.6</ymin>
			<xmax>428.8</xmax>
			<ymax>541.6</ymax>
		</bndbox>
	</object>
	<object>
		<name>b8</name>
		<pose>Unspecified</pose>
		<truncated>0</truncated>
		<difficult>0</difficult>
		<bndbox>
			<xmin>79.04</xmin>
			<ymin>365.6</ymin>
			<xmax>111.04</xmax>
			<ymax>397.6</ymax>
		</bndbox>
	</object>
	<object>
		<name>b8</name>
		<pose>Unspecified</pose>
		<truncated>0</truncated>
		<difficult>0</difficult>
		<bndbox>
			<xmin>590.24</xmin>
			<ymin>518.24</ymin>
			<xmax>622.24</xmax>
			<ymax>550.24</ymax>
		</bndbox>
	</object>
	<object>
		<name>b9</name>
		<pose>Unspecified</pose>
		<truncated>0</truncated>
		<difficult>0</difficult>
		<bndbox>
			<xmin>100.64</xmin>
			<ymin>385.76</ymin>
			<xmax>132.64</xmax>
			<ymax>417.76</ymax>
		</bndbox>
	</object>
	<object>
		<name>b7</name>
		<pose>Unspecified</pose>
		<truncated>0</truncated>
		<difficult>0</difficult>
		<bndbox>
			<xmin>208.64</xmin>
			<ymin>519.68</ymin>
			<xmax>240.64</xmax>
			<ymax>551.68</ymax>
		</bndbox>
	</object>
	<object>
		<name>b6</name>
		<pose>Unspecified</pose>
		<truncated>0</truncated>
		<difficult>0</difficult>
		<bndbox>
			<xmin>567.2</xmin>
			<ymin>528.32</ymin>
			<xmax>599.2</xmax>
			<ymax>560.32</ymax>
		</bndbox>
	</object>
	<object>
		<name>b9</name>
		<pose>Unspecified</pose>
		<truncated>0</truncated>
		<difficult>0</difficult>
		<bndbox>
			<xmin>163.712</xmin>
			<ymin>516.224</ymin>
			<xmax>195.712</xmax>
			<ymax>548.224</ymax>
		</bndbox>
	</object>
	<object>
		<name>b7</name>
		<pose>Unspecified</pose>
		<truncated>0</truncated>
		<difficult>0</difficult>
		<bndbox>
			<xmin>210.368</xmin>
			<ymin>519.68</ymin>
			<xmax>242.368</xmax>
			<ymax>551.68</ymax>
		</bndbox>
	</object>
	<object>
		<name>b9</name>
		<pose>Unspecified</pose>
		<truncated>0</truncated>
		<difficult>0</difficult>
		<bndbox>
			<xmin>117.056</xmin>
			<ymin>471.296</ymin>
			<xmax>149.056</xmax>
			<ymax>503.296</ymax>
		</bndbox>
	</object>
	<object>
		<name>b10</name>
		<pose>Unspecified</pose>
		<truncated>0</truncated>
		<difficult>0</difficult>
		<bndbox>
			<xmin>490.304</xmin>
			<ymin>208.64</ymin>
			<xmax>522.304</xmax>
			<ymax>240.64</ymax>
		</bndbox>
	</object>
	<object>
		<name>b9</name>
		<pose>Unspecified</pose>
		<truncated>0</truncated>
		<difficult>0</difficult>
		<bndbox>
			<xmin>178.918</xmin>
			<ymin>514.842</ymin>
			<xmax>210.918</xmax>
			<ymax>546.842</ymax>
		</bndbox>
	</object>
	<object>
		<name>b8</name>
		<pose>Unspecified</pose>
		<truncated>0</truncated>
		<difficult>0</difficult>
		<bndbox>
			<xmin>396.646</xmin>
			<ymin>508.621</ymin>
			<xmax>428.646</xmax>
			<ymax>540.621</ymax>
		</bndbox>
	</object>
	<object>
		<name>b9</name>
		<pose>Unspecified</pose>
		<truncated>0</truncated>
		<difficult>0</difficult>
		<bndbox>
			<xmin>359.322</xmin>
			<ymin>506.547</ymin>
			<xmax>391.322</xmax>
			<ymax>538.547</ymax>
		</bndbox>
	</object>
	<object>
		<name>b6</name>
		<pose>Unspecified</pose>
		<truncated>0</truncated>
		<difficult>0</difficult>
		<bndbox>
			<xmin>454.707</xmin>
			<ymin>630.963</ymin>
			<xmax>486.707</xmax>
			<ymax>662.963</ymax>
		</bndbox>
	</object>
	<object>
		<name>b8</name>
		<pose>Unspecified</pose>
		<truncated>0</truncated>
		<difficult>0</difficult>
		<bndbox>
			<xmin>449.316</xmin>
			<ymin>215.414</ymin>
			<xmax>481.316</xmax>
			<ymax>247.414</ymax>
		</bndbox>
	</object>
	<object>
		<name>b9</name>
		<pose>Unspecified</pose>
		<truncated>0</truncated>
		<difficult>0</difficult>
		<bndbox>
			<xmin>95.9744</xmin>
			<ymin>364.713</ymin>
			<xmax>127.974</xmax>
			<ymax>396.713</ymax>
		</bndbox>
	</object>
	<object>
		<name>b7</name>
		<pose>Unspecified</pose>
		<truncated>0</truncated>
		<difficult>0</difficult>
		<bndbox>
			<xmin>207.949</xmin>
			<ymin>518.491</ymin>
			<xmax>239.949</xmax>
			<ymax>550.491</ymax>
		</bndbox>
	</object>
	<object>
		<name>b8</name>
		<pose>Unspecified</pose>
		<truncated>0</truncated>
		<difficult>0</difficult>
		<bndbox>
			<xmin>82.5375</xmin>
			<ymin>366.206</ymin>
			<xmax>114.537</xmax>
			<ymax>398.206</ymax>
		</bndbox>
	</object>
	<object>
		<name>b9</name>
		<pose>Unspecified</pose>
		<truncated>0</truncated>
		<difficult>0</difficult>
		<bndbox>
			<xmin>413.982</xmin>
			<ymin>497.589</ymin>
			<xmax>445.982</xmax>
			<ymax>529.589</ymax>
		</bndbox>
	</object>
	<object>
		<name>b8</name>
		<pose>Unspecified</pose>
		<truncated>0</truncated>
		<difficult>0</difficult>
		<bndbox>
			<xmin>590.155</xmin>
			<ymin>521.477</ymin>
			<xmax>622.155</xmax>
			<ymax>553.477</ymax>
		</bndbox>
	</object>
	<object>
		<name>b8</name>
		<pose>Unspecified</pose>
		<truncated>0</truncated>
		<difficult>0</difficult>
		<bndbox>
			<xmin>413.982</xmin>
			<ymin>503.561</ymin>
			<xmax>445.982</xmax>
			<ymax>535.561</ymax>
		</bndbox>
	</object>
	<object>
		<name>b9</name>
		<pose>Unspecified</pose>
		<truncated>0</truncated>
		<difficult>0</difficult>
		<bndbox>
			<xmin>179</xmin>
			<ymin>519</ymin>
			<xmax>211</xmax>
			<ymax>551</ymax>
		</bndbox>
	</object>
	<object>
		<name>b10</name>
		<pose>Unspecified</pose>
		<truncated>0</truncated>
		<difficult>0</difficult>
		<bndbox>
			<xmin>79</xmin>
			<ymin>450</ymin>
			<xmax>111</xmax>
			<ymax>482</ymax>
		</bndbox>
	</object>
	<object>
		<name>b7</name>
		<pose>Unspecified</pose>
		<truncated>0</truncated>
		<difficult>0</difficult>
		<bndbox>
			<xmin>208</xmin>
			<ymin>510</ymin>
			<xmax>240</xmax>
			<ymax>542</ymax>
		</bndbox>
	</object>
	<object>
		<name>b6</name>
		<pose>Unspecified</pose>
		<truncated>0</truncated>
		<difficult>0</difficult>
		<bndbox>
			<xmin>32</xmin>
			<ymin>459</ymin>
			<xmax>64</xmax>
			<ymax>491</ymax>
		</bndbox>
	</object>
	<object>
		<name>b8</name>
		<pose>Unspecified</pose>
		<truncated>0</truncated>
		<difficult>0</difficult>
		<bndbox>
			<xmin>137</xmin>
			<ymin>476</ymin>
			<xmax>169</xmax>
			<ymax>508</ymax>
		</bndbox>
	</object>
	<object>
		<name>b9</name>
		<pose>Unspecified</pose>
		<truncated>0</truncated>
		<difficult>0</difficult>
		<bndbox>
			<xmin>574</xmin>
			<ymin>511</ymin>
			<xmax>606</xmax>
			<ymax>543</ymax>
		</bndbox>
	</object>
	<object>
		<name>b6</name>
		<pose>Unspecified</pose>
		<truncated>0</truncated>
		<difficult>0</difficult>
		<bndbox>
			<xmin>454</xmin>
			<ymin>631</ymin>
			<xmax>486</xmax>
			<ymax>663</ymax>
		</bndbox>
	</object>
	<object>
		<name>b9</name>
		<pose>Unspecified</pose>
		<truncated>0</truncated>
		<difficult>0</difficult>
		<bndbox>
			<xmin>458</xmin>
			<ymin>213.2</ymin>
			<xmax>490</xmax>
			<ymax>245.2</ymax>
		</bndbox>
	</object>
	<object>
		<name>b9</name>
		<pose>Unspecified</pose>
		<truncated>0</truncated>
		<difficult>0</difficult>
		<bndbox>
			<xmin>46.4</xmin>
			<ymin>452</ymin>
			<xmax>78.4</xmax>
			<ymax>484</ymax>
		</bndbox>
	</object>
	<object>
		<name>b8</name>
		<pose>Unspecified</pose>
		<truncated>0</truncated>
		<difficult>0</difficult>
		<bndbox>
			<xmin>396.8</xmin>
			<ymin>509.6</ymin>
			<xmax>428.8</xmax>
			<ymax>541.6</ymax>
		</bndbox>
	</object>
	<object>
		<name>b8</name>
		<pose>Unspecified</pose>
		<truncated>0</truncated>
		<difficult>0</difficult>
		<bndbox>
			<xmin>79.04</xmin>
			<ymin>365.6</ymin>
			<xmax>111.04</xmax>
			<ymax>397.6</ymax>
		</bndbox>
	</object>
	<object>
		<name>b8</name>
		<pose>Unspecified</pose>
		<truncated>0</truncated>
		<difficult>0</difficult>
		<bndbox>
			<xmin>590.24</xmin>
			<ymin>518.24</ymin>
			<xmax>622.24</xmax>
			<ymax>550.24</ymax>
		</bndbox>
	</object>
	<object>
		<name>b9</name>
		<pose>Unspecified</pose>
		<truncated>0</truncated>
		<difficult>0</difficult>
		<bndbox>
			<xmin>100.64</xmin>
			<ymin>385.76</ymin>
			<xmax>132.64</xmax>
			<ymax>417.76</ymax>
		</bndbox>
	</object>
	<object>
		<name>b7</name>
		<pose>Unspecified</pose>
		<truncated>0</truncated>
		<difficult>0</difficult>
		<bndbox>
			<xmin>208.64</xmin>
			<ymin>519.68</ymin>
			<xmax>240.64</xmax>
			<ymax>551.68</ymax>
		</bndbox>
	</object>
	<object>
		<name>b6</name>
		<pose>Unspecified</pose>
		<truncated>0</truncated>
		<difficult>0</difficult>
		<bndbox>
			<xmin>567.2</xmin>
			<ymin>528.32</ymin>
			<xmax>599.2</xmax>
			<ymax>560.32</ymax>
		</bndbox>
	</object>
	<object>
		<name>b9</name>
		<pose>Unspecified</pose>
		<truncated>0</truncated>
		<difficult>0</difficult>
		<bndbox>
			<xmin>163.712</xmin>
			<ymin>516.224</ymin>
			<xmax>195.712</xmax>
			<ymax>548.224</ymax>
		</bndbox>
	</object>
	<object>
		<name>b7</name>
		<pose>Unspecified</pose>
		<truncated>0</truncated>
		<difficult>0</difficult>
		<bndbox>
			<xmin>210.368</xmin>
			<ymin>519.68</ymin>
			<xmax>242.368</xmax>
			<ymax>551.68</ymax>
		</bndbox>
	</object>
	<object>
		<name>b9</name>
		<pose>Unspecified</pose>
		<truncated>0</truncated>
		<difficult>0</difficult>
		<bndbox>
			<xmin>117.056</xmin>
			<ymin>471.296</ymin>
			<xmax>149.056</xmax>
			<ymax>503.296</ymax>
		</bndbox>
	</object>
	<object>
		<name>b10</name>
		<pose>Unspecified</pose>
		<truncated>0</truncated>
		<difficult>0</difficult>
		<bndbox>
			<xmin>490.304</xmin>
			<ymin>208.64</ymin>
			<xmax>522.304</xmax>
			<ymax>240.64</ymax>
		</bndbox>
	</object>
	<object>
		<name>b9</name>
		<pose>Unspecified</pose>
		<truncated>0</truncated>
		<difficult>0</difficult>
		<bndbox>
			<xmin>178.918</xmin>
			<ymin>514.842</ymin>
			<xmax>210.918</xmax>
			<ymax>546.842</ymax>
		</bndbox>
	</object>
	<object>
		<name>b8</name>
		<pose>Unspecified</pose>
		<truncated>0</truncated>
		<difficult>0</difficult>
		<bndbox>
			<xmin>396.646</xmin>
			<ymin>508.621</ymin>
			<xmax>428.646</xmax>
			<ymax>540.621</ymax>
		</bndbox>
	</object>
	<object>
		<name>b9</name>
		<pose>Unspecified</pose>
		<truncated>0</truncated>
		<difficult>0</difficult>
		<bndbox>
			<xmin>359.322</xmin>
			<ymin>506.547</ymin>
			<xmax>391.322</xmax>
			<ymax>538.547</ymax>
		</bndbox>
	</object>
	<object>
		<name>b6</name>
		<pose>Unspecified</pose>
		<truncated>0</truncated>
		<difficult>0</difficult>
		<bndbox>
			<xmin>454.707</xmin>
			<ymin>630.963</ymin>
			<xmax>486.707</xmax>
			<ymax>662.963</ymax>
		</bndbox>
	</object>
	<object>
		<name>b8</name>
		<pose>Unspecified</pose>
		<truncated>0</truncated>
		<difficult>0</difficult>
		<bndbox>
			<xmin>449.316</xmin>
			<ymin>215.414</ymin>
			<xmax>481.316</xmax>
			<ymax>247.414</ymax>
		</bndbox>
	</object>
	<object>
		<name>b9</name>
		<pose>Unspecified</pose>
		<truncated>0</truncated>
		<difficult>0</difficult>
		<bndbox>
			<xmin>95.9744</xmin>
			<ymin>364.713</ymin>
			<xmax>127.974</xmax>
			<ymax>396.713</ymax>
		</bndbox>
	</object>
	<object>
		<name>b7</name>
		<pose>Unspecified</pose>
		<truncated>0</truncated>
		<difficult>0</difficult>
		<bndbox>
			<xmin>207.949</xmin>
			<ymin>518.491</ymin>
			<xmax>239.949</xmax>
			<ymax>550.491</ymax>
		</bndbox>
	</object>
	<object>
		<name>b8</name>
		<pose>Unspecified</pose>
		<truncated>0</truncated>
		<difficult>0</difficult>
		<bndbox>
			<xmin>82.5375</xmin>
			<ymin>366.206</ymin>
			<xmax>114.537</xmax>
			<ymax>398.206</ymax>
		</bndbox>
	</object>
	<object>
		<name>b9</name>
		<pose>Unspecified</pose>
		<truncated>0</truncated>
		<difficult>0</difficult>
		<bndbox>
			<xmin>413.982</xmin>
			<ymin>497.589</ymin>
			<xmax>445.982</xmax>
			<ymax>529.589</ymax>
		</bndbox>
	</object>
	<object>
		<name>b8</name>
		<pose>Unspecified</pose>
		<truncated>0</truncated>
		<difficult>0</difficult>
		<bndbox>
			<xmin>590.155</xmin>
			<ymin>521.477</ymin>
			<xmax>622.155</xmax>
			<ymax>553.477</ymax>
		</bndbox>
	</object>
	<object>
		<name>b8</name>
		<pose>Unspecified</pose>
		<truncated>0</truncated>
		<difficult>0</difficult>
		<bndbox>
			<xmin>413.982</xmin>
			<ymin>503.561</ymin>
			<xmax>445.982</xmax>
			<ymax>535.561</ymax>
		</bndbox>
	</object>
</annotation>
