<annotation>
	<folder>VOC2007</folder>
	<filename>000432.jpg</filename>
	<source>
		<database>My Database</database>
		<annotation>VOC2007</annotation>
		<image>flickr</image>
		<flickrid>NULL</flickrid>
	</source>
	<owner>
		<flickrid>NULL</flickrid>
		<name>shaochunyan</name>
	</owner>
	<size>
		<width>720</width>
		<height>1280</height>
		<depth>3</depth>
	</size>
	<segmented>0</segmented>
	<object>
		<name>b8</name>
		<pose>Unspecified</pose>
		<truncated>0</truncated>
		<difficult>0</difficult>
		<bndbox>
			<xmin>33</xmin>
			<ymin>442</ymin>
			<xmax>65</xmax>
			<ymax>474</ymax>
		</bndbox>
	</object>
	<object>
		<name>b9</name>
		<pose>Unspecified</pose>
		<truncated>0</truncated>
		<difficult>0</difficult>
		<bndbox>
			<xmin>496</xmin>
			<ymin>548</ymin>
			<xmax>528</xmax>
			<ymax>580</ymax>
		</bndbox>
	</object>
	<object>
		<name>b10</name>
		<pose>Unspecified</pose>
		<truncated>0</truncated>
		<difficult>0</difficult>
		<bndbox>
			<xmin>47</xmin>
			<ymin>493</ymin>
			<xmax>79</xmax>
			<ymax>525</ymax>
		</bndbox>
	</object>
	<object>
		<name>b4</name>
		<pose>Unspecified</pose>
		<truncated>0</truncated>
		<difficult>0</difficult>
		<bndbox>
			<xmin>319</xmin>
			<ymin>546</ymin>
			<xmax>351</xmax>
			<ymax>578</ymax>
		</bndbox>
	</object>
	<object>
		<name>b8</name>
		<pose>Unspecified</pose>
		<truncated>0</truncated>
		<difficult>0</difficult>
		<bndbox>
			<xmin>337</xmin>
			<ymin>543</ymin>
			<xmax>369</xmax>
			<ymax>575</ymax>
		</bndbox>
	</object>
	<object>
		<name>b6</name>
		<pose>Unspecified</pose>
		<truncated>0</truncated>
		<difficult>0</difficult>
		<bndbox>
			<xmin>209</xmin>
			<ymin>546</ymin>
			<xmax>241</xmax>
			<ymax>578</ymax>
		</bndbox>
	</object>
	<object>
		<name>b2</name>
		<pose>Unspecified</pose>
		<truncated>0</truncated>
		<difficult>0</difficult>
		<bndbox>
			<xmin>278</xmin>
			<ymin>544</ymin>
			<xmax>310</xmax>
			<ymax>576</ymax>
		</bndbox>
	</object>
	<object>
		<name>b10</name>
		<pose>Unspecified</pose>
		<truncated>0</truncated>
		<difficult>0</difficult>
		<bndbox>
			<xmin>389.6</xmin>
			<ymin>432.8</ymin>
			<xmax>421.6</xmax>
			<ymax>464.8</ymax>
		</bndbox>
	</object>
	<object>
		<name>b3</name>
		<pose>Unspecified</pose>
		<truncated>0</truncated>
		<difficult>0</difficult>
		<bndbox>
			<xmin>316.4</xmin>
			<ymin>543.2</ymin>
			<xmax>348.4</xmax>
			<ymax>575.2</ymax>
		</bndbox>
	</object>
	<object>
		<name>b7</name>
		<pose>Unspecified</pose>
		<truncated>0</truncated>
		<difficult>0</difficult>
		<bndbox>
			<xmin>201.2</xmin>
			<ymin>543.2</ymin>
			<xmax>233.2</xmax>
			<ymax>575.2</ymax>
		</bndbox>
	</object>
	<object>
		<name>g1</name>
		<pose>Unspecified</pose>
		<truncated>0</truncated>
		<difficult>0</difficult>
		<bndbox>
			<xmin>281.6</xmin>
			<ymin>542</ymin>
			<xmax>313.6</xmax>
			<ymax>574</ymax>
		</bndbox>
	</object>
	<object>
		<name>b9</name>
		<pose>Unspecified</pose>
		<truncated>0</truncated>
		<difficult>0</difficult>
		<bndbox>
			<xmin>493.76</xmin>
			<ymin>549.92</ymin>
			<xmax>525.76</xmax>
			<ymax>581.92</ymax>
		</bndbox>
	</object>
	<object>
		<name>b9</name>
		<pose>Unspecified</pose>
		<truncated>0</truncated>
		<difficult>0</difficult>
		<bndbox>
			<xmin>498.08</xmin>
			<ymin>548.48</ymin>
			<xmax>530.08</xmax>
			<ymax>580.48</ymax>
		</bndbox>
	</object>
	<object>
		<name>b4</name>
		<pose>Unspecified</pose>
		<truncated>0</truncated>
		<difficult>0</difficult>
		<bndbox>
			<xmin>320.96</xmin>
			<ymin>545.6</ymin>
			<xmax>352.96</xmax>
			<ymax>577.6</ymax>
		</bndbox>
	</object>
	<object>
		<name>b8</name>
		<pose>Unspecified</pose>
		<truncated>0</truncated>
		<difficult>0</difficult>
		<bndbox>
			<xmin>344</xmin>
			<ymin>541.28</ymin>
			<xmax>376</xmax>
			<ymax>573.28</ymax>
		</bndbox>
	</object>
	<object>
		<name>b8</name>
		<pose>Unspecified</pose>
		<truncated>0</truncated>
		<difficult>0</difficult>
		<bndbox>
			<xmin>221.6</xmin>
			<ymin>548.48</ymin>
			<xmax>253.6</xmax>
			<ymax>580.48</ymax>
		</bndbox>
	</object>
	<object>
		<name>b4</name>
		<pose>Unspecified</pose>
		<truncated>0</truncated>
		<difficult>0</difficult>
		<bndbox>
			<xmin>318.08</xmin>
			<ymin>545.6</ymin>
			<xmax>350.08</xmax>
			<ymax>577.6</ymax>
		</bndbox>
	</object>
	<object>
		<name>b7</name>
		<pose>Unspecified</pose>
		<truncated>0</truncated>
		<difficult>0</difficult>
		<bndbox>
			<xmin>201.44</xmin>
			<ymin>542.72</ymin>
			<xmax>233.44</xmax>
			<ymax>574.72</ymax>
		</bndbox>
	</object>
	<object>
		<name>b7</name>
		<pose>Unspecified</pose>
		<truncated>0</truncated>
		<difficult>0</difficult>
		<bndbox>
			<xmin>204.32</xmin>
			<ymin>544.16</ymin>
			<xmax>236.32</xmax>
			<ymax>576.16</ymax>
		</bndbox>
	</object>
	<object>
		<name>b7</name>
		<pose>Unspecified</pose>
		<truncated>0</truncated>
		<difficult>0</difficult>
		<bndbox>
			<xmin>336.8</xmin>
			<ymin>542.72</ymin>
			<xmax>368.8</xmax>
			<ymax>574.72</ymax>
		</bndbox>
	</object>
	<object>
		<name>b10</name>
		<pose>Unspecified</pose>
		<truncated>0</truncated>
		<difficult>0</difficult>
		<bndbox>
			<xmin>79.04</xmin>
			<ymin>533.504</ymin>
			<xmax>111.04</xmax>
			<ymax>565.504</ymax>
		</bndbox>
	</object>
	<object>
		<name>b4</name>
		<pose>Unspecified</pose>
		<truncated>0</truncated>
		<difficult>0</difficult>
		<bndbox>
			<xmin>320.96</xmin>
			<ymin>545.6</ymin>
			<xmax>352.96</xmax>
			<ymax>577.6</ymax>
		</bndbox>
	</object>
	<object>
		<name>b5</name>
		<pose>Unspecified</pose>
		<truncated>0</truncated>
		<difficult>0</difficult>
		<bndbox>
			<xmin>300.224</xmin>
			<ymin>542.144</ymin>
			<xmax>332.224</xmax>
			<ymax>574.144</ymax>
		</bndbox>
	</object>
	<object>
		<name>b10</name>
		<pose>Unspecified</pose>
		<truncated>0</truncated>
		<difficult>0</difficult>
		<bndbox>
			<xmin>185.139</xmin>
			<ymin>541.798</ymin>
			<xmax>217.139</xmax>
			<ymax>573.798</ymax>
		</bndbox>
	</object>
	<object>
		<name>b5</name>
		<pose>Unspecified</pose>
		<truncated>0</truncated>
		<difficult>0</difficult>
		<bndbox>
			<xmin>299.187</xmin>
			<ymin>541.798</ymin>
			<xmax>331.187</xmax>
			<ymax>573.798</ymax>
		</bndbox>
	</object>
	<object>
		<name>b4</name>
		<pose>Unspecified</pose>
		<truncated>0</truncated>
		<difficult>0</difficult>
		<bndbox>
			<xmin>332.365</xmin>
			<ymin>543.872</ymin>
			<xmax>364.365</xmax>
			<ymax>575.872</ymax>
		</bndbox>
	</object>
	<object>
		<name>b9</name>
		<pose>Unspecified</pose>
		<truncated>0</truncated>
		<difficult>0</difficult>
		<bndbox>
			<xmin>367.201</xmin>
			<ymin>439.363</ymin>
			<xmax>399.201</xmax>
			<ymax>471.363</ymax>
		</bndbox>
	</object>
	<object>
		<name>b2</name>
		<pose>Unspecified</pose>
		<truncated>0</truncated>
		<difficult>0</difficult>
		<bndbox>
			<xmin>312.458</xmin>
			<ymin>541.384</ymin>
			<xmax>344.458</xmax>
			<ymax>573.384</ymax>
		</bndbox>
	</object>
	<object>
		<name>b9</name>
		<pose>Unspecified</pose>
		<truncated>0</truncated>
		<difficult>0</difficult>
		<bndbox>
			<xmin>245.274</xmin>
			<ymin>543.872</ymin>
			<xmax>277.274</xmax>
			<ymax>575.872</ymax>
		</bndbox>
	</object>
	<object>
		<name>b4</name>
		<pose>Unspecified</pose>
		<truncated>0</truncated>
		<difficult>0</difficult>
		<bndbox>
			<xmin>319.923</xmin>
			<ymin>543.872</ymin>
			<xmax>351.923</xmax>
			<ymax>575.872</ymax>
		</bndbox>
	</object>
	<object>
		<name>b8</name>
		<pose>Unspecified</pose>
		<truncated>0</truncated>
		<difficult>0</difficult>
		<bndbox>
			<xmin>178.089</xmin>
			<ymin>500.575</ymin>
			<xmax>210.089</xmax>
			<ymax>532.575</ymax>
		</bndbox>
	</object>
	<object>
		<name>b3</name>
		<pose>Unspecified</pose>
		<truncated>0</truncated>
		<difficult>0</difficult>
		<bndbox>
			<xmin>297.528</xmin>
			<ymin>542.379</ymin>
			<xmax>329.528</xmax>
			<ymax>574.379</ymax>
		</bndbox>
	</object>
	<object>
		<name>b8</name>
		<pose>Unspecified</pose>
		<truncated>0</truncated>
		<difficult>0</difficult>
		<bndbox>
			<xmin>33</xmin>
			<ymin>442</ymin>
			<xmax>65</xmax>
			<ymax>474</ymax>
		</bndbox>
	</object>
	<object>
		<name>b9</name>
		<pose>Unspecified</pose>
		<truncated>0</truncated>
		<difficult>0</difficult>
		<bndbox>
			<xmin>496</xmin>
			<ymin>548</ymin>
			<xmax>528</xmax>
			<ymax>580</ymax>
		</bndbox>
	</object>
	<object>
		<name>b10</name>
		<pose>Unspecified</pose>
		<truncated>0</truncated>
		<difficult>0</difficult>
		<bndbox>
			<xmin>47</xmin>
			<ymin>493</ymin>
			<xmax>79</xmax>
			<ymax>525</ymax>
		</bndbox>
	</object>
	<object>
		<name>b4</name>
		<pose>Unspecified</pose>
		<truncated>0</truncated>
		<difficult>0</difficult>
		<bndbox>
			<xmin>319</xmin>
			<ymin>546</ymin>
			<xmax>351</xmax>
			<ymax>578</ymax>
		</bndbox>
	</object>
	<object>
		<name>b8</name>
		<pose>Unspecified</pose>
		<truncated>0</truncated>
		<difficult>0</difficult>
		<bndbox>
			<xmin>337</xmin>
			<ymin>543</ymin>
			<xmax>369</xmax>
			<ymax>575</ymax>
		</bndbox>
	</object>
	<object>
		<name>b6</name>
		<pose>Unspecified</pose>
		<truncated>0</truncated>
		<difficult>0</difficult>
		<bndbox>
			<xmin>209</xmin>
			<ymin>546</ymin>
			<xmax>241</xmax>
			<ymax>578</ymax>
		</bndbox>
	</object>
	<object>
		<name>b2</name>
		<pose>Unspecified</pose>
		<truncated>0</truncated>
		<difficult>0</difficult>
		<bndbox>
			<xmin>278</xmin>
			<ymin>544</ymin>
			<xmax>310</xmax>
			<ymax>576</ymax>
		</bndbox>
	</object>
	<object>
		<name>b10</name>
		<pose>Unspecified</pose>
		<truncated>0</truncated>
		<difficult>0</difficult>
		<bndbox>
			<xmin>389.6</xmin>
			<ymin>432.8</ymin>
			<xmax>421.6</xmax>
			<ymax>464.8</ymax>
		</bndbox>
	</object>
	<object>
		<name>b3</name>
		<pose>Unspecified</pose>
		<truncated>0</truncated>
		<difficult>0</difficult>
		<bndbox>
			<xmin>316.4</xmin>
			<ymin>543.2</ymin>
			<xmax>348.4</xmax>
			<ymax>575.2</ymax>
		</bndbox>
	</object>
	<object>
		<name>b7</name>
		<pose>Unspecified</pose>
		<truncated>0</truncated>
		<difficult>0</difficult>
		<bndbox>
			<xmin>201.2</xmin>
			<ymin>543.2</ymin>
			<xmax>233.2</xmax>
			<ymax>575.2</ymax>
		</bndbox>
	</object>
	<object>
		<name>g1</name>
		<pose>Unspecified</pose>
		<truncated>0</truncated>
		<difficult>0</difficult>
		<bndbox>
			<xmin>281.6</xmin>
			<ymin>542</ymin>
			<xmax>313.6</xmax>
			<ymax>574</ymax>
		</bndbox>
	</object>
	<object>
		<name>b9</name>
		<pose>Unspecified</pose>
		<truncated>0</truncated>
		<difficult>0</difficult>
		<bndbox>
			<xmin>493.76</xmin>
			<ymin>549.92</ymin>
			<xmax>525.76</xmax>
			<ymax>581.92</ymax>
		</bndbox>
	</object>
	<object>
		<name>b9</name>
		<pose>Unspecified</pose>
		<truncated>0</truncated>
		<difficult>0</difficult>
		<bndbox>
			<xmin>498.08</xmin>
			<ymin>548.48</ymin>
			<xmax>530.08</xmax>
			<ymax>580.48</ymax>
		</bndbox>
	</object>
	<object>
		<name>b4</name>
		<pose>Unspecified</pose>
		<truncated>0</truncated>
		<difficult>0</difficult>
		<bndbox>
			<xmin>320.96</xmin>
			<ymin>545.6</ymin>
			<xmax>352.96</xmax>
			<ymax>577.6</ymax>
		</bndbox>
	</object>
	<object>
		<name>b8</name>
		<pose>Unspecified</pose>
		<truncated>0</truncated>
		<difficult>0</difficult>
		<bndbox>
			<xmin>344</xmin>
			<ymin>541.28</ymin>
			<xmax>376</xmax>
			<ymax>573.28</ymax>
		</bndbox>
	</object>
	<object>
		<name>b8</name>
		<pose>Unspecified</pose>
		<truncated>0</truncated>
		<difficult>0</difficult>
		<bndbox>
			<xmin>221.6</xmin>
			<ymin>548.48</ymin>
			<xmax>253.6</xmax>
			<ymax>580.48</ymax>
		</bndbox>
	</object>
	<object>
		<name>b4</name>
		<pose>Unspecified</pose>
		<truncated>0</truncated>
		<difficult>0</difficult>
		<bndbox>
			<xmin>318.08</xmin>
			<ymin>545.6</ymin>
			<xmax>350.08</xmax>
			<ymax>577.6</ymax>
		</bndbox>
	</object>
	<object>
		<name>b7</name>
		<pose>Unspecified</pose>
		<truncated>0</truncated>
		<difficult>0</difficult>
		<bndbox>
			<xmin>201.44</xmin>
			<ymin>542.72</ymin>
			<xmax>233.44</xmax>
			<ymax>574.72</ymax>
		</bndbox>
	</object>
	<object>
		<name>b7</name>
		<pose>Unspecified</pose>
		<truncated>0</truncated>
		<difficult>0</difficult>
		<bndbox>
			<xmin>204.32</xmin>
			<ymin>544.16</ymin>
			<xmax>236.32</xmax>
			<ymax>576.16</ymax>
		</bndbox>
	</object>
	<object>
		<name>b7</name>
		<pose>Unspecified</pose>
		<truncated>0</truncated>
		<difficult>0</difficult>
		<bndbox>
			<xmin>336.8</xmin>
			<ymin>542.72</ymin>
			<xmax>368.8</xmax>
			<ymax>574.72</ymax>
		</bndbox>
	</object>
	<object>
		<name>b10</name>
		<pose>Unspecified</pose>
		<truncated>0</truncated>
		<difficult>0</difficult>
		<bndbox>
			<xmin>79.04</xmin>
			<ymin>533.504</ymin>
			<xmax>111.04</xmax>
			<ymax>565.504</ymax>
		</bndbox>
	</object>
	<object>
		<name>b4</name>
		<pose>Unspecified</pose>
		<truncated>0</truncated>
		<difficult>0</difficult>
		<bndbox>
			<xmin>320.96</xmin>
			<ymin>545.6</ymin>
			<xmax>352.96</xmax>
			<ymax>577.6</ymax>
		</bndbox>
	</object>
	<object>
		<name>b5</name>
		<pose>Unspecified</pose>
		<truncated>0</truncated>
		<difficult>0</difficult>
		<bndbox>
			<xmin>300.224</xmin>
			<ymin>542.144</ymin>
			<xmax>332.224</xmax>
			<ymax>574.144</ymax>
		</bndbox>
	</object>
	<object>
		<name>b10</name>
		<pose>Unspecified</pose>
		<truncated>0</truncated>
		<difficult>0</difficult>
		<bndbox>
			<xmin>185.139</xmin>
			<ymin>541.798</ymin>
			<xmax>217.139</xmax>
			<ymax>573.798</ymax>
		</bndbox>
	</object>
	<object>
		<name>b5</name>
		<pose>Unspecified</pose>
		<truncated>0</truncated>
		<difficult>0</difficult>
		<bndbox>
			<xmin>299.187</xmin>
			<ymin>541.798</ymin>
			<xmax>331.187</xmax>
			<ymax>573.798</ymax>
		</bndbox>
	</object>
	<object>
		<name>b4</name>
		<pose>Unspecified</pose>
		<truncated>0</truncated>
		<difficult>0</difficult>
		<bndbox>
			<xmin>332.365</xmin>
			<ymin>543.872</ymin>
			<xmax>364.365</xmax>
			<ymax>575.872</ymax>
		</bndbox>
	</object>
	<object>
		<name>b9</name>
		<pose>Unspecified</pose>
		<truncated>0</truncated>
		<difficult>0</difficult>
		<bndbox>
			<xmin>367.201</xmin>
			<ymin>439.363</ymin>
			<xmax>399.201</xmax>
			<ymax>471.363</ymax>
		</bndbox>
	</object>
	<object>
		<name>b2</name>
		<pose>Unspecified</pose>
		<truncated>0</truncated>
		<difficult>0</difficult>
		<bndbox>
			<xmin>312.458</xmin>
			<ymin>541.384</ymin>
			<xmax>344.458</xmax>
			<ymax>573.384</ymax>
		</bndbox>
	</object>
	<object>
		<name>b9</name>
		<pose>Unspecified</pose>
		<truncated>0</truncated>
		<difficult>0</difficult>
		<bndbox>
			<xmin>245.274</xmin>
			<ymin>543.872</ymin>
			<xmax>277.274</xmax>
			<ymax>575.872</ymax>
		</bndbox>
	</object>
	<object>
		<name>b4</name>
		<pose>Unspecified</pose>
		<truncated>0</truncated>
		<difficult>0</difficult>
		<bndbox>
			<xmin>319.923</xmin>
			<ymin>543.872</ymin>
			<xmax>351.923</xmax>
			<ymax>575.872</ymax>
		</bndbox>
	</object>
	<object>
		<name>b8</name>
		<pose>Unspecified</pose>
		<truncated>0</truncated>
		<difficult>0</difficult>
		<bndbox>
			<xmin>178.089</xmin>
			<ymin>500.575</ymin>
			<xmax>210.089</xmax>
			<ymax>532.575</ymax>
		</bndbox>
	</object>
	<object>
		<name>b3</name>
		<pose>Unspecified</pose>
		<truncated>0</truncated>
		<difficult>0</difficult>
		<bndbox>
			<xmin>297.528</xmin>
			<ymin>542.379</ymin>
			<xmax>329.528</xmax>
			<ymax>574.379</ymax>
		</bndbox>
	</object>
	<object>
		<name>b8</name>
		<pose>Unspecified</pose>
		<truncated>0</truncated>
		<difficult>0</difficult>
		<bndbox>
			<xmin>33</xmin>
			<ymin>442</ymin>
			<xmax>65</xmax>
			<ymax>474</ymax>
		</bndbox>
	</object>
	<object>
		<name>b9</name>
		<pose>Unspecified</pose>
		<truncated>0</truncated>
		<difficult>0</difficult>
		<bndbox>
			<xmin>496</xmin>
			<ymin>548</ymin>
			<xmax>528</xmax>
			<ymax>580</ymax>
		</bndbox>
	</object>
	<object>
		<name>b10</name>
		<pose>Unspecified</pose>
		<truncated>0</truncated>
		<difficult>0</difficult>
		<bndbox>
			<xmin>47</xmin>
			<ymin>493</ymin>
			<xmax>79</xmax>
			<ymax>525</ymax>
		</bndbox>
	</object>
	<object>
		<name>b4</name>
		<pose>Unspecified</pose>
		<truncated>0</truncated>
		<difficult>0</difficult>
		<bndbox>
			<xmin>319</xmin>
			<ymin>546</ymin>
			<xmax>351</xmax>
			<ymax>578</ymax>
		</bndbox>
	</object>
	<object>
		<name>b8</name>
		<pose>Unspecified</pose>
		<truncated>0</truncated>
		<difficult>0</difficult>
		<bndbox>
			<xmin>337</xmin>
			<ymin>543</ymin>
			<xmax>369</xmax>
			<ymax>575</ymax>
		</bndbox>
	</object>
	<object>
		<name>b6</name>
		<pose>Unspecified</pose>
		<truncated>0</truncated>
		<difficult>0</difficult>
		<bndbox>
			<xmin>209</xmin>
			<ymin>546</ymin>
			<xmax>241</xmax>
			<ymax>578</ymax>
		</bndbox>
	</object>
	<object>
		<name>b2</name>
		<pose>Unspecified</pose>
		<truncated>0</truncated>
		<difficult>0</difficult>
		<bndbox>
			<xmin>278</xmin>
			<ymin>544</ymin>
			<xmax>310</xmax>
			<ymax>576</ymax>
		</bndbox>
	</object>
	<object>
		<name>b10</name>
		<pose>Unspecified</pose>
		<truncated>0</truncated>
		<difficult>0</difficult>
		<bndbox>
			<xmin>389.6</xmin>
			<ymin>432.8</ymin>
			<xmax>421.6</xmax>
			<ymax>464.8</ymax>
		</bndbox>
	</object>
	<object>
		<name>b3</name>
		<pose>Unspecified</pose>
		<truncated>0</truncated>
		<difficult>0</difficult>
		<bndbox>
			<xmin>316.4</xmin>
			<ymin>543.2</ymin>
			<xmax>348.4</xmax>
			<ymax>575.2</ymax>
		</bndbox>
	</object>
	<object>
		<name>b7</name>
		<pose>Unspecified</pose>
		<truncated>0</truncated>
		<difficult>0</difficult>
		<bndbox>
			<xmin>201.2</xmin>
			<ymin>543.2</ymin>
			<xmax>233.2</xmax>
			<ymax>575.2</ymax>
		</bndbox>
	</object>
	<object>
		<name>g1</name>
		<pose>Unspecified</pose>
		<truncated>0</truncated>
		<difficult>0</difficult>
		<bndbox>
			<xmin>281.6</xmin>
			<ymin>542</ymin>
			<xmax>313.6</xmax>
			<ymax>574</ymax>
		</bndbox>
	</object>
	<object>
		<name>b9</name>
		<pose>Unspecified</pose>
		<truncated>0</truncated>
		<difficult>0</difficult>
		<bndbox>
			<xmin>493.76</xmin>
			<ymin>549.92</ymin>
			<xmax>525.76</xmax>
			<ymax>581.92</ymax>
		</bndbox>
	</object>
	<object>
		<name>b9</name>
		<pose>Unspecified</pose>
		<truncated>0</truncated>
		<difficult>0</difficult>
		<bndbox>
			<xmin>498.08</xmin>
			<ymin>548.48</ymin>
			<xmax>530.08</xmax>
			<ymax>580.48</ymax>
		</bndbox>
	</object>
	<object>
		<name>b4</name>
		<pose>Unspecified</pose>
		<truncated>0</truncated>
		<difficult>0</difficult>
		<bndbox>
			<xmin>320.96</xmin>
			<ymin>545.6</ymin>
			<xmax>352.96</xmax>
			<ymax>577.6</ymax>
		</bndbox>
	</object>
	<object>
		<name>b8</name>
		<pose>Unspecified</pose>
		<truncated>0</truncated>
		<difficult>0</difficult>
		<bndbox>
			<xmin>344</xmin>
			<ymin>541.28</ymin>
			<xmax>376</xmax>
			<ymax>573.28</ymax>
		</bndbox>
	</object>
	<object>
		<name>b8</name>
		<pose>Unspecified</pose>
		<truncated>0</truncated>
		<difficult>0</difficult>
		<bndbox>
			<xmin>221.6</xmin>
			<ymin>548.48</ymin>
			<xmax>253.6</xmax>
			<ymax>580.48</ymax>
		</bndbox>
	</object>
	<object>
		<name>b4</name>
		<pose>Unspecified</pose>
		<truncated>0</truncated>
		<difficult>0</difficult>
		<bndbox>
			<xmin>318.08</xmin>
			<ymin>545.6</ymin>
			<xmax>350.08</xmax>
			<ymax>577.6</ymax>
		</bndbox>
	</object>
	<object>
		<name>b7</name>
		<pose>Unspecified</pose>
		<truncated>0</truncated>
		<difficult>0</difficult>
		<bndbox>
			<xmin>201.44</xmin>
			<ymin>542.72</ymin>
			<xmax>233.44</xmax>
			<ymax>574.72</ymax>
		</bndbox>
	</object>
	<object>
		<name>b7</name>
		<pose>Unspecified</pose>
		<truncated>0</truncated>
		<difficult>0</difficult>
		<bndbox>
			<xmin>204.32</xmin>
			<ymin>544.16</ymin>
			<xmax>236.32</xmax>
			<ymax>576.16</ymax>
		</bndbox>
	</object>
	<object>
		<name>b7</name>
		<pose>Unspecified</pose>
		<truncated>0</truncated>
		<difficult>0</difficult>
		<bndbox>
			<xmin>336.8</xmin>
			<ymin>542.72</ymin>
			<xmax>368.8</xmax>
			<ymax>574.72</ymax>
		</bndbox>
	</object>
	<object>
		<name>b10</name>
		<pose>Unspecified</pose>
		<truncated>0</truncated>
		<difficult>0</difficult>
		<bndbox>
			<xmin>79.04</xmin>
			<ymin>533.504</ymin>
			<xmax>111.04</xmax>
			<ymax>565.504</ymax>
		</bndbox>
	</object>
	<object>
		<name>b4</name>
		<pose>Unspecified</pose>
		<truncated>0</truncated>
		<difficult>0</difficult>
		<bndbox>
			<xmin>320.96</xmin>
			<ymin>545.6</ymin>
			<xmax>352.96</xmax>
			<ymax>577.6</ymax>
		</bndbox>
	</object>
	<object>
		<name>b5</name>
		<pose>Unspecified</pose>
		<truncated>0</truncated>
		<difficult>0</difficult>
		<bndbox>
			<xmin>300.224</xmin>
			<ymin>542.144</ymin>
			<xmax>332.224</xmax>
			<ymax>574.144</ymax>
		</bndbox>
	</object>
	<object>
		<name>b10</name>
		<pose>Unspecified</pose>
		<truncated>0</truncated>
		<difficult>0</difficult>
		<bndbox>
			<xmin>185.139</xmin>
			<ymin>541.798</ymin>
			<xmax>217.139</xmax>
			<ymax>573.798</ymax>
		</bndbox>
	</object>
	<object>
		<name>b5</name>
		<pose>Unspecified</pose>
		<truncated>0</truncated>
		<difficult>0</difficult>
		<bndbox>
			<xmin>299.187</xmin>
			<ymin>541.798</ymin>
			<xmax>331.187</xmax>
			<ymax>573.798</ymax>
		</bndbox>
	</object>
	<object>
		<name>b4</name>
		<pose>Unspecified</pose>
		<truncated>0</truncated>
		<difficult>0</difficult>
		<bndbox>
			<xmin>332.365</xmin>
			<ymin>543.872</ymin>
			<xmax>364.365</xmax>
			<ymax>575.872</ymax>
		</bndbox>
	</object>
	<object>
		<name>b9</name>
		<pose>Unspecified</pose>
		<truncated>0</truncated>
		<difficult>0</difficult>
		<bndbox>
			<xmin>367.201</xmin>
			<ymin>439.363</ymin>
			<xmax>399.201</xmax>
			<ymax>471.363</ymax>
		</bndbox>
	</object>
	<object>
		<name>b2</name>
		<pose>Unspecified</pose>
		<truncated>0</truncated>
		<difficult>0</difficult>
		<bndbox>
			<xmin>312.458</xmin>
			<ymin>541.384</ymin>
			<xmax>344.458</xmax>
			<ymax>573.384</ymax>
		</bndbox>
	</object>
	<object>
		<name>b9</name>
		<pose>Unspecified</pose>
		<truncated>0</truncated>
		<difficult>0</difficult>
		<bndbox>
			<xmin>245.274</xmin>
			<ymin>543.872</ymin>
			<xmax>277.274</xmax>
			<ymax>575.872</ymax>
		</bndbox>
	</object>
	<object>
		<name>b4</name>
		<pose>Unspecified</pose>
		<truncated>0</truncated>
		<difficult>0</difficult>
		<bndbox>
			<xmin>319.923</xmin>
			<ymin>543.872</ymin>
			<xmax>351.923</xmax>
			<ymax>575.872</ymax>
		</bndbox>
	</object>
	<object>
		<name>b8</name>
		<pose>Unspecified</pose>
		<truncated>0</truncated>
		<difficult>0</difficult>
		<bndbox>
			<xmin>178.089</xmin>
			<ymin>500.575</ymin>
			<xmax>210.089</xmax>
			<ymax>532.575</ymax>
		</bndbox>
	</object>
	<object>
		<name>b3</name>
		<pose>Unspecified</pose>
		<truncated>0</truncated>
		<difficult>0</difficult>
		<bndbox>
			<xmin>297.528</xmin>
			<ymin>542.379</ymin>
			<xmax>329.528</xmax>
			<ymax>574.379</ymax>
		</bndbox>
	</object>
</annotation>
