<annotation>
	<folder>VOC2007</folder>
	<filename>000489.jpg</filename>
	<source>
		<database>My Database</database>
		<annotation>VOC2007</annotation>
		<image>flickr</image>
		<flickrid>NULL</flickrid>
	</source>
	<owner>
		<flickrid>NULL</flickrid>
		<name>shaochunyan</name>
	</owner>
	<size>
		<width>720</width>
		<height>1280</height>
		<depth>3</depth>
	</size>
	<segmented>0</segmented>
	<object>
		<name>b6</name>
		<pose>Unspecified</pose>
		<truncated>0</truncated>
		<difficult>0</difficult>
		<bndbox>
			<xmin>568</xmin>
			<ymin>547</ymin>
			<xmax>600</xmax>
			<ymax>579</ymax>
		</bndbox>
	</object>
	<object>
		<name>b6</name>
		<pose>Unspecified</pose>
		<truncated>0</truncated>
		<difficult>0</difficult>
		<bndbox>
			<xmin>273</xmin>
			<ymin>547</ymin>
			<xmax>305</xmax>
			<ymax>579</ymax>
		</bndbox>
	</object>
	<object>
		<name>b7</name>
		<pose>Unspecified</pose>
		<truncated>0</truncated>
		<difficult>0</difficult>
		<bndbox>
			<xmin>247</xmin>
			<ymin>547</ymin>
			<xmax>279</xmax>
			<ymax>579</ymax>
		</bndbox>
	</object>
	<object>
		<name>b8</name>
		<pose>Unspecified</pose>
		<truncated>0</truncated>
		<difficult>0</difficult>
		<bndbox>
			<xmin>161</xmin>
			<ymin>540</ymin>
			<xmax>193</xmax>
			<ymax>572</ymax>
		</bndbox>
	</object>
	<object>
		<name>b6</name>
		<pose>Unspecified</pose>
		<truncated>0</truncated>
		<difficult>0</difficult>
		<bndbox>
			<xmin>311.6</xmin>
			<ymin>551.6</ymin>
			<xmax>343.6</xmax>
			<ymax>583.6</ymax>
		</bndbox>
	</object>
	<object>
		<name>b10</name>
		<pose>Unspecified</pose>
		<truncated>0</truncated>
		<difficult>0</difficult>
		<bndbox>
			<xmin>164</xmin>
			<ymin>556.4</ymin>
			<xmax>196</xmax>
			<ymax>588.4</ymax>
		</bndbox>
	</object>
	<object>
		<name>b6</name>
		<pose>Unspecified</pose>
		<truncated>0</truncated>
		<difficult>0</difficult>
		<bndbox>
			<xmin>273.2</xmin>
			<ymin>546.8</ymin>
			<xmax>305.2</xmax>
			<ymax>578.8</ymax>
		</bndbox>
	</object>
	<object>
		<name>b6</name>
		<pose>Unspecified</pose>
		<truncated>0</truncated>
		<difficult>0</difficult>
		<bndbox>
			<xmin>315.2</xmin>
			<ymin>549.92</ymin>
			<xmax>347.2</xmax>
			<ymax>581.92</ymax>
		</bndbox>
	</object>
	<object>
		<name>b6</name>
		<pose>Unspecified</pose>
		<truncated>0</truncated>
		<difficult>0</difficult>
		<bndbox>
			<xmin>315.776</xmin>
			<ymin>550.784</ymin>
			<xmax>347.776</xmax>
			<ymax>582.784</ymax>
		</bndbox>
	</object>
	<object>
		<name>b6</name>
		<pose>Unspecified</pose>
		<truncated>0</truncated>
		<difficult>0</difficult>
		<bndbox>
			<xmin>272.576</xmin>
			<ymin>543.872</ymin>
			<xmax>304.576</xmax>
			<ymax>575.872</ymax>
		</bndbox>
	</object>
	<object>
		<name>b9</name>
		<pose>Unspecified</pose>
		<truncated>0</truncated>
		<difficult>0</difficult>
		<bndbox>
			<xmin>196.544</xmin>
			<ymin>547.328</ymin>
			<xmax>228.544</xmax>
			<ymax>579.328</ymax>
		</bndbox>
	</object>
	<object>
		<name>b8</name>
		<pose>Unspecified</pose>
		<truncated>0</truncated>
		<difficult>0</difficult>
		<bndbox>
			<xmin>348.608</xmin>
			<ymin>550.784</ymin>
			<xmax>380.608</xmax>
			<ymax>582.784</ymax>
		</bndbox>
	</object>
	<object>
		<name>b8</name>
		<pose>Unspecified</pose>
		<truncated>0</truncated>
		<difficult>0</difficult>
		<bndbox>
			<xmin>607.808</xmin>
			<ymin>559.424</ymin>
			<xmax>639.808</xmax>
			<ymax>591.424</ymax>
		</bndbox>
	</object>
	<object>
		<name>b8</name>
		<pose>Unspecified</pose>
		<truncated>0</truncated>
		<difficult>0</difficult>
		<bndbox>
			<xmin>160.256</xmin>
			<ymin>542.144</ymin>
			<xmax>192.256</xmax>
			<ymax>574.144</ymax>
		</bndbox>
	</object>
	<object>
		<name>b6</name>
		<pose>Unspecified</pose>
		<truncated>0</truncated>
		<difficult>0</difficult>
		<bndbox>
			<xmin>270.157</xmin>
			<ymin>543.872</ymin>
			<xmax>302.157</xmax>
			<ymax>575.872</ymax>
		</bndbox>
	</object>
	<object>
		<name>b8</name>
		<pose>Unspecified</pose>
		<truncated>0</truncated>
		<difficult>0</difficult>
		<bndbox>
			<xmin>251.494</xmin>
			<ymin>545.946</ymin>
			<xmax>283.494</xmax>
			<ymax>577.946</ymax>
		</bndbox>
	</object>
	<object>
		<name>b8</name>
		<pose>Unspecified</pose>
		<truncated>0</truncated>
		<difficult>0</difficult>
		<bndbox>
			<xmin>606.08</xmin>
			<ymin>554.24</ymin>
			<xmax>638.08</xmax>
			<ymax>586.24</ymax>
		</bndbox>
	</object>
	<object>
		<name>b6</name>
		<pose>Unspecified</pose>
		<truncated>0</truncated>
		<difficult>0</difficult>
		<bndbox>
			<xmin>334.438</xmin>
			<ymin>550.093</ymin>
			<xmax>366.438</xmax>
			<ymax>582.093</ymax>
		</bndbox>
	</object>
	<object>
		<name>b8</name>
		<pose>Unspecified</pose>
		<truncated>0</truncated>
		<difficult>0</difficult>
		<bndbox>
			<xmin>601.104</xmin>
			<ymin>546.36</ymin>
			<xmax>633.104</xmax>
			<ymax>578.36</ymax>
		</bndbox>
	</object>
	<object>
		<name>b6</name>
		<pose>Unspecified</pose>
		<truncated>0</truncated>
		<difficult>0</difficult>
		<bndbox>
			<xmin>257.715</xmin>
			<ymin>548.849</ymin>
			<xmax>289.715</xmax>
			<ymax>580.849</ymax>
		</bndbox>
	</object>
	<object>
		<name>b8</name>
		<pose>Unspecified</pose>
		<truncated>0</truncated>
		<difficult>0</difficult>
		<bndbox>
			<xmin>172.117</xmin>
			<ymin>425.926</ymin>
			<xmax>204.117</xmax>
			<ymax>457.926</ymax>
		</bndbox>
	</object>
	<object>
		<name>b8</name>
		<pose>Unspecified</pose>
		<truncated>0</truncated>
		<difficult>0</difficult>
		<bndbox>
			<xmin>599.113</xmin>
			<ymin>557.309</ymin>
			<xmax>631.113</xmax>
			<ymax>589.309</ymax>
		</bndbox>
	</object>
	<object>
		<name>b6</name>
		<pose>Unspecified</pose>
		<truncated>0</truncated>
		<difficult>0</difficult>
		<bndbox>
			<xmin>309.472</xmin>
			<ymin>548.351</ymin>
			<xmax>341.472</xmax>
			<ymax>580.351</ymax>
		</bndbox>
	</object>
	<object>
		<name>b9</name>
		<pose>Unspecified</pose>
		<truncated>0</truncated>
		<difficult>0</difficult>
		<bndbox>
			<xmin>387.108</xmin>
			<ymin>551.337</ymin>
			<xmax>419.108</xmax>
			<ymax>583.337</ymax>
		</bndbox>
	</object>
	<object>
		<name>b8</name>
		<pose>Unspecified</pose>
		<truncated>0</truncated>
		<difficult>0</difficult>
		<bndbox>
			<xmin>173.909</xmin>
			<ymin>528.644</ymin>
			<xmax>205.909</xmax>
			<ymax>560.644</ymax>
		</bndbox>
	</object>
	<object>
		<name>b9</name>
		<pose>Unspecified</pose>
		<truncated>0</truncated>
		<difficult>0</difficult>
		<bndbox>
			<xmin>374.567</xmin>
			<ymin>550.143</ymin>
			<xmax>406.567</xmax>
			<ymax>582.143</ymax>
		</bndbox>
	</object>
	<object>
		<name>b8</name>
		<pose>Unspecified</pose>
		<truncated>0</truncated>
		<difficult>0</difficult>
		<bndbox>
			<xmin>345.901</xmin>
			<ymin>550.143</ymin>
			<xmax>377.901</xmax>
			<ymax>582.143</ymax>
		</bndbox>
	</object>
	<object>
		<name>b3</name>
		<pose>Unspecified</pose>
		<truncated>0</truncated>
		<difficult>0</difficult>
		<bndbox>
			<xmin>334</xmin>
			<ymin>549</ymin>
			<xmax>366</xmax>
			<ymax>581</ymax>
		</bndbox>
	</object>
	<object>
		<name>b8</name>
		<pose>Unspecified</pose>
		<truncated>0</truncated>
		<difficult>0</difficult>
		<bndbox>
			<xmin>161</xmin>
			<ymin>540</ymin>
			<xmax>193</xmax>
			<ymax>572</ymax>
		</bndbox>
	</object>
	<object>
		<name>b4</name>
		<pose>Unspecified</pose>
		<truncated>0</truncated>
		<difficult>0</difficult>
		<bndbox>
			<xmin>384</xmin>
			<ymin>552</ymin>
			<xmax>416</xmax>
			<ymax>584</ymax>
		</bndbox>
	</object>
	<object>
		<name>b8</name>
		<pose>Unspecified</pose>
		<truncated>0</truncated>
		<difficult>0</difficult>
		<bndbox>
			<xmin>115</xmin>
			<ymin>540</ymin>
			<xmax>147</xmax>
			<ymax>572</ymax>
		</bndbox>
	</object>
	<object>
		<name>b5</name>
		<pose>Unspecified</pose>
		<truncated>0</truncated>
		<difficult>0</difficult>
		<bndbox>
			<xmin>74</xmin>
			<ymin>657</ymin>
			<xmax>106</xmax>
			<ymax>689</ymax>
		</bndbox>
	</object>
	<object>
		<name>b7</name>
		<pose>Unspecified</pose>
		<truncated>0</truncated>
		<difficult>0</difficult>
		<bndbox>
			<xmin>303</xmin>
			<ymin>546</ymin>
			<xmax>335</xmax>
			<ymax>578</ymax>
		</bndbox>
	</object>
	<object>
		<name>b6</name>
		<pose>Unspecified</pose>
		<truncated>0</truncated>
		<difficult>0</difficult>
		<bndbox>
			<xmin>401.6</xmin>
			<ymin>544.4</ymin>
			<xmax>433.6</xmax>
			<ymax>576.4</ymax>
		</bndbox>
	</object>
	<object>
		<name>b8</name>
		<pose>Unspecified</pose>
		<truncated>0</truncated>
		<difficult>0</difficult>
		<bndbox>
			<xmin>273.2</xmin>
			<ymin>546.8</ymin>
			<xmax>305.2</xmax>
			<ymax>578.8</ymax>
		</bndbox>
	</object>
	<object>
		<name>b8</name>
		<pose>Unspecified</pose>
		<truncated>0</truncated>
		<difficult>0</difficult>
		<bndbox>
			<xmin>114.8</xmin>
			<ymin>539.6</ymin>
			<xmax>146.8</xmax>
			<ymax>571.6</ymax>
		</bndbox>
	</object>
	<object>
		<name>b7</name>
		<pose>Unspecified</pose>
		<truncated>0</truncated>
		<difficult>0</difficult>
		<bndbox>
			<xmin>368.48</xmin>
			<ymin>552.8</ymin>
			<xmax>400.48</xmax>
			<ymax>584.8</ymax>
		</bndbox>
	</object>
	<object>
		<name>b9</name>
		<pose>Unspecified</pose>
		<truncated>0</truncated>
		<difficult>0</difficult>
		<bndbox>
			<xmin>596</xmin>
			<ymin>552.8</ymin>
			<xmax>628</xmax>
			<ymax>584.8</ymax>
		</bndbox>
	</object>
	<object>
		<name>b3</name>
		<pose>Unspecified</pose>
		<truncated>0</truncated>
		<difficult>0</difficult>
		<bndbox>
			<xmin>333.92</xmin>
			<ymin>549.92</ymin>
			<xmax>365.92</xmax>
			<ymax>581.92</ymax>
		</bndbox>
	</object>
	<object>
		<name>b6</name>
		<pose>Unspecified</pose>
		<truncated>0</truncated>
		<difficult>0</difficult>
		<bndbox>
			<xmin>349.76</xmin>
			<ymin>551.36</ymin>
			<xmax>381.76</xmax>
			<ymax>583.36</ymax>
		</bndbox>
	</object>
	<object>
		<name>b7</name>
		<pose>Unspecified</pose>
		<truncated>0</truncated>
		<difficult>0</difficult>
		<bndbox>
			<xmin>241.76</xmin>
			<ymin>545.6</ymin>
			<xmax>273.76</xmax>
			<ymax>577.6</ymax>
		</bndbox>
	</object>
	<object>
		<name>g10</name>
		<pose>Unspecified</pose>
		<truncated>0</truncated>
		<difficult>0</difficult>
		<bndbox>
			<xmin>323.84</xmin>
			<ymin>682.4</ymin>
			<xmax>355.84</xmax>
			<ymax>714.4</ymax>
		</bndbox>
	</object>
	<object>
		<name>b7</name>
		<pose>Unspecified</pose>
		<truncated>0</truncated>
		<difficult>0</difficult>
		<bndbox>
			<xmin>315.776</xmin>
			<ymin>550.784</ymin>
			<xmax>347.776</xmax>
			<ymax>582.784</ymax>
		</bndbox>
	</object>
	<object>
		<name>b9</name>
		<pose>Unspecified</pose>
		<truncated>0</truncated>
		<difficult>0</difficult>
		<bndbox>
			<xmin>607.808</xmin>
			<ymin>554.24</ymin>
			<xmax>639.808</xmax>
			<ymax>586.24</ymax>
		</bndbox>
	</object>
	<object>
		<name>b8</name>
		<pose>Unspecified</pose>
		<truncated>0</truncated>
		<difficult>0</difficult>
		<bndbox>
			<xmin>272.576</xmin>
			<ymin>543.872</ymin>
			<xmax>304.576</xmax>
			<ymax>575.872</ymax>
		</bndbox>
	</object>
	<object>
		<name>b8</name>
		<pose>Unspecified</pose>
		<truncated>0</truncated>
		<difficult>0</difficult>
		<bndbox>
			<xmin>113.6</xmin>
			<ymin>538.688</ymin>
			<xmax>145.6</xmax>
			<ymax>570.688</ymax>
		</bndbox>
	</object>
	<object>
		<name>b9</name>
		<pose>Unspecified</pose>
		<truncated>0</truncated>
		<difficult>0</difficult>
		<bndbox>
			<xmin>607.808</xmin>
			<ymin>559.424</ymin>
			<xmax>639.808</xmax>
			<ymax>591.424</ymax>
		</bndbox>
	</object>
	<object>
		<name>b9</name>
		<pose>Unspecified</pose>
		<truncated>0</truncated>
		<difficult>0</difficult>
		<bndbox>
			<xmin>160.256</xmin>
			<ymin>542.144</ymin>
			<xmax>192.256</xmax>
			<ymax>574.144</ymax>
		</bndbox>
	</object>
	<object>
		<name>b7</name>
		<pose>Unspecified</pose>
		<truncated>0</truncated>
		<difficult>0</difficult>
		<bndbox>
			<xmin>270.157</xmin>
			<ymin>543.872</ymin>
			<xmax>302.157</xmax>
			<ymax>575.872</ymax>
		</bndbox>
	</object>
	<object>
		<name>b8</name>
		<pose>Unspecified</pose>
		<truncated>0</truncated>
		<difficult>0</difficult>
		<bndbox>
			<xmin>112.563</xmin>
			<ymin>539.725</ymin>
			<xmax>144.563</xmax>
			<ymax>571.725</ymax>
		</bndbox>
	</object>
	<object>
		<name>b8</name>
		<pose>Unspecified</pose>
		<truncated>0</truncated>
		<difficult>0</difficult>
		<bndbox>
			<xmin>251.494</xmin>
			<ymin>545.946</ymin>
			<xmax>283.494</xmax>
			<ymax>577.946</ymax>
		</bndbox>
	</object>
	<object>
		<name>b6</name>
		<pose>Unspecified</pose>
		<truncated>0</truncated>
		<difficult>0</difficult>
		<bndbox>
			<xmin>346.88</xmin>
			<ymin>550.093</ymin>
			<xmax>378.88</xmax>
			<ymax>582.093</ymax>
		</bndbox>
	</object>
	<object>
		<name>b4</name>
		<pose>Unspecified</pose>
		<truncated>0</truncated>
		<difficult>0</difficult>
		<bndbox>
			<xmin>384.205</xmin>
			<ymin>550.093</ymin>
			<xmax>416.205</xmax>
			<ymax>582.093</ymax>
		</bndbox>
	</object>
	<object>
		<name>b3</name>
		<pose>Unspecified</pose>
		<truncated>0</truncated>
		<difficult>0</difficult>
		<bndbox>
			<xmin>334.438</xmin>
			<ymin>550.093</ymin>
			<xmax>366.438</xmax>
			<ymax>582.093</ymax>
		</bndbox>
	</object>
	<object>
		<name>b4</name>
		<pose>Unspecified</pose>
		<truncated>0</truncated>
		<difficult>0</difficult>
		<bndbox>
			<xmin>384.62</xmin>
			<ymin>551.337</ymin>
			<xmax>416.62</xmax>
			<ymax>583.337</ymax>
		</bndbox>
	</object>
	<object>
		<name>b8</name>
		<pose>Unspecified</pose>
		<truncated>0</truncated>
		<difficult>0</difficult>
		<bndbox>
			<xmin>170.624</xmin>
			<ymin>528.942</ymin>
			<xmax>202.624</xmax>
			<ymax>560.942</ymax>
		</bndbox>
	</object>
	<object>
		<name>b10</name>
		<pose>Unspecified</pose>
		<truncated>0</truncated>
		<difficult>0</difficult>
		<bndbox>
			<xmin>481.664</xmin>
			<ymin>235.32</ymin>
			<xmax>513.664</xmax>
			<ymax>267.32</ymax>
		</bndbox>
	</object>
	<object>
		<name>b10</name>
		<pose>Unspecified</pose>
		<truncated>0</truncated>
		<difficult>0</difficult>
		<bndbox>
			<xmin>190.033</xmin>
			<ymin>560.295</ymin>
			<xmax>222.033</xmax>
			<ymax>592.295</ymax>
		</bndbox>
	</object>
	<object>
		<name>b9</name>
		<pose>Unspecified</pose>
		<truncated>0</truncated>
		<difficult>0</difficult>
		<bndbox>
			<xmin>193.019</xmin>
			<ymin>539.393</ymin>
			<xmax>225.019</xmax>
			<ymax>571.393</ymax>
		</bndbox>
	</object>
	<object>
		<name>b8</name>
		<pose>Unspecified</pose>
		<truncated>0</truncated>
		<difficult>0</difficult>
		<bndbox>
			<xmin>255.725</xmin>
			<ymin>548.351</ymin>
			<xmax>287.725</xmax>
			<ymax>580.351</ymax>
		</bndbox>
	</object>
	<object>
		<name>b5</name>
		<pose>Unspecified</pose>
		<truncated>0</truncated>
		<difficult>0</difficult>
		<bndbox>
			<xmin>375.164</xmin>
			<ymin>551.337</ymin>
			<xmax>407.164</xmax>
			<ymax>583.337</ymax>
		</bndbox>
	</object>
	<object>
		<name>b7</name>
		<pose>Unspecified</pose>
		<truncated>0</truncated>
		<difficult>0</difficult>
		<bndbox>
			<xmin>309.472</xmin>
			<ymin>548.351</ymin>
			<xmax>341.472</xmax>
			<ymax>580.351</ymax>
		</bndbox>
	</object>
	<object>
		<name>b4</name>
		<pose>Unspecified</pose>
		<truncated>0</truncated>
		<difficult>0</difficult>
		<bndbox>
			<xmin>387.108</xmin>
			<ymin>551.337</ymin>
			<xmax>419.108</xmax>
			<ymax>583.337</ymax>
		</bndbox>
	</object>
	<object>
		<name>b8</name>
		<pose>Unspecified</pose>
		<truncated>0</truncated>
		<difficult>0</difficult>
		<bndbox>
			<xmin>177.492</xmin>
			<ymin>496.395</ymin>
			<xmax>209.492</xmax>
			<ymax>528.395</ymax>
		</bndbox>
	</object>
	<object>
		<name>b4</name>
		<pose>Unspecified</pose>
		<truncated>0</truncated>
		<difficult>0</difficult>
		<bndbox>
			<xmin>399.649</xmin>
			<ymin>546.56</ymin>
			<xmax>431.649</xmax>
			<ymax>578.56</ymax>
		</bndbox>
	</object>
	<object>
		<name>b7</name>
		<pose>Unspecified</pose>
		<truncated>0</truncated>
		<difficult>0</difficult>
		<bndbox>
			<xmin>369</xmin>
			<ymin>553</ymin>
			<xmax>401</xmax>
			<ymax>585</ymax>
		</bndbox>
	</object>
	<object>
		<name>b2</name>
		<pose>Unspecified</pose>
		<truncated>0</truncated>
		<difficult>0</difficult>
		<bndbox>
			<xmin>334</xmin>
			<ymin>549</ymin>
			<xmax>366</xmax>
			<ymax>581</ymax>
		</bndbox>
	</object>
	<object>
		<name>b7</name>
		<pose>Unspecified</pose>
		<truncated>0</truncated>
		<difficult>0</difficult>
		<bndbox>
			<xmin>109</xmin>
			<ymin>533</ymin>
			<xmax>141</xmax>
			<ymax>565</ymax>
		</bndbox>
	</object>
	<object>
		<name>b9</name>
		<pose>Unspecified</pose>
		<truncated>0</truncated>
		<difficult>0</difficult>
		<bndbox>
			<xmin>164</xmin>
			<ymin>556</ymin>
			<xmax>196</xmax>
			<ymax>588</ymax>
		</bndbox>
	</object>
	<object>
		<name>b8</name>
		<pose>Unspecified</pose>
		<truncated>0</truncated>
		<difficult>0</difficult>
		<bndbox>
			<xmin>168</xmin>
			<ymin>535</ymin>
			<xmax>200</xmax>
			<ymax>567</ymax>
		</bndbox>
	</object>
	<object>
		<name>b8</name>
		<pose>Unspecified</pose>
		<truncated>0</truncated>
		<difficult>0</difficult>
		<bndbox>
			<xmin>115</xmin>
			<ymin>540</ymin>
			<xmax>147</xmax>
			<ymax>572</ymax>
		</bndbox>
	</object>
	<object>
		<name>b6</name>
		<pose>Unspecified</pose>
		<truncated>0</truncated>
		<difficult>0</difficult>
		<bndbox>
			<xmin>579</xmin>
			<ymin>567</ymin>
			<xmax>611</xmax>
			<ymax>599</ymax>
		</bndbox>
	</object>
	<object>
		<name>b9</name>
		<pose>Unspecified</pose>
		<truncated>0</truncated>
		<difficult>0</difficult>
		<bndbox>
			<xmin>138</xmin>
			<ymin>559</ymin>
			<xmax>170</xmax>
			<ymax>591</ymax>
		</bndbox>
	</object>
	<object>
		<name>b4</name>
		<pose>Unspecified</pose>
		<truncated>0</truncated>
		<difficult>0</difficult>
		<bndbox>
			<xmin>311.6</xmin>
			<ymin>551.6</ymin>
			<xmax>343.6</xmax>
			<ymax>583.6</ymax>
		</bndbox>
	</object>
	<object>
		<name>b5</name>
		<pose>Unspecified</pose>
		<truncated>0</truncated>
		<difficult>0</difficult>
		<bndbox>
			<xmin>401.6</xmin>
			<ymin>544.4</ymin>
			<xmax>433.6</xmax>
			<ymax>576.4</ymax>
		</bndbox>
	</object>
	<object>
		<name>b3</name>
		<pose>Unspecified</pose>
		<truncated>0</truncated>
		<difficult>0</difficult>
		<bndbox>
			<xmin>350</xmin>
			<ymin>551.6</ymin>
			<xmax>382</xmax>
			<ymax>583.6</ymax>
		</bndbox>
	</object>
	<object>
		<name>b9</name>
		<pose>Unspecified</pose>
		<truncated>0</truncated>
		<difficult>0</difficult>
		<bndbox>
			<xmin>437.6</xmin>
			<ymin>252.8</ymin>
			<xmax>469.6</xmax>
			<ymax>284.8</ymax>
		</bndbox>
	</object>
	<object>
		<name>b5</name>
		<pose>Unspecified</pose>
		<truncated>0</truncated>
		<difficult>0</difficult>
		<bndbox>
			<xmin>578</xmin>
			<ymin>567.2</ymin>
			<xmax>610</xmax>
			<ymax>599.2</ymax>
		</bndbox>
	</object>
	<object>
		<name>b8</name>
		<pose>Unspecified</pose>
		<truncated>0</truncated>
		<difficult>0</difficult>
		<bndbox>
			<xmin>114.8</xmin>
			<ymin>539.6</ymin>
			<xmax>146.8</xmax>
			<ymax>571.6</ymax>
		</bndbox>
	</object>
	<object>
		<name>b5</name>
		<pose>Unspecified</pose>
		<truncated>0</truncated>
		<difficult>0</difficult>
		<bndbox>
			<xmin>315.2</xmin>
			<ymin>549.92</ymin>
			<xmax>347.2</xmax>
			<ymax>581.92</ymax>
		</bndbox>
	</object>
	<object>
		<name>b9</name>
		<pose>Unspecified</pose>
		<truncated>0</truncated>
		<difficult>0</difficult>
		<bndbox>
			<xmin>132.32</xmin>
			<ymin>551.36</ymin>
			<xmax>164.32</xmax>
			<ymax>583.36</ymax>
		</bndbox>
	</object>
	<object>
		<name>b3</name>
		<pose>Unspecified</pose>
		<truncated>0</truncated>
		<difficult>0</difficult>
		<bndbox>
			<xmin>349.76</xmin>
			<ymin>551.36</ymin>
			<xmax>381.76</xmax>
			<ymax>583.36</ymax>
		</bndbox>
	</object>
	<object>
		<name>b7</name>
		<pose>Unspecified</pose>
		<truncated>0</truncated>
		<difficult>0</difficult>
		<bndbox>
			<xmin>161.12</xmin>
			<ymin>541.28</ymin>
			<xmax>193.12</xmax>
			<ymax>573.28</ymax>
		</bndbox>
	</object>
	<object>
		<name>b5</name>
		<pose>Unspecified</pose>
		<truncated>0</truncated>
		<difficult>0</difficult>
		<bndbox>
			<xmin>241.76</xmin>
			<ymin>545.6</ymin>
			<xmax>273.76</xmax>
			<ymax>577.6</ymax>
		</bndbox>
	</object>
	<object>
		<name>b9</name>
		<pose>Unspecified</pose>
		<truncated>0</truncated>
		<difficult>0</difficult>
		<bndbox>
			<xmin>421.76</xmin>
			<ymin>436.16</ymin>
			<xmax>453.76</xmax>
			<ymax>468.16</ymax>
		</bndbox>
	</object>
	<object>
		<name>b5</name>
		<pose>Unspecified</pose>
		<truncated>0</truncated>
		<difficult>0</difficult>
		<bndbox>
			<xmin>315.776</xmin>
			<ymin>550.784</ymin>
			<xmax>347.776</xmax>
			<ymax>582.784</ymax>
		</bndbox>
	</object>
	<object>
		<name>b9</name>
		<pose>Unspecified</pose>
		<truncated>0</truncated>
		<difficult>0</difficult>
		<bndbox>
			<xmin>607.808</xmin>
			<ymin>554.24</ymin>
			<xmax>639.808</xmax>
			<ymax>586.24</ymax>
		</bndbox>
	</object>
	<object>
		<name>b9</name>
		<pose>Unspecified</pose>
		<truncated>0</truncated>
		<difficult>0</difficult>
		<bndbox>
			<xmin>272.576</xmin>
			<ymin>543.872</ymin>
			<xmax>304.576</xmax>
			<ymax>575.872</ymax>
		</bndbox>
	</object>
	<object>
		<name>b8</name>
		<pose>Unspecified</pose>
		<truncated>0</truncated>
		<difficult>0</difficult>
		<bndbox>
			<xmin>407.36</xmin>
			<ymin>441.92</ymin>
			<xmax>439.36</xmax>
			<ymax>473.92</ymax>
		</bndbox>
	</object>
	<object>
		<name>b9</name>
		<pose>Unspecified</pose>
		<truncated>0</truncated>
		<difficult>0</difficult>
		<bndbox>
			<xmin>607.808</xmin>
			<ymin>559.424</ymin>
			<xmax>639.808</xmax>
			<ymax>591.424</ymax>
		</bndbox>
	</object>
	<object>
		<name>b5</name>
		<pose>Unspecified</pose>
		<truncated>0</truncated>
		<difficult>0</difficult>
		<bndbox>
			<xmin>246.656</xmin>
			<ymin>547.328</ymin>
			<xmax>278.656</xmax>
			<ymax>579.328</ymax>
		</bndbox>
	</object>
	<object>
		<name>b7</name>
		<pose>Unspecified</pose>
		<truncated>0</truncated>
		<difficult>0</difficult>
		<bndbox>
			<xmin>160.256</xmin>
			<ymin>542.144</ymin>
			<xmax>192.256</xmax>
			<ymax>574.144</ymax>
		</bndbox>
	</object>
	<object>
		<name>b8</name>
		<pose>Unspecified</pose>
		<truncated>0</truncated>
		<difficult>0</difficult>
		<bndbox>
			<xmin>270.157</xmin>
			<ymin>543.872</ymin>
			<xmax>302.157</xmax>
			<ymax>575.872</ymax>
		</bndbox>
	</object>
	<object>
		<name>b8</name>
		<pose>Unspecified</pose>
		<truncated>0</truncated>
		<difficult>0</difficult>
		<bndbox>
			<xmin>112.563</xmin>
			<ymin>539.725</ymin>
			<xmax>144.563</xmax>
			<ymax>571.725</ymax>
		</bndbox>
	</object>
	<object>
		<name>b6</name>
		<pose>Unspecified</pose>
		<truncated>0</truncated>
		<difficult>0</difficult>
		<bndbox>
			<xmin>251.494</xmin>
			<ymin>545.946</ymin>
			<xmax>283.494</xmax>
			<ymax>577.946</ymax>
		</bndbox>
	</object>
	<object>
		<name>b6</name>
		<pose>Unspecified</pose>
		<truncated>0</truncated>
		<difficult>0</difficult>
		<bndbox>
			<xmin>404.941</xmin>
			<ymin>543.872</ymin>
			<xmax>436.941</xmax>
			<ymax>575.872</ymax>
		</bndbox>
	</object>
	<object>
		<name>b7</name>
		<pose>Unspecified</pose>
		<truncated>0</truncated>
		<difficult>0</difficult>
		<bndbox>
			<xmin>377.984</xmin>
			<ymin>550.093</ymin>
			<xmax>409.984</xmax>
			<ymax>582.093</ymax>
		</bndbox>
	</object>
	<object>
		<name>b3</name>
		<pose>Unspecified</pose>
		<truncated>0</truncated>
		<difficult>0</difficult>
		<bndbox>
			<xmin>346.88</xmin>
			<ymin>550.093</ymin>
			<xmax>378.88</xmax>
			<ymax>582.093</ymax>
		</bndbox>
	</object>
	<object>
		<name>b5</name>
		<pose>Unspecified</pose>
		<truncated>0</truncated>
		<difficult>0</difficult>
		<bndbox>
			<xmin>299.187</xmin>
			<ymin>545.946</ymin>
			<xmax>331.187</xmax>
			<ymax>577.946</ymax>
		</bndbox>
	</object>
	<object>
		<name>b2</name>
		<pose>Unspecified</pose>
		<truncated>0</truncated>
		<difficult>0</difficult>
		<bndbox>
			<xmin>334.438</xmin>
			<ymin>550.093</ymin>
			<xmax>366.438</xmax>
			<ymax>582.093</ymax>
		</bndbox>
	</object>
	<object>
		<name>b7</name>
		<pose>Unspecified</pose>
		<truncated>0</truncated>
		<difficult>0</difficult>
		<bndbox>
			<xmin>170.624</xmin>
			<ymin>528.942</ymin>
			<xmax>202.624</xmax>
			<ymax>560.942</ymax>
		</bndbox>
	</object>
	<object>
		<name>b3</name>
		<pose>Unspecified</pose>
		<truncated>0</truncated>
		<difficult>0</difficult>
		<bndbox>
			<xmin>347.295</xmin>
			<ymin>548.849</ymin>
			<xmax>379.295</xmax>
			<ymax>580.849</ymax>
		</bndbox>
	</object>
	<object>
		<name>b5</name>
		<pose>Unspecified</pose>
		<truncated>0</truncated>
		<difficult>0</difficult>
		<bndbox>
			<xmin>247.762</xmin>
			<ymin>543.872</ymin>
			<xmax>279.762</xmax>
			<ymax>575.872</ymax>
		</bndbox>
	</object>
	<object>
		<name>b8</name>
		<pose>Unspecified</pose>
		<truncated>0</truncated>
		<difficult>0</difficult>
		<bndbox>
			<xmin>606.08</xmin>
			<ymin>528.942</ymin>
			<xmax>638.08</xmax>
			<ymax>560.942</ymax>
		</bndbox>
	</object>
	<object>
		<name>b9</name>
		<pose>Unspecified</pose>
		<truncated>0</truncated>
		<difficult>0</difficult>
		<bndbox>
			<xmin>193.019</xmin>
			<ymin>539.393</ymin>
			<xmax>225.019</xmax>
			<ymax>571.393</ymax>
		</bndbox>
	</object>
	<object>
		<name>b6</name>
		<pose>Unspecified</pose>
		<truncated>0</truncated>
		<difficult>0</difficult>
		<bndbox>
			<xmin>255.725</xmin>
			<ymin>548.351</ymin>
			<xmax>287.725</xmax>
			<ymax>580.351</ymax>
		</bndbox>
	</object>
	<object>
		<name>b4</name>
		<pose>Unspecified</pose>
		<truncated>0</truncated>
		<difficult>0</difficult>
		<bndbox>
			<xmin>309.472</xmin>
			<ymin>548.351</ymin>
			<xmax>341.472</xmax>
			<ymax>580.351</ymax>
		</bndbox>
	</object>
	<object>
		<name>b3</name>
		<pose>Unspecified</pose>
		<truncated>0</truncated>
		<difficult>0</difficult>
		<bndbox>
			<xmin>354.262</xmin>
			<ymin>554.323</ymin>
			<xmax>386.262</xmax>
			<ymax>586.323</ymax>
		</bndbox>
	</object>
	<object>
		<name>b6</name>
		<pose>Unspecified</pose>
		<truncated>0</truncated>
		<difficult>0</difficult>
		<bndbox>
			<xmin>387.108</xmin>
			<ymin>551.337</ymin>
			<xmax>419.108</xmax>
			<ymax>583.337</ymax>
		</bndbox>
	</object>
	<object>
		<name>b6</name>
		<pose>Unspecified</pose>
		<truncated>0</truncated>
		<difficult>0</difficult>
		<bndbox>
			<xmin>399.649</xmin>
			<ymin>546.56</ymin>
			<xmax>431.649</xmax>
			<ymax>578.56</ymax>
		</bndbox>
	</object>
	<object>
		<name>b4</name>
		<pose>Unspecified</pose>
		<truncated>0</truncated>
		<difficult>0</difficult>
		<bndbox>
			<xmin>360.234</xmin>
			<ymin>550.143</ymin>
			<xmax>392.234</xmax>
			<ymax>582.143</ymax>
		</bndbox>
	</object>
	<object>
		<name>b6</name>
		<pose>Unspecified</pose>
		<truncated>0</truncated>
		<difficult>0</difficult>
		<bndbox>
			<xmin>374.567</xmin>
			<ymin>550.143</ymin>
			<xmax>406.567</xmax>
			<ymax>582.143</ymax>
		</bndbox>
	</object>
	<object>
		<name>b4</name>
		<pose>Unspecified</pose>
		<truncated>0</truncated>
		<difficult>0</difficult>
		<bndbox>
			<xmin>310.07</xmin>
			<ymin>550.143</ymin>
			<xmax>342.07</xmax>
			<ymax>582.143</ymax>
		</bndbox>
	</object>
</annotation>
