<annotation>
	<folder>VOC2007</folder>
	<filename>000473.jpg</filename>
	<source>
		<database>My Database</database>
		<annotation>VOC2007</annotation>
		<image>flickr</image>
		<flickrid>NULL</flickrid>
	</source>
	<owner>
		<flickrid>NULL</flickrid>
		<name>shaochunyan</name>
	</owner>
	<size>
		<width>720</width>
		<height>1280</height>
		<depth>3</depth>
	</size>
	<segmented>0</segmented>
	<object>
		<name>b9</name>
		<pose>Unspecified</pose>
		<truncated>0</truncated>
		<difficult>0</difficult>
		<bndbox>
			<xmin>583</xmin>
			<ymin>514</ymin>
			<xmax>615</xmax>
			<ymax>546</ymax>
		</bndbox>
	</object>
	<object>
		<name>b9</name>
		<pose>Unspecified</pose>
		<truncated>0</truncated>
		<difficult>0</difficult>
		<bndbox>
			<xmin>173</xmin>
			<ymin>512</ymin>
			<xmax>205</xmax>
			<ymax>544</ymax>
		</bndbox>
	</object>
	<object>
		<name>b7</name>
		<pose>Unspecified</pose>
		<truncated>0</truncated>
		<difficult>0</difficult>
		<bndbox>
			<xmin>28.4</xmin>
			<ymin>446</ymin>
			<xmax>60.4</xmax>
			<ymax>478</ymax>
		</bndbox>
	</object>
	<object>
		<name>b9</name>
		<pose>Unspecified</pose>
		<truncated>0</truncated>
		<difficult>0</difficult>
		<bndbox>
			<xmin>78.8</xmin>
			<ymin>444.8</ymin>
			<xmax>110.8</xmax>
			<ymax>476.8</ymax>
		</bndbox>
	</object>
	<object>
		<name>b9</name>
		<pose>Unspecified</pose>
		<truncated>0</truncated>
		<difficult>0</difficult>
		<bndbox>
			<xmin>478.4</xmin>
			<ymin>195.2</ymin>
			<xmax>510.4</xmax>
			<ymax>227.2</ymax>
		</bndbox>
	</object>
	<object>
		<name>b9</name>
		<pose>Unspecified</pose>
		<truncated>0</truncated>
		<difficult>0</difficult>
		<bndbox>
			<xmin>270.8</xmin>
			<ymin>496.4</ymin>
			<xmax>302.8</xmax>
			<ymax>528.4</ymax>
		</bndbox>
	</object>
	<object>
		<name>b9</name>
		<pose>Unspecified</pose>
		<truncated>0</truncated>
		<difficult>0</difficult>
		<bndbox>
			<xmin>284</xmin>
			<ymin>492.8</ymin>
			<xmax>316</xmax>
			<ymax>524.8</ymax>
		</bndbox>
	</object>
	<object>
		<name>b7</name>
		<pose>Unspecified</pose>
		<truncated>0</truncated>
		<difficult>0</difficult>
		<bndbox>
			<xmin>35.84</xmin>
			<ymin>446.24</ymin>
			<xmax>67.84</xmax>
			<ymax>478.24</ymax>
		</bndbox>
	</object>
	<object>
		<name>b8</name>
		<pose>Unspecified</pose>
		<truncated>0</truncated>
		<difficult>0</difficult>
		<bndbox>
			<xmin>44.48</xmin>
			<ymin>444.8</ymin>
			<xmax>76.48</xmax>
			<ymax>476.8</ymax>
		</bndbox>
	</object>
	<object>
		<name>b9</name>
		<pose>Unspecified</pose>
		<truncated>0</truncated>
		<difficult>0</difficult>
		<bndbox>
			<xmin>80.768</xmin>
			<ymin>443.648</ymin>
			<xmax>112.768</xmax>
			<ymax>475.648</ymax>
		</bndbox>
	</object>
	<object>
		<name>b9</name>
		<pose>Unspecified</pose>
		<truncated>0</truncated>
		<difficult>0</difficult>
		<bndbox>
			<xmin>153.344</xmin>
			<ymin>498.944</ymin>
			<xmax>185.344</xmax>
			<ymax>530.944</ymax>
		</bndbox>
	</object>
	<object>
		<name>b10</name>
		<pose>Unspecified</pose>
		<truncated>0</truncated>
		<difficult>0</difficult>
		<bndbox>
			<xmin>197.996</xmin>
			<ymin>496.594</ymin>
			<xmax>229.996</xmax>
			<ymax>528.594</ymax>
		</bndbox>
	</object>
	<object>
		<name>b9</name>
		<pose>Unspecified</pose>
		<truncated>0</truncated>
		<difficult>0</difficult>
		<bndbox>
			<xmin>163.159</xmin>
			<ymin>499.082</ymin>
			<xmax>195.159</xmax>
			<ymax>531.082</ymax>
		</bndbox>
	</object>
	<object>
		<name>b9</name>
		<pose>Unspecified</pose>
		<truncated>0</truncated>
		<difficult>0</difficult>
		<bndbox>
			<xmin>297.528</xmin>
			<ymin>494.603</ymin>
			<xmax>329.528</xmax>
			<ymax>526.603</ymax>
		</bndbox>
	</object>
	<object>
		<name>b9</name>
		<pose>Unspecified</pose>
		<truncated>0</truncated>
		<difficult>0</difficult>
		<bndbox>
			<xmin>581.197</xmin>
			<ymin>509.533</ymin>
			<xmax>613.197</xmax>
			<ymax>541.533</ymax>
		</bndbox>
	</object>
	<object>
		<name>b9</name>
		<pose>Unspecified</pose>
		<truncated>0</truncated>
		<difficult>0</difficult>
		<bndbox>
			<xmin>471.313</xmin>
			<ymin>191.825</ymin>
			<xmax>503.313</xmax>
			<ymax>223.825</ymax>
		</bndbox>
	</object>
	<object>
		<name>b9</name>
		<pose>Unspecified</pose>
		<truncated>0</truncated>
		<difficult>0</difficult>
		<bndbox>
			<xmin>568</xmin>
			<ymin>511</ymin>
			<xmax>600</xmax>
			<ymax>543</ymax>
		</bndbox>
	</object>
	<object>
		<name>b8</name>
		<pose>Unspecified</pose>
		<truncated>0</truncated>
		<difficult>0</difficult>
		<bndbox>
			<xmin>566</xmin>
			<ymin>508</ymin>
			<xmax>598</xmax>
			<ymax>540</ymax>
		</bndbox>
	</object>
	<object>
		<name>b9</name>
		<pose>Unspecified</pose>
		<truncated>0</truncated>
		<difficult>0</difficult>
		<bndbox>
			<xmin>96.8</xmin>
			<ymin>358.4</ymin>
			<xmax>128.8</xmax>
			<ymax>390.4</ymax>
		</bndbox>
	</object>
	<object>
		<name>b7</name>
		<pose>Unspecified</pose>
		<truncated>0</truncated>
		<difficult>0</difficult>
		<bndbox>
			<xmin>158</xmin>
			<ymin>506</ymin>
			<xmax>190</xmax>
			<ymax>538</ymax>
		</bndbox>
	</object>
	<object>
		<name>b9</name>
		<pose>Unspecified</pose>
		<truncated>0</truncated>
		<difficult>0</difficult>
		<bndbox>
			<xmin>281.6</xmin>
			<ymin>495.2</ymin>
			<xmax>313.6</xmax>
			<ymax>527.2</ymax>
		</bndbox>
	</object>
	<object>
		<name>b10</name>
		<pose>Unspecified</pose>
		<truncated>0</truncated>
		<difficult>0</difficult>
		<bndbox>
			<xmin>207.2</xmin>
			<ymin>507.2</ymin>
			<xmax>239.2</xmax>
			<ymax>539.2</ymax>
		</bndbox>
	</object>
	<object>
		<name>b7</name>
		<pose>Unspecified</pose>
		<truncated>0</truncated>
		<difficult>0</difficult>
		<bndbox>
			<xmin>165.2</xmin>
			<ymin>509.6</ymin>
			<xmax>197.2</xmax>
			<ymax>541.6</ymax>
		</bndbox>
	</object>
	<object>
		<name>b9</name>
		<pose>Unspecified</pose>
		<truncated>0</truncated>
		<difficult>0</difficult>
		<bndbox>
			<xmin>418.4</xmin>
			<ymin>382.4</ymin>
			<xmax>450.4</xmax>
			<ymax>414.4</ymax>
		</bndbox>
	</object>
	<object>
		<name>b7</name>
		<pose>Unspecified</pose>
		<truncated>0</truncated>
		<difficult>0</difficult>
		<bndbox>
			<xmin>172.64</xmin>
			<ymin>505.28</ymin>
			<xmax>204.64</xmax>
			<ymax>537.28</ymax>
		</bndbox>
	</object>
	<object>
		<name>b8</name>
		<pose>Unspecified</pose>
		<truncated>0</truncated>
		<difficult>0</difficult>
		<bndbox>
			<xmin>175.52</xmin>
			<ymin>509.6</ymin>
			<xmax>207.52</xmax>
			<ymax>541.6</ymax>
		</bndbox>
	</object>
	<object>
		<name>b9</name>
		<pose>Unspecified</pose>
		<truncated>0</truncated>
		<difficult>0</difficult>
		<bndbox>
			<xmin>74.72</xmin>
			<ymin>341.12</ymin>
			<xmax>106.72</xmax>
			<ymax>373.12</ymax>
		</bndbox>
	</object>
	<object>
		<name>b9</name>
		<pose>Unspecified</pose>
		<truncated>0</truncated>
		<difficult>0</difficult>
		<bndbox>
			<xmin>122.24</xmin>
			<ymin>462.656</ymin>
			<xmax>154.24</xmax>
			<ymax>494.656</ymax>
		</bndbox>
	</object>
	<object>
		<name>b7</name>
		<pose>Unspecified</pose>
		<truncated>0</truncated>
		<difficult>0</difficult>
		<bndbox>
			<xmin>153.344</xmin>
			<ymin>498.944</ymin>
			<xmax>185.344</xmax>
			<ymax>530.944</ymax>
		</bndbox>
	</object>
	<object>
		<name>b8</name>
		<pose>Unspecified</pose>
		<truncated>0</truncated>
		<difficult>0</difficult>
		<bndbox>
			<xmin>525.21</xmin>
			<ymin>176.845</ymin>
			<xmax>557.21</xmax>
			<ymax>208.845</ymax>
		</bndbox>
	</object>
	<object>
		<name>b8</name>
		<pose>Unspecified</pose>
		<truncated>0</truncated>
		<difficult>0</difficult>
		<bndbox>
			<xmin>176.845</xmin>
			<ymin>508.621</ymin>
			<xmax>208.845</xmax>
			<ymax>540.621</ymax>
		</bndbox>
	</object>
	<object>
		<name>b9</name>
		<pose>Unspecified</pose>
		<truncated>0</truncated>
		<difficult>0</difficult>
		<bndbox>
			<xmin>313.702</xmin>
			<ymin>494.106</ymin>
			<xmax>345.702</xmax>
			<ymax>526.106</ymax>
		</bndbox>
	</object>
	<object>
		<name>b9</name>
		<pose>Unspecified</pose>
		<truncated>0</truncated>
		<difficult>0</difficult>
		<bndbox>
			<xmin>361.395</xmin>
			<ymin>498.253</ymin>
			<xmax>393.395</xmax>
			<ymax>530.253</ymax>
		</bndbox>
	</object>
	<object>
		<name>b9</name>
		<pose>Unspecified</pose>
		<truncated>0</truncated>
		<difficult>0</difficult>
		<bndbox>
			<xmin>88.5095</xmin>
			<ymin>352.271</ymin>
			<xmax>120.509</xmax>
			<ymax>384.271</ymax>
		</bndbox>
	</object>
	<object>
		<name>b7</name>
		<pose>Unspecified</pose>
		<truncated>0</truncated>
		<difficult>0</difficult>
		<bndbox>
			<xmin>157.187</xmin>
			<ymin>500.575</ymin>
			<xmax>189.187</xmax>
			<ymax>532.575</ymax>
		</bndbox>
	</object>
	<object>
		<name>b8</name>
		<pose>Unspecified</pose>
		<truncated>0</truncated>
		<difficult>0</difficult>
		<bndbox>
			<xmin>288.57</xmin>
			<ymin>491.617</ymin>
			<xmax>320.57</xmax>
			<ymax>523.617</ymax>
		</bndbox>
	</object>
	<object>
		<name>b8</name>
		<pose>Unspecified</pose>
		<truncated>0</truncated>
		<difficult>0</difficult>
		<bndbox>
			<xmin>288.57</xmin>
			<ymin>492.812</ymin>
			<xmax>320.57</xmax>
			<ymax>524.812</ymax>
		</bndbox>
	</object>
	<object>
		<name>b5</name>
		<pose>Unspecified</pose>
		<truncated>0</truncated>
		<difficult>0</difficult>
		<bndbox>
			<xmin>294</xmin>
			<ymin>493</ymin>
			<xmax>326</xmax>
			<ymax>525</ymax>
		</bndbox>
	</object>
	<object>
		<name>b8</name>
		<pose>Unspecified</pose>
		<truncated>0</truncated>
		<difficult>0</difficult>
		<bndbox>
			<xmin>203</xmin>
			<ymin>499</ymin>
			<xmax>235</xmax>
			<ymax>531</ymax>
		</bndbox>
	</object>
	<object>
		<name>b10</name>
		<pose>Unspecified</pose>
		<truncated>0</truncated>
		<difficult>0</difficult>
		<bndbox>
			<xmin>488</xmin>
			<ymin>186</ymin>
			<xmax>520</xmax>
			<ymax>218</ymax>
		</bndbox>
	</object>
	<object>
		<name>b5</name>
		<pose>Unspecified</pose>
		<truncated>0</truncated>
		<difficult>0</difficult>
		<bndbox>
			<xmin>297</xmin>
			<ymin>495</ymin>
			<xmax>329</xmax>
			<ymax>527</ymax>
		</bndbox>
	</object>
	<object>
		<name>b6</name>
		<pose>Unspecified</pose>
		<truncated>0</truncated>
		<difficult>0</difficult>
		<bndbox>
			<xmin>281</xmin>
			<ymin>495</ymin>
			<xmax>313</xmax>
			<ymax>527</ymax>
		</bndbox>
	</object>
	<object>
		<name>b8</name>
		<pose>Unspecified</pose>
		<truncated>0</truncated>
		<difficult>0</difficult>
		<bndbox>
			<xmin>171.2</xmin>
			<ymin>500</ymin>
			<xmax>203.2</xmax>
			<ymax>532</ymax>
		</bndbox>
	</object>
	<object>
		<name>b10</name>
		<pose>Unspecified</pose>
		<truncated>0</truncated>
		<difficult>0</difficult>
		<bndbox>
			<xmin>111.2</xmin>
			<ymin>360.8</ymin>
			<xmax>143.2</xmax>
			<ymax>392.8</ymax>
		</bndbox>
	</object>
	<object>
		<name>b9</name>
		<pose>Unspecified</pose>
		<truncated>0</truncated>
		<difficult>0</difficult>
		<bndbox>
			<xmin>158</xmin>
			<ymin>506</ymin>
			<xmax>190</xmax>
			<ymax>538</ymax>
		</bndbox>
	</object>
	<object>
		<name>b8</name>
		<pose>Unspecified</pose>
		<truncated>0</truncated>
		<difficult>0</difficult>
		<bndbox>
			<xmin>411.2</xmin>
			<ymin>474.8</ymin>
			<xmax>443.2</xmax>
			<ymax>506.8</ymax>
		</bndbox>
	</object>
	<object>
		<name>b10</name>
		<pose>Unspecified</pose>
		<truncated>0</truncated>
		<difficult>0</difficult>
		<bndbox>
			<xmin>464.96</xmin>
			<ymin>197.12</ymin>
			<xmax>496.96</xmax>
			<ymax>229.12</ymax>
		</bndbox>
	</object>
	<object>
		<name>b5</name>
		<pose>Unspecified</pose>
		<truncated>0</truncated>
		<difficult>0</difficult>
		<bndbox>
			<xmin>293.6</xmin>
			<ymin>492.32</ymin>
			<xmax>325.6</xmax>
			<ymax>524.32</ymax>
		</bndbox>
	</object>
	<object>
		<name>b8</name>
		<pose>Unspecified</pose>
		<truncated>0</truncated>
		<difficult>0</difficult>
		<bndbox>
			<xmin>174.08</xmin>
			<ymin>500.96</ymin>
			<xmax>206.08</xmax>
			<ymax>532.96</ymax>
		</bndbox>
	</object>
	<object>
		<name>b10</name>
		<pose>Unspecified</pose>
		<truncated>0</truncated>
		<difficult>0</difficult>
		<bndbox>
			<xmin>71.84</xmin>
			<ymin>434.72</ymin>
			<xmax>103.84</xmax>
			<ymax>466.72</ymax>
		</bndbox>
	</object>
	<object>
		<name>b8</name>
		<pose>Unspecified</pose>
		<truncated>0</truncated>
		<difficult>0</difficult>
		<bndbox>
			<xmin>172.64</xmin>
			<ymin>505.28</ymin>
			<xmax>204.64</xmax>
			<ymax>537.28</ymax>
		</bndbox>
	</object>
	<object>
		<name>b9</name>
		<pose>Unspecified</pose>
		<truncated>0</truncated>
		<difficult>0</difficult>
		<bndbox>
			<xmin>440.48</xmin>
			<ymin>377.12</ymin>
			<xmax>472.48</xmax>
			<ymax>409.12</ymax>
		</bndbox>
	</object>
	<object>
		<name>b8</name>
		<pose>Unspecified</pose>
		<truncated>0</truncated>
		<difficult>0</difficult>
		<bndbox>
			<xmin>560</xmin>
			<ymin>516.8</ymin>
			<xmax>592</xmax>
			<ymax>548.8</ymax>
		</bndbox>
	</object>
	<object>
		<name>b6</name>
		<pose>Unspecified</pose>
		<truncated>0</truncated>
		<difficult>0</difficult>
		<bndbox>
			<xmin>291.584</xmin>
			<ymin>492.032</ymin>
			<xmax>323.584</xmax>
			<ymax>524.032</ymax>
		</bndbox>
	</object>
	<object>
		<name>b9</name>
		<pose>Unspecified</pose>
		<truncated>0</truncated>
		<difficult>0</difficult>
		<bndbox>
			<xmin>51.392</xmin>
			<ymin>431.552</ymin>
			<xmax>83.392</xmax>
			<ymax>463.552</ymax>
		</bndbox>
	</object>
	<object>
		<name>b8</name>
		<pose>Unspecified</pose>
		<truncated>0</truncated>
		<difficult>0</difficult>
		<bndbox>
			<xmin>205.184</xmin>
			<ymin>507.584</ymin>
			<xmax>237.184</xmax>
			<ymax>539.584</ymax>
		</bndbox>
	</object>
	<object>
		<name>b6</name>
		<pose>Unspecified</pose>
		<truncated>0</truncated>
		<difficult>0</difficult>
		<bndbox>
			<xmin>290.893</xmin>
			<ymin>492.032</ymin>
			<xmax>322.893</xmax>
			<ymax>524.032</ymax>
		</bndbox>
	</object>
	<object>
		<name>b8</name>
		<pose>Unspecified</pose>
		<truncated>0</truncated>
		<difficult>0</difficult>
		<bndbox>
			<xmin>93.9008</xmin>
			<ymin>373.837</ymin>
			<xmax>125.901</xmax>
			<ymax>405.837</ymax>
		</bndbox>
	</object>
	<object>
		<name>b8</name>
		<pose>Unspecified</pose>
		<truncated>0</truncated>
		<difficult>0</difficult>
		<bndbox>
			<xmin>83.5328</xmin>
			<ymin>379.643</ymin>
			<xmax>115.533</xmax>
			<ymax>411.643</ymax>
		</bndbox>
	</object>
	<object>
		<name>b8</name>
		<pose>Unspecified</pose>
		<truncated>0</truncated>
		<difficult>0</difficult>
		<bndbox>
			<xmin>202.574</xmin>
			<ymin>499.978</ymin>
			<xmax>234.574</xmax>
			<ymax>531.978</ymax>
		</bndbox>
	</object>
	<object>
		<name>b8</name>
		<pose>Unspecified</pose>
		<truncated>0</truncated>
		<difficult>0</difficult>
		<bndbox>
			<xmin>177.492</xmin>
			<ymin>507.145</ymin>
			<xmax>209.492</xmax>
			<ymax>539.145</ymax>
		</bndbox>
	</object>
	<object>
		<name>b8</name>
		<pose>Unspecified</pose>
		<truncated>0</truncated>
		<difficult>0</difficult>
		<bndbox>
			<xmin>213.324</xmin>
			<ymin>474.896</ymin>
			<xmax>245.324</xmax>
			<ymax>506.896</ymax>
		</bndbox>
	</object>
	<object>
		<name>b9</name>
		<pose>Unspecified</pose>
		<truncated>0</truncated>
		<difficult>0</difficult>
		<bndbox>
			<xmin>568.059</xmin>
			<ymin>514.311</ymin>
			<xmax>600.059</xmax>
			<ymax>546.311</ymax>
		</bndbox>
	</object>
</annotation>
