<annotation>
	<folder>VOC2007</folder>
	<filename>000492.jpg</filename>
	<source>
		<database>My Database</database>
		<annotation>VOC2007</annotation>
		<image>flickr</image>
		<flickrid>NULL</flickrid>
	</source>
	<owner>
		<flickrid>NULL</flickrid>
		<name>shaochunyan</name>
	</owner>
	<size>
		<width>720</width>
		<height>1280</height>
		<depth>3</depth>
	</size>
	<segmented>0</segmented>
	<object>
		<name>b6</name>
		<pose>Unspecified</pose>
		<truncated>0</truncated>
		<difficult>0</difficult>
		<bndbox>
			<xmin>113</xmin>
			<ymin>551</ymin>
			<xmax>145</xmax>
			<ymax>583</ymax>
		</bndbox>
	</object>
	<object>
		<name>b7</name>
		<pose>Unspecified</pose>
		<truncated>0</truncated>
		<difficult>0</difficult>
		<bndbox>
			<xmin>269</xmin>
			<ymin>562</ymin>
			<xmax>301</xmax>
			<ymax>594</ymax>
		</bndbox>
	</object>
	<object>
		<name>b5</name>
		<pose>Unspecified</pose>
		<truncated>0</truncated>
		<difficult>0</difficult>
		<bndbox>
			<xmin>118</xmin>
			<ymin>550</ymin>
			<xmax>150</xmax>
			<ymax>582</ymax>
		</bndbox>
	</object>
	<object>
		<name>b9</name>
		<pose>Unspecified</pose>
		<truncated>0</truncated>
		<difficult>0</difficult>
		<bndbox>
			<xmin>623</xmin>
			<ymin>567</ymin>
			<xmax>655</xmax>
			<ymax>599</ymax>
		</bndbox>
	</object>
	<object>
		<name>b10</name>
		<pose>Unspecified</pose>
		<truncated>0</truncated>
		<difficult>0</difficult>
		<bndbox>
			<xmin>175</xmin>
			<ymin>574</ymin>
			<xmax>207</xmax>
			<ymax>606</ymax>
		</bndbox>
	</object>
	<object>
		<name>b5</name>
		<pose>Unspecified</pose>
		<truncated>0</truncated>
		<difficult>0</difficult>
		<bndbox>
			<xmin>319</xmin>
			<ymin>568</ymin>
			<xmax>351</xmax>
			<ymax>600</ymax>
		</bndbox>
	</object>
	<object>
		<name>b6</name>
		<pose>Unspecified</pose>
		<truncated>0</truncated>
		<difficult>0</difficult>
		<bndbox>
			<xmin>283</xmin>
			<ymin>566</ymin>
			<xmax>315</xmax>
			<ymax>598</ymax>
		</bndbox>
	</object>
	<object>
		<name>b7</name>
		<pose>Unspecified</pose>
		<truncated>0</truncated>
		<difficult>0</difficult>
		<bndbox>
			<xmin>172</xmin>
			<ymin>558</ymin>
			<xmax>204</xmax>
			<ymax>590</ymax>
		</bndbox>
	</object>
	<object>
		<name>b5</name>
		<pose>Unspecified</pose>
		<truncated>0</truncated>
		<difficult>0</difficult>
		<bndbox>
			<xmin>592</xmin>
			<ymin>581</ymin>
			<xmax>624</xmax>
			<ymax>613</ymax>
		</bndbox>
	</object>
	<object>
		<name>b5</name>
		<pose>Unspecified</pose>
		<truncated>0</truncated>
		<difficult>0</difficult>
		<bndbox>
			<xmin>581</xmin>
			<ymin>565</ymin>
			<xmax>613</xmax>
			<ymax>597</ymax>
		</bndbox>
	</object>
	<object>
		<name>b6</name>
		<pose>Unspecified</pose>
		<truncated>0</truncated>
		<difficult>0</difficult>
		<bndbox>
			<xmin>395.6</xmin>
			<ymin>568.4</ymin>
			<xmax>427.6</xmax>
			<ymax>600.4</ymax>
		</bndbox>
	</object>
	<object>
		<name>b7</name>
		<pose>Unspecified</pose>
		<truncated>0</truncated>
		<difficult>0</difficult>
		<bndbox>
			<xmin>268.4</xmin>
			<ymin>562.4</ymin>
			<xmax>300.4</xmax>
			<ymax>594.4</ymax>
		</bndbox>
	</object>
	<object>
		<name>b5</name>
		<pose>Unspecified</pose>
		<truncated>0</truncated>
		<difficult>0</difficult>
		<bndbox>
			<xmin>323.6</xmin>
			<ymin>568.4</ymin>
			<xmax>355.6</xmax>
			<ymax>600.4</ymax>
		</bndbox>
	</object>
	<object>
		<name>b8</name>
		<pose>Unspecified</pose>
		<truncated>0</truncated>
		<difficult>0</difficult>
		<bndbox>
			<xmin>172.4</xmin>
			<ymin>557.6</ymin>
			<xmax>204.4</xmax>
			<ymax>589.6</ymax>
		</bndbox>
	</object>
	<object>
		<name>b7</name>
		<pose>Unspecified</pose>
		<truncated>0</truncated>
		<difficult>0</difficult>
		<bndbox>
			<xmin>285.2</xmin>
			<ymin>563.6</ymin>
			<xmax>317.2</xmax>
			<ymax>595.6</ymax>
		</bndbox>
	</object>
	<object>
		<name>b10</name>
		<pose>Unspecified</pose>
		<truncated>0</truncated>
		<difficult>0</difficult>
		<bndbox>
			<xmin>39.2</xmin>
			<ymin>486.8</ymin>
			<xmax>71.2</xmax>
			<ymax>518.8</ymax>
		</bndbox>
	</object>
	<object>
		<name>b9</name>
		<pose>Unspecified</pose>
		<truncated>0</truncated>
		<difficult>0</difficult>
		<bndbox>
			<xmin>362</xmin>
			<ymin>567.2</ymin>
			<xmax>394</xmax>
			<ymax>599.2</ymax>
		</bndbox>
	</object>
	<object>
		<name>b6</name>
		<pose>Unspecified</pose>
		<truncated>0</truncated>
		<difficult>0</difficult>
		<bndbox>
			<xmin>132.8</xmin>
			<ymin>560</ymin>
			<xmax>164.8</xmax>
			<ymax>592</ymax>
		</bndbox>
	</object>
	<object>
		<name>b9</name>
		<pose>Unspecified</pose>
		<truncated>0</truncated>
		<difficult>0</difficult>
		<bndbox>
			<xmin>613.28</xmin>
			<ymin>571.52</ymin>
			<xmax>645.28</xmax>
			<ymax>603.52</ymax>
		</bndbox>
	</object>
	<object>
		<name>b9</name>
		<pose>Unspecified</pose>
		<truncated>0</truncated>
		<difficult>0</difficult>
		<bndbox>
			<xmin>207.2</xmin>
			<ymin>562.88</ymin>
			<xmax>239.2</xmax>
			<ymax>594.88</ymax>
		</bndbox>
	</object>
	<object>
		<name>b7</name>
		<pose>Unspecified</pose>
		<truncated>0</truncated>
		<difficult>0</difficult>
		<bndbox>
			<xmin>284.96</xmin>
			<ymin>562.88</ymin>
			<xmax>316.96</xmax>
			<ymax>594.88</ymax>
		</bndbox>
	</object>
	<object>
		<name>b8</name>
		<pose>Unspecified</pose>
		<truncated>0</truncated>
		<difficult>0</difficult>
		<bndbox>
			<xmin>380</xmin>
			<ymin>570.08</ymin>
			<xmax>412</xmax>
			<ymax>602.08</ymax>
		</bndbox>
	</object>
	<object>
		<name>b7</name>
		<pose>Unspecified</pose>
		<truncated>0</truncated>
		<difficult>0</difficult>
		<bndbox>
			<xmin>129.44</xmin>
			<ymin>558.56</ymin>
			<xmax>161.44</xmax>
			<ymax>590.56</ymax>
		</bndbox>
	</object>
	<object>
		<name>b5</name>
		<pose>Unspecified</pose>
		<truncated>0</truncated>
		<difficult>0</difficult>
		<bndbox>
			<xmin>320.96</xmin>
			<ymin>566.336</ymin>
			<xmax>352.96</xmax>
			<ymax>598.336</ymax>
		</bndbox>
	</object>
	<object>
		<name>b7</name>
		<pose>Unspecified</pose>
		<truncated>0</truncated>
		<difficult>0</difficult>
		<bndbox>
			<xmin>139.52</xmin>
			<ymin>562.88</ymin>
			<xmax>171.52</xmax>
			<ymax>594.88</ymax>
		</bndbox>
	</object>
	<object>
		<name>b5</name>
		<pose>Unspecified</pose>
		<truncated>0</truncated>
		<difficult>0</difficult>
		<bndbox>
			<xmin>314.048</xmin>
			<ymin>561.152</ymin>
			<xmax>346.048</xmax>
			<ymax>593.152</ymax>
		</bndbox>
	</object>
	<object>
		<name>b6</name>
		<pose>Unspecified</pose>
		<truncated>0</truncated>
		<difficult>0</difficult>
		<bndbox>
			<xmin>123.968</xmin>
			<ymin>557.696</ymin>
			<xmax>155.968</xmax>
			<ymax>589.696</ymax>
		</bndbox>
	</object>
	<object>
		<name>b5</name>
		<pose>Unspecified</pose>
		<truncated>0</truncated>
		<difficult>0</difficult>
		<bndbox>
			<xmin>327.872</xmin>
			<ymin>566.336</ymin>
			<xmax>359.872</xmax>
			<ymax>598.336</ymax>
		</bndbox>
	</object>
	<object>
		<name>b9</name>
		<pose>Unspecified</pose>
		<truncated>0</truncated>
		<difficult>0</difficult>
		<bndbox>
			<xmin>612.301</xmin>
			<ymin>568.755</ymin>
			<xmax>644.301</xmax>
			<ymax>600.755</ymax>
		</bndbox>
	</object>
	<object>
		<name>b6</name>
		<pose>Unspecified</pose>
		<truncated>0</truncated>
		<difficult>0</difficult>
		<bndbox>
			<xmin>390.426</xmin>
			<ymin>564.608</ymin>
			<xmax>422.426</xmax>
			<ymax>596.608</ymax>
		</bndbox>
	</object>
	<object>
		<name>b7</name>
		<pose>Unspecified</pose>
		<truncated>0</truncated>
		<difficult>0</difficult>
		<bndbox>
			<xmin>396.646</xmin>
			<ymin>566.682</ymin>
			<xmax>428.646</xmax>
			<ymax>598.682</ymax>
		</bndbox>
	</object>
	<object>
		<name>b5</name>
		<pose>Unspecified</pose>
		<truncated>0</truncated>
		<difficult>0</difficult>
		<bndbox>
			<xmin>581.197</xmin>
			<ymin>581.197</ymin>
			<xmax>613.197</xmax>
			<ymax>613.197</ymax>
		</bndbox>
	</object>
	<object>
		<name>b7</name>
		<pose>Unspecified</pose>
		<truncated>0</truncated>
		<difficult>0</difficult>
		<bndbox>
			<xmin>277.622</xmin>
			<ymin>566.267</ymin>
			<xmax>309.622</xmax>
			<ymax>598.267</ymax>
		</bndbox>
	</object>
	<object>
		<name>b5</name>
		<pose>Unspecified</pose>
		<truncated>0</truncated>
		<difficult>0</difficult>
		<bndbox>
			<xmin>118.369</xmin>
			<ymin>548.849</ymin>
			<xmax>150.369</xmax>
			<ymax>580.849</ymax>
		</bndbox>
	</object>
	<object>
		<name>b8</name>
		<pose>Unspecified</pose>
		<truncated>0</truncated>
		<difficult>0</difficult>
		<bndbox>
			<xmin>172.117</xmin>
			<ymin>548.351</ymin>
			<xmax>204.117</xmax>
			<ymax>580.351</ymax>
		</bndbox>
	</object>
	<object>
		<name>b10</name>
		<pose>Unspecified</pose>
		<truncated>0</truncated>
		<difficult>0</difficult>
		<bndbox>
			<xmin>491.617</xmin>
			<ymin>252.739</ymin>
			<xmax>523.617</xmax>
			<ymax>284.739</ymax>
		</bndbox>
	</object>
	<object>
		<name>b7</name>
		<pose>Unspecified</pose>
		<truncated>0</truncated>
		<difficult>0</difficult>
		<bndbox>
			<xmin>399.052</xmin>
			<ymin>566.267</ymin>
			<xmax>431.052</xmax>
			<ymax>598.267</ymax>
		</bndbox>
	</object>
	<object>
		<name>b8</name>
		<pose>Unspecified</pose>
		<truncated>0</truncated>
		<difficult>0</difficult>
		<bndbox>
			<xmin>258.711</xmin>
			<ymin>563.281</ymin>
			<xmax>290.711</xmax>
			<ymax>595.281</ymax>
		</bndbox>
	</object>
	<object>
		<name>b5</name>
		<pose>Unspecified</pose>
		<truncated>0</truncated>
		<difficult>0</difficult>
		<bndbox>
			<xmin>120.161</xmin>
			<ymin>550.143</ymin>
			<xmax>152.161</xmax>
			<ymax>582.143</ymax>
		</bndbox>
	</object>
	<object>
		<name>b9</name>
		<pose>Unspecified</pose>
		<truncated>0</truncated>
		<difficult>0</difficult>
		<bndbox>
			<xmin>356.651</xmin>
			<ymin>564.475</ymin>
			<xmax>388.651</xmax>
			<ymax>596.475</ymax>
		</bndbox>
	</object>
	<object>
		<name>b6</name>
		<pose>Unspecified</pose>
		<truncated>0</truncated>
		<difficult>0</difficult>
		<bndbox>
			<xmin>113</xmin>
			<ymin>551</ymin>
			<xmax>145</xmax>
			<ymax>583</ymax>
		</bndbox>
	</object>
	<object>
		<name>b7</name>
		<pose>Unspecified</pose>
		<truncated>0</truncated>
		<difficult>0</difficult>
		<bndbox>
			<xmin>269</xmin>
			<ymin>562</ymin>
			<xmax>301</xmax>
			<ymax>594</ymax>
		</bndbox>
	</object>
	<object>
		<name>b5</name>
		<pose>Unspecified</pose>
		<truncated>0</truncated>
		<difficult>0</difficult>
		<bndbox>
			<xmin>118</xmin>
			<ymin>550</ymin>
			<xmax>150</xmax>
			<ymax>582</ymax>
		</bndbox>
	</object>
	<object>
		<name>b9</name>
		<pose>Unspecified</pose>
		<truncated>0</truncated>
		<difficult>0</difficult>
		<bndbox>
			<xmin>623</xmin>
			<ymin>567</ymin>
			<xmax>655</xmax>
			<ymax>599</ymax>
		</bndbox>
	</object>
	<object>
		<name>b10</name>
		<pose>Unspecified</pose>
		<truncated>0</truncated>
		<difficult>0</difficult>
		<bndbox>
			<xmin>175</xmin>
			<ymin>574</ymin>
			<xmax>207</xmax>
			<ymax>606</ymax>
		</bndbox>
	</object>
	<object>
		<name>b5</name>
		<pose>Unspecified</pose>
		<truncated>0</truncated>
		<difficult>0</difficult>
		<bndbox>
			<xmin>319</xmin>
			<ymin>568</ymin>
			<xmax>351</xmax>
			<ymax>600</ymax>
		</bndbox>
	</object>
	<object>
		<name>b6</name>
		<pose>Unspecified</pose>
		<truncated>0</truncated>
		<difficult>0</difficult>
		<bndbox>
			<xmin>283</xmin>
			<ymin>566</ymin>
			<xmax>315</xmax>
			<ymax>598</ymax>
		</bndbox>
	</object>
	<object>
		<name>b7</name>
		<pose>Unspecified</pose>
		<truncated>0</truncated>
		<difficult>0</difficult>
		<bndbox>
			<xmin>172</xmin>
			<ymin>558</ymin>
			<xmax>204</xmax>
			<ymax>590</ymax>
		</bndbox>
	</object>
	<object>
		<name>b5</name>
		<pose>Unspecified</pose>
		<truncated>0</truncated>
		<difficult>0</difficult>
		<bndbox>
			<xmin>592</xmin>
			<ymin>581</ymin>
			<xmax>624</xmax>
			<ymax>613</ymax>
		</bndbox>
	</object>
	<object>
		<name>b5</name>
		<pose>Unspecified</pose>
		<truncated>0</truncated>
		<difficult>0</difficult>
		<bndbox>
			<xmin>581</xmin>
			<ymin>565</ymin>
			<xmax>613</xmax>
			<ymax>597</ymax>
		</bndbox>
	</object>
	<object>
		<name>b6</name>
		<pose>Unspecified</pose>
		<truncated>0</truncated>
		<difficult>0</difficult>
		<bndbox>
			<xmin>395.6</xmin>
			<ymin>568.4</ymin>
			<xmax>427.6</xmax>
			<ymax>600.4</ymax>
		</bndbox>
	</object>
	<object>
		<name>b7</name>
		<pose>Unspecified</pose>
		<truncated>0</truncated>
		<difficult>0</difficult>
		<bndbox>
			<xmin>268.4</xmin>
			<ymin>562.4</ymin>
			<xmax>300.4</xmax>
			<ymax>594.4</ymax>
		</bndbox>
	</object>
	<object>
		<name>b5</name>
		<pose>Unspecified</pose>
		<truncated>0</truncated>
		<difficult>0</difficult>
		<bndbox>
			<xmin>323.6</xmin>
			<ymin>568.4</ymin>
			<xmax>355.6</xmax>
			<ymax>600.4</ymax>
		</bndbox>
	</object>
	<object>
		<name>b8</name>
		<pose>Unspecified</pose>
		<truncated>0</truncated>
		<difficult>0</difficult>
		<bndbox>
			<xmin>172.4</xmin>
			<ymin>557.6</ymin>
			<xmax>204.4</xmax>
			<ymax>589.6</ymax>
		</bndbox>
	</object>
	<object>
		<name>b7</name>
		<pose>Unspecified</pose>
		<truncated>0</truncated>
		<difficult>0</difficult>
		<bndbox>
			<xmin>285.2</xmin>
			<ymin>563.6</ymin>
			<xmax>317.2</xmax>
			<ymax>595.6</ymax>
		</bndbox>
	</object>
	<object>
		<name>b10</name>
		<pose>Unspecified</pose>
		<truncated>0</truncated>
		<difficult>0</difficult>
		<bndbox>
			<xmin>39.2</xmin>
			<ymin>486.8</ymin>
			<xmax>71.2</xmax>
			<ymax>518.8</ymax>
		</bndbox>
	</object>
	<object>
		<name>b9</name>
		<pose>Unspecified</pose>
		<truncated>0</truncated>
		<difficult>0</difficult>
		<bndbox>
			<xmin>362</xmin>
			<ymin>567.2</ymin>
			<xmax>394</xmax>
			<ymax>599.2</ymax>
		</bndbox>
	</object>
	<object>
		<name>b6</name>
		<pose>Unspecified</pose>
		<truncated>0</truncated>
		<difficult>0</difficult>
		<bndbox>
			<xmin>132.8</xmin>
			<ymin>560</ymin>
			<xmax>164.8</xmax>
			<ymax>592</ymax>
		</bndbox>
	</object>
	<object>
		<name>b9</name>
		<pose>Unspecified</pose>
		<truncated>0</truncated>
		<difficult>0</difficult>
		<bndbox>
			<xmin>613.28</xmin>
			<ymin>571.52</ymin>
			<xmax>645.28</xmax>
			<ymax>603.52</ymax>
		</bndbox>
	</object>
	<object>
		<name>b9</name>
		<pose>Unspecified</pose>
		<truncated>0</truncated>
		<difficult>0</difficult>
		<bndbox>
			<xmin>207.2</xmin>
			<ymin>562.88</ymin>
			<xmax>239.2</xmax>
			<ymax>594.88</ymax>
		</bndbox>
	</object>
	<object>
		<name>b7</name>
		<pose>Unspecified</pose>
		<truncated>0</truncated>
		<difficult>0</difficult>
		<bndbox>
			<xmin>284.96</xmin>
			<ymin>562.88</ymin>
			<xmax>316.96</xmax>
			<ymax>594.88</ymax>
		</bndbox>
	</object>
	<object>
		<name>b8</name>
		<pose>Unspecified</pose>
		<truncated>0</truncated>
		<difficult>0</difficult>
		<bndbox>
			<xmin>380</xmin>
			<ymin>570.08</ymin>
			<xmax>412</xmax>
			<ymax>602.08</ymax>
		</bndbox>
	</object>
	<object>
		<name>b7</name>
		<pose>Unspecified</pose>
		<truncated>0</truncated>
		<difficult>0</difficult>
		<bndbox>
			<xmin>129.44</xmin>
			<ymin>558.56</ymin>
			<xmax>161.44</xmax>
			<ymax>590.56</ymax>
		</bndbox>
	</object>
	<object>
		<name>b5</name>
		<pose>Unspecified</pose>
		<truncated>0</truncated>
		<difficult>0</difficult>
		<bndbox>
			<xmin>320.96</xmin>
			<ymin>566.336</ymin>
			<xmax>352.96</xmax>
			<ymax>598.336</ymax>
		</bndbox>
	</object>
	<object>
		<name>b7</name>
		<pose>Unspecified</pose>
		<truncated>0</truncated>
		<difficult>0</difficult>
		<bndbox>
			<xmin>139.52</xmin>
			<ymin>562.88</ymin>
			<xmax>171.52</xmax>
			<ymax>594.88</ymax>
		</bndbox>
	</object>
	<object>
		<name>b5</name>
		<pose>Unspecified</pose>
		<truncated>0</truncated>
		<difficult>0</difficult>
		<bndbox>
			<xmin>314.048</xmin>
			<ymin>561.152</ymin>
			<xmax>346.048</xmax>
			<ymax>593.152</ymax>
		</bndbox>
	</object>
	<object>
		<name>b6</name>
		<pose>Unspecified</pose>
		<truncated>0</truncated>
		<difficult>0</difficult>
		<bndbox>
			<xmin>123.968</xmin>
			<ymin>557.696</ymin>
			<xmax>155.968</xmax>
			<ymax>589.696</ymax>
		</bndbox>
	</object>
	<object>
		<name>b5</name>
		<pose>Unspecified</pose>
		<truncated>0</truncated>
		<difficult>0</difficult>
		<bndbox>
			<xmin>327.872</xmin>
			<ymin>566.336</ymin>
			<xmax>359.872</xmax>
			<ymax>598.336</ymax>
		</bndbox>
	</object>
	<object>
		<name>b9</name>
		<pose>Unspecified</pose>
		<truncated>0</truncated>
		<difficult>0</difficult>
		<bndbox>
			<xmin>612.301</xmin>
			<ymin>568.755</ymin>
			<xmax>644.301</xmax>
			<ymax>600.755</ymax>
		</bndbox>
	</object>
	<object>
		<name>b6</name>
		<pose>Unspecified</pose>
		<truncated>0</truncated>
		<difficult>0</difficult>
		<bndbox>
			<xmin>390.426</xmin>
			<ymin>564.608</ymin>
			<xmax>422.426</xmax>
			<ymax>596.608</ymax>
		</bndbox>
	</object>
	<object>
		<name>b7</name>
		<pose>Unspecified</pose>
		<truncated>0</truncated>
		<difficult>0</difficult>
		<bndbox>
			<xmin>396.646</xmin>
			<ymin>566.682</ymin>
			<xmax>428.646</xmax>
			<ymax>598.682</ymax>
		</bndbox>
	</object>
	<object>
		<name>b5</name>
		<pose>Unspecified</pose>
		<truncated>0</truncated>
		<difficult>0</difficult>
		<bndbox>
			<xmin>581.197</xmin>
			<ymin>581.197</ymin>
			<xmax>613.197</xmax>
			<ymax>613.197</ymax>
		</bndbox>
	</object>
	<object>
		<name>b7</name>
		<pose>Unspecified</pose>
		<truncated>0</truncated>
		<difficult>0</difficult>
		<bndbox>
			<xmin>277.622</xmin>
			<ymin>566.267</ymin>
			<xmax>309.622</xmax>
			<ymax>598.267</ymax>
		</bndbox>
	</object>
	<object>
		<name>b5</name>
		<pose>Unspecified</pose>
		<truncated>0</truncated>
		<difficult>0</difficult>
		<bndbox>
			<xmin>118.369</xmin>
			<ymin>548.849</ymin>
			<xmax>150.369</xmax>
			<ymax>580.849</ymax>
		</bndbox>
	</object>
	<object>
		<name>b8</name>
		<pose>Unspecified</pose>
		<truncated>0</truncated>
		<difficult>0</difficult>
		<bndbox>
			<xmin>172.117</xmin>
			<ymin>548.351</ymin>
			<xmax>204.117</xmax>
			<ymax>580.351</ymax>
		</bndbox>
	</object>
	<object>
		<name>b10</name>
		<pose>Unspecified</pose>
		<truncated>0</truncated>
		<difficult>0</difficult>
		<bndbox>
			<xmin>491.617</xmin>
			<ymin>252.739</ymin>
			<xmax>523.617</xmax>
			<ymax>284.739</ymax>
		</bndbox>
	</object>
	<object>
		<name>b7</name>
		<pose>Unspecified</pose>
		<truncated>0</truncated>
		<difficult>0</difficult>
		<bndbox>
			<xmin>399.052</xmin>
			<ymin>566.267</ymin>
			<xmax>431.052</xmax>
			<ymax>598.267</ymax>
		</bndbox>
	</object>
	<object>
		<name>b8</name>
		<pose>Unspecified</pose>
		<truncated>0</truncated>
		<difficult>0</difficult>
		<bndbox>
			<xmin>258.711</xmin>
			<ymin>563.281</ymin>
			<xmax>290.711</xmax>
			<ymax>595.281</ymax>
		</bndbox>
	</object>
	<object>
		<name>b5</name>
		<pose>Unspecified</pose>
		<truncated>0</truncated>
		<difficult>0</difficult>
		<bndbox>
			<xmin>120.161</xmin>
			<ymin>550.143</ymin>
			<xmax>152.161</xmax>
			<ymax>582.143</ymax>
		</bndbox>
	</object>
	<object>
		<name>b9</name>
		<pose>Unspecified</pose>
		<truncated>0</truncated>
		<difficult>0</difficult>
		<bndbox>
			<xmin>356.651</xmin>
			<ymin>564.475</ymin>
			<xmax>388.651</xmax>
			<ymax>596.475</ymax>
		</bndbox>
	</object>
	<object>
		<name>b6</name>
		<pose>Unspecified</pose>
		<truncated>0</truncated>
		<difficult>0</difficult>
		<bndbox>
			<xmin>113</xmin>
			<ymin>551</ymin>
			<xmax>145</xmax>
			<ymax>583</ymax>
		</bndbox>
	</object>
	<object>
		<name>b7</name>
		<pose>Unspecified</pose>
		<truncated>0</truncated>
		<difficult>0</difficult>
		<bndbox>
			<xmin>269</xmin>
			<ymin>562</ymin>
			<xmax>301</xmax>
			<ymax>594</ymax>
		</bndbox>
	</object>
	<object>
		<name>b5</name>
		<pose>Unspecified</pose>
		<truncated>0</truncated>
		<difficult>0</difficult>
		<bndbox>
			<xmin>118</xmin>
			<ymin>550</ymin>
			<xmax>150</xmax>
			<ymax>582</ymax>
		</bndbox>
	</object>
	<object>
		<name>b9</name>
		<pose>Unspecified</pose>
		<truncated>0</truncated>
		<difficult>0</difficult>
		<bndbox>
			<xmin>623</xmin>
			<ymin>567</ymin>
			<xmax>655</xmax>
			<ymax>599</ymax>
		</bndbox>
	</object>
	<object>
		<name>b10</name>
		<pose>Unspecified</pose>
		<truncated>0</truncated>
		<difficult>0</difficult>
		<bndbox>
			<xmin>175</xmin>
			<ymin>574</ymin>
			<xmax>207</xmax>
			<ymax>606</ymax>
		</bndbox>
	</object>
	<object>
		<name>b5</name>
		<pose>Unspecified</pose>
		<truncated>0</truncated>
		<difficult>0</difficult>
		<bndbox>
			<xmin>319</xmin>
			<ymin>568</ymin>
			<xmax>351</xmax>
			<ymax>600</ymax>
		</bndbox>
	</object>
	<object>
		<name>b6</name>
		<pose>Unspecified</pose>
		<truncated>0</truncated>
		<difficult>0</difficult>
		<bndbox>
			<xmin>283</xmin>
			<ymin>566</ymin>
			<xmax>315</xmax>
			<ymax>598</ymax>
		</bndbox>
	</object>
	<object>
		<name>b7</name>
		<pose>Unspecified</pose>
		<truncated>0</truncated>
		<difficult>0</difficult>
		<bndbox>
			<xmin>172</xmin>
			<ymin>558</ymin>
			<xmax>204</xmax>
			<ymax>590</ymax>
		</bndbox>
	</object>
	<object>
		<name>b5</name>
		<pose>Unspecified</pose>
		<truncated>0</truncated>
		<difficult>0</difficult>
		<bndbox>
			<xmin>592</xmin>
			<ymin>581</ymin>
			<xmax>624</xmax>
			<ymax>613</ymax>
		</bndbox>
	</object>
	<object>
		<name>b5</name>
		<pose>Unspecified</pose>
		<truncated>0</truncated>
		<difficult>0</difficult>
		<bndbox>
			<xmin>581</xmin>
			<ymin>565</ymin>
			<xmax>613</xmax>
			<ymax>597</ymax>
		</bndbox>
	</object>
	<object>
		<name>b6</name>
		<pose>Unspecified</pose>
		<truncated>0</truncated>
		<difficult>0</difficult>
		<bndbox>
			<xmin>395.6</xmin>
			<ymin>568.4</ymin>
			<xmax>427.6</xmax>
			<ymax>600.4</ymax>
		</bndbox>
	</object>
	<object>
		<name>b7</name>
		<pose>Unspecified</pose>
		<truncated>0</truncated>
		<difficult>0</difficult>
		<bndbox>
			<xmin>268.4</xmin>
			<ymin>562.4</ymin>
			<xmax>300.4</xmax>
			<ymax>594.4</ymax>
		</bndbox>
	</object>
	<object>
		<name>b5</name>
		<pose>Unspecified</pose>
		<truncated>0</truncated>
		<difficult>0</difficult>
		<bndbox>
			<xmin>323.6</xmin>
			<ymin>568.4</ymin>
			<xmax>355.6</xmax>
			<ymax>600.4</ymax>
		</bndbox>
	</object>
	<object>
		<name>b8</name>
		<pose>Unspecified</pose>
		<truncated>0</truncated>
		<difficult>0</difficult>
		<bndbox>
			<xmin>172.4</xmin>
			<ymin>557.6</ymin>
			<xmax>204.4</xmax>
			<ymax>589.6</ymax>
		</bndbox>
	</object>
	<object>
		<name>b7</name>
		<pose>Unspecified</pose>
		<truncated>0</truncated>
		<difficult>0</difficult>
		<bndbox>
			<xmin>285.2</xmin>
			<ymin>563.6</ymin>
			<xmax>317.2</xmax>
			<ymax>595.6</ymax>
		</bndbox>
	</object>
	<object>
		<name>b10</name>
		<pose>Unspecified</pose>
		<truncated>0</truncated>
		<difficult>0</difficult>
		<bndbox>
			<xmin>39.2</xmin>
			<ymin>486.8</ymin>
			<xmax>71.2</xmax>
			<ymax>518.8</ymax>
		</bndbox>
	</object>
	<object>
		<name>b9</name>
		<pose>Unspecified</pose>
		<truncated>0</truncated>
		<difficult>0</difficult>
		<bndbox>
			<xmin>362</xmin>
			<ymin>567.2</ymin>
			<xmax>394</xmax>
			<ymax>599.2</ymax>
		</bndbox>
	</object>
	<object>
		<name>b6</name>
		<pose>Unspecified</pose>
		<truncated>0</truncated>
		<difficult>0</difficult>
		<bndbox>
			<xmin>132.8</xmin>
			<ymin>560</ymin>
			<xmax>164.8</xmax>
			<ymax>592</ymax>
		</bndbox>
	</object>
	<object>
		<name>b9</name>
		<pose>Unspecified</pose>
		<truncated>0</truncated>
		<difficult>0</difficult>
		<bndbox>
			<xmin>613.28</xmin>
			<ymin>571.52</ymin>
			<xmax>645.28</xmax>
			<ymax>603.52</ymax>
		</bndbox>
	</object>
	<object>
		<name>b9</name>
		<pose>Unspecified</pose>
		<truncated>0</truncated>
		<difficult>0</difficult>
		<bndbox>
			<xmin>207.2</xmin>
			<ymin>562.88</ymin>
			<xmax>239.2</xmax>
			<ymax>594.88</ymax>
		</bndbox>
	</object>
	<object>
		<name>b7</name>
		<pose>Unspecified</pose>
		<truncated>0</truncated>
		<difficult>0</difficult>
		<bndbox>
			<xmin>284.96</xmin>
			<ymin>562.88</ymin>
			<xmax>316.96</xmax>
			<ymax>594.88</ymax>
		</bndbox>
	</object>
	<object>
		<name>b8</name>
		<pose>Unspecified</pose>
		<truncated>0</truncated>
		<difficult>0</difficult>
		<bndbox>
			<xmin>380</xmin>
			<ymin>570.08</ymin>
			<xmax>412</xmax>
			<ymax>602.08</ymax>
		</bndbox>
	</object>
	<object>
		<name>b7</name>
		<pose>Unspecified</pose>
		<truncated>0</truncated>
		<difficult>0</difficult>
		<bndbox>
			<xmin>129.44</xmin>
			<ymin>558.56</ymin>
			<xmax>161.44</xmax>
			<ymax>590.56</ymax>
		</bndbox>
	</object>
	<object>
		<name>b5</name>
		<pose>Unspecified</pose>
		<truncated>0</truncated>
		<difficult>0</difficult>
		<bndbox>
			<xmin>320.96</xmin>
			<ymin>566.336</ymin>
			<xmax>352.96</xmax>
			<ymax>598.336</ymax>
		</bndbox>
	</object>
	<object>
		<name>b7</name>
		<pose>Unspecified</pose>
		<truncated>0</truncated>
		<difficult>0</difficult>
		<bndbox>
			<xmin>139.52</xmin>
			<ymin>562.88</ymin>
			<xmax>171.52</xmax>
			<ymax>594.88</ymax>
		</bndbox>
	</object>
	<object>
		<name>b5</name>
		<pose>Unspecified</pose>
		<truncated>0</truncated>
		<difficult>0</difficult>
		<bndbox>
			<xmin>314.048</xmin>
			<ymin>561.152</ymin>
			<xmax>346.048</xmax>
			<ymax>593.152</ymax>
		</bndbox>
	</object>
	<object>
		<name>b6</name>
		<pose>Unspecified</pose>
		<truncated>0</truncated>
		<difficult>0</difficult>
		<bndbox>
			<xmin>123.968</xmin>
			<ymin>557.696</ymin>
			<xmax>155.968</xmax>
			<ymax>589.696</ymax>
		</bndbox>
	</object>
	<object>
		<name>b5</name>
		<pose>Unspecified</pose>
		<truncated>0</truncated>
		<difficult>0</difficult>
		<bndbox>
			<xmin>327.872</xmin>
			<ymin>566.336</ymin>
			<xmax>359.872</xmax>
			<ymax>598.336</ymax>
		</bndbox>
	</object>
	<object>
		<name>b9</name>
		<pose>Unspecified</pose>
		<truncated>0</truncated>
		<difficult>0</difficult>
		<bndbox>
			<xmin>612.301</xmin>
			<ymin>568.755</ymin>
			<xmax>644.301</xmax>
			<ymax>600.755</ymax>
		</bndbox>
	</object>
	<object>
		<name>b6</name>
		<pose>Unspecified</pose>
		<truncated>0</truncated>
		<difficult>0</difficult>
		<bndbox>
			<xmin>390.426</xmin>
			<ymin>564.608</ymin>
			<xmax>422.426</xmax>
			<ymax>596.608</ymax>
		</bndbox>
	</object>
	<object>
		<name>b7</name>
		<pose>Unspecified</pose>
		<truncated>0</truncated>
		<difficult>0</difficult>
		<bndbox>
			<xmin>396.646</xmin>
			<ymin>566.682</ymin>
			<xmax>428.646</xmax>
			<ymax>598.682</ymax>
		</bndbox>
	</object>
	<object>
		<name>b5</name>
		<pose>Unspecified</pose>
		<truncated>0</truncated>
		<difficult>0</difficult>
		<bndbox>
			<xmin>581.197</xmin>
			<ymin>581.197</ymin>
			<xmax>613.197</xmax>
			<ymax>613.197</ymax>
		</bndbox>
	</object>
	<object>
		<name>b7</name>
		<pose>Unspecified</pose>
		<truncated>0</truncated>
		<difficult>0</difficult>
		<bndbox>
			<xmin>277.622</xmin>
			<ymin>566.267</ymin>
			<xmax>309.622</xmax>
			<ymax>598.267</ymax>
		</bndbox>
	</object>
	<object>
		<name>b5</name>
		<pose>Unspecified</pose>
		<truncated>0</truncated>
		<difficult>0</difficult>
		<bndbox>
			<xmin>118.369</xmin>
			<ymin>548.849</ymin>
			<xmax>150.369</xmax>
			<ymax>580.849</ymax>
		</bndbox>
	</object>
	<object>
		<name>b8</name>
		<pose>Unspecified</pose>
		<truncated>0</truncated>
		<difficult>0</difficult>
		<bndbox>
			<xmin>172.117</xmin>
			<ymin>548.351</ymin>
			<xmax>204.117</xmax>
			<ymax>580.351</ymax>
		</bndbox>
	</object>
	<object>
		<name>b10</name>
		<pose>Unspecified</pose>
		<truncated>0</truncated>
		<difficult>0</difficult>
		<bndbox>
			<xmin>491.617</xmin>
			<ymin>252.739</ymin>
			<xmax>523.617</xmax>
			<ymax>284.739</ymax>
		</bndbox>
	</object>
	<object>
		<name>b7</name>
		<pose>Unspecified</pose>
		<truncated>0</truncated>
		<difficult>0</difficult>
		<bndbox>
			<xmin>399.052</xmin>
			<ymin>566.267</ymin>
			<xmax>431.052</xmax>
			<ymax>598.267</ymax>
		</bndbox>
	</object>
	<object>
		<name>b8</name>
		<pose>Unspecified</pose>
		<truncated>0</truncated>
		<difficult>0</difficult>
		<bndbox>
			<xmin>258.711</xmin>
			<ymin>563.281</ymin>
			<xmax>290.711</xmax>
			<ymax>595.281</ymax>
		</bndbox>
	</object>
	<object>
		<name>b5</name>
		<pose>Unspecified</pose>
		<truncated>0</truncated>
		<difficult>0</difficult>
		<bndbox>
			<xmin>120.161</xmin>
			<ymin>550.143</ymin>
			<xmax>152.161</xmax>
			<ymax>582.143</ymax>
		</bndbox>
	</object>
	<object>
		<name>b9</name>
		<pose>Unspecified</pose>
		<truncated>0</truncated>
		<difficult>0</difficult>
		<bndbox>
			<xmin>356.651</xmin>
			<ymin>564.475</ymin>
			<xmax>388.651</xmax>
			<ymax>596.475</ymax>
		</bndbox>
	</object>
</annotation>
