<annotation>
	<folder>VOC2007</folder>
	<filename>000431.jpg</filename>
	<source>
		<database>My Database</database>
		<annotation>VOC2007</annotation>
		<image>flickr</image>
		<flickrid>NULL</flickrid>
	</source>
	<owner>
		<flickrid>NULL</flickrid>
		<name>shaochunyan</name>
	</owner>
	<size>
		<width>720</width>
		<height>1280</height>
		<depth>3</depth>
	</size>
	<segmented>0</segmented>
	<object>
		<name>b7</name>
		<pose>Unspecified</pose>
		<truncated>0</truncated>
		<difficult>0</difficult>
		<bndbox>
			<xmin>32</xmin>
			<ymin>445</ymin>
			<xmax>64</xmax>
			<ymax>477</ymax>
		</bndbox>
	</object>
	<object>
		<name>b8</name>
		<pose>Unspecified</pose>
		<truncated>0</truncated>
		<difficult>0</difficult>
		<bndbox>
			<xmin>360</xmin>
			<ymin>542</ymin>
			<xmax>392</xmax>
			<ymax>574</ymax>
		</bndbox>
	</object>
	<object>
		<name>b9</name>
		<pose>Unspecified</pose>
		<truncated>0</truncated>
		<difficult>0</difficult>
		<bndbox>
			<xmin>94.4</xmin>
			<ymin>533.6</ymin>
			<xmax>126.4</xmax>
			<ymax>565.6</ymax>
		</bndbox>
	</object>
	<object>
		<name>b9</name>
		<pose>Unspecified</pose>
		<truncated>0</truncated>
		<difficult>0</difficult>
		<bndbox>
			<xmin>506</xmin>
			<ymin>546.8</ymin>
			<xmax>538</xmax>
			<ymax>578.8</ymax>
		</bndbox>
	</object>
	<object>
		<name>b8</name>
		<pose>Unspecified</pose>
		<truncated>0</truncated>
		<difficult>0</difficult>
		<bndbox>
			<xmin>515.6</xmin>
			<ymin>544.4</ymin>
			<xmax>547.6</xmax>
			<ymax>576.4</ymax>
		</bndbox>
	</object>
	<object>
		<name>b8</name>
		<pose>Unspecified</pose>
		<truncated>0</truncated>
		<difficult>0</difficult>
		<bndbox>
			<xmin>364.4</xmin>
			<ymin>544.4</ymin>
			<xmax>396.4</xmax>
			<ymax>576.4</ymax>
		</bndbox>
	</object>
	<object>
		<name>b6</name>
		<pose>Unspecified</pose>
		<truncated>0</truncated>
		<difficult>0</difficult>
		<bndbox>
			<xmin>318.8</xmin>
			<ymin>543.2</ymin>
			<xmax>350.8</xmax>
			<ymax>575.2</ymax>
		</bndbox>
	</object>
	<object>
		<name>b9</name>
		<pose>Unspecified</pose>
		<truncated>0</truncated>
		<difficult>0</difficult>
		<bndbox>
			<xmin>511.04</xmin>
			<ymin>547.04</ymin>
			<xmax>543.04</xmax>
			<ymax>579.04</ymax>
		</bndbox>
	</object>
	<object>
		<name>b7</name>
		<pose>Unspecified</pose>
		<truncated>0</truncated>
		<difficult>0</difficult>
		<bndbox>
			<xmin>47.936</xmin>
			<ymin>454.016</ymin>
			<xmax>79.936</xmax>
			<ymax>486.016</ymax>
		</bndbox>
	</object>
	<object>
		<name>b9</name>
		<pose>Unspecified</pose>
		<truncated>0</truncated>
		<difficult>0</difficult>
		<bndbox>
			<xmin>346.88</xmin>
			<ymin>545.6</ymin>
			<xmax>378.88</xmax>
			<ymax>577.6</ymax>
		</bndbox>
	</object>
	<object>
		<name>b9</name>
		<pose>Unspecified</pose>
		<truncated>0</truncated>
		<difficult>0</difficult>
		<bndbox>
			<xmin>77.312</xmin>
			<ymin>527.283</ymin>
			<xmax>109.312</xmax>
			<ymax>559.283</ymax>
		</bndbox>
	</object>
	<object>
		<name>b7</name>
		<pose>Unspecified</pose>
		<truncated>0</truncated>
		<difficult>0</difficult>
		<bndbox>
			<xmin>328.218</xmin>
			<ymin>543.872</ymin>
			<xmax>360.218</xmax>
			<ymax>575.872</ymax>
		</bndbox>
	</object>
	<object>
		<name>b8</name>
		<pose>Unspecified</pose>
		<truncated>0</truncated>
		<difficult>0</difficult>
		<bndbox>
			<xmin>66.1146</xmin>
			<ymin>426.921</ymin>
			<xmax>98.1146</xmax>
			<ymax>458.921</ymax>
		</bndbox>
	</object>
	<object>
		<name>b7</name>
		<pose>Unspecified</pose>
		<truncated>0</truncated>
		<difficult>0</difficult>
		<bndbox>
			<xmin>327.388</xmin>
			<ymin>541.384</ymin>
			<xmax>359.388</xmax>
			<ymax>573.384</ymax>
		</bndbox>
	</object>
	<object>
		<name>b8</name>
		<pose>Unspecified</pose>
		<truncated>0</truncated>
		<difficult>0</difficult>
		<bndbox>
			<xmin>366.206</xmin>
			<ymin>542.379</ymin>
			<xmax>398.206</xmax>
			<ymax>574.379</ymax>
		</bndbox>
	</object>
	<object>
		<name>b8</name>
		<pose>Unspecified</pose>
		<truncated>0</truncated>
		<difficult>0</difficult>
		<bndbox>
			<xmin>515.505</xmin>
			<ymin>548.351</ymin>
			<xmax>547.505</xmax>
			<ymax>580.351</ymax>
		</bndbox>
	</object>
	<object>
		<name>b9</name>
		<pose>Unspecified</pose>
		<truncated>0</truncated>
		<difficult>0</difficult>
		<bndbox>
			<xmin>506.547</xmin>
			<ymin>548.351</ymin>
			<xmax>538.547</xmax>
			<ymax>580.351</ymax>
		</bndbox>
	</object>
	<object>
		<name>b9</name>
		<pose>Unspecified</pose>
		<truncated>0</truncated>
		<difficult>0</difficult>
		<bndbox>
			<xmin>103.439</xmin>
			<ymin>533.421</ymin>
			<xmax>135.439</xmax>
			<ymax>565.421</ymax>
		</bndbox>
	</object>
	<object>
		<name>b3</name>
		<pose>Unspecified</pose>
		<truncated>0</truncated>
		<difficult>0</difficult>
		<bndbox>
			<xmin>312.458</xmin>
			<ymin>542.379</ymin>
			<xmax>344.458</xmax>
			<ymax>574.379</ymax>
		</bndbox>
	</object>
	<object>
		<name>b8</name>
		<pose>Unspecified</pose>
		<truncated>0</truncated>
		<difficult>0</difficult>
		<bndbox>
			<xmin>528.644</xmin>
			<ymin>557.309</ymin>
			<xmax>560.644</xmax>
			<ymax>589.309</ymax>
		</bndbox>
	</object>
	<object>
		<name>b9</name>
		<pose>Unspecified</pose>
		<truncated>0</truncated>
		<difficult>0</difficult>
		<bndbox>
			<xmin>382</xmin>
			<ymin>439</ymin>
			<xmax>414</xmax>
			<ymax>471</ymax>
		</bndbox>
	</object>
	<object>
		<name>b10</name>
		<pose>Unspecified</pose>
		<truncated>0</truncated>
		<difficult>0</difficult>
		<bndbox>
			<xmin>47</xmin>
			<ymin>496</ymin>
			<xmax>79</xmax>
			<ymax>528</ymax>
		</bndbox>
	</object>
	<object>
		<name>b9</name>
		<pose>Unspecified</pose>
		<truncated>0</truncated>
		<difficult>0</difficult>
		<bndbox>
			<xmin>507</xmin>
			<ymin>545</ymin>
			<xmax>539</xmax>
			<ymax>577</ymax>
		</bndbox>
	</object>
	<object>
		<name>b8</name>
		<pose>Unspecified</pose>
		<truncated>0</truncated>
		<difficult>0</difficult>
		<bndbox>
			<xmin>215</xmin>
			<ymin>544</ymin>
			<xmax>247</xmax>
			<ymax>576</ymax>
		</bndbox>
	</object>
	<object>
		<name>b8</name>
		<pose>Unspecified</pose>
		<truncated>0</truncated>
		<difficult>0</difficult>
		<bndbox>
			<xmin>508.4</xmin>
			<ymin>542</ymin>
			<xmax>540.4</xmax>
			<ymax>574</ymax>
		</bndbox>
	</object>
	<object>
		<name>b9</name>
		<pose>Unspecified</pose>
		<truncated>0</truncated>
		<difficult>0</difficult>
		<bndbox>
			<xmin>506</xmin>
			<ymin>546.8</ymin>
			<xmax>538</xmax>
			<ymax>578.8</ymax>
		</bndbox>
	</object>
	<object>
		<name>b9</name>
		<pose>Unspecified</pose>
		<truncated>0</truncated>
		<difficult>0</difficult>
		<bndbox>
			<xmin>515.6</xmin>
			<ymin>544.4</ymin>
			<xmax>547.6</xmax>
			<ymax>576.4</ymax>
		</bndbox>
	</object>
	<object>
		<name>b10</name>
		<pose>Unspecified</pose>
		<truncated>0</truncated>
		<difficult>0</difficult>
		<bndbox>
			<xmin>100.4</xmin>
			<ymin>452</ymin>
			<xmax>132.4</xmax>
			<ymax>484</ymax>
		</bndbox>
	</object>
	<object>
		<name>b6</name>
		<pose>Unspecified</pose>
		<truncated>0</truncated>
		<difficult>0</difficult>
		<bndbox>
			<xmin>318.8</xmin>
			<ymin>543.2</ymin>
			<xmax>350.8</xmax>
			<ymax>575.2</ymax>
		</bndbox>
	</object>
	<object>
		<name>b6</name>
		<pose>Unspecified</pose>
		<truncated>0</truncated>
		<difficult>0</difficult>
		<bndbox>
			<xmin>54.56</xmin>
			<ymin>696.8</ymin>
			<xmax>86.56</xmax>
			<ymax>728.8</ymax>
		</bndbox>
	</object>
	<object>
		<name>b9</name>
		<pose>Unspecified</pose>
		<truncated>0</truncated>
		<difficult>0</difficult>
		<bndbox>
			<xmin>94.88</xmin>
			<ymin>534.08</ymin>
			<xmax>126.88</xmax>
			<ymax>566.08</ymax>
		</bndbox>
	</object>
	<object>
		<name>b4</name>
		<pose>Unspecified</pose>
		<truncated>0</truncated>
		<difficult>0</difficult>
		<bndbox>
			<xmin>313.76</xmin>
			<ymin>541.28</ymin>
			<xmax>345.76</xmax>
			<ymax>573.28</ymax>
		</bndbox>
	</object>
	<object>
		<name>b4</name>
		<pose>Unspecified</pose>
		<truncated>0</truncated>
		<difficult>0</difficult>
		<bndbox>
			<xmin>295.04</xmin>
			<ymin>542.72</ymin>
			<xmax>327.04</xmax>
			<ymax>574.72</ymax>
		</bndbox>
	</object>
	<object>
		<name>b9</name>
		<pose>Unspecified</pose>
		<truncated>0</truncated>
		<difficult>0</difficult>
		<bndbox>
			<xmin>208.64</xmin>
			<ymin>542.72</ymin>
			<xmax>240.64</xmax>
			<ymax>574.72</ymax>
		</bndbox>
	</object>
	<object>
		<name>b10</name>
		<pose>Unspecified</pose>
		<truncated>0</truncated>
		<difficult>0</difficult>
		<bndbox>
			<xmin>438.464</xmin>
			<ymin>262.208</ymin>
			<xmax>470.464</xmax>
			<ymax>294.208</ymax>
		</bndbox>
	</object>
	<object>
		<name>b9</name>
		<pose>Unspecified</pose>
		<truncated>0</truncated>
		<difficult>0</difficult>
		<bndbox>
			<xmin>139.52</xmin>
			<ymin>545.6</ymin>
			<xmax>171.52</xmax>
			<ymax>577.6</ymax>
		</bndbox>
	</object>
	<object>
		<name>b8</name>
		<pose>Unspecified</pose>
		<truncated>0</truncated>
		<difficult>0</difficult>
		<bndbox>
			<xmin>509.312</xmin>
			<ymin>540.416</ymin>
			<xmax>541.312</xmax>
			<ymax>572.416</ymax>
		</bndbox>
	</object>
	<object>
		<name>b7</name>
		<pose>Unspecified</pose>
		<truncated>0</truncated>
		<difficult>0</difficult>
		<bndbox>
			<xmin>328.218</xmin>
			<ymin>543.872</ymin>
			<xmax>360.218</xmax>
			<ymax>575.872</ymax>
		</bndbox>
	</object>
	<object>
		<name>b9</name>
		<pose>Unspecified</pose>
		<truncated>0</truncated>
		<difficult>0</difficult>
		<bndbox>
			<xmin>261.862</xmin>
			<ymin>545.946</ymin>
			<xmax>293.862</xmax>
			<ymax>577.946</ymax>
		</bndbox>
	</object>
	<object>
		<name>b9</name>
		<pose>Unspecified</pose>
		<truncated>0</truncated>
		<difficult>0</difficult>
		<bndbox>
			<xmin>354.76</xmin>
			<ymin>541.384</ymin>
			<xmax>386.76</xmax>
			<ymax>573.384</ymax>
		</bndbox>
	</object>
	<object>
		<name>b8</name>
		<pose>Unspecified</pose>
		<truncated>0</truncated>
		<difficult>0</difficult>
		<bndbox>
			<xmin>193.019</xmin>
			<ymin>506.547</ymin>
			<xmax>225.019</xmax>
			<ymax>538.547</ymax>
		</bndbox>
	</object>
	<object>
		<name>b8</name>
		<pose>Unspecified</pose>
		<truncated>0</truncated>
		<difficult>0</difficult>
		<bndbox>
			<xmin>109.411</xmin>
			<ymin>437.87</ymin>
			<xmax>141.411</xmax>
			<ymax>469.87</ymax>
		</bndbox>
	</object>
	<object>
		<name>b9</name>
		<pose>Unspecified</pose>
		<truncated>0</truncated>
		<difficult>0</difficult>
		<bndbox>
			<xmin>366.206</xmin>
			<ymin>542.379</ymin>
			<xmax>398.206</xmax>
			<ymax>574.379</ymax>
		</bndbox>
	</object>
	<object>
		<name>b9</name>
		<pose>Unspecified</pose>
		<truncated>0</truncated>
		<difficult>0</difficult>
		<bndbox>
			<xmin>103.439</xmin>
			<ymin>533.421</ymin>
			<xmax>135.439</xmax>
			<ymax>565.421</ymax>
		</bndbox>
	</object>
	<object>
		<name>b3</name>
		<pose>Unspecified</pose>
		<truncated>0</truncated>
		<difficult>0</difficult>
		<bndbox>
			<xmin>312.458</xmin>
			<ymin>542.379</ymin>
			<xmax>344.458</xmax>
			<ymax>574.379</ymax>
		</bndbox>
	</object>
	<object>
		<name>g1</name>
		<pose>Unspecified</pose>
		<truncated>0</truncated>
		<difficult>0</difficult>
		<bndbox>
			<xmin>418</xmin>
			<ymin>650</ymin>
			<xmax>450</xmax>
			<ymax>682</ymax>
		</bndbox>
	</object>
	<object>
		<name>b10</name>
		<pose>Unspecified</pose>
		<truncated>0</truncated>
		<difficult>0</difficult>
		<bndbox>
			<xmin>421</xmin>
			<ymin>263</ymin>
			<xmax>453</xmax>
			<ymax>295</ymax>
		</bndbox>
	</object>
	<object>
		<name>b10</name>
		<pose>Unspecified</pose>
		<truncated>0</truncated>
		<difficult>0</difficult>
		<bndbox>
			<xmin>72</xmin>
			<ymin>499</ymin>
			<xmax>104</xmax>
			<ymax>531</ymax>
		</bndbox>
	</object>
	<object>
		<name>b9</name>
		<pose>Unspecified</pose>
		<truncated>0</truncated>
		<difficult>0</difficult>
		<bndbox>
			<xmin>517</xmin>
			<ymin>539</ymin>
			<xmax>549</xmax>
			<ymax>571</ymax>
		</bndbox>
	</object>
	<object>
		<name>b8</name>
		<pose>Unspecified</pose>
		<truncated>0</truncated>
		<difficult>0</difficult>
		<bndbox>
			<xmin>215</xmin>
			<ymin>544</ymin>
			<xmax>247</xmax>
			<ymax>576</ymax>
		</bndbox>
	</object>
	<object>
		<name>g2</name>
		<pose>Unspecified</pose>
		<truncated>0</truncated>
		<difficult>0</difficult>
		<bndbox>
			<xmin>236</xmin>
			<ymin>550</ymin>
			<xmax>268</xmax>
			<ymax>582</ymax>
		</bndbox>
	</object>
	<object>
		<name>b1</name>
		<pose>Unspecified</pose>
		<truncated>0</truncated>
		<difficult>0</difficult>
		<bndbox>
			<xmin>232</xmin>
			<ymin>549</ymin>
			<xmax>264</xmax>
			<ymax>581</ymax>
		</bndbox>
	</object>
	<object>
		<name>b9</name>
		<pose>Unspecified</pose>
		<truncated>0</truncated>
		<difficult>0</difficult>
		<bndbox>
			<xmin>512</xmin>
			<ymin>560</ymin>
			<xmax>544</xmax>
			<ymax>592</ymax>
		</bndbox>
	</object>
	<object>
		<name>b8</name>
		<pose>Unspecified</pose>
		<truncated>0</truncated>
		<difficult>0</difficult>
		<bndbox>
			<xmin>359.6</xmin>
			<ymin>542</ymin>
			<xmax>391.6</xmax>
			<ymax>574</ymax>
		</bndbox>
	</object>
	<object>
		<name>b2</name>
		<pose>Unspecified</pose>
		<truncated>0</truncated>
		<difficult>0</difficult>
		<bndbox>
			<xmin>227.6</xmin>
			<ymin>548</ymin>
			<xmax>259.6</xmax>
			<ymax>580</ymax>
		</bndbox>
	</object>
	<object>
		<name>b7</name>
		<pose>Unspecified</pose>
		<truncated>0</truncated>
		<difficult>0</difficult>
		<bndbox>
			<xmin>318.8</xmin>
			<ymin>543.2</ymin>
			<xmax>350.8</xmax>
			<ymax>575.2</ymax>
		</bndbox>
	</object>
	<object>
		<name>b9</name>
		<pose>Unspecified</pose>
		<truncated>0</truncated>
		<difficult>0</difficult>
		<bndbox>
			<xmin>511.04</xmin>
			<ymin>547.04</ymin>
			<xmax>543.04</xmax>
			<ymax>579.04</ymax>
		</bndbox>
	</object>
	<object>
		<name>b9</name>
		<pose>Unspecified</pose>
		<truncated>0</truncated>
		<difficult>0</difficult>
		<bndbox>
			<xmin>112.16</xmin>
			<ymin>436.16</ymin>
			<xmax>144.16</xmax>
			<ymax>468.16</ymax>
		</bndbox>
	</object>
	<object>
		<name>b2</name>
		<pose>Unspecified</pose>
		<truncated>0</truncated>
		<difficult>0</difficult>
		<bndbox>
			<xmin>254.72</xmin>
			<ymin>545.6</ymin>
			<xmax>286.72</xmax>
			<ymax>577.6</ymax>
		</bndbox>
	</object>
	<object>
		<name>b8</name>
		<pose>Unspecified</pose>
		<truncated>0</truncated>
		<difficult>0</difficult>
		<bndbox>
			<xmin>358.4</xmin>
			<ymin>541.28</ymin>
			<xmax>390.4</xmax>
			<ymax>573.28</ymax>
		</bndbox>
	</object>
	<object>
		<name>g2</name>
		<pose>Unspecified</pose>
		<truncated>0</truncated>
		<difficult>0</difficult>
		<bndbox>
			<xmin>236</xmin>
			<ymin>549.92</ymin>
			<xmax>268</xmax>
			<ymax>581.92</ymax>
		</bndbox>
	</object>
	<object>
		<name>b8</name>
		<pose>Unspecified</pose>
		<truncated>0</truncated>
		<difficult>0</difficult>
		<bndbox>
			<xmin>335.36</xmin>
			<ymin>545.6</ymin>
			<xmax>367.36</xmax>
			<ymax>577.6</ymax>
		</bndbox>
	</object>
	<object>
		<name>b2</name>
		<pose>Unspecified</pose>
		<truncated>0</truncated>
		<difficult>0</difficult>
		<bndbox>
			<xmin>260.48</xmin>
			<ymin>545.6</ymin>
			<xmax>292.48</xmax>
			<ymax>577.6</ymax>
		</bndbox>
	</object>
	<object>
		<name>b2</name>
		<pose>Unspecified</pose>
		<truncated>0</truncated>
		<difficult>0</difficult>
		<bndbox>
			<xmin>269.12</xmin>
			<ymin>545.6</ymin>
			<xmax>301.12</xmax>
			<ymax>577.6</ymax>
		</bndbox>
	</object>
	<object>
		<name>b4</name>
		<pose>Unspecified</pose>
		<truncated>0</truncated>
		<difficult>0</difficult>
		<bndbox>
			<xmin>295.04</xmin>
			<ymin>542.72</ymin>
			<xmax>327.04</xmax>
			<ymax>574.72</ymax>
		</bndbox>
	</object>
	<object>
		<name>b9</name>
		<pose>Unspecified</pose>
		<truncated>0</truncated>
		<difficult>0</difficult>
		<bndbox>
			<xmin>139.52</xmin>
			<ymin>545.6</ymin>
			<xmax>171.52</xmax>
			<ymax>577.6</ymax>
		</bndbox>
	</object>
	<object>
		<name>b2</name>
		<pose>Unspecified</pose>
		<truncated>0</truncated>
		<difficult>0</difficult>
		<bndbox>
			<xmin>262.208</xmin>
			<ymin>545.6</ymin>
			<xmax>294.208</xmax>
			<ymax>577.6</ymax>
		</bndbox>
	</object>
	<object>
		<name>b8</name>
		<pose>Unspecified</pose>
		<truncated>0</truncated>
		<difficult>0</difficult>
		<bndbox>
			<xmin>353.792</xmin>
			<ymin>542.144</ymin>
			<xmax>385.792</xmax>
			<ymax>574.144</ymax>
		</bndbox>
	</object>
	<object>
		<name>b9</name>
		<pose>Unspecified</pose>
		<truncated>0</truncated>
		<difficult>0</difficult>
		<bndbox>
			<xmin>508.621</xmin>
			<ymin>539.725</ymin>
			<xmax>540.621</xmax>
			<ymax>571.725</ymax>
		</bndbox>
	</object>
	<object>
		<name>b2</name>
		<pose>Unspecified</pose>
		<truncated>0</truncated>
		<difficult>0</difficult>
		<bndbox>
			<xmin>261.862</xmin>
			<ymin>545.946</ymin>
			<xmax>293.862</xmax>
			<ymax>577.946</ymax>
		</bndbox>
	</object>
	<object>
		<name>g1</name>
		<pose>Unspecified</pose>
		<truncated>0</truncated>
		<difficult>0</difficult>
		<bndbox>
			<xmin>234.906</xmin>
			<ymin>548.019</ymin>
			<xmax>266.906</xmax>
			<ymax>580.019</ymax>
		</bndbox>
	</object>
	<object>
		<name>b9</name>
		<pose>Unspecified</pose>
		<truncated>0</truncated>
		<difficult>0</difficult>
		<bndbox>
			<xmin>511.524</xmin>
			<ymin>561.29</ymin>
			<xmax>543.524</xmax>
			<ymax>593.29</ymax>
		</bndbox>
	</object>
	<object>
		<name>b9</name>
		<pose>Unspecified</pose>
		<truncated>0</truncated>
		<difficult>0</difficult>
		<bndbox>
			<xmin>377.155</xmin>
			<ymin>538.896</ymin>
			<xmax>409.155</xmax>
			<ymax>570.896</ymax>
		</bndbox>
	</object>
	<object>
		<name>b8</name>
		<pose>Unspecified</pose>
		<truncated>0</truncated>
		<difficult>0</difficult>
		<bndbox>
			<xmin>334.853</xmin>
			<ymin>543.872</ymin>
			<xmax>366.853</xmax>
			<ymax>575.872</ymax>
		</bndbox>
	</object>
	<object>
		<name>b6</name>
		<pose>Unspecified</pose>
		<truncated>0</truncated>
		<difficult>0</difficult>
		<bndbox>
			<xmin>327.388</xmin>
			<ymin>541.384</ymin>
			<xmax>359.388</xmax>
			<ymax>573.384</ymax>
		</bndbox>
	</object>
	<object>
		<name>b10</name>
		<pose>Unspecified</pose>
		<truncated>0</truncated>
		<difficult>0</difficult>
		<bndbox>
			<xmin>88.5095</xmin>
			<ymin>440.856</ymin>
			<xmax>120.509</xmax>
			<ymax>472.856</ymax>
		</bndbox>
	</object>
	<object>
		<name>b5</name>
		<pose>Unspecified</pose>
		<truncated>0</truncated>
		<difficult>0</difficult>
		<bndbox>
			<xmin>312.458</xmin>
			<ymin>542.379</ymin>
			<xmax>344.458</xmax>
			<ymax>574.379</ymax>
		</bndbox>
	</object>
</annotation>
